dataset,term,method,retrieval_scope,aligned_datastore,neighbor_query_scale,retrieval_representation,alignment_period,fallback_method,inference_seconds,tsrag_weight,validation_dates,fallback_count,fallback_grid_rows,fallback_split,fallback_reasons,task_error,datastore_preprocessing_seconds,prediction_nan_values,produced_nan_values,prediction_values,prediction_nan_rate,retrieval_extractions,retrieved_neighbors,same_user_neighbors,same_user_retrieval_percentage,normalized_time_distance_sum,average_normalized_time_distance_to_query,fallback_rate,MSE_mean,MSE_variance,MSE_std,MSE_dispersion_ddof,MSE_finite_values,MSE_evaluation_values,MSE_total_values,MAE_mean,MAE_variance,MAE_std,MAE_dispersion_ddof,MAE_finite_values,MAE_evaluation_values,MAE_total_values,RMSE_mean,RMSE_variance,RMSE_std,RMSE_dispersion_ddof,RMSE_finite_values,RMSE_evaluation_values,RMSE_total_values,MAPE_mean,MAPE_variance,MAPE_std,MAPE_dispersion_ddof,MAPE_finite_values,MAPE_evaluation_values,MAPE_total_values,sMAPE_mean,sMAPE_variance,sMAPE_std,sMAPE_dispersion_ddof,sMAPE_finite_values,sMAPE_evaluation_values,sMAPE_total_values,MASE_mean,MASE_variance,MASE_std,MASE_dispersion_ddof,MASE_finite_values,MASE_evaluation_values,MASE_total_values,ND_mean,ND_variance,ND_std,ND_dispersion_ddof,ND_finite_values,ND_evaluation_values,ND_total_values,CRPS_mean,CRPS_variance,CRPS_std,CRPS_dispersion_ddof,CRPS_finite_values,CRPS_evaluation_values,CRPS_total_values,seasonal_MASE_mean,seasonal_MASE_variance,scaled_MASE_mean,scaled_MASE_std,scaled_MASE_variance,MASE_variance_ratio_to_seasonal
Water_Quality_Darwin/15T,short,chronos_t5_512,,,,,,,0.00016480311751365662,,,0,3780,,{},,0,0,0,60462,0.0,0,0,0,,0,,0.0,2.8079023616977,317.19635428564436,17.81000713884316,0,3780,3780,3780,0.547222418077096,1.7241834424158586,1.313081658700577,0,3780,3780,3780,0.6476384971443824,2.388466738714266,1.5454665116767383,0,3780,3780,3780,0.06694743922991968,0.020789606607063308,0.14418601390933625,0,3780,3780,3780,0.06405343650593572,0.013845896671077128,0.1176685882938906,0,3780,3780,3780,1.1481931317106775,1.6274345074836238,1.275709413418128,0,3780,3780,3780,0.06473722315814621,0.01484246540243702,0.12182965731888529,0,3780,3780,3780,0.06473722315814621,0.01484246540243702,0.12182965731888529,0,3780,3780,3780,1.0871610587899843,1.3381496638898256,1.0561389431926693,1.1734318508777337,1.3769423086543437,1.216182727089648
Water_Quality_Darwin/15T,short,chronos_bolt_512,,,,,,,0.00016965530812740326,,,0,3780,,{},,0,0,0,60462,0.0,0,0,0,,0,,0.0,2.5073397610073216,271.7186856381344,16.483891701844392,0,3780,3780,3780,0.49300007026894366,1.6020231906624618,1.2657105477408577,0,3780,3780,3780,0.5843026541808606,2.165930169324523,1.4717099474164477,0,3780,3780,3780,0.0643110514082844,0.01762008789572495,0.13274067912936466,0,3780,3780,3780,0.06117972725278221,0.01258234845467838,0.11217106781464808,0,3780,3780,3780,0.6782083144130507,0.7285876020622861,0.8535734309725708,0,3780,3780,3780,0.06204521135046548,0.013700645631486074,0.11704975707572432,0,3780,3780,3780,0.06204521135046548,0.013700645631486074,0.11704975707572432,0,3780,3780,3780,1.0871610587899843,1.3381496638898256,0.6238342598178599,0.7851398135273556,0.6164445267857709,0.5444739267387906
Water_Quality_Darwin/15T,short,chronos_bolt_max,,,,,,,0.00016317516565322876,,,0,3780,,{},,0,0,0,60462,0.0,0,0,0,,0,,0.0,2.48605297796549,296.6890781909524,17.224664820859427,0,3780,3780,3780,0.478744442398594,1.6018863702201958,1.265656497719739,0,3780,3780,3780,0.5675718815132128,2.163915137281041,1.4710251994038175,0,3780,3780,3780,0.06043674509594588,0.015061944544184002,0.12272711413613539,0,3780,3780,3780,0.057429124519041586,0.01072440525980071,0.10355870441349056,0,3780,3780,3780,0.6716427400325539,0.7134156854278714,0.8446393818831036,0,3780,3780,3780,0.05833080131135898,0.01197019907117355,0.1094084049384395,0,3780,3780,3780,0.05833080131135898,0.01197019907117355,0.1094084049384395,0,3780,3780,3780,1.0871610587899843,1.3381496638898256,0.6177950678072444,0.776922034738065,0.603607848061535,0.5331359448643924
Water_Quality_Darwin/15T,short,chronos2_max,,,,,,,0.0001636594533920288,,,0,3780,,{},,0,0,0,60462,0.0,0,0,0,,0,,0.0,2.0430038441463676,248.19319326610264,15.754148446237982,0,3780,3780,3780,0.41988444199037467,1.305012126332496,1.1423712734188023,0,3780,3780,3780,0.5028248509482135,1.7901710134152746,1.337972725213513,0,3780,3780,3780,0.05267299552992511,0.013987620574669643,0.11826927147264264,0,3780,3780,3780,0.04972066747816129,0.008401817062082338,0.09166142624944441,0,3780,3780,3780,0.6095422375964246,0.5754183830707597,0.7585633678676816,0,3780,3780,3780,0.05058788598759229,0.009724318922720064,0.09861196135723123,0,3780,3780,3780,0.05058788598759229,0.009724318922720064,0.09861196135723123,0,3780,3780,3780,1.0871610587899843,1.3381496638898256,0.5606733543922628,0.6977470005336344,0.4868508767536835,0.4300104828320129
Water_Quality_Darwin/15T,short,tsrag,all,False,False,t5,96,chronos_bolt_max,198.13706195540726,,,1,3780,test,"{""nonfinite_prediction"": 1}",,1096.4242052063346,0,64,60462,0.0,3780,37800,15691,41.51058201058201,17324.741849518043,0.4583265039555038,0.00026455026455026457,2.4780147514701185,281.9088092876651,16.790140240261994,0,3780,3780,3780,0.48650403865876607,1.5789545063777195,1.2565645651448714,0,3780,3780,3780,0.5778323791869013,2.144124493033324,1.4642829279320728,0,3780,3780,3780,0.06357382489733476,0.01727291357019134,0.13142645688822072,0,3780,3780,3780,0.06081683331251054,0.01244253929019629,0.11154613077196487,0,3780,3780,3780,0.6741238349665055,0.7161797730931884,0.8462740531844211,0,3780,3780,3780,0.06146756161316559,0.013350166576295338,0.11554292092679386,0,3780,3780,3780,0.06146756161316559,0.013350166576295338,0.11554292092679386,0,3780,3780,3780,1.0871610587899843,1.3381496638898256,0.6200772456997391,0.7784256493939622,0.6059464916344118,0.5352015491386425
Water_Quality_Darwin/15T,short,bayes_mixture,,,,,,chronos_bolt_max,198.13928648084402,0.34651898734177217,630,0,3780,,{},,0,0,0,60462,0.0,3780,37800,15691,41.51058201058201,17324.741849518043,0.4583265039555038,0.0,2.0621560604728146,245.0572121427583,15.654303310679728,0,3780,3780,3780,0.42447408689015526,1.3209972319765186,1.1493464368833788,0,3780,3780,3780,0.5070614432524114,1.8050447532395966,1.34351953958236,0,3780,3780,3780,0.05382007096168055,0.0138825235016637,0.11782412105194631,0,3780,3780,3780,0.05099844736150761,0.00878439326022726,0.09372509407958607,0,3780,3780,3780,0.6037295846463024,0.585332223741473,0.7650700776670546,0,3780,3780,3780,0.05176208330883262,0.009878769601577535,0.09939199968597842,0,3780,3780,3780,0.05176208330883262,0.009878769601577535,0.09939199968597842,0,3780,3780,3780,1.0871610587899843,1.3381496638898256,0.5553267197762367,0.7037320473183444,0.4952387944228685,0.43741910156745023
Water_Quality_Darwin/15T,medium,chronos_t5_512,,,,,,,4.298985004425049e-05,,,0,630,,{},,0,0,0,60462,0.0,0,0,0,,0,,0.0,5.145699318329644,529.965528722139,23.020980185955136,0,630,630,630,0.8142818647652037,2.6831027690354494,1.6380179391677765,0,630,630,630,1.0134878188511252,4.118541759370034,2.0294190694309626,0,630,630,630,0.10244045072998116,0.03417698377818342,0.18487018087886273,0,630,630,630,0.09204986973980606,0.021107644916671105,0.1452847029685889,0,630,630,630,1.5398673012049557,1.6238407212986514,1.2743000907551767,0,630,630,630,0.09293766317925176,0.022299025581813788,0.14932858260163653,0,630,630,630,0.09293766317925176,0.022299025581813788,0.14932858260163653,0,630,630,630,1.0892248555624096,0.8662032158339698,1.4137276553516231,1.1699146271292216,1.3687002347709056,1.8746648495587004
Water_Quality_Darwin/15T,medium,chronos_bolt_512,,,,,,,4.174187779426575e-05,,,0,630,,{},,0,0,0,60462,0.0,0,0,0,,0,,0.0,3.930160375651062,267.9133012888823,16.368057346211927,0,630,630,630,0.6895426640509515,2.034328617254523,1.4262989228259702,0,630,630,630,0.8687784313763515,3.175384412826308,1.781960833695934,0,630,630,630,0.09694527412723015,0.03434178601351364,0.18531536906990106,0,630,630,630,0.08432904021026807,0.018625455715522696,0.13647511024184114,0,630,630,630,1.0083167476912387,0.7978265094500515,0.8932113464628915,0,630,630,630,0.08716620579514942,0.022744748752507947,0.15081362256940833,0,630,630,630,0.08716620579514942,0.022744748752507947,0.15081362256940833,0,630,630,630,1.0892248555624096,0.8662032158339698,0.925719554178375,0.8200431177286084,0.6724707149340562,0.9210615879345518
Water_Quality_Darwin/15T,medium,chronos_bolt_max,,,,,,,4.322268068790436e-05,,,0,630,,{},,0,0,0,60462,0.0,0,0,0,,0,,0.0,3.7326110683231772,297.89103450508577,17.259520112247785,0,630,630,630,0.6411112673173178,1.9052870545269687,1.3803213591504584,0,630,630,630,0.8156034274292878,3.067402117488775,1.7514000449608236,0,630,630,630,0.08202536290072064,0.02157639300983445,0.14688904999976835,0,630,630,630,0.07488747823399043,0.014293957416504096,0.11955733945059206,0,630,630,630,0.936617812198225,0.7119857885668047,0.8437925032653494,0,630,630,630,0.07504074481505528,0.015047328951203112,0.12266755459861059,0,630,630,630,0.07504074481505528,0.015047328951203112,0.12266755459861059,0,630,630,630,1.0892248555624096,0.8662032158339698,0.859893902911913,0.7746724645111649,0.6001174272718021,0.8219616084908131
Water_Quality_Darwin/15T,medium,chronos2_max,,,,,,,4.2049214243888855e-05,,,0,630,,{},,0,0,0,60462,0.0,0,0,0,,0,,0.0,3.3564997647891506,334.44806796965344,18.28792136820512,0,630,630,630,0.5678276400541926,1.715771885516876,1.3098747594777433,0,630,630,630,0.7336453777325003,2.8182642245208873,1.678768663193618,0,630,630,630,0.06854437101012555,0.01474550438702224,0.1214310684587031,0,630,630,630,0.06421916927782066,0.010646739995868645,0.10318304122223111,0,630,630,630,0.88151129324196,0.7740751836098453,0.8798154258762717,0,630,630,630,0.06323965351941682,0.010309860355188322,0.10153748251354433,0,630,630,630,0.06323965351941682,0.010309860355188322,0.10153748251354433,0,630,630,630,1.0892248555624096,0.8662032158339698,0.8093014851252188,0.8077445362941047,0.6524512359129782,0.8936415490729566
Water_Quality_Darwin/15T,medium,tsrag,all,False,False,t5,96,chronos_bolt_max,77.24054881185293,,,0,630,test,{},,1089.3723755348474,0,0,60462,0.0,1260,12600,5185,41.15079365079365,5734.382727222931,0.45510974025578815,0.0,3.9360781609575994,285.0879859277188,16.884548733315878,0,630,630,630,0.6889999104137601,1.9588940836677033,1.399604974150815,0,630,630,630,0.8742801565774996,3.1717123687724222,1.780930197613714,0,630,630,630,0.09457224121423527,0.031240263671851565,0.17674915465668165,0,630,630,630,0.08359933737003078,0.01800221499540985,0.13417233319656421,0,630,630,630,1.0102624741556847,0.7742837805924354,0.8799339637679838,0,630,630,630,0.0855917573913697,0.020895366871727414,0.14455229805066197,0,630,630,630,0.0855917573913697,0.020895366871727414,0.14455229805066197,0,630,630,630,1.0892248555624096,0.8662032158339698,0.927505894670432,0.8078533640454242,0.6526270577995086,0.8938823666764669
Water_Quality_Darwin/15T,medium,bayes_mixture,,,,,,chronos_bolt_max,77.24083365499973,0.16822429906542055,105,0,630,,{},,0,0,0,60462,0.0,1260,12600,5185,41.15079365079365,5734.382727222931,0.45510974025578815,0.0,3.285521096503752,306.61530946683393,17.510434302633215,0,630,630,630,0.5679697102010429,1.6615457879825621,1.28900961516296,0,630,630,630,0.733350722522285,2.7477178142797936,1.6576241474712516,0,630,630,630,0.06961116167176032,0.015368109413083588,0.12396817903431342,0,630,630,630,0.0645301441809519,0.01065616785649226,0.10322871623967945,0,630,630,630,0.8757795866987105,0.742417963551796,0.8616367932904189,0,630,630,630,0.06382723608033614,0.0105099920566763,0.10251825230989992,0,630,630,630,0.06382723608033614,0.0105099920566763,0.10251825230989992,0,630,630,630,1.0892248555624096,0.8662032158339698,0.8040392965936415,0.7910550231113869,0.6257680495897567,0.8570944438678921
Water_Quality_Darwin/15T,long,chronos_t5_512,,,,,,,2.5181099772453308e-05,,,0,210,,{},,0,0,0,60462,0.0,0,0,0,,0,,0.0,12.26495031966626,5046.800641698896,71.0408378448544,0,210,210,210,1.189689779488349,7.037503432934039,2.652829326009127,0,210,210,210,1.4679900080699955,10.109955655872916,3.179615645934728,0,210,210,210,0.15705615636779402,0.09785053868405108,0.31281070743190853,0,210,210,210,0.13070584722999354,0.04408520126375508,0.2099647619572272,0,210,210,210,2.0770804218489114,2.820464918999572,1.6794239842873424,0,210,210,210,0.1351746687168509,0.05823473440876633,0.24131874027676825,0,210,210,210,0.1351746687168509,0.05823473440876633,0.24131874027676825,0,210,210,210,1.591229713377238,1.5257973604856987,1.3053303394143516,1.0554252287829142,1.113922413551467,1.8485186775403444
Water_Quality_Darwin/15T,long,chronos_bolt_512,,,,,,,2.6732683181762695e-05,,,0,210,,{},,0,0,0,60462,0.0,0,0,0,,0,,0.0,6.747113850500989,793.9351810573243,28.176855414636393,0,210,210,210,0.9634038547507189,3.1146292041646304,1.7648312112393725,0,210,210,210,1.2245193723416057,5.24766615726111,2.290778504626999,0,210,210,210,0.14897444507741756,0.09082768427491945,0.301376316712046,0,210,210,210,0.11877804696669063,0.036937948725021236,0.19219247832582115,0,210,210,210,1.4878693527168032,1.567793998933123,1.2521158089143045,0,210,210,210,0.12597746990268313,0.05181734302090965,0.22763423077584277,0,210,210,210,0.12597746990268313,0.05181734302090965,0.22763423077584277,0,210,210,210,1.591229713377238,1.5257973604856987,0.9350437213486531,0.7868856384392198,0.6191890079818984,1.027524387926622
Water_Quality_Darwin/15T,long,chronos_bolt_max,,,,,,,2.5739893317222595e-05,,,0,210,,{},,0,0,0,60462,0.0,0,0,0,,0,,0.0,8.627233760262547,1972.3585122911056,44.4112430842811,0,210,210,210,0.9885113664828227,4.592968911123995,2.143121301075605,0,210,210,210,1.2461405052917152,7.074367601333855,2.6597683360273794,0,210,210,210,0.13233977602288166,0.07462888431975502,0.27318287706178623,0,210,210,210,0.1098029584051684,0.03213645172470048,0.17926642665234468,0,210,210,210,1.4995828558644622,1.6342214055269526,1.2783666944687477,0,210,210,210,0.1118714686668627,0.03628916882122705,0.19049716223930227,0,210,210,210,0.1118714686668627,0.03628916882122705,0.19049716223930227,0,210,210,210,1.591229713377238,1.5257973604856987,0.9424050112046589,0.8033828703182853,0.6454240363208467,1.0710605797658084
Water_Quality_Darwin/15T,long,chronos2_max,,,,,,,2.4439767003059387e-05,,,0,210,,{},,0,0,0,60462,0.0,0,0,0,,0,,0.0,9.03045047071324,2589.307568011722,50.885239195779775,0,210,210,210,0.9201136539300491,5.037846427862038,2.2445147421797076,0,210,210,210,1.170925997847357,7.659382778278413,2.7675589927368147,0,210,210,210,0.09621794730829807,0.024733672995530247,0.15726942803841518,0,210,210,210,0.09399204382563764,0.02366188574351216,0.15382420402365865,0,210,210,210,1.3525940721000271,1.5195710709284629,1.2327088346111839,0,210,210,210,0.08879184471402013,0.019131238761400646,0.13831572130962064,0,210,210,210,0.08879184471402013,0.019131238761400646,0.13831572130962064,0,210,210,210,1.591229713377238,1.5257973604856987,0.8500306779900881,0.7746894268300667,0.6001437080422972,0.9959193207967971
Water_Quality_Darwin/15T,long,tsrag,all,False,False,t5,96,chronos_bolt_max,69.1939999293536,,,0,210,test,{},,1087.2026945147663,0,0,60462,0.0,1050,10500,4271,40.67619047619048,4835.6376374042175,0.4605369178480207,0.0,7.384194740259932,1033.7935158083105,32.152659544869856,0,210,210,210,0.9867808535556004,3.561527775126814,1.8872010425831198,0,210,210,210,1.247984502684587,5.826729421319037,2.41386193087323,0,210,210,210,0.14524642024030873,0.08846233150308783,0.2974261782410685,0,210,210,210,0.1181595718019707,0.036441735460203836,0.19089718557433957,0,210,210,210,1.4805994187008122,1.5060963577964785,1.2272311753685523,0,210,210,210,0.12398747707634689,0.0514179751613953,0.2267553200288701,0,210,210,210,0.12398747707634689,0.0514179751613953,0.2267553200288701,0,210,210,210,1.591229713377238,1.5257973604856987,0.9304749692980386,0.7712470204970391,0.5948219666255603,0.9870880608399081
Water_Quality_Darwin/15T,long,bayes_mixture,,,,,,chronos_bolt_max,69.19427954405546,0.21621621621621623,35,0,210,,{},,0,0,0,60462,0.0,1050,10500,4271,40.67619047619048,4835.6376374042175,0.4605369178480207,0.0,8.130409046156647,1968.9016636075928,44.372307395577174,0,210,210,210,0.8977822345704128,4.35673532140449,2.087279406645045,0,210,210,210,1.1479195885219646,6.81268966444421,2.610112960092764,0,210,210,210,0.09905330515309424,0.027969732534276277,0.1672415394998392,0,210,210,210,0.09214870634351886,0.021269152398942306,0.14583947476229578,0,210,210,210,1.333460728776747,1.4230371266422557,1.1929111981376719,0,210,210,210,0.08935771743494278,0.019327361074346558,0.1390228796793771,0,210,210,210,0.08935771743494278,0.019327361074346558,0.1390228796793771,0,210,210,210,1.591229713377238,1.5257973604856987,0.8380064283406322,0.749678810110847,0.5620183183292153,0.9326514539186699
current_velocity/5T,short,chronos_t5_512,,,,,,,4.567950963973999e-05,,,0,720,,{},,0,0,0,25920,0.0,0,0,0,,0,,0.0,3.9556580502977465,208.11664549961796,14.426248490152176,0,720,720,720,0.6704029962931792,2.418552004876479,1.5551694457120995,0,720,720,720,0.7959847782162962,3.3220662831457,1.8226536377341966,0,720,720,720,0.46161281256800846,0.8256132542999516,0.9086326288990241,0,720,720,720,0.39848351978777585,0.3481081498009716,0.5900069065705685,0,720,720,720,0.7490389352829979,0.7928238143628893,0.8904065444295034,0,720,720,720,0.3251159149606047,0.23220619963395642,0.48187778495585,0,720,720,720,0.3251159149606047,0.23220619963395642,0.48187778495585,0,720,720,720,0.9105016048084428,0.38424047675878115,0.822666243889362,0.9779296815372807,0.9563464620316072,2.0633531923827197
current_velocity/5T,short,chronos_bolt_512,,,,,,,4.616193473339081e-05,,,0,720,,{},,0,0,0,25920,0.0,0,0,0,,0,,0.0,3.6019505937252525,203.03071099368526,14.248884552612715,0,720,720,720,0.593643808549792,2.278088933971135,1.509333937195853,0,720,720,720,0.7083510316273008,3.100189409717791,1.7607354740896746,0,720,720,720,0.48186714040190437,1.330551484135083,1.1534953333824471,0,720,720,720,0.3566946710172088,0.2652943068440073,0.5150672838028127,0,720,720,720,0.45041877438474687,0.11884866654571526,0.3447443495486405,0,720,720,720,0.3167172498678227,0.2416917166390121,0.4916215176729067,0,720,720,720,0.3167172498678227,0.2416917166390121,0.4916215176729067,0,720,720,720,0.9105016048084428,0.38424047675878115,0.4946930043901558,0.37863123769141527,0.143361614155733,0.30930803425045245
current_velocity/5T,short,chronos_bolt_max,,,,,,,4.544109106063843e-05,,,0,720,,{},,0,0,0,25920,0.0,0,0,0,,0,,0.0,3.0384207417475264,108.13580261157311,10.398836598945726,0,720,720,720,0.5638663885770425,1.8685706049483772,1.3669566946133946,0,720,720,720,0.6738370484860658,2.5843643738351143,1.6075958365942338,0,720,720,720,0.44970037138094043,0.909416066235394,0.9536330878463656,0,720,720,720,0.3493648918608535,0.25764034736258734,0.5075828477821008,0,720,720,720,0.4309424156630221,0.09657238658785193,0.3107609798347468,0,720,720,720,0.30365890063130885,0.20715067273516388,0.45513808095474045,0,720,720,720,0.30365890063130885,0.20715067273516388,0.45513808095474045,0,720,720,720,0.9105016048084428,0.38424047675878115,0.473302203298902,0.3413074487662509,0.116490774583327,0.25133319478072125
current_velocity/5T,short,chronos2_max,,,,,,,4.419870674610138e-05,,,0,720,,{},,0,0,0,25920,0.0,0,0,0,,0,,0.0,2.913595641034646,100.55266562140403,10.027595206299665,0,720,720,720,0.5493215462432506,1.8035564640074002,1.342965548332272,0,720,720,720,0.6554102390738263,2.484033059551836,1.5760815523163247,0,720,720,720,0.43597219624734457,0.7885135854081802,0.8879828745016315,0,720,720,720,0.3435261980243166,0.25390455820673524,0.5038894305368344,0,720,720,720,0.36774957666472574,0.08720172533100574,0.2952993825442338,0,720,720,720,0.2954592719067687,0.19308452849549246,0.43941384649950715,0,720,720,720,0.2954592719067687,0.19308452849549246,0.43941384649950715,0,720,720,720,0.9105016048084428,0.38424047675878115,0.4038977797761216,0.3243260429028687,0.10518738210503344,0.22694570355155302
current_velocity/5T,short,tsrag,all,False,False,t5,288,chronos_bolt_max,22.80466717109084,,,0,720,test,{},,276.7146675661206,0,0,25920,0.0,720,7200,7200,100.0,3322.336429680465,0.4614356152333979,0.0,3.5722950722879876,199.49240658524857,14.124178085299285,0,720,720,720,0.5936559268744408,2.259862483162147,1.5032838997215885,0,720,720,720,0.7077543764862767,3.071378814852509,1.752534968225316,0,720,720,720,0.47245207849193127,1.2250006832777511,1.1067974897323138,0,720,720,720,0.34728523638713427,0.2544100984264604,0.5043908191337947,0,720,720,720,0.44755419064422786,0.11482617147015943,0.3388601060469636,0,720,720,720,0.30788423665116904,0.22211562020048647,0.4712914387090927,0,720,720,720,0.30788423665116904,0.22211562020048647,0.4712914387090927,0,720,720,720,0.9105016048084428,0.38424047675878115,0.4915468443774871,0.3721685983389949,0.13850946558961214,0.29883934258765016
current_velocity/5T,short,bayes_mixture,,,,,,chronos_bolt_max,22.80483040958643,0.4098360655737705,120,0,720,,{},,0,0,0,25920,0.0,720,7200,7200,100.0,3322.336429680465,0.4614356152333979,0.0,3.0627688073116106,124.2338051093345,11.146021941003637,0,720,720,720,0.5578241841968418,1.9104924362997278,1.3822056418274842,0,720,720,720,0.66553214624941,2.619835769620265,1.618590673895122,0,720,720,720,0.4443472365060388,0.8346796651311125,0.9136080478690588,0,720,720,720,0.34279923289675845,0.2529764101743106,0.5029676035037551,0,720,720,720,0.38935708298595223,0.08697563536982064,0.29491631926670425,0,720,720,720,0.2972045897812638,0.19625108909782718,0.4430023578919498,0,720,720,720,0.2972045897812638,0.19625108909782718,0.4430023578919498,0,720,720,720,0.9105016048084428,0.38424047675878115,0.42762921111804925,0.32390532615123796,0.10491466030913986,0.2263572960961692
current_velocity/5T,medium,chronos_t5_512,,,,,,,1.9768252968788147e-05,,,0,90,,{},,0,0,0,25920,0.0,0,0,0,,0,,0.0,9.31756912487519,590.4959809903365,24.300123065333157,0,90,90,90,1.0956938917147965,4.895976190368634,2.2126852894997593,0,90,90,90,1.355290566037897,7.480756606483865,2.735097184102215,0,90,90,90,0.7287259401011754,1.7129496323157514,1.308797017232142,0,90,90,90,0.4863065077932374,0.3873199081223498,0.6223503098114034,0,90,90,90,1.1899542218136991,1.2735937728568414,1.128536119429432,0,90,90,90,0.3984746692863348,0.24817906719090133,0.4981757392636672,0,90,90,90,0.3984746692863348,0.24817906719090133,0.4981757392636672,0,90,90,90,0.9106922601897061,0.11522061713881367,1.306648001560725,1.2392068855338103,1.535633705154406,11.053523271121358
current_velocity/5T,medium,chronos_bolt_512,,,,,,,1.895986497402191e-05,,,0,90,,{},,0,0,0,25920,0.0,0,0,0,,0,,0.0,6.449845862009382,295.8386207612904,17.199959905804732,0,90,90,90,0.8702450424894702,3.200090788859553,1.7888797580775386,0,90,90,90,1.1020928822344354,5.235237140937575,2.2880640596228017,0,90,90,90,0.6599798877350259,1.391158238169587,1.1794737123690324,0,90,90,90,0.4047782386994169,0.24533559808853897,0.4953136360817648,0,90,90,90,0.7820641015477915,0.23843853569327464,0.48830168512229677,0,90,90,90,0.3535300918551834,0.1725566778785411,0.4153994196897019,0,90,90,90,0.3535300918551834,0.1725566778785411,0.4153994196897019,0,90,90,90,0.9106922601897061,0.11522061713881367,0.8587578216431531,0.5361873669823204,0.2874968925114335,2.0694085973000167
current_velocity/5T,medium,chronos_bolt_max,,,,,,,1.9049271941184998e-05,,,0,90,,{},,0,0,0,25920,0.0,0,0,0,,0,,0.0,5.510482036905696,174.1588023632973,13.196923973536306,0,90,90,90,0.8233449109664568,2.777232682397517,1.666503130029319,0,90,90,90,1.0372535587491036,4.434587091768016,2.1058459325810177,0,90,90,90,0.7173917216056565,1.8191439204183473,1.348756434801461,0,90,90,90,0.4182349571903806,0.2568655097116685,0.5068190108033326,0,90,90,90,0.7323406240134054,0.132513795625738,0.3640244437201134,0,90,90,90,0.3717323814019501,0.20744607965555342,0.45546248984472193,0,90,90,90,0.3717323814019501,0.20744607965555342,0.45546248984472193,0,90,90,90,0.9106922601897061,0.11522061713881367,0.8041581728836168,0.3997227819244709,0.15977830238943813,1.1500875356889482
current_velocity/5T,medium,chronos2_max,,,,,,,1.8361955881118774e-05,,,0,90,,{},,0,0,0,25920,0.0,0,0,0,,0,,0.0,5.008877638742554,172.18536447248218,13.12194209987539,0,90,90,90,0.777917912130435,2.7930314128505516,1.6712364921968859,0,90,90,90,0.9558272614795488,4.095271884955061,2.0236778115488296,0,90,90,90,0.6799373145997355,1.6073306462031616,1.2678054449335519,0,90,90,90,0.415416886375183,0.26685567556406187,0.5165807541556904,0,90,90,90,0.5819090182583705,0.10966626841197243,0.33115897755001666,0,90,90,90,0.36289138797956794,0.21430340327729283,0.46292915578659855,0,90,90,90,0.36289138797956794,0.21430340327729283,0.46292915578659855,0,90,90,90,0.9106922601897061,0.11522061713881367,0.6389743755340066,0.3636343384328676,0.13222993208750924,0.9517937946804298
current_velocity/5T,medium,tsrag,all,False,False,t5,288,chronos_bolt_max,17.600842881947756,,,0,90,test,{},,272.2975299730897,0,0,25920,0.0,450,4500,4500,100.0,2232.4412083577145,0.49609804630171433,0.0,6.398800583925456,300.5821019934852,17.337303769429813,0,90,90,90,0.8717827550509568,3.227406016871802,1.7964982652014452,0,90,90,90,1.0996527574977688,5.189564396853011,2.278061543693017,0,90,90,90,0.680509725580235,1.4608118782757342,1.2086405082884382,0,90,90,90,0.40060508931099387,0.23763446780788802,0.48747765877821314,0,90,90,90,0.795933189263744,0.24138152104362384,0.4913059342646126,0,90,90,90,0.3598048707143998,0.1887124529871428,0.434410466019343,0,90,90,90,0.3598048707143998,0.1887124529871428,0.434410466019343,0,90,90,90,0.9106922601897061,0.11522061713881367,0.8739869921568713,0.5394862301369168,0.2910453925073423,2.0949507738950577
current_velocity/5T,medium,bayes_mixture,,,,,,chronos_bolt_max,17.60097904317081,0.47058823529411764,15,0,90,,{},,0,0,0,25920,0.0,450,4500,4500,100.0,2232.4412083577145,0.49609804630171433,0.0,5.185368908974699,170.28586690104711,13.04936270095391,0,90,90,90,0.793326526827612,2.744131038745174,1.6565418916360595,0,90,90,90,0.9886643764602417,4.207911659693179,2.051319492349541,0,90,90,90,0.6725682219660982,1.4454296125704735,1.2022602100088289,0,90,90,90,0.4015578428414433,0.2432328011274014,0.493186375650627,0,90,90,90,0.6596031725097862,0.09259455676808667,0.30429353717765134,0,90,90,90,0.35658346332906915,0.19488115492717778,0.44145345726042035,0,90,90,90,0.35658346332906915,0.19488115492717778,0.44145345726042035,0,90,90,90,0.9106922601897061,0.11522061713881367,0.7242876670241871,0.33413431790258546,0.11164574240022605,0.8036283702293667
current_velocity/5T,long,chronos_t5_512,,,,,,,1.551024615764618e-05,,,0,30,,{},,0,0,0,25920,0.0,0,0,0,,0,,0.0,11.458312481410072,771.9367267837364,27.783749329126486,0,30,30,30,1.326758993490904,6.211854322698227,2.492359188138465,0,30,30,30,1.5942939331266917,8.916539336205494,2.9860574904387716,0,30,30,30,0.9185196363904794,2.0596729984167768,1.4351560885202614,0,30,30,30,0.5915042346326073,0.5265668758304914,0.7256492788051894,0,30,30,30,1.6966687449199005,3.158456329362769,1.7772046391349448,0,30,30,30,0.4762583993192271,0.35504863841518636,0.5958595794440049,0,30,30,30,0.4762583993192271,0.35504863841518636,0.5958595794440049,0,30,30,30,1.0927077660320532,0.29190573790947194,1.5527195812664618,1.6264226304426326,2.6452505728159323,10.820124167419738
current_velocity/5T,long,chronos_bolt_512,,,,,,,1.516006886959076e-05,,,0,30,,{},,0,0,0,25920,0.0,0,0,0,,0,,0.0,6.050367473553728,189.59504409314502,13.769351622104253,0,30,30,30,0.9815978728558682,3.18485992239986,1.7846175843580214,0,30,30,30,1.1886230355280034,4.637542752965923,2.1534954731705205,0,30,30,30,0.8434448696452426,1.6567116363473653,1.2871331074707717,0,30,30,30,0.4870602377283993,0.3256407889746048,0.5706494449086977,0,30,30,30,1.2575498236370677,1.124064330583181,1.0602190012366224,0,30,30,30,0.43957863425163796,0.3054048498304521,0.5526344631222813,0,30,30,30,0.43957863425163796,0.3054048498304521,0.5526344631222813,0,30,30,30,1.0927077660320532,0.29190573790947194,1.1508564894744044,0.9702676545318176,0.9414193214306745,3.8507784692186644
current_velocity/5T,long,chronos_bolt_max,,,,,,,1.539289951324463e-05,,,0,30,,{},,0,0,0,25920,0.0,0,0,0,,0,,0.0,7.296010841820894,346.1355658517794,18.60471891353856,0,30,30,30,0.9679379827108368,3.611302434478726,1.9003427150066186,0,30,30,30,1.2202485833805037,5.807004236578767,2.409772652467192,0,30,30,30,0.9375744623925396,2.467179542874794,1.5707258013016765,0,30,30,30,0.5433952241101196,0.3894224332324423,0.6240372050065944,0,30,30,30,1.0664668009130953,0.386917247606655,0.6220267257977385,0,30,30,30,0.4726827248117487,0.34212021280580107,0.5849104314386956,0,30,30,30,0.4726827248117487,0.34212021280580107,0.5849104314386956,0,30,30,30,1.0927077660320532,0.29190573790947194,0.9759853769372879,0.5692525898818332,0.32404851108717464,1.3254869547190908
current_velocity/5T,long,chronos2_max,,,,,,,1.473166048526764e-05,,,0,30,,{},,0,0,0,25920,0.0,0,0,0,,0,,0.0,5.494680487693104,153.24047640529682,12.3790337427966,0,30,30,30,0.8914245199852708,3.0301525115063837,1.7407333257872624,0,30,30,30,1.0733475299226538,4.342605567702041,2.0838919280284283,0,30,30,30,0.8593488875913506,1.9578852904290414,1.3992445427547828,0,30,30,30,0.4828540057859532,0.31199557669443545,0.5585656422430899,0,30,30,30,0.8300300594873468,0.17981322498772886,0.4240438951190417,0,30,30,30,0.4494987497710883,0.32720737658940785,0.5720204337166706,0,30,30,30,0.4494987497710883,0.32720737658940785,0.5720204337166706,0,30,30,30,1.0927077660320532,0.29190573790947194,0.7596084564324391,0.38806706449874623,0.1505960465486741,0.6159975691998694
current_velocity/5T,long,tsrag,all,False,False,t5,288,chronos_bolt_max,16.3473329693079,,,0,30,test,{},,266.5200636796653,0,0,25920,0.0,420,4200,4200,100.0,1975.1707374450189,0.47027874701071876,0.0,7.171870498621301,267.86603678123294,16.36661347931309,0,30,30,30,1.0435143931265782,3.715816159958238,1.927645237059516,0,30,30,30,1.2763309265767389,5.542849864485065,2.3543257770506325,0,30,30,30,1.0665316020913675,3.2191411511551355,1.7941965196586285,0,30,30,30,0.4394814806967183,0.2500557268216229,0.5000557237164903,0,30,30,30,1.2929025809424666,1.1572016416382456,1.0757330717414268,0,30,30,30,0.46967102247295267,0.3815558457871651,0.6177020687897727,0,30,30,30,0.46967102247295267,0.3815558457871651,0.6177020687897727,0,30,30,30,1.0927077660320532,0.29190573790947194,1.1832098399349538,0.9844654766642077,0.9691722747436856,3.9642990573797006
current_velocity/5T,long,bayes_mixture,,,,,,chronos_bolt_max,16.347471311688423,0.5714285714285714,5,0,30,,{},,0,0,0,25920,0.0,420,4200,4200,100.0,1975.1707374450189,0.47027874701071876,0.0,5.853540616080574,178.776453431798,13.370731222779028,0,30,30,30,0.9300377973106707,3.1589199303744637,1.777335064183021,0,30,30,30,1.1265937755351882,4.584327081005944,2.141104173319445,0,30,30,30,0.9146556792690421,2.1219669438993916,1.4566972725653713,0,30,30,30,0.44560767846416227,0.25983911850072794,0.5097441696583963,0,30,30,30,0.9962188459863967,0.35544049605432276,0.5961883058684754,0,30,30,30,0.4371615863063276,0.31659810880861694,0.5626705153183494,0,30,30,30,0.4371615863063276,0.31659810880861694,0.5626705153183494,0,30,30,30,1.0927077660320532,0.29190573790947194,0.9116974153153167,0.5456063591763536,0.29768629917367617,1.2176550505648325
current_velocity/10T,short,chronos_t5_512,,,,,,,0.00031165406107902527,,,0,7200,,{},,0,0,0,129576,0.0,0,0,0,,0,,0.0,8.815566694350627,2110.648660954172,45.94179644892189,0,7200,7200,7200,0.8831358786946873,4.962567994759468,2.227682202370766,0,7200,7200,7200,1.088700366746431,7.630298205796813,2.7622994417327047,0,7200,7200,7200,4632.011164177905,15537012747.676128,124647.55411830642,0,7200,7200,7200,0.4784155821676303,0.3689587226159781,0.6074197252443965,0,7200,7200,7200,1.3308141421528248,18.723717440449796,4.327091106095387,0,7200,7200,7200,0.39237846021475054,0.27324420345745126,0.5227276570619267,0,7200,7200,7200,0.39237846021475054,0.27324420345745126,0.5227276570619267,0,7200,7200,7200,1.042604019237951,0.4807344590412708,1.2764329674515633,4.150272803722834,17.22476434532139,38.94814920858913
current_velocity/10T,short,chronos_bolt_512,,,,,,,0.0003094654530286789,,,0,7200,,{},,0,0,0,129576,0.0,0,0,0,,0,,0.0,8.411414446059016,2119.2122522621353,46.03490254428845,0,7200,7200,7200,0.8157987421214143,4.811387999423151,2.193487633752046,0,7200,7200,7200,1.0147020073167186,7.381794282406437,2.7169457636114926,0,7200,7200,7200,3223.3929119958993,8730471908.644085,93436.9943258241,0,7200,7200,7200,0.4978508228910668,0.3938503944100789,0.6275750109828139,0,7200,7200,7200,0.7007420972486622,0.2299633007061927,0.4795448891461494,0,7200,7200,7200,0.3954445654665412,0.26252214199510976,0.5123691462169729,0,7200,7200,7200,0.3954445654665412,0.26252214199510976,0.5123691462169729,0,7200,7200,7200,1.042604019237951,0.4807344590412708,0.6721076116326897,0.4599492043936807,0.21155327062237986,0.47835826282311594
current_velocity/10T,short,chronos_bolt_max,,,,,,,0.00029329583048820496,,,0,7200,,{},,0,0,0,129576,0.0,0,0,0,,0,,0.0,7.960207745703465,1783.8633533142045,42.2358065308833,0,7200,7200,7200,0.7883951194966746,4.473547840502112,2.1150763202546883,0,7200,7200,7200,0.984190493959545,6.991576817303131,2.644159000004185,0,7200,7200,7200,3153.9640396047807,8353215445.52514,91395.92685412813,0,7200,7200,7200,0.47703724781031004,0.371531009958653,0.6095334362925902,0,7200,7200,7200,0.6437833307149723,0.17225345794904917,0.4150342852693608,0,7200,7200,7200,0.36644165863063544,0.23314341446949224,0.48284926682091195,0,7200,7200,7200,0.36644165863063544,0.23314341446949224,0.48284926682091195,0,7200,7200,7200,1.042604019237951,0.4807344590412708,0.6174763561582273,0.3980747029660534,0.15846346914151163,0.3583131075990983
current_velocity/10T,short,chronos2_max,,,,,,,0.00029241666197776794,,,0,7200,,{},,0,0,0,129576,0.0,0,0,0,,0,,0.0,7.014398364854941,1411.2547350080433,37.56667053397258,0,7200,7200,7200,0.7190213291370283,3.981985756824036,1.9954913572411273,0,7200,7200,7200,0.9037141547816269,6.197699091302271,2.489517843137958,0,7200,7200,7200,3150.0556511464183,7799736827.337667,88316.11872890286,0,7200,7200,7200,0.43714481286837975,0.34020986764758726,0.5832751217458081,0,7200,7200,7200,0.5283046213008509,0.13877767679888975,0.3725287596936507,0,7200,7200,7200,0.32582745598606605,0.19050165151399837,0.4364649487805388,0,7200,7200,7200,0.32582745598606605,0.19050165151399837,0.4364649487805388,0,7200,7200,7200,1.042604019237951,0.4807344590412708,0.5067164633481785,0.35730608440003464,0.12766763794928468,0.2886784464663802
current_velocity/10T,short,tsrag,all,False,False,t5,144,chronos_bolt_max,562.9585527852178,,,141,7200,test,"{""nonfinite_prediction"": 141}",,2151.806260727346,0,9024,129576,0.0,7200,72000,38511,53.4875,26547.32366909573,0.3687128287374407,0.019583333333333335,8.181112433645163,1957.8185115749284,44.24724298275463,0,7200,7200,7200,0.8021822647306353,4.636593020736618,2.153274952424009,0,7200,7200,7200,0.9997810833442307,7.181550219032201,2.6798414540849613,0,7200,7200,7200,3081.483390197981,7882471035.087045,88783.28128137102,0,7200,7200,7200,0.49342170521779216,0.3861489629319484,0.621408853277734,0,7200,7200,7200,0.6717527401776202,0.19648118512959553,0.4432619824997352,0,7200,7200,7200,0.37911854815531226,0.23267124960034122,0.4823600829259623,0,7200,7200,7200,0.37911854815531226,0.23267124960034122,0.4823600829259623,0,7200,7200,7200,1.042604019237951,0.4807344590412708,0.6443028491954313,0.42514892933533815,0.1807516121149843,0.4087104251304101
current_velocity/10T,short,bayes_mixture,,,,,,chronos_bolt_max,562.9593399781734,0.20715474209650583,1200,0,7200,,{},,0,0,0,129576,0.0,7200,72000,38511,53.4875,26547.32366909573,0.3687128287374407,0.0,7.042388221511279,1454.3666601946052,38.1361594840724,0,7200,7200,7200,0.7200715954047927,3.9872713815413614,1.9968153098224586,0,7200,7200,7200,0.9055592100500358,6.222350738604835,2.4944640183022955,0,7200,7200,7200,3135.216561247571,7774402414.293425,88172.57177996695,0,7200,7200,7200,0.44257019608823595,0.34672957552062306,0.588837478019719,0,7200,7200,7200,0.5331583812113733,0.13933784202328806,0.37327984411603055,0,7200,7200,7200,0.3268185457381964,0.1868423281063665,0.43225262070502996,0,7200,7200,7200,0.3268185457381964,0.1868423281063665,0.43225262070502996,0,7200,7200,7200,1.042604019237951,0.4807344590412708,0.5113718836429038,0.3580264771939631,0.12818295837191934,0.2898436744084658
current_velocity/10T,medium,chronos_t5_512,,,,,,,5.299970507621765e-05,,,0,900,,{},,0,0,0,129576,0.0,0,0,0,,0,,0.0,13.443199661957427,2172.8361801467013,46.61369090885961,0,900,900,900,1.2046136593159344,6.546889414161964,2.5586890030173586,0,900,900,900,1.5406653322891888,11.069549995839674,3.3270933253877435,0,900,900,900,4522.231864875287,3194445294.5757732,56519.42404674496,0,900,900,900,0.6216828085863791,0.44185499395410616,0.6647217417492121,0,900,900,900,1.8030798833358164,21.518061772801936,4.638756489922912,0,900,900,900,0.4648145916586504,0.24369245544429172,0.49365216037640486,0,900,900,900,0.4648145916586504,0.24369245544429172,0.49365216037640486,0,900,900,900,1.0437112263446233,0.25305105017876023,1.7275658609620597,4.444482700611711,19.75342647603677,85.03446935944804
current_velocity/10T,medium,chronos_bolt_512,,,,,,,5.4990872740745544e-05,,,0,900,,{},,0,0,0,129576,0.0,0,0,0,,0,,0.0,13.2595611299609,2330.2810907112143,48.27298510255207,0,900,900,900,1.1550991786716305,6.607083944549405,2.5704248568183052,0,900,900,900,1.4878981972823795,11.045720084484744,3.323510205262614,0,900,900,900,3661.1566512513973,2463956196.799738,49638.25336169412,0,900,900,900,0.6449798521126648,0.44886637827745024,0.6699749086924451,0,900,900,900,1.2128370439354512,0.42485795925997366,0.6518112911418256,0,900,900,900,0.4666797539896823,0.22969691500602102,0.4792670602138447,0,900,900,900,0.4666797539896823,0.22969691500602102,0.4792670602138447,0,900,900,900,1.0437112263446233,0.25305105017876023,1.1620427310944572,0.6245130594452414,0.3900165614176556,1.678941695597966
current_velocity/10T,medium,chronos_bolt_max,,,,,,,5.475059151649475e-05,,,0,900,,{},,0,0,0,129576,0.0,0,0,0,,0,,0.0,11.358560022327529,1631.485511973286,40.39165151331753,0,900,900,900,1.0474034254079927,5.380739951363656,2.3196422033071515,0,900,900,900,1.3689052436151292,9.484658456330532,3.079717268895074,0,900,900,900,3522.4398785738317,2300068805.368795,47959.03257332027,0,900,900,900,0.5790181707929867,0.38442777916002113,0.6200224021436815,0,900,900,900,1.002804817780753,0.2282875895380692,0.4777945055545001,0,900,900,900,0.40625033727492854,0.18173834682386192,0.42630780760368664,0,900,900,900,0.40625033727492854,0.18173834682386192,0.42630780760368664,0,900,900,900,1.0437112263446233,0.25305105017876023,0.9608067753499822,0.4577841969065273,0.20956637093735414,0.9021404549667048
current_velocity/10T,medium,chronos2_max,,,,,,,5.526840686798096e-05,,,0,900,,{},,0,0,0,129576,0.0,0,0,0,,0,,0.0,9.55716848091615,1362.737428609152,36.91527364938735,0,900,900,900,0.8878966374411396,4.526863065512164,2.1276426075617505,0,900,900,900,1.1818875271106715,8.16031035417637,2.8566256937471475,0,900,900,900,3372.1380611169693,2138400610.7866364,46242.84388731554,0,900,900,900,0.4859599738242909,0.3270703377579286,0.5719006362629164,0,900,900,900,0.6911432082246386,0.14876838843445658,0.3857050536802138,0,900,900,900,0.33632302533998976,0.1551380849775106,0.393875722757205,0,900,900,900,0.33632302533998976,0.1551380849775106,0.393875722757205,0,900,900,900,1.0437112263446233,0.25305105017876023,0.6621977332228386,0.3695515042327021,0.13656831428065286,0.5878987197617385
current_velocity/10T,medium,tsrag,all,False,False,t5,144,chronos_bolt_max,245.89544178545475,,,28,900,test,"{""nonfinite_prediction"": 28}",,2138.545754030347,0,1792,129576,0.0,2660,26600,11387,42.80827067669173,10723.34501952559,0.40313327141073646,0.03111111111111111,12.946392984304717,2196.308589812702,46.864790512843456,0,900,900,900,1.132609219780611,6.343060002696313,2.518543230261556,0,900,900,900,1.4675972186664028,10.792551388067357,3.2852018793473494,0,900,900,900,3240.3637520233046,1937062874.0430841,44012.07645684403,0,900,900,900,0.6434817395755067,0.4459055115216563,0.6677615678680949,0,900,900,900,1.1709239836381549,0.39045939099759464,0.6248674987528113,0,900,900,900,0.45246674916385016,0.2136988960543636,0.4622757792209793,0,900,900,900,0.45246674916385016,0.2136988960543636,0.4622757792209793,0,900,900,900,1.0437112263446233,0.25305105017876023,1.1218850138644836,0.5986976885754854,0.358438922305629,1.543006404129785
current_velocity/10T,medium,bayes_mixture,,,,,,chronos_bolt_max,245.89599577896297,0.07236842105263158,150,0,900,,{},,0,0,0,129576,0.0,2660,26600,11387,42.80827067669173,10723.34501952559,0.40313327141073646,0.0,9.583112276943107,1373.4315833528526,37.059837875425906,0,900,900,900,0.8897219666113766,4.53191086937572,2.128828520425194,0,900,900,900,1.1843930214395317,8.18032544770844,2.860126823710522,0,900,900,900,3362.5721186995643,2121739761.384793,46062.34645982327,0,900,900,900,0.4882909876535012,0.3292637405802648,0.5738150752466031,0,900,900,900,0.6922167959233689,0.14338348111985347,0.378660112924313,0,900,900,900,0.3357124183182002,0.15414573728669181,0.3926139799939526,0,900,900,900,0.3357124183182002,0.15414573728669181,0.3926139799939526,0,900,900,900,1.0437112263446233,0.25305105017876023,0.6632263584513803,0.36280160964684605,0.13162500796234244,0.5666187949766047
current_velocity/10T,long,chronos_t5_512,,,,,,,3.5960227251052856e-05,,,0,300,,{},,0,0,0,129576,0.0,0,0,0,,0,,0.0,16.6372551743147,2658.9702826452153,51.56520418504338,0,300,300,300,1.399317352081536,8.22430027483298,2.8678040858526197,0,300,300,300,1.7835032759992426,13.456371238814668,3.66829268717951,0,300,300,300,6348.522924601993,6707572989.586717,81899.77405088927,0,300,300,300,0.6734928104495471,0.47609359624300207,0.6899953595807743,0,300,300,300,2.521514316702361,62.932630317114224,7.933008906910052,0,300,300,300,0.5032136494175945,0.26333864033657906,0.5131653148222112,0,300,300,300,0.5032136494175945,0.26333864033657906,0.5131653148222112,0,300,300,300,1.437499922931037,0.6433695275713929,1.754097010009599,5.518615187634088,30.45511358918563,97.8172381814132
current_velocity/10T,long,chronos_bolt_512,,,,,,,8.99098813533783e-05,,,0,300,,{},,0,0,0,129576,0.0,0,0,0,,0,,0.0,17.002703672920102,2969.4745364217692,54.49288519083725,0,300,300,300,1.3577486966317966,8.746818998316398,2.957502155251353,0,300,300,300,1.7249274103172654,14.027329102056276,3.745307611139074,0,300,300,300,3574.775468216145,1728696482.1978142,41577.59591652473,0,300,300,300,0.6926183064731023,0.4950274809359731,0.7035818935532474,0,300,300,300,1.4720744868880993,0.8847626336364548,0.9406182188520775,0,300,300,300,0.49533185894010806,0.24371301805294762,0.4936729869589257,0,300,300,300,0.49533185894010806,0.24371301805294762,0.4936729869589257,0,300,300,300,1.437499922931037,0.6433695275713929,1.0240518718683236,0.654343143848087,0.4281649499009983,1.3752013356558532
current_velocity/10T,long,chronos_bolt_max,,,,,,,3.215111792087555e-05,,,0,300,,{},,0,0,0,129576,0.0,0,0,0,,0,,0.0,15.109273682335616,2426.773480388818,49.26229268303312,0,300,300,300,1.2841880566778439,7.606183233223883,2.7579309696263037,0,300,300,300,1.6389145126370186,12.423232902603377,3.5246606790730053,0,300,300,300,3748.833086702083,1812989633.9677503,42579.215985827526,0,300,300,300,0.6637212581522034,0.45657690978817284,0.675704750455532,0,300,300,300,1.3770165825586909,0.8212001566639012,0.9062009471766741,0,300,300,300,0.4700300800351066,0.21923914043040837,0.4682297944710571,0,300,300,300,0.4700300800351066,0.21923914043040837,0.4682297944710571,0,300,300,300,1.437499922931037,0.6433695275713929,0.9579246305286601,0.6304006927033056,0.3974050333608075,1.2764051163004064
current_velocity/10T,long,chronos2_max,,,,,,,2.9539689421653748e-05,,,0,300,,{},,0,0,0,129576,0.0,0,0,0,,0,,0.0,11.676829176446358,1653.3018905472456,40.660815173176815,0,300,300,300,1.0308974406927318,5.730517069374799,2.3938498426958192,0,300,300,300,1.3565479420714623,9.836606857308038,3.1363365344471625,0,300,300,300,3330.775112014765,1297241634.2701905,36017.240792017794,0,300,300,300,0.53852590997917,0.35765842808807025,0.598045506703353,0,300,300,300,0.9351213971375323,0.5211291069463948,0.7218927253729565,0,300,300,300,0.3833889435987437,0.18253946233851848,0.42724637194307274,0,300,300,300,0.3833889435987437,0.18253946233851848,0.42724637194307274,0,300,300,300,1.437499922931037,0.6433695275713929,0.6505192676677409,0.5021862706615177,0.2521910504409231,0.8099996729928534
current_velocity/10T,long,tsrag,all,False,False,t5,144,chronos_bolt_max,203.91172666475177,,,14,300,test,"{""nonfinite_prediction"": 14}",,2134.9928826782852,0,896,129576,0.0,2053,20530,7312,35.61617145640526,8505.513466243776,0.4142968079027655,0.04666666666666667,16.35330431473653,2807.422986771434,52.985120428016714,0,300,300,300,1.3304781138871635,8.401849642165512,2.8985944252629605,0,300,300,300,1.6896333483464592,13.49844346289206,3.6740227901976956,0,300,300,300,2942.079460070671,1201060766.9415228,34656.32362126027,0,300,300,300,0.7046914273731595,0.5119499114225561,0.7155067514863547,0,300,300,300,1.445992265686856,0.8444618825110188,0.9189460716010591,0,300,300,300,0.48697932173136715,0.23126616105556755,0.480901404713656,0,300,300,300,0.48697932173136715,0.23126616105556755,0.480901404713656,0,300,300,300,1.437499922931037,0.6433695275713929,1.0059077170164317,0.6392668666912651,0.4086621268492677,1.312561205220139
current_velocity/10T,long,bayes_mixture,,,,,,chronos_bolt_max,203.91225972026587,0.17307692307692307,50,0,300,,{},,0,0,0,129576,0.0,2053,20530,7312,35.61617145640526,8505.513466243776,0.4142968079027655,0.0,11.741473717466649,1682.0396955271822,41.01267725383436,0,300,300,300,1.0382688750197675,5.743206426648377,2.396498785029606,0,300,300,300,1.3632100406483112,9.88313210254228,3.1437449169012233,0,300,300,300,3263.4481333407234,1275745448.231717,35717.57898054846,0,300,300,300,0.5462767879125838,0.36459260503623125,0.6038150420751633,0,300,300,300,0.9422676892687897,0.4974272889856286,0.705285253628366,0,300,300,300,0.38185159936091184,0.17797900027963742,0.42187557440510515,0,300,300,300,0.38185159936091184,0.17797900027963742,0.42187557440510515,0,300,300,300,1.437499922931037,0.6433695275713929,0.655490601590797,0.4906332462197993,0.24072098229617825,0.7731595415520057
current_velocity/15T,short,chronos_t5_512,,,,,,,0.00016072392463684082,,,0,3600,,{},,0,0,0,43200,0.0,0,0,0,,0,,0.0,6.847724412658318,557.8425782077334,23.618691289056077,0,3600,3600,3600,0.8627521769330183,3.95677412843407,1.9891641783508143,0,3600,3600,3600,1.0337899659200003,5.779002719021442,2.4039556399861963,0,3600,3600,3600,82174.3817319412,2136192997865.6045,1461572.098073032,0,3600,3600,3600,0.5022678958993689,0.3791511065359096,0.6157524718065772,0,3600,3600,3600,1.7312248548802682,28.582407849584037,5.3462517570335235,0,3600,3600,3600,0.4083158825966987,0.25850082583912004,0.5084297649028034,0,3600,3600,3600,0.4083158825966987,0.25850082583912004,0.5084297649028034,0,3600,3600,3600,0.9913714905166404,0.453088957404636,1.7462927585077748,5.392783440088028,29.08211323168766,63.08343512344356
current_velocity/15T,short,chronos_bolt_512,,,,,,,0.00016807392239570618,,,0,3600,,{},,0,0,0,43200,0.0,0,0,0,,0,,0.0,6.340194382983455,525.8821395457616,22.932120258400914,0,3600,3600,3600,0.760115146260124,3.7367013534812137,1.9330549276937823,0,3600,3600,3600,0.9233308839913326,5.487654461651241,2.342574323613072,0,3600,3600,3600,123081.06764181633,9052935553850.857,3008809.657298191,0,3600,3600,3600,0.472069983720234,0.33087143781185613,0.5752142538323056,0,3600,3600,3600,0.5399499503891171,0.1480277296605654,0.3847437194556467,0,3600,3600,3600,0.39568121454991584,0.25004869249118594,0.5000486901204582,0,3600,3600,3600,0.39568121454991584,0.25004869249118594,0.5000486901204582,0,3600,3600,3600,0.9913714905166404,0.453088957404636,0.5446494634495986,0.38809237822155096,0.15061569403365938,0.32670787323639766
current_velocity/15T,short,chronos_bolt_max,,,,,,,0.00015801377594470978,,,0,3600,,{},,0,0,0,43200,0.0,0,0,0,,0,,0.0,6.1847720736200955,519.2127984900599,22.78624142964477,0,3600,3600,3600,0.7491446298869379,3.6493638991312047,1.9103308349946102,0,3600,3600,3600,0.9121203840921919,5.352808478543608,2.3136137271687356,0,3600,3600,3600,122084.32377303156,9257550489558.959,3042622.3047823333,0,3600,3600,3600,0.46844221895825894,0.325376444981032,0.5704177810877147,0,3600,3600,3600,0.5264439061535141,0.14790375669325784,0.3845825746094821,0,3600,3600,3600,0.39209183675682,0.24521638729193576,0.4951932827613232,0,3600,3600,3600,0.39209183675682,0.24521638729193576,0.4951932827613232,0,3600,3600,3600,0.9913714905166404,0.453088957404636,0.5310258678905166,0.3879298308337088,0.15048955365066993,0.3264342559581976
current_velocity/15T,short,chronos2_max,,,,,,,0.0001566726714372635,,,0,3600,,{},,0,0,0,43200,0.0,0,0,0,,0,,0.0,6.055158438844862,492.531078455974,22.193041216921443,0,3600,3600,3600,0.7410914190545312,3.564285729811736,1.8879316009357268,0,3600,3600,3600,0.9015804017204624,5.242311218078432,2.2896094029503007,0,3600,3600,3600,108212.8067067536,6054019629629.126,2460491.7454909547,0,3600,3600,3600,0.4682939715701356,0.3241965671854609,0.5693826193215428,0,3600,3600,3600,0.5023035816221435,0.14214093293556207,0.377015825842314,0,3600,3600,3600,0.38378726998813195,0.22418884276191445,0.47348584219796314,0,3600,3600,3600,0.38378726998813195,0.22418884276191445,0.47348584219796314,0,3600,3600,3600,0.9913714905166404,0.453088957404636,0.5066754354216647,0.3802972240464945,0.14462597861746967,0.31371528838347207
current_velocity/15T,short,tsrag,all,False,False,t5,96,chronos_bolt_max,119.64861859939992,,,0,3600,test,{},,425.6905683390796,0,0,43200,0.0,3600,36000,23411,65.03055555555555,10527.080508298646,0.2924189030082957,0.0,6.305421693649748,521.9160209139109,22.84548141129687,0,3600,3600,3600,0.7581901692506821,3.7065686579540973,1.9252450903596916,0,3600,3600,3600,0.9210668201041349,5.457057606553006,2.3360345901876123,0,3600,3600,3600,128101.67501188298,10165236346088.479,3188296.778232616,0,3600,3600,3600,0.47287382479828605,0.33214445500599815,0.5763197506645058,0,3600,3600,3600,0.5376213720201193,0.14746458665294374,0.3840111803749257,0,3600,3600,3600,0.3924998618892129,0.24149792704492357,0.49142438588751736,0,3600,3600,3600,0.3924998618892129,0.24149792704492357,0.49142438588751736,0,3600,3600,3600,0.9913714905166404,0.453088957404636,0.5423006180457589,0.38735346340734816,0.15004270561366784,0.3254649760118715
current_velocity/15T,short,bayes_mixture,,,,,,chronos_bolt_max,119.64898873493075,0.3438538205980066,600,0,3600,,{},,0,0,0,43200,0.0,3600,36000,23411,65.03055555555555,10527.080508298646,0.2924189030082957,0.0,6.015910049616135,479.68561995856817,21.901726415024186,0,3600,3600,3600,0.7375302149646263,3.525795948513346,1.8777102940851516,0,3600,3600,3600,0.8981149191547426,5.209299641607805,2.282389020655288,0,3600,3600,3600,114722.25184232468,7323897060547.082,2706269.9533762485,0,3600,3600,3600,0.4677715606703231,0.32492203782277923,0.5700193310956913,0,3600,3600,3600,0.5030727814406634,0.13947094389738782,0.37345808854192436,0,3600,3600,3600,0.3833534410312031,0.22446270272018093,0.4737749494434894,0,3600,3600,3600,0.3833534410312031,0.22446270272018093,0.4737749494434894,0,3600,3600,3600,0.9913714905166404,0.453088957404636,0.507451330054381,0.3767085215929515,0.1419093102407472,0.30782243005059995
current_velocity/15T,medium,chronos_t5_512,,,,,,,4.343874752521515e-05,,,0,450,,{},,0,0,0,43200,0.0,0,0,0,,0,,0.0,11.036939685352475,1076.8384066249848,32.81521608377712,0,450,450,450,1.1320830944776485,6.0305089610401055,2.4557094618541715,0,450,450,450,1.397988574131914,9.082567631949093,3.0137298538437536,0,450,450,450,121643.97954175479,1410650211088.5447,1187707.9654058672,0,450,450,450,0.6575522669564652,0.4980199482764347,0.7057052842911371,0,450,450,450,2.0540892348275195,30.121267739264866,5.488284589857278,0,450,450,450,0.48893588426091594,0.27842753852964436,0.5276623338174181,0,450,450,450,0.48893588426091594,0.27842753852964436,0.5276623338174181,0,450,450,450,0.9924470867542217,0.20323056826444055,2.0697216629909985,5.530052597369803,30.581481729676504,148.2122891083566
current_velocity/15T,medium,chronos_bolt_512,,,,,,,3.563240170478821e-05,,,0,450,,{},,0,0,0,43200,0.0,0,0,0,,0,,0.0,9.614324007017277,883.3104105758397,29.720538531053567,0,450,450,450,0.989897591125098,5.35652722812325,2.3144172545423287,0,450,450,450,1.2456093890785982,8.062781256856518,2.8395036990390623,0,450,450,450,147615.75152933062,2492122071243.4854,1578645.6446091647,0,450,450,450,0.5734130267111591,0.37663247910498954,0.6137039018166575,0,450,450,450,0.8336903462985892,0.20000866418666874,0.44722328225022984,0,450,450,450,0.45346840632767665,0.24977794634013278,0.49977789701039477,0,450,450,450,0.45346840632767665,0.24977794634013278,0.49977789701039477,0,450,450,450,0.9924470867542217,0.20323056826444055,0.8400350582167123,0.4506268275852012,0.20306453773950262,0.9841465577482442
current_velocity/15T,medium,chronos_bolt_max,,,,,,,3.559887409210205e-05,,,0,450,,{},,0,0,0,43200,0.0,0,0,0,,0,,0.0,9.151213533234534,727.1090150746433,26.96495902230603,0,450,450,450,0.9650126864630756,4.963568458950676,2.2279067437733286,0,450,450,450,1.2223704967240616,7.657023901973104,2.7671327944233366,0,450,450,450,139731.8603087308,2021857215486.823,1421920.2563740425,0,450,450,450,0.5753165621670019,0.38062208794219027,0.6169457739073916,0,450,450,450,0.7820132300395952,0.17060693617285727,0.4130459250166466,0,450,450,450,0.4432093226726126,0.2256852014199715,0.47506336568922203,0,450,450,450,0.4432093226726126,0.2256852014199715,0.47506336568922203,0,450,450,450,0.9924470867542217,0.20323056826444055,0.7879646587478571,0.41618936720093064,0.1732135893711111,0.8394747779815588
current_velocity/15T,medium,chronos2_max,,,,,,,3.4518539905548096e-05,,,0,450,,{},,0,0,0,43200,0.0,0,0,0,,0,,0.0,8.916213028638932,687.6891743258511,26.223828368982495,0,450,450,450,0.9588081017368689,4.915043866612466,2.2169898210439456,0,450,450,450,1.20720786660106,7.458862195455449,2.7310917588860777,0,450,450,450,122394.51358720264,1316840185750.1208,1147536.5727287827,0,450,450,450,0.5726952835488025,0.38136031176884727,0.6175437731601278,0,450,450,450,0.7292408236747162,0.17018730124211762,0.41253763615228806,0,450,450,450,0.4318312805629406,0.21513828767249682,0.4638300202363974,0,450,450,450,0.4318312805629406,0.21513828767249682,0.4638300202363974,0,450,450,450,0.9924470867542217,0.20323056826444055,0.7347906335839866,0.4156772100581041,0.17278754296168922,0.8374099560685795
current_velocity/15T,medium,tsrag,all,False,False,t5,96,chronos_bolt_max,37.22201691009104,,,0,450,test,{},,419.54083294048905,0,0,43200,0.0,900,9000,4761,52.9,3609.6285287658884,0.40106983652954314,0.0,9.582822857108276,892.3818798143199,29.872761502986627,0,450,450,450,0.9822938664133023,5.3085254637438535,2.304023755030285,0,450,450,450,1.2387319943568293,8.048365903265028,2.836964205495908,0,450,450,450,152438.8646275679,2540761862157.582,1593976.7445472917,0,450,450,450,0.5743424279941521,0.3791148941263628,0.6157230660990075,0,450,450,450,0.8210703218434999,0.19664400843241342,0.4434456093281491,0,450,450,450,0.44855998391121776,0.23899699373441802,0.48887318778433536,0,450,450,450,0.44855998391121776,0.23899699373441802,0.48887318778433536,0,450,450,450,0.9924470867542217,0.20323056826444055,0.8273189904046109,0.4468204050841935,0.1996484743996028,0.9675907030705302
current_velocity/15T,medium,bayes_mixture,,,,,,chronos_bolt_max,37.2222415804863,0.24675324675324675,75,0,450,,{},,0,0,0,43200,0.0,900,9000,4761,52.9,3609.6285287658884,0.40106983652954314,0.0,8.769729356616892,678.6506060651604,26.05092332461866,0,450,450,450,0.9483477865668629,4.844255050480214,2.200966844475449,0,450,450,450,1.1948254667316598,7.342121460666365,2.7096349312529844,0,450,450,450,129660.62746563653,1577347429268.807,1255924.9297903148,0,450,450,450,0.5732217252641588,0.3815686210319768,0.6177124096470596,0,450,450,450,0.7324940610077743,0.1663779855321288,0.40789457649266286,0,450,450,450,0.4315055536789221,0.2145596436395664,0.4632058329075384,0,450,450,450,0.4315055536789221,0.2145596436395664,0.4632058329075384,0,450,450,450,0.9924470867542217,0.20323056826444055,0.7380686293345687,0.4109988148856116,0.16892002583737722,0.8186661433512318
current_velocity/15T,long,chronos_t5_512,,,,,,,2.148933708667755e-05,,,0,150,,{},,0,0,0,43200,0.0,0,0,0,,0,,0.0,12.340876048493962,1114.5076546143493,33.38424260956581,0,150,150,150,1.2496101584033912,6.575789902541387,2.5643303029331825,0,150,150,150,1.5444810670244735,9.955454282096905,3.155226502502935,0,150,150,150,79266.41723471064,134499129505.89969,366741.22962369485,0,150,150,150,0.6808794923159115,0.5118598636440937,0.7154438228429216,0,150,150,150,2.4942234177970044,47.795790747516214,6.9134499887911405,0,150,150,150,0.4848999245820195,0.24612153627485095,0.49610637596673857,0,150,150,150,0.4848999245820195,0.24612153627485095,0.49610637596673857,0,150,150,150,1.1285984948447063,0.18788879728392668,2.210018380487213,6.125694851066076,37.52413740837743,254.3833982570551
current_velocity/15T,long,chronos_bolt_512,,,,,,,2.2020190954208374e-05,,,0,150,,{},,0,0,0,43200,0.0,0,0,0,,0,,0.0,11.845680438435002,1245.5129985091758,35.29182622802588,0,150,150,150,1.1046332987316572,6.396774139013946,2.5291844810163506,0,150,150,150,1.4055800049627578,9.870025288083893,3.1416596391213183,0,150,150,150,136199.9522020616,661318807557.102,813215.1053424316,0,150,150,150,0.605167388936054,0.39315407146674325,0.627019992876418,0,150,150,150,0.9836945696233321,0.2526217500498005,0.5026149122835498,0,150,150,150,0.4749788928345722,0.2458375666471981,0.495820095041738,0,150,150,150,0.4749788928345722,0.2458375666471981,0.495820095041738,0,150,150,150,1.1285984948447063,0.18788879728392668,0.8716071961080253,0.44534430497597727,0.19833154997453625,1.3445280064678529
current_velocity/15T,long,chronos_bolt_max,,,,,,,2.104043960571289e-05,,,0,150,,{},,0,0,0,43200,0.0,0,0,0,,0,,0.0,10.512322479714959,878.8438656901925,29.645300904025117,0,150,150,150,1.0600516873382368,5.623856647320407,2.3714671929673425,0,150,150,150,1.3442091074495663,8.705424355164597,2.9504956117853482,0,150,150,150,130329.34158231305,565375921809.9315,751914.8368066237,0,150,150,150,0.5983556096815206,0.37913068177382503,0.6157358863781005,0,150,150,150,0.9309764178821907,0.22138556344006616,0.4705162732999425,0,150,150,150,0.46591840349143127,0.22847538427610492,0.47799098765155074,0,150,150,150,0.46591840349143127,0.22847538427610492,0.47799098765155074,0,150,150,150,1.1285984948447063,0.18788879728392668,0.8248960300184449,0.4169031550628507,0.1738082407013593,1.1782797412105475
current_velocity/15T,long,chronos2_max,,,,,,,2.0870938897132874e-05,,,0,150,,{},,0,0,0,43200,0.0,0,0,0,,0,,0.0,10.545652637459389,848.4440040255871,29.128062139895047,0,150,150,150,1.061131701786959,5.703350305781733,2.3881688185263896,0,150,150,150,1.3414202638024548,8.746244313319542,2.9574049964993874,0,150,150,150,119975.47963728324,422340650429.6475,649877.4118475326,0,150,150,150,0.5962108717082137,0.3774455916378367,0.6143660078795349,0,150,150,150,0.834373194435567,0.17879025046751523,0.42283596165358883,0,150,150,150,0.4490240102623585,0.20990516431982692,0.4581540836005142,0,150,150,150,0.4490240102623585,0.20990516431982692,0.4581540836005142,0,150,150,150,1.1285984948447063,0.18788879728392668,0.7393002899143293,0.37465579086366807,0.14036696162768056,0.9515748307087077
current_velocity/15T,long,tsrag,all,False,False,t5,96,chronos_bolt_max,34.10320623964071,,,0,150,test,{},,416.8037412893027,0,0,43200,0.0,750,7500,3160,42.13333333333333,3708.2034213456186,0.4944271228460825,0.0,11.990298567864127,1248.4627281844607,35.333592064556086,0,150,150,150,1.1049722382920921,6.407684403466145,2.531340436106164,0,150,150,150,1.4106602019058034,10.000336362623205,3.1623308433216164,0,150,150,150,148235.83497338207,795993774391.4314,892184.8319666903,0,150,150,150,0.6012421646743409,0.38768710710970783,0.6226452498089966,0,150,150,150,0.9670796195272426,0.22809672525929367,0.4775947290949657,0,150,150,150,0.47372089975716836,0.24529868680059258,0.49527637415951165,0,150,150,150,0.47372089975716836,0.24529868680059258,0.49527637415951165,0,150,150,150,1.1285984948447063,0.18788879728392668,0.8568854414964566,0.4231750540839434,0.1790771263989484,1.2139985382662655
current_velocity/15T,long,bayes_mixture,,,,,,chronos_bolt_max,34.1034199744463,0.18518518518518517,25,0,150,,{},,0,0,0,43200,0.0,750,7500,3160,42.13333333333333,3708.2034213456186,0.4944271228460825,0.0,10.465600043316732,851.7246039110889,29.18432120010827,0,150,150,150,1.0517595510258737,5.650453817965292,2.3770683242105792,0,150,150,150,1.332798853832929,8.689247258538364,2.947752916806014,0,150,150,150,125122.32687898412,481638254305.8725,694001.6241377771,0,150,150,150,0.598174699421052,0.3840219251509979,0.6196950259208137,0,150,150,150,0.8340119374184165,0.17157147128986086,0.41421186763522466,0,150,150,150,0.4497707756227417,0.21263443329411713,0.46112301319075055,0,150,150,150,0.4497707756227417,0.21263443329411713,0.46112301319075055,0,150,150,150,1.1285984948447063,0.18788879728392668,0.7389801964366216,0.36701437183133906,0.1346995491307524,0.9131543432607745
current_velocity/H,short,chronos_t5_512,,,,,,,0.00015470385551452637,,,0,3528,,{},,0,0,0,84672,0.0,0,0,0,,0,,0.0,7.119931253607458,647.9873296338607,25.455595252004237,0,3528,3528,3528,0.8788976637420567,3.833772453636678,1.9580021587415777,0,3528,3528,3528,1.085679103145892,5.941232138599788,2.437464284579322,0,3528,3528,3528,1914911751842.2239,1.1985638065770853e+27,34620280278719.37,0,3528,3528,3528,0.4709849725902982,0.3062044965213953,0.553357476249662,0,3528,3528,3528,1.2198869127511718,8.179400377445454,2.8599651007390725,0,3528,3528,3528,0.365265667091318,0.20863756269185374,0.456768609573659,0,3528,3528,3528,0.365265667091318,0.20863756269185374,0.456768609573659,0,3528,3528,3528,1.0337543563683367,0.3826492950103123,1.1800549184979825,2.7665809417107203,7.653970107036977,21.375710040769892
current_velocity/H,short,chronos_bolt_512,,,,,,,0.00015684030950069427,,,0,3528,,{},,0,0,0,84672,0.0,0,0,0,,0,,0.0,7.077204228513139,627.8592281064114,25.057119309817146,0,3528,3528,3528,0.8590066715250301,3.857290266400479,1.963998540325445,0,3528,3528,3528,1.0643117037074095,5.94444482586457,2.438123217941327,0,3528,3528,3528,1933947063889.5957,9.352649667135064e+26,30582102064990.668,0,3528,3528,3528,0.4862197215208584,0.3057523396041521,0.5529487676124725,0,3528,3528,3528,0.855356663970497,0.23521886298440553,0.4849936731385323,0,3528,3528,3528,0.3803097366683793,0.21656502748770476,0.46536547732691214,0,3528,3528,3528,0.3803097366683793,0.21656502748770476,0.46536547732691214,0,3528,3528,3528,1.0337543563683367,0.3826492950103123,0.8274273851434443,0.46915756161101424,0.22010881761679266,0.6147113454842937
current_velocity/H,short,chronos_bolt_max,,,,,,,0.0001674015074968338,,,0,3528,,{},,0,0,0,84672,0.0,0,0,0,,0,,0.0,6.728454076435626,585.5946254819374,24.199062491797847,0,3528,3528,3528,0.8328299053923002,3.6398718233998464,1.9078448111415787,0,3528,3528,3528,1.0341192494437592,5.659051454365504,2.378876090586793,0,3528,3528,3528,2160691016966.5737,1.285226998637718e+27,35850062742451.625,0,3528,3528,3528,0.4753918506493727,0.2952527311446599,0.5433716326278544,0,3528,3528,3528,0.8281138920709751,0.23441513348715237,0.48416436618895486,0,3528,3528,3528,0.36491028160067074,0.19500340283856882,0.4415918962555459,0,3528,3528,3528,0.36491028160067074,0.19500340283856882,0.4415918962555459,0,3528,3528,3528,1.0337543563683367,0.3826492950103123,0.8010741497430847,0.46835533335971974,0.21935671828649422,0.6126109117248862
current_velocity/H,short,chronos2_max,,,,,,,0.00015422329306602478,,,0,3528,,{},,0,0,0,84672,0.0,0,0,0,,0,,0.0,6.584621456197997,572.3166986577362,23.92314148805997,0,3528,3528,3528,0.7994898788746334,3.5879752684095623,1.8941951505611987,0,3528,3528,3528,0.9958633911182267,5.592877562428503,2.364926544827239,0,3528,3528,3528,1990654629540.2976,1.4239550537302588e+27,37735328986644.055,0,3528,3528,3528,0.4413610263946512,0.27286059913717625,0.5223606025890316,0,3528,3528,3528,0.7026019108178864,0.23193915558642134,0.48160061834098733,0,3528,3528,3528,0.33344984273692463,0.17760185655542599,0.42142835281388696,0,3528,3528,3528,0.33344984273692463,0.17760185655542599,0.42142835281388696,0,3528,3528,3528,1.0337543563683367,0.3826492950103123,0.6796604110924225,0.4658752975251196,0.21703979284411867,0.6061402924580604
current_velocity/H,short,tsrag,all,False,False,t5,24,chronos_bolt_max,149.60215411894023,,,0,3528,test,{},,657.9195132497698,0,0,84672,0.0,3528,35280,13433,38.07539682539682,12036.156224810704,0.341160890725927,0.0,6.901932307103085,592.5150623472164,24.34163228600778,0,3528,3528,3528,0.8494874757231119,3.7469102899354807,1.9356937490045993,0,3528,3528,3528,1.0525420615602046,5.79408751574968,2.407091090039943,0,3528,3528,3528,1947982490416.4927,9.108032894372298e+26,30179517713794.4,0,3528,3528,3528,0.4869766732829701,0.30394975035024907,0.5513163795410482,0,3528,3528,3528,0.8484791258536849,0.23161040664465266,0.4812591886339965,0,3528,3528,3528,0.3716510152491177,0.19728239078205015,0.44416482389091794,0,3528,3528,3528,0.3716510152491177,0.19728239078205015,0.44416482389091794,0,3528,3528,3528,1.0337543563683367,0.3826492950103123,0.8207744137925196,0.46554501624999123,0.2167321621552046,0.6052811534342715
current_velocity/H,short,bayes_mixture,,,,,,chronos_bolt_max,149.60263927839696,0.17288135593220338,588,0,3528,,{},,0,0,0,84672,0.0,3528,35280,13433,38.07539682539682,12036.156224810704,0.341160890725927,0.0,6.529020261019287,561.2424922793477,23.690557027629126,0,3528,3528,3528,0.7973886646725069,3.5498653686986814,1.884108640365168,0,3528,3528,3528,0.9937287926351521,5.541523347707169,2.3540440411570827,0,3528,3528,3528,1940963860296.1726,1.2344231717044396e+27,35134358848631.914,0,3528,3528,3528,0.4439205076651139,0.2746076004658266,0.5240301522487295,0,3528,3528,3528,0.7051443747740024,0.22496483397345285,0.474304579330047,0,3528,3528,3528,0.3334643262263889,0.17573068373793008,0.4192024376574283,0,3528,3528,3528,0.3334643262263889,0.17573068373793008,0.4192024376574283,0,3528,3528,3528,1.0337543563683367,0.3826492950103123,0.6821198580011136,0.4588174902559227,0.21051348936474376,0.5879138859184102
current_velocity/H,medium,chronos_t5_512,,,,,,,3.818050026893616e-05,,,0,504,,{},,0,0,0,84672,0.0,0,0,0,,0,,0.0,13.501757950123658,1714.099576372968,41.401685670670076,0,504,504,504,1.297571457119491,7.430718998070046,2.7259345183019428,0,504,504,504,1.6007461174663655,10.939369817540015,3.3074718165904327,0,504,504,504,2170794579800.1597,2.5760561264460518e+26,16050096966828.742,0,504,504,504,0.628932649744061,0.42049891531411815,0.6484588771187562,0,504,504,504,1.8867371897161267,10.346498801733835,3.216597395033117,0,504,504,504,0.47279345360257136,0.24141234725090255,0.4913373049656443,0,504,504,504,0.47279345360257136,0.24141234725090255,0.4913373049656443,0,504,504,504,1.8436548434542293,1.2185305146164476,1.0233679023027864,1.7446852410869782,3.0439265904667274,8.490964056809498
current_velocity/H,medium,chronos_bolt_512,,,,,,,3.7612393498420715e-05,,,0,504,,{},,0,0,0,84672,0.0,0,0,0,,0,,0.0,11.596441845754203,1105.4636937066775,33.24851415787896,0,504,504,504,1.2023607322491139,6.07878248626469,2.4655187053163257,0,504,504,504,1.4994397102960095,9.348122400941625,3.0574699345932457,0,504,504,504,1957660511548.08,2.9975956082385224e+26,17313565803261.102,0,504,504,504,0.6493374102660375,0.4238661758125723,0.6510500563033325,0,504,504,504,1.5495761205424834,0.9908352769718378,0.995407091079744,0,504,504,504,0.5095883857786387,0.2636088014606635,0.5134284774539327,0,504,504,504,0.5095883857786387,0.2636088014606635,0.5134284774539327,0,504,504,504,1.8436548434542293,1.2185305146164476,0.8404914434196551,0.5399096770276004,0.29150245934804775,0.8131394865262931
current_velocity/H,medium,chronos_bolt_max,,,,,,,3.633089363574982e-05,,,0,504,,{},,0,0,0,84672,0.0,0,0,0,,0,,0.0,10.843195843338421,936.9397845466686,30.609472137667918,0,504,504,504,1.1584756723889422,5.543441430073055,2.354451407456322,0,504,504,504,1.4552588520217604,8.725417516950731,2.9538817709838576,0,504,504,504,2082794889119.6157,2.8574898687290683e+26,16904111537519.705,0,504,504,504,0.642466921927912,0.4174164483640267,0.6460777417339393,0,504,504,504,1.4834479710008108,1.0026612482726371,1.0013297400320422,0,504,504,504,0.4845014146329013,0.23412420196141165,0.4838638258450529,0,504,504,504,0.4845014146329013,0.23412420196141165,0.4838638258450529,0,504,504,504,1.8436548434542293,1.2185305146164476,0.8046234772564353,0.5431221270007209,0.2949816448377872,0.822844595392214
current_velocity/H,medium,chronos2_max,,,,,,,4.9520283937454224e-05,,,0,504,,{},,0,0,0,84672,0.0,0,0,0,,0,,0.0,10.956829541011505,1002.9429609162162,31.669274714085514,0,504,504,504,1.1121571376938042,5.868931959559953,2.4225878641568306,0,504,504,504,1.390382370023161,9.023666406140281,3.0039418113772247,0,504,504,504,2525141132468.5513,3.315611068179699e+26,18208819478976.938,0,504,504,504,0.5614585313733823,0.34613357314611953,0.5883311764186219,0,504,504,504,1.152702173781236,0.9292733659876429,0.963988260295551,0,504,504,504,0.4015593904177281,0.1758176091405998,0.41930610434454657,0,504,504,504,0.4015593904177281,0.1758176091405998,0.41930610434454657,0,504,504,504,1.8436548434542293,1.2185305146164476,0.625226667493553,0.5228680757236777,0.27339102461098147,0.7626180508742917
current_velocity/H,medium,tsrag,all,False,False,t5,24,chronos_bolt_max,86.728843646124,,,0,504,test,{},,650.8654716666788,0,0,84672,0.0,1512,15120,4772,31.56084656084656,5523.316452209688,0.36529870715672536,0.0,11.079673307891666,994.1140422649253,31.529574089494538,0,504,504,504,1.1765281848098765,5.704920310570776,2.3884975006415177,0,504,504,504,1.4723603795401634,8.91182822065201,2.9852685340940455,0,504,504,504,2052915642294.5173,3.349396325201727e+26,18301356029545.26,0,504,504,504,0.6507700510495726,0.4253895936532025,0.6522189767656278,0,504,504,504,1.532315335411767,0.9959156814548328,0.9979557512509424,0,504,504,504,0.4924790387990797,0.23768096769350652,0.4875253508213768,0,504,504,504,0.4924790387990797,0.23768096769350652,0.4875253508213768,0,504,504,504,1.8436548434542293,1.2185305146164476,0.8311291784642597,0.5412920725341385,0.292997107788303,0.8173087743874133
current_velocity/H,medium,bayes_mixture,,,,,,chronos_bolt_max,86.72921881824732,0.12790697674418605,84,0,504,,{},,0,0,0,84672,0.0,1512,15120,4772,31.56084656084656,5523.316452209688,0.36529870715672536,0.0,10.788026251703666,967.1037244012498,31.09829134215013,0,504,504,504,1.1056970296593003,5.748976926427066,2.3977024265798845,0,504,504,504,1.3834064995561368,8.874212708689504,2.9789616829844427,0,504,504,504,2404883282318.1245,3.100424366091386e+26,17608021939137.246,0,504,504,504,0.5678844527323876,0.3497124791056681,0.5913649288769737,0,504,504,504,1.1604030995599648,0.8847273422357161,0.9405994589811947,0,504,504,504,0.40377206613175803,0.17516486585822214,0.41852701926903374,0,504,504,504,0.40377206613175803,0.17516486585822214,0.41852701926903374,0,504,504,504,1.8436548434542293,1.2185305146164476,0.6294036563730445,0.5101819694292177,0.2602856419306752,0.726060883681849
current_velocity/H,long,chronos_t5_512,,,,,,,2.736225724220276e-05,,,0,252,,{},,0,0,0,84672,0.0,0,0,0,,0,,0.0,14.001135503016561,1503.4864035362705,38.77481661512109,0,252,252,252,1.3658095748334518,7.327087866154116,2.706859410119801,0,252,252,252,1.6994084127176523,11.113146549801032,3.3336386351554412,0,252,252,252,1983929797919.867,1.2823379491928827e+26,11324036158512.047,0,252,252,252,0.6655787426474824,0.45180269486075886,0.6721626996946192,0,252,252,252,2.2080036471436326,18.384947907821058,4.287767240396924,0,252,252,252,0.4909073777053962,0.23699950603544867,0.48682595045400845,0,252,252,252,0.4909073777053962,0.23699950603544867,0.48682595045400845,0,252,252,252,1.97807318941371,1.9703509296939952,1.1162396108296038,2.167648428452637,4.698699709373188,9.330798707353278
current_velocity/H,long,chronos_bolt_512,,,,,,,2.522207796573639e-05,,,0,252,,{},,0,0,0,84672,0.0,0,0,0,,0,,0.0,13.375720005187603,1563.0317651689397,39.53519653636415,0,252,252,252,1.2835685408581277,6.893276193512704,2.6255049406757367,0,252,252,252,1.6184131719512507,10.756458810042291,3.2797040735472294,0,252,252,252,1854028816878.2034,9.392829495948315e+25,9691661104242.303,0,252,252,252,0.671878827390191,0.44328546567233096,0.665796865171601,0,252,252,252,1.7015104521085875,1.737460889378954,1.3181277970587504,0,252,252,252,0.514654688725981,0.2562191526237347,0.5061809484993827,0,252,252,252,0.514654688725981,0.2562191526237347,0.5061809484993827,0,252,252,252,1.97807318941371,1.9703509296939952,0.8601857915140672,0.6663695782912038,0.4440484148719967,0.8818027607136917
current_velocity/H,long,chronos_bolt_max,,,,,,,2.6520341634750366e-05,,,0,252,,{},,0,0,0,84672,0.0,0,0,0,,0,,0.0,11.803825116580771,889.9086416505174,29.83133657164086,0,252,252,252,1.2343972476249996,5.799914035554296,2.4083010682957178,0,252,252,252,1.5632188445778061,9.360171960537603,3.0594398115566195,0,252,252,252,2119241934854.881,1.155592020539896e+26,10749846606067.902,0,252,252,252,0.6645993867269635,0.43549356831833436,0.6599193650123736,0,252,252,252,1.6266933009882154,1.681651426306111,1.2967850347324767,0,252,252,252,0.4879136086450961,0.22454161175832119,0.4738582190469225,0,252,252,252,0.4879136086450961,0.22454161175832119,0.4738582190469225,0,252,252,252,1.97807318941371,1.9703509296939952,0.822362544365893,0.6555799055730778,0.42978501259120555,0.8534781296889481
current_velocity/H,long,chronos2_max,,,,,,,2.71722674369812e-05,,,0,252,,{},,0,0,0,84672,0.0,0,0,0,,0,,0.0,11.706170535911593,944.7475710573741,30.73674626660041,0,252,252,252,1.1858292445874337,6.0427815515263195,2.4582069789841374,0,252,252,252,1.4933212675516039,9.476162127789664,3.078337559103885,0,252,252,252,2265187267742.259,1.2139978103380111e+26,11018156880068.514,0,252,252,252,0.6040750174016193,0.3735946275418631,0.6112238767766383,0,252,252,252,1.3405690703885271,1.6029319133553395,1.2660694741424499,0,252,252,252,0.4294313956859784,0.18539258496444727,0.43057239224600463,0,252,252,252,0.4294313956859784,0.18539258496444727,0.43057239224600463,0,252,252,252,1.97807318941371,1.9703509296939952,0.6777145949720215,0.6400518852983927,0.4096664158740269,0.8135261029893199
current_velocity/H,long,tsrag,all,False,False,t5,24,chronos_bolt_max,88.2577746361494,,,0,252,test,{},,649.1768402084708,0,0,84672,0.0,1512,15120,4228,27.962962962962962,5733.687210437346,0.3792121170924171,0.0,12.594132391055204,1270.9663758655402,35.65061536447218,0,252,252,252,1.2524547072409162,6.368196679149808,2.5235286166694855,0,252,252,252,1.5835057783149529,10.086641841098364,3.1759473926843254,0,252,252,252,2087204509371.6023,1.1440204919024406e+26,10695889359480.307,0,252,252,252,0.6735734198335076,0.44888405092454065,0.6699880975991593,0,252,252,252,1.6596252801647087,1.6719898014808368,1.293054446448732,0,252,252,252,0.4986715784148307,0.2417594401551402,0.4916903905458599,0,252,252,252,0.4986715784148307,0.2417594401551402,0.4916903905458599,0,252,252,252,1.97807318941371,1.9703509296939952,0.839011058360592,0.6536939347689081,0.42731576035365765,0.8485746251001616
current_velocity/H,long,bayes_mixture,,,,,,chronos_bolt_max,88.25813195295632,0.1590909090909091,42,0,252,,{},,0,0,0,84672,0.0,1512,15120,4228,27.962962962962962,5733.687210437346,0.3792121170924171,0.0,11.578541327548887,925.6169245614699,30.423953138299925,0,252,252,252,1.178237404090235,5.949407929592857,2.4391408179096294,0,252,252,252,1.486047746570069,9.370203422462906,3.06107880043342,0,252,252,252,2131744784057.9597,1.0588387495135129e+26,10289989064685.7,0,252,252,252,0.6077876216642079,0.37637462888811557,0.6134937887934283,0,252,252,252,1.3453883420170096,1.55712643708691,1.247848723638771,0,252,252,252,0.43053904224275846,0.18444194979373896,0.4294670532109989,0,252,252,252,0.43053904224275846,0.18444194979373896,0.4294670532109989,0,252,252,252,1.97807318941371,1.9703509296939952,0.680150941440026,0.6308405221389338,0.39795976437252273,0.7902787334075251
CPHL/15T,short,chronos_t5_512,,,,,,,2.5000423192977905e-05,,,0,240,,{},,0,0,0,2875,0.0,0,0,0,,0,,0.0,0.07145993249388789,0.0689536804400986,0.26259032815413935,0,240,240,240,0.14304919937258642,0.03304983351406007,0.18179613173568923,0,240,240,240,0.16718102225698803,0.04351043829099637,0.20859155853244965,0,240,240,240,0.19229100821756445,0.038738731291890614,0.19682157222187463,0,240,240,240,0.18541487852636995,0.024565810010731947,0.15673483981148525,0,240,240,240,0.6817097401429651,0.5701464227751972,0.7550804081521366,0,240,240,240,0.18730507891805045,0.028028482942269242,0.16741709274225627,0,240,240,240,0.18730507891805045,0.028028482942269242,0.16741709274225627,0,240,240,240,1.3686982871636935,1.2103073573379792,0.4980715958632847,0.5516777621727458,0.3043483532759287,0.4710757307376951
CPHL/15T,short,chronos_bolt_512,,,,,,,2.5570392608642578e-05,,,0,240,,{},,0,0,0,2875,0.0,0,0,0,,0,,0.0,0.06596169725160105,0.04661334176940333,0.2159012315143277,0,240,240,240,0.14131190409281788,0.030260634365444444,0.17395584027403174,0,240,240,240,0.16409107241488338,0.039035817205334535,0.19757483950476723,0,240,240,240,0.19882263809012707,0.06222609311780087,0.2494515847169564,0,240,240,240,0.18508893789727102,0.026121400526352163,0.16162116360907738,0,240,240,240,0.667953797037442,0.5063538047831602,0.7115854163648663,0,240,240,240,0.19006666009150183,0.03813186968530857,0.19527383256675374,0,240,240,240,0.19006666009150183,0.03813186968530857,0.19527383256675374,0,240,240,240,1.3686982871636935,1.2103073573379792,0.488021212053695,0.519899398602639,0.27029538466738573,0.41836794737566857
CPHL/15T,short,chronos_bolt_max,,,,,,,2.359040081501007e-05,,,0,240,,{},,0,0,0,2875,0.0,0,0,0,,0,,0.0,0.06518250201055234,0.04696288008318702,0.21670920627233864,0,240,240,240,0.13870965342761743,0.029362410247487127,0.1713546329910199,0,240,240,240,0.16241370589776138,0.03880429014710781,0.19698804569594525,0,240,240,240,0.19522890434481197,0.05387294372772831,0.23210545820322345,0,240,240,240,0.18010539982937945,0.023827376715807206,0.15436118915001662,0,240,240,240,0.656110489198097,0.49622173708156037,0.7044300796257641,0,240,240,240,0.18714228383274215,0.03520628028255866,0.1876333666557168,0,240,240,240,0.18714228383274215,0.03520628028255866,0.1876333666557168,0,240,240,240,1.3686982871636935,1.2103073573379792,0.47936824013839624,0.5146715578095231,0.26488681241808126,0.4099964641816104
CPHL/15T,short,chronos2_max,,,,,,,2.3579224944114685e-05,,,0,240,,{},,0,0,0,2875,0.0,0,0,0,,0,,0.0,0.06383973022426091,0.04183820264835063,0.2045438892960399,0,240,240,240,0.13782809693554435,0.028995419509877003,0.17028041434609267,0,240,240,240,0.1612417805716313,0.03784081842235081,0.19452716628366026,0,240,240,240,0.19451170852182342,0.06424784864243169,0.2534715933638949,0,240,240,240,0.17760429428296307,0.023580545056260626,0.15355958145378173,0,240,240,240,0.6512083950143714,0.4897305432050854,0.6998075043932335,0,240,240,240,0.185924662783724,0.03975679170772896,0.19939105222584327,0,240,240,240,0.185924662783724,0.03975679170772896,0.19939105222584327,0,240,240,240,1.3686982871636935,1.2103073573379792,0.47578666614966564,0.5112942062953996,0.26142176539124257,0.40463320348826715
CPHL/15T,short,tsrag,all,False,False,t5,96,chronos_bolt_max,4.349915316328406,,,140,240,test,"{""nonfinite_prediction"": 140}",,37.894855530932546,0,8960,2875,0.0,240,2400,2003,83.45833333333333,1006.9756985773803,0.4195732077405751,0.5833333333333334,0.06506746343201901,0.04447789721907222,0.2108978359753182,0,240,240,240,0.14027417484445104,0.029098166911101356,0.17058184812898866,0,240,240,240,0.16373454041321853,0.03825846370769113,0.1955977088508225,0,240,240,240,0.19775258434052384,0.05541191089311526,0.23539734682683927,0,240,240,240,0.183310157556256,0.025091849449612715,0.15840407018007055,0,240,240,240,0.663021738272641,0.4901911970781754,0.7001365560218773,0,240,240,240,0.1897824204751725,0.03641958262800584,0.19083915381285319,0,240,240,240,0.1897824204751725,0.03641958262800584,0.19083915381285319,0,240,240,240,1.3686982871636935,1.2103073573379792,0.4844177453064533,0.5115346183947861,0.26166766581629947,0.40501381248836704
CPHL/15T,short,bayes_mixture,,,,,,chronos_bolt_max,4.349980724975467,0.4132231404958678,240,0,240,,{},,0,0,0,2875,0.0,240,2400,2003,83.45833333333333,1006.9756985773803,0.4195732077405751,0.0,0.06375785470253954,0.04272357531928843,0.20669681980932467,0,240,240,240,0.13754072109698268,0.028895956328933593,0.16998810643375492,0,240,240,240,0.16099411106457903,0.03783875090506553,0.19452185199885777,0,240,240,240,0.19387508065049958,0.06005752899703715,0.2450663767166707,0,240,240,240,0.17802832505800334,0.023911977713272876,0.15463498217826674,0,240,240,240,0.6498080361150502,0.4880974717737757,0.6986397295987222,0,240,240,240,0.18558274880969844,0.0379600482230744,0.1948333858020088,0,240,240,240,0.18558274880969844,0.0379600482230744,0.1948333858020088,0,240,240,240,1.3686982871636935,1.2103073573379792,0.47476353423487155,0.5104410052609106,0.260550019851769,0.4032839004195809
CPHL/15T,medium,chronos_t5_512,,,,,,,1.4709308743476868e-05,,,0,30,,{},,0,0,0,2875,0.0,0,0,0,,0,,0.0,0.1512283403935484,0.07833443632032708,0.2798828975130976,0,30,30,30,0.2438202671794907,0.03574918397170824,0.18907454607034824,0,30,30,30,0.3030685826287905,0.059377774616924395,0.24367555194751153,0,30,30,30,0.3980063324278897,0.14553671788257364,0.3814927494495454,0,30,30,30,0.3217537060978479,0.02435004396502365,0.15604500621623124,0,30,30,30,1.1967010497168664,0.6156909686853042,0.7846597789394485,0,30,30,30,0.329453201864868,0.03482070390308686,0.18660306509563784,0,30,30,30,0.329453201864868,0.03482070390308686,0.18660306509563784,0,30,30,30,1.37281934883039,0.6233469173388662,0.8717105063651877,0.5715681233717753,0.32669011965473294,0.9877179970886099
CPHL/15T,medium,chronos_bolt_512,,,,,,,1.479126513004303e-05,,,0,30,,{},,0,0,0,2875,0.0,0,0,0,,0,,0.0,0.12414559600977802,0.044352344966371006,0.21059996430762046,0,30,30,30,0.22185985561536506,0.023984407074573205,0.15486899972096807,0,30,30,30,0.28073609276095923,0.04533284223108812,0.2129151056902448,0,30,30,30,0.3586792857482972,0.08211905809950264,0.28656423032106193,0,30,30,30,0.30218942735122106,0.020135830929364378,0.14190077846637902,0,30,30,30,1.0949430199700383,0.4067377817340831,0.6377599718813365,0,30,30,30,0.3038303215665337,0.025071917721839657,0.15834114349037542,0,30,30,30,0.3038303215665337,0.025071917721839657,0.15834114349037542,0,30,30,30,1.37281934883039,0.6233469173388662,0.7975871121738662,0.46456219634775187,0.21581803427544718,0.6525062856980021
CPHL/15T,medium,chronos_bolt_max,,,,,,,1.4159828424453735e-05,,,0,30,,{},,0,0,0,2875,0.0,0,0,0,,0,,0.0,0.12374216343529085,0.05243778481762015,0.22899297984353179,0,30,30,30,0.216524155143082,0.026867909932367717,0.1639143371775871,0,30,30,30,0.2740136511278603,0.04865868243087012,0.22058713115426776,0,30,30,30,0.34243649300082146,0.07316173218377478,0.27048425496463707,0,30,30,30,0.29242050815838344,0.021263817715497388,0.14582118404229677,0,30,30,30,1.063731294575291,0.466697895031921,0.6831529075045506,0,30,30,30,0.29154222026375065,0.02426282043141126,0.15576527350924935,0,30,30,30,0.29154222026375065,0.02426282043141126,0.15576527350924935,0,30,30,30,1.37281934883039,0.6233469173388662,0.7748516186645863,0.49762767991766793,0.24763330782024096,0.7486968845924571
CPHL/15T,medium,chronos2_max,,,,,,,1.3107433915138245e-05,,,0,30,,{},,0,0,0,2875,0.0,0,0,0,,0,,0.0,0.12381329716484582,0.04359955389801751,0.20880506195496676,0,30,30,30,0.21864892774985897,0.02655430080421345,0.16295490420424127,0,30,30,30,0.27664244992958104,0.04728225206180507,0.21744482532772555,0,30,30,30,0.34338170139748725,0.07983187919936831,0.28254535777352335,0,30,30,30,0.29421018432251045,0.021525631114015585,0.14671615832625792,0,30,30,30,1.065225535608098,0.4463123521604098,0.6680661285833984,0,30,30,30,0.2928304510492848,0.025895214565002503,0.16091990108436713,0,30,30,30,0.2928304510492848,0.025895214565002503,0.16091990108436713,0,30,30,30,1.37281934883039,0.6233469173388662,0.775940065614347,0.4866380483000733,0.23681659005330444,0.7159935178082927
CPHL/15T,medium,tsrag,all,False,False,t5,96,chronos_bolt_max,1.095589715987444,,,25,30,test,"{""nonfinite_prediction"": 25}",,37.3708477076143,0,1600,2875,0.0,38,380,319,83.94736842105263,158.53833603041394,0.41720614744845774,0.8333333333333334,0.13029057197053595,0.054135782588806386,0.23267097495993433,0,30,30,30,0.224143532416865,0.0284432037499597,0.16865113029552958,0,30,30,30,0.28220342408707055,0.05065179940406894,0.22505954635177985,0,30,30,30,0.35125075764884267,0.07720627112876037,0.27786016470296776,0,30,30,30,0.30289699859154007,0.02401152582647472,0.15495652882816754,0,30,30,30,1.0973020586713813,0.4814511245814855,0.6938667916693272,0,30,30,30,0.3030981377445205,0.027720751641836506,0.1664955003651345,0,30,30,30,0.3030981377445205,0.027720751641836506,0.1664955003651345,0,30,30,30,1.37281934883039,0.6233469173388662,0.7993055019265697,0.5054319727213092,0.25546147904895433,0.7723646515119561
CPHL/15T,medium,bayes_mixture,,,,,,chronos_bolt_max,1.0956455040723085,0.46875,30,0,30,,{},,0,0,0,2875,0.0,38,380,319,83.94736842105263,158.53833603041394,0.41720614744845774,0.0,0.12356803594058006,0.04706274091820453,0.21693948676579036,0,30,30,30,0.21708887978571292,0.026399459432023223,0.1624791046012478,0,30,30,30,0.27491559740169946,0.047989450245846776,0.21906494526931225,0,30,30,30,0.3411135568874675,0.07524540793959296,0.27430896438066504,0,30,30,30,0.29244427186831573,0.021408726216043474,0.1463172109358413,0,30,30,30,1.0598849298108308,0.45063459863964533,0.671293228507219,0,30,30,30,0.2913660794830955,0.025049909526192182,0.15827163209555964,0,30,30,30,0.2913660794830955,0.025049909526192182,0.15827163209555964,0,30,30,30,1.37281934883039,0.6233469173388662,0.7720498190193984,0.4889887581196646,0.23911000556741185,0.722927451961184
CPHL/15T,long,chronos_t5_512,,,,,,,1.5679746866226196e-05,,,0,10,,{},,0,0,0,2875,0.0,0,0,0,,0,,0.0,0.1291683737091524,0.02081869802621053,0.14428686019943232,0,10,10,10,0.22901280386471834,0.016406839404175554,0.12808918535214264,0,10,10,10,0.30646898655627763,0.035245133988320534,0.18773687434364228,0,10,10,10,0.38413198528699305,0.05337562472951666,0.23103165309004015,0,10,10,10,0.30807325510628114,0.013674547668493724,0.11693822158940902,0,10,10,10,1.1536607640109615,0.2741434313945874,0.5235870810042847,0,10,10,10,0.3147461832504251,0.01670802443894316,0.12925952359088735,0,10,10,10,0.3147461832504251,0.01670802443894316,0.12925952359088735,0,10,10,10,1.556704626979664,0.9348312901421038,0.7410916265144706,0.3363432419547402,0.1131267764086249,0.2932544452517361
CPHL/15T,long,chronos_bolt_512,,,,,,,1.4871358871459961e-05,,,0,10,,{},,0,0,0,2875,0.0,0,0,0,,0,,0.0,0.14358374216048805,0.023115100180424394,0.15203650936674518,0,10,10,10,0.24939700621425417,0.017563208599524264,0.1325262562646522,0,10,10,10,0.32875963127298186,0.03550084700574108,0.18841668452061533,0,10,10,10,0.38220120966001786,0.04073855623455854,0.20183794547745115,0,10,10,10,0.34282286407437257,0.014389179091356289,0.11995490440726586,0,10,10,10,1.2661584238277013,0.2782631115091515,0.5275065037600498,0,10,10,10,0.34337829833734157,0.015405527863456225,0.12411900685816103,0,10,10,10,0.34337829833734157,0.015405527863456225,0.12411900685816103,0,10,10,10,1.556704626979664,0.9348312901421038,0.8133581681993945,0.33886101102141897,0.11482678479045823,0.2976613154089576
CPHL/15T,long,chronos_bolt_max,,,,,,,1.3841316103935242e-05,,,0,10,,{},,0,0,0,2875,0.0,0,0,0,,0,,0.0,0.1346447031319494,0.020961337527612447,0.14478030780327983,0,10,10,10,0.2400734503410412,0.016042245129177186,0.12665798486150484,0,10,10,10,0.31640828972035695,0.03453049732818804,0.18582383412304257,0,10,10,10,0.3809492650564644,0.03521770538211773,0.18766380946287362,0,10,10,10,0.3273499568641765,0.012892339217630725,0.1135444371936852,0,10,10,10,1.202757658522571,0.23706053555269965,0.48688862746289285,0,10,10,10,0.3301056633935952,0.014000862012244781,0.11832523827250373,0,10,10,10,0.3301056633935952,0.014000862012244781,0.11832523827250373,0,10,10,10,1.556704626979664,0.9348312901421038,0.7726306183441974,0.31276879314450273,0.09782431796506874,0.25358643645385903
CPHL/15T,long,chronos2_max,,,,,,,1.3511627912521362e-05,,,0,10,,{},,0,0,0,2875,0.0,0,0,0,,0,,0.0,0.1268142311361365,0.018094464913121618,0.1345156679094358,0,10,10,10,0.23033303058067314,0.013733871900939169,0.11719160337216643,0,10,10,10,0.30966390312410425,0.030922498238081873,0.17584794067057447,0,10,10,10,0.36756569197425054,0.02840280098530635,0.16853130565359764,0,10,10,10,0.3148897380482458,0.008588733741980548,0.09267542145564027,0,10,10,10,1.1569175338572653,0.18150598078269312,0.4260351872588614,0,10,10,10,0.31478368590267736,0.008814862461987167,0.09388749896544889,0,10,10,10,0.31478368590267736,0.008814862461987167,0.09388749896544889,0,10,10,10,1.556704626979664,0.9348312901421038,0.7431837188676761,0.27367760066690344,0.07489942910679308,0.19415907736154445
CPHL/15T,long,tsrag,all,False,False,t5,96,chronos_bolt_max,0.8530275579541922,,,10,10,test,"{""nonfinite_prediction"": 10}",,36.94568614847958,0,640,2875,0.0,18,180,153,85.0,70.4044760016307,0.39113597778683723,1.0,0.1346447031319494,0.020961337527612447,0.14478030780327983,0,10,10,10,0.2400734503410412,0.016042245129177186,0.12665798486150484,0,10,10,10,0.31640828972035695,0.03453049732818804,0.18582383412304257,0,10,10,10,0.3809492650564644,0.03521770538211773,0.18766380946287362,0,10,10,10,0.3273499568641765,0.012892339217630725,0.1135444371936852,0,10,10,10,1.202757658522571,0.23706053555269965,0.48688862746289285,0,10,10,10,0.3301056633935952,0.014000862012244781,0.11832523827250373,0,10,10,10,0.3301056633935952,0.014000862012244781,0.11832523827250373,0,10,10,10,1.556704626979664,0.9348312901421038,0.7726306183441974,0.31276879314450273,0.09782431796506874,0.25358643645385903
CPHL/15T,long,bayes_mixture,,,,,,chronos_bolt_max,0.853084322065115,0.5,10,0,10,,{},,0,0,0,2875,0.0,18,180,153,85.0,70.4044760016307,0.39113597778683723,0.0,0.12784517028837933,0.0186746219643599,0.13665512052008846,0,10,10,10,0.23194135129889829,0.014442393106417983,0.12017650813040785,0,10,10,10,0.30937535619915213,0.032132059265027074,0.17925417502816238,0,10,10,10,0.3691771250698262,0.03144136929605434,0.17731714326611045,0,10,10,10,0.3165436144434146,0.010506906347372535,0.1025032016444976,0,10,10,10,1.1637506714155825,0.203108768399839,0.4506759017296565,0,10,10,10,0.3180818098305747,0.011145058466315205,0.10557015897646078,0,10,10,10,0.3180818098305747,0.011145058466315205,0.10557015897646078,0,10,10,10,1.556704626979664,0.9348312901421038,0.7475732076890558,0.28950636743725944,0.08381393678671746,0.21726783275404102
CPHL/30T,short,chronos_t5_512,,,,,,,2.494826912879944e-05,,,0,240,,{},,0,0,0,2681,0.0,0,0,0,,0,,0.0,0.9370864709992937,3.279254970197694,1.8108713290009575,0,240,240,240,0.533274163966023,0.4055992666887469,0.6368667574059326,0,240,240,240,0.646037640795964,0.5197218376740783,0.7209173584219473,0,240,240,240,0.38221403653290503,0.4013159884055051,0.633495057917191,0,240,240,240,0.34702943723753216,0.06367098724985211,0.2523311063857409,0,240,240,240,1.5878959520509202,1.782066476547757,1.3349406266002084,0,240,240,240,0.32207597972005075,0.046988323946185254,0.2167679034040447,0,240,240,240,0.32207597972005075,0.046988323946185254,0.2167679034040447,0,240,240,240,1.9158052500490743,2.00872837438365,0.8288399627312042,0.6968039296092404,0.48553571631887926,0.8871614994210251
CPHL/30T,short,chronos_bolt_512,,,,,,,2.451986074447632e-05,,,0,240,,{},,0,0,0,2681,0.0,0,0,0,,0,,0.0,0.6480923255416434,0.9735256607832532,0.9866740397837845,0,240,240,240,0.47122927904591894,0.24474824639392936,0.49472037192127977,0,240,240,240,0.5679188109499472,0.3255605497108415,0.5705791353623452,0,240,240,240,0.4142735915232773,0.9076666089827323,0.952715387186925,0,240,240,240,0.3079968719543233,0.037196336434327834,0.19286351763443452,0,240,240,240,1.4391982021923246,0.9987381115901673,0.9993688566241032,0,240,240,240,0.30872923742882225,0.05588767865110085,0.23640575003815126,0,240,240,240,0.30872923742882225,0.05588767865110085,0.23640575003815126,0,240,240,240,1.9158052500490743,2.00872837438365,0.751223644551271,0.521644283310375,0.27211275831039483,0.49719918547803466
CPHL/30T,short,chronos_bolt_max,,,,,,,2.4322420358657837e-05,,,0,240,,{},,0,0,0,2681,0.0,0,0,0,,0,,0.0,0.6438649789817285,0.860364226610588,0.9275582065889925,0,240,240,240,0.46575399317168403,0.2367825286407703,0.4866030503816949,0,240,240,240,0.5678855050991319,0.32137103208003254,0.5668959623070468,0,240,240,240,0.39357994008478925,0.8983899819756104,0.9478343642090692,0,240,240,240,0.2998993904851049,0.03653603050556611,0.19114400462888212,0,240,240,240,1.4040590147394727,0.9818205701074963,0.9908685937638231,0,240,240,240,0.2962398652152424,0.05053038525990475,0.224789646691979,0,240,240,240,0.2962398652152424,0.05053038525990475,0.224789646691979,0,240,240,240,1.9158052500490743,2.00872837438365,0.732881912033338,0.5172073694538845,0.26750346301740696,0.4887771699888265
CPHL/30T,short,chronos2_max,,,,,,,2.39592045545578e-05,,,0,240,,{},,0,0,0,2681,0.0,0,0,0,,0,,0.0,0.6416899168948216,0.8870664823593214,0.9418420686926877,0,240,240,240,0.4646460943299945,0.24085878948819664,0.4907736642162012,0,240,240,240,0.5627357921061882,0.3250183451774425,0.5701038021075131,0,240,240,240,0.3676987420021707,0.6596110113214724,0.8121643991960448,0,240,240,240,0.2924005552127117,0.03707540075055057,0.19254973578416193,0,240,240,240,1.369510162917805,1.0131518380499471,1.006554438691692,0,240,240,240,0.28523333118440114,0.04320695254021577,0.20786282144774176,0,240,240,240,0.28523333118440114,0.04320695254021577,0.20786282144774176,0,240,240,240,1.9158052500490743,2.00872837438365,0.7148483192029693,0.5253949683382007,0.2760398727550989,0.5043747332741384
CPHL/30T,short,tsrag,all,False,False,t5,48,chronos_bolt_max,5.159555381163955,,,216,240,test,"{""nonfinite_prediction"": 216}",,54.52457922883332,0,13824,2681,0.0,240,2400,1473,61.375,952.4409792728545,0.39685040803035604,0.9,0.6441107044028538,0.8600605051250039,0.9273944711529198,0,240,240,240,0.466768048162575,0.23605701567258963,0.48585699096811363,0,240,240,240,0.5688598037184931,0.32050922811621135,0.5661353443446288,0,240,240,240,0.3966295429994769,0.8980997132868626,0.9476812297850278,0,240,240,240,0.30247158810872926,0.0364006765407502,0.19078961329367541,0,240,240,240,1.4154875097258934,0.9776068751227608,0.9887400442597442,0,240,240,240,0.2990330545272516,0.05072954081772983,0.22523219312018838,0,240,240,240,0.2990330545272516,0.05072954081772983,0.22523219312018838,0,240,240,240,1.9158052500490743,2.00872837438365,0.7388472861161828,0.5160963225434407,0.2663554141428632,0.4866794772203712
CPHL/30T,short,bayes_mixture,,,,,,chronos_bolt_max,5.159622939303517,0.3817427385892116,239,0,240,,{},,0,0,0,2681,0.0,240,2400,1473,61.375,952.4409792728545,0.39685040803035604,0.0,0.635370555898395,0.8449443404278356,0.9192085402278612,0,240,240,240,0.4624281972713785,0.2370742867788947,0.4869027487896271,0,240,240,240,0.5615821443901844,0.3199960510005171,0.5656819344830778,0,240,240,240,0.37417961882658446,0.7461641354400707,0.8638079274005713,0,240,240,240,0.2917834343302215,0.0370170804814488,0.19239823409129514,0,240,240,240,1.3687206364496922,1.0005162913808472,1.0002581123794234,0,240,240,240,0.28621948242032536,0.04596792905731346,0.21440132708850815,0,240,240,240,0.28621948242032536,0.04596792905731346,0.21440132708850815,0,240,240,240,1.9158052500490743,2.00872837438365,0.7144362071325526,0.5221084514481842,0.2725972350736209,0.49808441207878174
CPHL/30T,medium,chronos_t5_512,,,,,,,1.6702339053153992e-05,,,0,60,,{},,0,0,0,2681,0.0,0,0,0,,0,,0.0,1.1476792991053812,3.3071732594351455,1.8185635153700697,0,60,60,60,0.6212391394749274,0.4292151776304775,0.6551451576791799,0,60,60,60,0.7561987572140029,0.5758427386933789,0.7588430263851536,0,60,60,60,0.4568835965470441,0.259303943922531,0.5092189547950183,0,60,60,60,0.42616890719976863,0.06432503167738318,0.25362379950900343,0,60,60,60,1.8774526326844299,1.6321821574367477,1.2775688464567174,0,60,60,60,0.3857497360498511,0.04466147414914703,0.21133261496784406,0,60,60,60,0.3857497360498511,0.04466147414914703,0.21133261496784406,0,60,60,60,1.893340926882399,1.4876388063522994,0.9916083289742587,0.6747695717751053,0.455313974993559,1.0971629339509297
CPHL/30T,medium,chronos_bolt_512,,,,,,,1.730024814605713e-05,,,0,60,,{},,0,0,0,2681,0.0,0,0,0,,0,,0.0,0.7502302610938804,0.9788490542729914,0.9893680075042812,0,60,60,60,0.5177844983003577,0.2558863004657012,0.5058520539304958,0,60,60,60,0.6308562040757337,0.3522507108730365,0.5935071279041529,0,60,60,60,0.4850976909004106,0.5509335281725882,0.7422489664341664,0,60,60,60,0.34212872223375956,0.03620178930454324,0.19026767803424532,0,60,60,60,1.5799987435894587,0.8918213121430291,0.9443629133670112,0,60,60,60,0.34122511664826477,0.057060015031373146,0.23887238231192226,0,60,60,60,0.34122511664826477,0.057060015031373146,0.23887238231192226,0,60,60,60,1.893340926882399,1.4876388063522994,0.8345030317340185,0.49878122844046474,0.2487827138445791,0.5994877979351595
CPHL/30T,medium,chronos_bolt_max,,,,,,,1.704692840576172e-05,,,0,60,,{},,0,0,0,2681,0.0,0,0,0,,0,,0.0,0.7535943935917262,0.8897246896950588,0.9432521877499457,0,60,60,60,0.519521404171274,0.24692745088781703,0.4969179518671237,0,60,60,60,0.6372316623379859,0.34753020210569324,0.5895169226626944,0,60,60,60,0.4635155005368896,0.5120345246843454,0.7155658772498487,0,60,60,60,0.3431775492480999,0.03506658938850214,0.18726075239756498,0,60,60,60,1.5695327782076256,0.8726574775860075,0.9341613766293314,0,60,60,60,0.33596152383149946,0.05025288003393596,0.22417154153445962,0,60,60,60,0.33596152383149946,0.05025288003393596,0.22417154153445962,0,60,60,60,1.893340926882399,1.4876388063522994,0.8289752552869808,0.49339311444956413,0.2434367653862407,0.5866057499036138
CPHL/30T,medium,chronos2_max,,,,,,,1.5888363122940063e-05,,,0,60,,{},,0,0,0,2681,0.0,0,0,0,,0,,0.0,0.7479045513824616,0.8983645340131823,0.9478209398473861,0,60,60,60,0.5134040769364705,0.2487199491441919,0.4987183064057223,0,60,60,60,0.6303312499959475,0.3505870666610079,0.592103932313414,0,60,60,60,0.43115999278312317,0.4078850691067528,0.6386588049238442,0,60,60,60,0.33241260164362996,0.03705456335405692,0.19249561905159535,0,60,60,60,1.5182478312316134,0.9166820652249115,0.9574351493573398,0,60,60,60,0.32293591017938855,0.047594102549774524,0.2181607264146655,0,60,60,60,0.32293591017938855,0.047594102549774524,0.2181607264146655,0,60,60,60,1.893340926882399,1.4876388063522994,0.801888244042546,0.5056855507443477,0.25571787623161424,0.6161993498089917
CPHL/30T,medium,tsrag,all,False,False,t5,48,chronos_bolt_max,1.5846600998193026,,,52,60,test,"{""nonfinite_prediction"": 52}",,54.00014859996736,0,3328,2681,0.0,60,600,370,61.666666666666664,227.50827191803958,0.37918045319673266,0.8666666666666667,0.7538168418588589,0.8893939670039771,0.9430768616629173,0,60,60,60,0.5207404736736939,0.24582658330011967,0.4958090189781945,0,60,60,60,0.6385432016563716,0.3460794214772894,0.5882851532014804,0,60,60,60,0.4681119836080316,0.5098842668220358,0.7140618088247234,0,60,60,60,0.34659418064675407,0.03405497766110835,0.18453990804459708,0,60,60,60,1.5831470630507751,0.8506152235834904,0.9222880372115266,0,60,60,60,0.3394348578441122,0.04928656835645599,0.22200578451125094,0,60,60,60,0.3394348578441122,0.04928656835645599,0.22200578451125094,0,60,60,60,1.893340926882399,1.4876388063522994,0.836165869850818,0.4871220096267494,0.23728785226280294,0.5717888105306992
CPHL/30T,medium,bayes_mixture,,,,,,chronos_bolt_max,1.5847203470766544,0.41935483870967744,60,0,60,,{},,0,0,0,2681,0.0,60,600,370,61.666666666666664,227.50827191803958,0.37918045319673266,0.0,0.7430753902803902,0.8740970672975195,0.934931584287064,0,60,60,60,0.5124953640486051,0.24670805126563486,0.49669714239729107,0,60,60,60,0.6293570279696208,0.34698512162563605,0.589054430104414,0,60,60,60,0.44061660965893046,0.45149942677560806,0.671937070547241,0,60,60,60,0.3322834979160577,0.036888323489147425,0.19206333197450112,0,60,60,60,1.5190785522245214,0.9101588709965684,0.9540224688111745,0,60,60,60,0.324483761570025,0.04934765469096626,0.2221433201583299,0,60,60,60,0.324483761570025,0.04934765469096626,0.2221433201583299,0,60,60,60,1.893340926882399,1.4876388063522994,0.8023270033706273,0.5038830858539993,0.2538981642097488,0.6118144183320172
CPHL/30T,long,chronos_t5_512,,,,,,,1.4999881386756897e-05,,,0,20,,{},,0,0,0,2681,0.0,0,0,0,,0,,0.0,1.4238518345363587,3.934405552093756,1.9835336024614647,0,20,20,20,0.7241799630361662,0.47692270585839863,0.6905959063434989,0,20,20,20,0.872690738504408,0.6622627094649893,0.8137952503332698,0,20,20,20,0.638846845562333,0.41925353678439015,0.6474979048494213,0,20,20,20,0.5290131862774305,0.07652782481671525,0.27663662956433527,0,20,20,20,2.2889993375611444,1.6229652026382424,1.2739565152069525,0,20,20,20,0.4754006886942312,0.052985623712037154,0.23018606324457863,0,20,20,20,0.4754006886942312,0.052985623712037154,0.23018606324457863,0,20,20,20,2.2236567264315648,1.6073134698343936,1.0293852060675026,0.5729106026411491,0.32822655861864464,1.0097378222092928
CPHL/30T,long,chronos_bolt_512,,,,,,,2.3093074560165405e-05,,,0,20,,{},,0,0,0,2681,0.0,0,0,0,,0,,0.0,1.0172672501827549,2.028406734988285,1.42422144871796,0,20,20,20,0.6040569232568506,0.343141616572626,0.5857829090820472,0,20,20,20,0.735923521452238,0.47568382075609217,0.689698354903136,0,20,20,20,0.6111398362190534,0.4804974308150373,0.6931792198378695,0,20,20,20,0.42366266043298617,0.05097035992160791,0.22576616203853028,0,20,20,20,1.8994332791841426,1.13236197307975,1.0641249800092798,0,20,20,20,0.40958658647820123,0.053629585146011974,0.2315806234252166,0,20,20,20,0.40958658647820123,0.053629585146011974,0.2315806234252166,0,20,20,20,2.2236567264315648,1.6073134698343936,0.8541935707101145,0.4785473258351998,0.2290075430640209,0.7045059935921651
CPHL/30T,long,chronos_bolt_max,,,,,,,1.442059874534607e-05,,,0,20,,{},,0,0,0,2681,0.0,0,0,0,,0,,0.0,1.0076304961689788,1.6508290591521084,1.2848459281766467,0,20,20,20,0.6105878167010085,0.3160354925316698,0.5621703412059994,0,20,20,20,0.7452930162186022,0.4521688161447573,0.6724349902739724,0,20,20,20,0.5646402577471612,0.36018797512089934,0.600156625491129,0,20,20,20,0.4302223832299344,0.04420011247478794,0.2102382279101209,0,20,20,20,1.9159433983126628,1.0665128799406716,1.0327211046263514,0,20,20,20,0.398011092581047,0.03628566936134787,0.19048797694696604,0,20,20,20,0.398011092581047,0.03628566936134787,0.19048797694696604,0,20,20,20,2.2236567264315648,1.6073134698343936,0.8616183314352175,0.46442469844867684,0.21569030052914448,0.663537573694668
CPHL/30T,long,chronos2_max,,,,,,,1.4819204807281494e-05,,,0,20,,{},,0,0,0,2681,0.0,0,0,0,,0,,0.0,0.8956668895033808,1.203944197846625,1.097243909915487,0,20,20,20,0.5741906147906037,0.272636889986381,0.5221464258102138,0,20,20,20,0.705481015777994,0.3979634258802303,0.6308434242189026,0,20,20,20,0.5005525125503565,0.22290108593285343,0.4721240154163453,0,20,20,20,0.4062839767551976,0.04154193887883565,0.20381839681156275,0,20,20,20,1.7964635512898783,0.9376636614962145,0.9683303472969411,0,20,20,20,0.369246569893185,0.02830672977758112,0.16824603941127744,0,20,20,20,0.369246569893185,0.02830672977758112,0.16824603941127744,0,20,20,20,2.2236567264315648,1.6073134698343936,0.807887085239443,0.4354675502683721,0.18963198733673714,0.5833732368290454
CPHL/30T,long,tsrag,all,False,False,t5,48,chronos_bolt_max,1.052486965432763,,,18,20,test,"{""nonfinite_prediction"": 18}",,53.53459993377328,0,1152,2681,0.0,25,250,154,61.6,94.54330680910917,0.37817322723643665,0.9,1.0077242086295022,1.6506400397081307,1.2847723688296424,0,20,20,20,0.6112688549122117,0.31528960023248087,0.5615065451377044,0,20,20,20,0.7459796332575386,0.4512385953944502,0.6717429533641943,0,20,20,20,0.5685313673992851,0.35789454022994377,0.5982428772914423,0,20,20,20,0.4323288448476216,0.04338201743505674,0.20828350255134645,0,20,20,20,1.9234191583036193,1.048061128439185,1.0237485670022621,0,20,20,20,0.4004151590047654,0.035442766851174465,0.1882624945419944,0,20,20,20,0.4004151590047654,0.035442766851174465,0.1882624945419944,0,20,20,20,2.2236567264315648,1.6073134698343936,0.8649802532202195,0.4603896612428722,0.21195864017932656,0.6520577025632529
CPHL/30T,long,bayes_mixture,,,,,,chronos_bolt_max,1.0525453239679337,0.36363636363636365,20,0,20,,{},,0,0,0,2681,0.0,25,250,154,61.6,94.54330680910917,0.37817322723643665,0.0,0.9246923907032356,1.3271511522442847,1.1520204652020227,0,20,20,20,0.5822468037353747,0.2878113431327374,0.5364805151473233,0,20,20,20,0.713124450749927,0.4161459084458505,0.6450937206684394,0,20,20,20,0.5172671836379324,0.2708575657009155,0.5204397810514829,0,20,20,20,0.4078795665345469,0.043665880492903944,0.20896382579983538,0,20,20,20,1.801844523652365,1.017696127343007,1.008809262121937,0,20,20,20,0.37279924793838737,0.03200955571511267,0.1789121452420508,0,20,20,20,0.37279924793838737,0.03200955571511267,0.1789121452420508,0,20,20,20,2.2236567264315648,1.6073134698343936,0.8103069607078666,0.45367131092254226,0.20581765835417806,0.6331659296352835
CPHL/H,short,chronos_t5_512,,,,,,,1.9671395421028137e-05,,,0,112,,{},,0,0,0,2654,0.0,0,0,0,,0,,0.0,0.40732041580239803,0.6378695042847998,0.7986673301724566,0,112,112,112,0.35165234796492395,0.15276996717211352,0.3908579884972463,0,112,112,112,0.43170249875497513,0.2209533683711087,0.47005677143416275,0,112,112,112,0.3237319617143201,0.05818651336809537,0.2412188080728685,0,112,112,112,0.30885211089264036,0.04051018044794459,0.20127140991195097,0,112,112,112,1.3127742614077669,0.7763582733332025,0.8811119527808045,0,112,112,112,0.28966984452660505,0.03070423781025238,0.17522624749235596,0,112,112,112,0.28966984452660505,0.03070423781025238,0.17522624749235596,0,112,112,112,1.5555461077967614,0.9459225828742138,0.8439314365725546,0.5664325527636018,0.3208458368302905,0.8207418740064487
CPHL/H,short,chronos_bolt_512,,,,,,,2.0580366253852844e-05,,,0,112,,{},,0,0,0,2654,0.0,0,0,0,,0,,0.0,0.37564223909312805,0.4307826244421987,0.6563403266920286,0,112,112,112,0.35263653796187594,0.14146917093045314,0.3761238771076002,0,112,112,112,0.4258668885446698,0.19427963233440984,0.4407716328603848,0,112,112,112,0.3506197146643581,0.09538057335869306,0.3088374545917206,0,112,112,112,0.30723481476419096,0.034872647610273436,0.18674219558062777,0,112,112,112,1.3220979133087272,0.6846439698649799,0.8274321542368172,0,112,112,112,0.30217972753395234,0.04530370457785484,0.21284666917256384,0,112,112,112,0.30217972753395234,0.04530370457785484,0.21284666917256384,0,112,112,112,1.5555461077967614,0.9459225828742138,0.8499252491983765,0.5319239012521284,0.28294303672328397,0.723784358530345
CPHL/H,short,chronos_bolt_max,,,,,,,1.897290349006653e-05,,,0,112,,{},,0,0,0,2654,0.0,0,0,0,,0,,0.0,0.3897812161643053,0.5073854075425093,0.7123099097601474,0,112,112,112,0.3530781668710993,0.15100748100772263,0.3885968103416736,0,112,112,112,0.4288616000440636,0.2058589441719509,0.45371681054590746,0,112,112,112,0.34003440625940723,0.09271193150095915,0.30448634041769285,0,112,112,112,0.30416046188978785,0.035025859442025964,0.18715196884357366,0,112,112,112,1.316102276045098,0.7504561210340057,0.8662887053598273,0,112,112,112,0.2989914600894093,0.04632208187443031,0.21522565338367614,0,112,112,112,0.2989914600894093,0.04632208187443031,0.21522565338367614,0,112,112,112,1.5555461077967614,0.9459225828742138,0.8460708875477784,0.5569032644019907,0.31014124590159353,0.793358922411729
CPHL/H,short,chronos2_max,,,,,,,1.841038465499878e-05,,,0,112,,{},,0,0,0,2654,0.0,0,0,0,,0,,0.0,0.3634177032780381,0.4610820263391221,0.6790302101814927,0,112,112,112,0.33903067219495064,0.14295402661428522,0.3780926164503682,0,112,112,112,0.4101567780522955,0.19518912069579805,0.4418021284419056,0,112,112,112,0.3330540808997,0.09740583024396202,0.31209907120009506,0,112,112,112,0.28835002909025054,0.034011599959599285,0.18442234127024656,0,112,112,112,1.242231586401445,0.6781318023202939,0.823487584800338,0,112,112,112,0.2835850083027322,0.044433669704173596,0.21079295458855735,0,112,112,112,0.2835850083027322,0.044433669704173596,0.21079295458855735,0,112,112,112,1.5555461077967614,0.9459225828742138,0.7985822986378156,0.5293880912129993,0.2802517511181429,0.7168998970928152
CPHL/H,short,tsrag,all,False,False,t5,24,chronos_bolt_max,2.2647287361323833,,,25,112,test,"{""nonfinite_prediction"": 25}",,32.220270266756415,0,1600,2654,0.0,112,1120,856,76.42857142857143,354.82789913184394,0.31681062422486067,0.22321428571428573,0.38091431142015353,0.5059546089822536,0.711304863600871,0,112,112,112,0.3477387619759516,0.14869309520946228,0.3856074366625497,0,112,112,112,0.4218362067074106,0.2029685261308563,0.4505202838173397,0,112,112,112,0.33264703082157177,0.07900476325062646,0.28107785976598454,0,112,112,112,0.30032270202638633,0.03368449850986677,0.18353337165177008,0,112,112,112,1.2984857081934444,0.7068388073718541,0.8407370619711338,0,112,112,112,0.29140226793052376,0.03935114691770068,0.1983712351065564,0,112,112,112,0.29140226793052376,0.03935114691770068,0.1983712351065564,0,112,112,112,1.5555461077967614,0.9459225828742138,0.8347458822886252,0.5404771081725979,0.29211550445861406,0.7472480519749337
CPHL/H,short,bayes_mixture,,,,,,chronos_bolt_max,2.2647915054112673,0.47368421052631576,112,0,112,,{},,0,0,0,2654,0.0,112,1120,856,76.42857142857143,354.82789913184394,0.31681062422486067,0.0,0.36733183209936776,0.46464407396536533,0.6816480572592908,0,112,112,112,0.3406280750480813,0.1445878790124096,0.38024712886806866,0,112,112,112,0.41255196177580045,0.19713271093430623,0.44399629608174235,0,112,112,112,0.3295207876823271,0.08795574626835194,0.29657334045451883,0,112,112,112,0.29053205659761033,0.033628041294473186,0.18337950074769313,0,112,112,112,1.2540825370178568,0.6871839340414463,0.8289655807338724,0,112,112,112,0.2840296815983995,0.041892075334549174,0.2046755367271555,0,112,112,112,0.2840296815983995,0.041892075334549174,0.2046755367271555,0,112,112,112,1.5555461077967614,0.9459225828742138,0.8062008131627223,0.5329096814160009,0.2839927285469036,0.7264695298355364
CPHL/H,medium,chronos_t5_512,,,,,,,1.4711171388626099e-05,,,0,16,,{},,0,0,0,2654,0.0,0,0,0,,0,,0.0,0.5538845780825016,0.5747869141859935,0.7581470267606366,0,16,16,16,0.4633961514505597,0.16604510035592107,0.4074863192254693,0,16,16,16,0.5631097697198975,0.2367919653285057,0.4866127467797218,0,16,16,16,0.47048117148726687,0.05481333201090259,0.234122472246691,0,16,16,16,0.45381875327209126,0.03259920267422928,0.18055249284966762,0,16,16,16,1.9822122736511993,1.0610849332877714,1.0300897695287394,0,16,16,16,0.40705011304500227,0.01937524921498383,0.13919500427452067,0,16,16,16,0.40705011304500227,0.01937524921498383,0.13919500427452067,0,16,16,16,2.2276216946589162,0.6049068284587019,0.8898334391355024,0.4624168331627163,0.21382932759223539,1.754129534281185
CPHL/H,medium,chronos_bolt_512,,,,,,,1.5828758478164673e-05,,,0,16,,{},,0,0,0,2654,0.0,0,0,0,,0,,0.0,0.5533275535880873,0.44904539239586755,0.6701084930038326,0,16,16,16,0.4809654146364333,0.1396902942513047,0.37375164782419984,0,16,16,16,0.590547979208462,0.20458063784088915,0.45230591179078034,0,16,16,16,0.5220701296678698,0.10377874016306413,0.3221470784642694,0,16,16,16,0.466353737214314,0.02639441618573115,0.16246358418344448,0,16,16,16,2.0646893674925417,0.6553189519866821,0.8095177280249533,0,16,16,16,0.455885868001899,0.04318075984952602,0.20779980714506455,0,16,16,16,0.455885868001899,0.04318075984952602,0.20779980714506455,0,16,16,16,2.2276216946589162,0.6049068284587019,0.9268581700577656,0.36340000187909066,0.13205956136572305,1.0833386583788944
CPHL/H,medium,chronos_bolt_max,,,,,,,1.3640150427818298e-05,,,0,16,,{},,0,0,0,2654,0.0,0,0,0,,0,,0.0,0.5275454841940335,0.4406058108729003,0.6637814481234771,0,16,16,16,0.45781332847093753,0.13350167159715715,0.36537880562117603,0,16,16,16,0.5685782808079569,0.2042642227875015,0.4519559965168086,0,16,16,16,0.48826186910679126,0.10612083188848176,0.3257619251669565,0,16,16,16,0.43682129912566103,0.03035362383256752,0.17422291420065136,0,16,16,16,1.9464693816144993,0.7694014199957573,0.8771552998162625,0,16,16,16,0.4287559471241573,0.049419738752815426,0.2223055076978873,0,16,16,16,0.4287559471241573,0.049419738752815426,0.2223055076978873,0,16,16,16,2.2276216946589162,0.6049068284587019,0.8737881240254909,0.393763133982482,0.15504940568370607,1.2719337653307474
CPHL/H,medium,chronos2_max,,,,,,,1.4171004295349121e-05,,,0,16,,{},,0,0,0,2654,0.0,0,0,0,,0,,0.0,0.4790306716304098,0.39732569454610767,0.630337762272028,0,16,16,16,0.43699723941112556,0.1256347021035441,0.35444985837709697,0,16,16,16,0.539970390941852,0.18746264853651334,0.4329695699890621,0,16,16,16,0.46303291936128044,0.06273933357206907,0.2504782097749604,0,16,16,16,0.41312593405895437,0.021054502978715323,0.1451016987451054,0,16,16,16,1.8356686518765377,0.557099563078292,0.7463910255879903,0,16,16,16,0.3947087811761935,0.022823119865272978,0.15107322683147062,0,16,16,16,0.3947087811761935,0.022823119865272978,0.15107322683147062,0,16,16,16,2.2276216946589162,0.6049068284587019,0.8240486507551307,0.33506184078633444,0.11226643715112693,0.9209675554461462
CPHL/H,medium,tsrag,all,False,False,t5,24,chronos_bolt_max,1.1669990923255682,,,5,16,test,"{""nonfinite_prediction"": 5}",,31.5185104906559,0,320,2654,0.0,39,390,251,64.35897435897436,178.29979668717905,0.4571789658645617,0.3125,0.5137286884273335,0.4380644975662755,0.6618644102580796,0,16,16,16,0.4549879987199395,0.1251336717172291,0.35374238043699135,0,16,16,16,0.5662864024833354,0.1930483987898153,0.4393727333253798,0,16,16,16,0.4891665183011671,0.07357738342054705,0.27125151321337737,0,16,16,16,0.4490455846124044,0.025871020673207998,0.16084470980796353,0,16,16,16,1.982215666957793,0.6308886238926368,0.7942849764993901,0,16,16,16,0.433104496368901,0.029764646282868124,0.17252433533524517,0,16,16,16,0.433104496368901,0.029764646282868124,0.17252433533524517,0,16,16,16,2.2276216946589162,0.6049068284587019,0.8898349624222444,0.3565618787084975,0.1271363733481333,1.0429517310957397
CPHL/H,medium,bayes_mixture,,,,,,chronos_bolt_max,1.1670580133795738,0.5,16,0,16,,{},,0,0,0,2654,0.0,39,390,251,64.35897435897436,178.29979668717905,0.4571789658645617,0.0,0.4918685355604864,0.41037049153955185,0.6406016637033906,0,16,16,16,0.442307294950558,0.12563008258986377,0.35444334186138093,0,16,16,16,0.5488914413840849,0.19058672113578806,0.43656239088564197,0,16,16,16,0.4688758178891143,0.06550003695823037,0.25592975004526214,0,16,16,16,0.4242270753419966,0.023747818216075363,0.15410327126987072,0,16,16,16,1.877508702278981,0.607883762639489,0.7796690083872059,0,16,16,16,0.40647275505553093,0.025104140129428784,0.15844286077141118,0,16,16,16,0.40647275505553093,0.025104140129428784,0.15844286077141118,0,16,16,16,2.2276216946589162,0.6049068284587019,0.8428310366973943,0.3500006353217822,0.1225004447256512,1.0049213102592547
CPHL/H,long,chronos_t5_512,,,,,,,1.5398487448692322e-05,,,0,8,,{},,0,0,0,2654,0.0,0,0,0,,0,,0.0,0.5581285479052406,0.5245546268698512,0.7242614354429284,0,8,8,8,0.4704664748078789,0.14938549202837237,0.38650419406310765,0,8,8,8,0.5877993917353341,0.21262042298081185,0.46110782142662887,0,8,8,8,0.46767153031872555,0.0242215359119944,0.1556326955109189,0,8,8,8,0.48045357390372523,0.04210533712854525,0.2051958506611312,0,8,8,8,2.1150121898179646,1.1483334634490403,1.071603221089336,0,8,8,8,0.42276538538668584,0.02170658870093329,0.14733156043744766,0,8,8,8,0.42276538538668584,0.02170658870093329,0.14733156043744766,0,8,8,8,2.524261882033793,1.3278778683794659,0.8378735205215329,0.4245214130579618,0.18021843014472863,0.8647884649591001
CPHL/H,long,chronos_bolt_512,,,,,,,1.532025635242462e-05,,,0,8,,{},,0,0,0,2654,0.0,0,0,0,,0,,0.0,0.5808653660371181,0.4305307038638261,0.6561483855530135,0,8,8,8,0.49730589617156024,0.12999019770135323,0.3605415339476899,0,8,8,8,0.6230483334715878,0.19267614019539528,0.43894890385487384,0,8,8,8,0.5224818226218607,0.05025062928097497,0.22416652132059098,0,8,8,8,0.5171839104615567,0.046523794426902194,0.21569375147857714,0,8,8,8,2.2831392700134323,1.1964055385610899,1.0938032449033464,0,8,8,8,0.46640146249342296,0.030952346276409203,0.17593278908835955,0,8,8,8,0.46640146249342296,0.030952346276409203,0.17593278908835955,0,8,8,8,2.524261882033793,1.3278778683794659,0.9044779728535579,0.4333160725867599,0.1877628187620142,0.9009906460909511
CPHL/H,long,chronos_bolt_max,,,,,,,1.445971429347992e-05,,,0,8,,{},,0,0,0,2654,0.0,0,0,0,,0,,0.0,0.5424804660588955,0.40400391115119966,0.6356130199667087,0,8,8,8,0.4768431089243713,0.12106635413997964,0.3479459069165488,0,8,8,8,0.6003659323034847,0.18204121338826312,0.4266628802559031,0,8,8,8,0.5200424688236307,0.05882278475818181,0.24253408988878616,0,8,8,8,0.4744034590644533,0.025610774560458224,0.16003366695935647,0,8,8,8,2.1537965293959545,0.703093886610356,0.838506938916045,0,8,8,8,0.44877944571092643,0.024834978451781484,0.1575911750441042,0,8,8,8,0.44877944571092643,0.024834978451781484,0.1575911750441042,0,8,8,8,2.524261882033793,1.3278778683794659,0.853238146455963,0.3321790599002594,0.11034292783622013,0.5294868627251146
CPHL/H,long,chronos2_max,,,,,,,1.3539567589759827e-05,,,0,8,,{},,0,0,0,2654,0.0,0,0,0,,0,,0.0,0.5238753640478321,0.4538228588266539,0.6736637579881034,0,8,8,8,0.4663776120435448,0.11705738840083212,0.3421365055074248,0,8,8,8,0.5840168506503336,0.18279968220429807,0.4275507948820796,0,8,8,8,0.513104837527202,0.039243895647215504,0.19810072096591547,0,8,8,8,0.47270296222571695,0.020005143259709868,0.14143953923747726,0,8,8,8,2.139118123635133,0.509161883021685,0.7135558023180002,0,8,8,8,0.4463565503752142,0.015330319473901514,0.12381566732001857,0,8,8,8,0.4463565503752142,0.015330319473901514,0.12381566732001857,0,8,8,8,2.524261882033793,1.3278778683794659,0.8474232166084327,0.28267899119210627,0.07990741206138688,0.383440296089175
CPHL/H,long,tsrag,all,False,False,t5,24,chronos_bolt_max,1.2326939646154642,,,2,8,test,"{""nonfinite_prediction"": 2}",,30.893750060349703,0,128,2654,0.0,38,380,236,62.10526315789474,184.44577174164021,0.4853836098464216,0.25,0.5356445796281115,0.40534900985993,0.6366702520614027,0,8,8,8,0.4765403788738125,0.1188074005557049,0.3446844942200112,0,8,8,8,0.5959228367472778,0.18052055227118907,0.4248771025498892,0,8,8,8,0.5033531537453839,0.04078091000376407,0.20194283845624253,0,8,8,8,0.5047306660539426,0.04554715444784907,0.21341779318475082,0,8,8,8,2.221909491047237,1.2024475233362495,1.096561682412918,0,8,8,8,0.4502960376680817,0.02752879464373259,0.16591803592054902,0,8,8,8,0.4502960376680817,0.02752879464373259,0.16591803592054902,0,8,8,8,2.524261882033793,1.3278778683794659,0.8802214646829941,0.4344088425284227,0.188711042466884,0.9055407518793195
CPHL/H,long,bayes_mixture,,,,,,chronos_bolt_max,1.232750065624714,0.4,8,0,8,,{},,0,0,0,2654,0.0,38,380,236,62.10526315789474,184.44577174164021,0.4853836098464216,0.0,0.5238185329237314,0.4290430830017493,0.6550138036726778,0,8,8,8,0.46611354091804463,0.11800524353133895,0.3435189129165073,0,8,8,8,0.5845880157557486,0.18207538475848795,0.42670292330670523,0,8,8,8,0.5010015872890765,0.03579828160035994,0.1892043382175999,0,8,8,8,0.4763134064004913,0.025461739096226284,0.15956734971862596,0,8,8,8,2.1359616387568403,0.734077811722152,0.8567834100413897,0,8,8,8,0.4389587691063507,0.017781325856417084,0.1333466379644312,0,8,8,8,0.4389587691063507,0.017781325856417084,0.1333466379644312,0,8,8,8,2.524261882033793,1.3278778683794659,0.8461727580483448,0.33941938280630407,0.11520551742461238,0.5528202775289991
Coastal_T_S/15T,short,chronos_t5_512,,,,,,,0.00010002031922340393,,,0,1800,,{},,0,0,0,21600,0.0,0,0,0,,0,,0.0,193.31285066783406,252723.5848156888,502.71620703503163,0,1800,1800,1800,4.727047474207701,89.85119764236258,9.478987163318799,0,1800,1800,1800,6.316572962900868,153.4137566721838,12.386030706896532,0,1800,1800,1800,0.1503355396659428,0.0982363459187905,0.31342677919857215,0,1800,1800,1800,0.11520098522639184,0.04030987140010321,0.20077318396664234,0,1800,1800,1800,1.8291945619295302,2.09837161775352,1.4485757204072973,0,1800,1800,1800,0.11827146211049142,0.046865827475848346,0.21648516687257893,0,1800,1800,1800,0.11827146211049142,0.046865827475848346,0.21648516687257893,0,1800,1800,1800,1.447975868226236,1.6108624064484944,1.2632769661902483,1.0004142694600264,1.0008287105392382,1.3026386421046652
Coastal_T_S/15T,short,chronos_bolt_512,,,,,,,8.822046220302582e-05,,,0,1800,,{},,0,0,0,21600,0.0,0,0,0,,0,,0.0,116.17015222287444,86021.29129684911,293.29386508559827,0,1800,1800,1800,4.672748472293218,82.87528245259087,9.103586241289246,0,1800,1800,1800,4.922117419809836,91.942912328479,9.588686684237784,0,1800,1800,1800,0.13377361339040691,0.060227139326307445,0.24541218251404603,0,1800,1800,1800,0.11968648369700872,0.04227244841754626,0.2056026469127921,0,1800,1800,1800,1.136896145217425,1.2898116091595446,1.135698731688798,0,1800,1800,1800,0.1152320901792633,0.03885260450543792,0.1971106402643904,0,1800,1800,1800,0.1152320901792633,0.03885260450543792,0.1971106402643904,0,1800,1800,1800,1.447975868226236,1.6108624064484944,0.7851623567526148,0.7843353999262598,0.615182019577486,0.8006963251462439
Coastal_T_S/15T,short,chronos_bolt_max,,,,,,,8.756853640079498e-05,,,0,1800,,{},,0,0,0,21600,0.0,0,0,0,,0,,0.0,113.62182890239428,82597.7422106264,287.3982293101793,0,1800,1800,1800,4.677803269006588,82.90467912176462,9.10520066345408,0,1800,1800,1800,4.868396978532344,89.92053976181143,9.482644133458317,0,1800,1800,1800,0.13438452714600957,0.05973452376757039,0.24440647243387476,0,1800,1800,1800,0.12001431702173568,0.04250902801171201,0.206177176262825,0,1800,1800,1800,1.1376097055054408,1.2811971962292843,1.131899817222922,0,1800,1800,1800,0.11538371177833849,0.03889426557996789,0.19721629136551547,0,1800,1800,1800,0.11538371177833849,0.03889426557996789,0.19721629136551547,0,1800,1800,1800,1.447975868226236,1.6108624064484944,0.7856551552195463,0.7817117964883588,0.6110733327690573,0.7953486226387078
Coastal_T_S/15T,short,chronos2_max,,,,,,,8.631125092506409e-05,,,0,1800,,{},,0,0,0,21600,0.0,0,0,0,,0,,0.0,111.07518909447876,74679.08130759568,273.27473594826813,0,1800,1800,1800,4.656986285977894,82.3501270750197,9.074697078967413,0,1800,1800,1800,4.851464630619424,87.53848003232748,9.356200085094775,0,1800,1800,1800,0.13437469373155705,0.06161075502469718,0.24821513858888056,0,1800,1800,1800,0.11940646396859823,0.04230466725376156,0.2056809841812353,0,1800,1800,1800,1.1295659155326603,1.294086927752872,1.1375794160202055,0,1800,1800,1800,0.11493460673568925,0.0390933405410328,0.19772035944998886,0,1800,1800,1800,0.11493460673568925,0.0390933405410328,0.19772035944998886,0,1800,1800,1800,1.447975868226236,1.6108624064484944,0.7800999590665647,0.7856342367181404,0.6172211539036951,0.8033503808720543
Coastal_T_S/15T,short,tsrag,all,False,False,t5,96,chronos_bolt_max,78.12481969222426,,,0,1800,test,{},,538.7578532677144,0,0,21600,0.0,1800,18000,10075,55.97222222222222,6720.416117410074,0.3733564509672263,0.0,114.63000741399986,82994.47513896952,288.0876171218914,0,1800,1800,1800,4.675784467502877,82.82743027252582,9.10095765689116,0,1800,1800,1800,4.895317602305164,90.66587298656107,9.521862894757573,0,1800,1800,1800,0.13587547684594037,0.06264992234910663,0.2502996650998691,0,1800,1800,1800,0.1197764782510514,0.04234510383585882,0.20577925997500046,0,1800,1800,1800,1.1363915689405535,1.2885650007898983,1.1351497702021078,0,1800,1800,1800,0.11546037559529349,0.03916083621545241,0.19789097052531834,0,1800,1800,1800,0.11546037559529349,0.03916083621545241,0.19789097052531834,0,1800,1800,1800,1.447975868226236,1.6108624064484944,0.7848138866655479,0.7839562765591261,0.6145874435564491,0.7999224487650857
Coastal_T_S/15T,short,bayes_mixture,,,,,,chronos_bolt_max,78.12501201592386,0.5249169435215947,600,0,1800,,{},,0,0,0,21600,0.0,1800,18000,10075,55.97222222222222,6720.416117410074,0.3733564509672263,0.0,111.33354317213168,76452.51902476493,276.5004864819679,0,1800,1800,1800,4.665825673165145,82.44621853907009,9.079990007652546,0,1800,1800,1800,4.840933005984548,87.89891080370109,9.375441899116067,0,1800,1800,1800,0.13512596001198873,0.0617525269961518,0.24850055733569654,0,1800,1800,1800,0.11969723542022624,0.04236767018127261,0.20583408410968435,0,1800,1800,1800,1.1298109728821126,1.2892941890128162,1.1354709106854373,0,1800,1800,1800,0.11517367343046281,0.03901193441662101,0.19751439040389185,0,1800,1800,1800,0.11517367343046281,0.03901193441662101,0.19751439040389185,0,1800,1800,1800,1.447975868226236,1.6108624064484944,0.7802692003880741,0.784178062357064,0.6149352334820795,0.8003751182295904
Coastal_T_S/15T,medium,chronos_t5_512,,,,,,,2.611987292766571e-05,,,0,225,,{},,0,0,0,21600,0.0,0,0,0,,0,,0.0,197.14441383566998,226796.46781707573,476.2315275336942,0,225,225,225,4.889904505764997,84.652443641596,9.200676260014585,0,225,225,225,6.511059788445222,154.75051426696163,12.439875974741936,0,225,225,225,0.17727865649709218,0.11710722308667541,0.3422093264168518,0,225,225,225,0.11977985945683646,0.03842885036116015,0.19603277879262987,0,225,225,225,2.0195106764381414,2.0650069206340613,1.4370131943145343,0,225,225,225,0.12040192310536432,0.03922176309076169,0.1980448512099259,0,225,225,225,0.12040192310536432,0.03922176309076169,0.1980448512099259,0,225,225,225,1.4516859811322,1.2834579947320974,1.3911484320204588,0.9898925890251953,0.979887337807004,1.6089400113675714
Coastal_T_S/15T,medium,chronos_bolt_512,,,,,,,3.1946226954460144e-05,,,0,225,,{},,0,0,0,21600,0.0,0,0,0,,0,,0.0,113.54376220316705,78089.62729056345,279.4452133971227,0,225,225,225,4.718506190070399,82.45527002808618,9.080488424533462,0,225,225,225,4.937898148608008,89.16092407714068,9.442506239189926,0,225,225,225,0.13739325909996272,0.06113459125725779,0.2472541026095579,0,225,225,225,0.1213441109510378,0.042246343089922846,0.20553915220687966,0,225,225,225,1.2821313585804004,1.1423538831762174,1.0688095635688415,0,225,225,225,0.11528402020187846,0.03678290054433057,0.19178868721676617,0,225,225,225,0.11528402020187846,0.03678290054433057,0.19178868721676617,0,225,225,225,1.4516859811322,1.2834579947320974,0.8832015843952971,0.7362539677728752,0.5420699050613019,0.8900594237325754
Coastal_T_S/15T,medium,chronos_bolt_max,,,,,,,2.4572014808654785e-05,,,0,225,,{},,0,0,0,21600,0.0,0,0,0,,0,,0.0,111.39773674883182,75961.17400029919,275.6105476942042,0,225,225,225,4.723600201341842,82.86714467209777,9.103139275661873,0,225,225,225,4.8761037779947705,87.62134869505694,9.36062758019231,0,225,225,225,0.13850174063847448,0.06171317674924055,0.24842136934901665,0,225,225,225,0.12151690487394398,0.042700259210915116,0.20664041040153572,0,225,225,225,1.2546875781987985,1.1366914244210515,1.0661573169195302,0,225,225,225,0.1153028667104836,0.03709423395180584,0.19259863434564078,0,225,225,225,0.1153028667104836,0.03709423395180584,0.19259863434564078,0,225,225,225,1.4516859811322,1.2834579947320974,0.8642968207354607,0.7344269565019922,0.5393829544367791,0.8856475467732926
Coastal_T_S/15T,medium,chronos2_max,,,,,,,2.4160370230674744e-05,,,0,225,,{},,0,0,0,21600,0.0,0,0,0,,0,,0.0,110.35130240933258,72688.19864285117,269.60748996059283,0,225,225,225,4.709172644659326,82.2847580897893,9.071094646722043,0,225,225,225,4.881359999777365,86.52362696190609,9.301807725485734,0,225,225,225,0.13703611994361217,0.06134205110037198,0.24767327490137483,0,225,225,225,0.12122103133747919,0.04243359293040164,0.2059941575152112,0,225,225,225,1.2529514317793624,1.1456032433624541,1.0703285679465226,0,225,225,225,0.11499582789889833,0.036823008802348435,0.1918932223981567,0,225,225,225,0.11499582789889833,0.036823008802348435,0.1918932223981567,0,225,225,225,1.4516859811322,1.2834579947320974,0.863100868964898,0.7373003403337622,0.5436117918562816,0.8925911467804457
Coastal_T_S/15T,medium,tsrag,all,False,False,t5,96,chronos_bolt_max,25.401357108727098,,,0,225,test,{},,534.2957327663898,0,0,21600,0.0,450,4500,2153,47.84444444444444,1756.5583568872653,0.3903463015305034,0.0,112.30355028718556,75993.9550632903,275.6700111787466,0,225,225,225,4.7234551995330385,82.58214001112536,9.087471596166084,0,225,225,225,4.915836205182547,88.138104691002,9.388189638636513,0,225,225,225,0.13921050769691942,0.06329766897467208,0.2515902799685872,0,225,225,225,0.12151453264168507,0.0422980839578405,0.2056649799013933,0,225,225,225,1.2851005296831102,1.1509540084896648,1.0728252460161742,0,225,225,225,0.11547913598165495,0.03688105986308536,0.19204442158804136,0,225,225,225,0.11547913598165495,0.03688105986308536,0.19204442158804136,0,225,225,225,1.4516859811322,1.2834579947320974,0.8852469104102207,0.7390201875335708,0.5461508375821541,0.8967601691786642
Coastal_T_S/15T,medium,bayes_mixture,,,,,,chronos_bolt_max,25.401502072811127,0.5584415584415584,75,0,225,,{},,0,0,0,21600,0.0,450,4500,2153,47.84444444444444,1756.5583568872653,0.3903463015305034,0.0,110.44896960575852,73347.78581986524,270.8279635116456,0,225,225,225,4.71473451698268,82.4597159374938,9.080733226865208,0,225,225,225,4.872762429631575,86.7051559101295,9.311560337028887,0,225,225,225,0.13815758285593724,0.06233102068400896,0.2496618126266189,0,225,225,225,0.12137073330299253,0.04243393164041377,0.20599497964856758,0,225,225,225,1.262371616055495,1.1490342619960898,1.0719301572379096,0,225,225,225,0.11517498417561023,0.03686084541605288,0.19199178476188214,0,225,225,225,0.11517498417561023,0.03686084541605288,0.19199178476188214,0,225,225,225,1.4516859811322,1.2834579947320974,0.8695900025644286,0.7384036018601551,0.5452398792400505,0.8952644081163976
Coastal_T_S/15T,long,chronos_t5_512,,,,,,,1.9546598196029663e-05,,,0,75,,{},,0,0,0,21600,0.0,0,0,0,,0,,0.0,198.2996187153599,222628.55823110195,471.8353083768763,0,75,75,75,4.910391212436888,81.71497003753775,9.03963329109858,0,75,75,75,6.618640799473886,154.49321268289953,12.42952986572298,0,75,75,75,0.17031274290428658,0.10399353358215782,0.32248028402083406,0,75,75,75,0.12142784870883964,0.037193878659673926,0.19285714573142973,0,75,75,75,2.3497477645781117,2.8285016923785617,1.6818149994510578,0,75,75,75,0.12199908684456441,0.03776997541500381,0.1943449907124025,0,75,75,75,0.12199908684456441,0.03776997541500381,0.1943449907124025,0,75,75,75,1.5935046166703226,1.3306993853637727,1.4745785735393617,1.0554189688921407,1.1139091998973494,2.125575260264613
Coastal_T_S/15T,long,chronos_bolt_512,,,,,,,1.960061490535736e-05,,,0,75,,{},,0,0,0,21600,0.0,0,0,0,,0,,0.0,113.90724508178872,79237.64225490857,281.4918156091018,0,75,75,75,4.739250917876208,81.67728473361443,9.037548602005659,0,75,75,75,4.97210797669332,89.18538734989137,9.44380153062798,0,75,75,75,0.13779784322839103,0.05874916922677381,0.2423822791104453,0,75,75,75,0.12237549357632503,0.041910618069438445,0.20472082959346966,0,75,75,75,1.4120581636349172,1.1517553715211157,1.0731986635852262,0,75,75,75,0.11624719680346353,0.03642459447202478,0.19085228442967295,0,75,75,75,0.11624719680346353,0.03642459447202478,0.19085228442967295,0,75,75,75,1.5935046166703226,1.3306993853637727,0.8861337136163788,0.6734832471509924,0.4535796841930447,0.865526342154476
Coastal_T_S/15T,long,chronos_bolt_max,,,,,,,1.931004226207733e-05,,,0,75,,{},,0,0,0,21600,0.0,0,0,0,,0,,0.0,110.1648398382854,74898.9824438783,273.67678462719175,0,75,75,75,4.740959847856451,82.25038700111516,9.069199909645567,0,75,75,75,4.877509737779255,86.37473859615392,9.29380108438705,0,75,75,75,0.1413807196892623,0.06218515925760959,0.24936952351402045,0,75,75,75,0.12232878024151335,0.04238222867616872,0.20586944570812038,0,75,75,75,1.3758704254220318,1.115873855848828,1.0563493057927515,0,75,75,75,0.11604554963049418,0.036729370026706606,0.19164908042228276,0,75,75,75,0.11604554963049418,0.036729370026706606,0.19164908042228276,0,75,75,75,1.5935046166703226,1.3306993853637727,0.8634241853010478,0.6629094730833138,0.4394489695035967,0.8385619382726189
Coastal_T_S/15T,long,chronos2_max,,,,,,,1.849234104156494e-05,,,0,75,,{},,0,0,0,21600,0.0,0,0,0,,0,,0.0,108.96287555095793,71298.60832573874,267.017992513124,0,75,75,75,4.737478585993804,81.83898572292031,9.046490243344117,0,75,75,75,4.888587489525652,85.06458790821122,9.223046563268085,0,75,75,75,0.13901065964733866,0.06119696857156468,0.24738021054960052,0,75,75,75,0.1226487413870534,0.04224982325004885,0.20554761796247809,0,75,75,75,1.3934309680427852,1.182585599577636,1.0874675165620515,0,75,75,75,0.11623821319170188,0.036531902124482936,0.19113320518550128,0,75,75,75,0.11623821319170188,0.036531902124482936,0.19113320518550128,0,75,75,75,1.5935046166703226,1.3306993853637727,0.8744442617018597,0.6824376316112273,0.46572112103914115,0.8886947815447838
Coastal_T_S/15T,long,tsrag,all,False,False,t5,96,chronos_bolt_max,23.371841322630644,,,0,75,test,{},,530.0072701852769,0,0,21600,0.0,375,3750,1310,34.93333333333333,1531.6821362934854,0.40844856967826276,0.0,109.5835856720658,71554.31526597211,267.49638365026937,0,75,75,75,4.747904035824317,81.98269919637488,9.054429810671397,0,75,75,75,4.901361986278123,85.56023635153356,9.249877639814137,0,75,75,75,0.14292055004914236,0.06527524393533395,0.25549020320813465,0,75,75,75,0.12271019804109633,0.04201842249299789,0.20498395667221836,0,75,75,75,1.4192359147492066,1.1809955263163314,1.0867361806419862,0,75,75,75,0.11658812801474966,0.03655893228883097,0.19120390238912743,0,75,75,75,0.11658812801474966,0.03655893228883097,0.19120390238912743,0,75,75,75,1.5935046166703226,1.3306993853637727,0.8906380941115465,0.6819786835087778,0.46509492476036557,0.8874998660899532
Coastal_T_S/15T,long,bayes_mixture,,,,,,chronos_bolt_max,23.37197078578174,0.6296296296296297,25,0,75,,{},,0,0,0,21600,0.0,375,3750,1310,34.93333333333333,1531.6821362934854,0.40844856967826276,0.0,108.6946694421271,70758.37480293975,266.004463877845,0,75,75,75,4.739282847907808,81.96307836438088,9.053346252319132,0,75,75,75,4.875531257545671,84.9238643988222,9.215414499566593,0,75,75,75,0.14128007403068862,0.06372676572625444,0.2524416085479064,0,75,75,75,0.12254897090760695,0.042178999965312644,0.2053752661965716,0,75,75,75,1.3948627482081786,1.1714328651173318,1.0823275221102584,0,75,75,75,0.11626879178733536,0.036572617913256965,0.19123968707686426,0,75,75,75,0.11626879178733536,0.036572617913256965,0.19123968707686426,0,75,75,75,1.5935046166703226,1.3306993853637727,0.8753427719103742,0.6792120404218316,0.4613289958539877,0.8803136741489497
Coastal_T_S/20T,short,chronos_t5_512,,,,,,,3.2572075724601746e-05,,,0,360,,{},,0,0,0,3240,0.0,0,0,0,,0,,0.0,0.018454657918665573,0.0008765200331894535,0.029606081017072378,0,360,360,360,0.09580797795896179,0.005801515267771573,0.07616767862926882,0,360,360,360,0.10758149722035305,0.0068808793744927444,0.08295106614440073,0,360,360,360,0.003867924917250938,9.218624000899284e-06,0.003036218701098339,0,360,360,360,0.0038683525233668995,9.215569563054327e-06,0.003035715659124604,0,360,360,360,0.7522737207678966,0.44580282559579415,0.6676846752740354,0,360,360,360,0.003867323136114764,9.218703609720028e-06,0.00303623181093276,0,360,360,360,0.003867323136114764,9.218703609720028e-06,0.00303623181093276,0,360,360,360,1.2782414293270614,1.391596656960766,0.588522405476981,0.5223462954299192,0.2728456523493604,0.32035347553178467
Coastal_T_S/20T,short,chronos_bolt_512,,,,,,,0.00011625885963439941,,,0,360,,{},,0,0,0,3240,0.0,0,0,0,,0,,0.0,0.015118204278355227,0.0005649596583502543,0.023768880039881018,0,360,360,360,0.08441806310488853,0.0045554096225224544,0.06749377469457797,0,360,360,360,0.09675770617819048,0.005756150573490191,0.07586929928166064,0,360,360,360,0.003523634457842699,8.5024594205501e-06,0.0029158977040613238,0,360,360,360,0.0035225772604874977,8.474298860292844e-06,0.0029110649014223032,0,360,360,360,0.6343437606286298,0.3219845986078829,0.5674368675085211,0,360,360,360,0.003525181250655856,8.50901456925289e-06,0.002917021523618379,0,360,360,360,0.003525181250655856,8.50901456925289e-06,0.002917021523618379,0,360,360,360,1.2782414293270614,1.391596656960766,0.49626287027997856,0.44391994695966935,0.19706491930867567,0.23137781841981012
Coastal_T_S/20T,short,chronos_bolt_max,,,,,,,3.061257302761078e-05,,,0,360,,{},,0,0,0,3240,0.0,0,0,0,,0,,0.0,0.014725889884639286,0.0006119140903148502,0.024736897346167935,0,360,360,360,0.08207349247402616,0.004282333045447191,0.06543953732604771,0,360,360,360,0.09507367793515667,0.005686885648521393,0.07541144242435224,0,360,360,360,0.0034930729873779284,9.538277481452775e-06,0.0030884101867227377,0,360,360,360,0.003491564614918711,9.473958108044127e-06,0.003077979549646834,0,360,360,360,0.6111656872978505,0.2774035562497185,0.5266911393309351,0,360,360,360,0.00349330575489555,9.522832382043505e-06,0.0030859086801205745,0,360,360,360,0.00349330575489555,9.522832382043505e-06,0.0030859086801205745,0,360,360,360,1.2782414293270614,1.391596656960766,0.47813008816308095,0.4120435523735255,0.16977988905259425,0.19934192487610977
Coastal_T_S/20T,short,chronos2_max,,,,,,,2.9170885682106018e-05,,,0,360,,{},,0,0,0,3240,0.0,0,0,0,,0,,0.0,0.006432110861817223,0.00018210083338631144,0.01349447417968968,0,360,360,360,0.055767681569228934,0.001852820256563716,0.043044398666536345,0,360,360,360,0.06377679178070379,0.0023646316919779774,0.04862747877463911,0,360,360,360,0.0022613449767053466,2.547663815152943e-06,0.0015961402868021792,0,360,360,360,0.002261818050846989,2.5511748889986914e-06,0.0015972397719186346,0,360,360,360,0.45098831808800305,0.15949032332096846,0.39936239597759887,0,360,360,360,0.002261312679184589,2.5484133966314316e-06,0.001596375080183674,0,360,360,360,0.002261312679184589,2.5484133966314316e-06,0.001596375080183674,0,360,360,360,1.2782414293270614,1.391596656960766,0.35281935614106075,0.3124311157617899,0.09761320209615693,0.11460959073392273
Coastal_T_S/20T,short,tsrag,all,False,False,t5,72,chronos_bolt_max,6.963049806654453,,,0,360,test,{},,40.99975968524814,0,0,3240,0.0,360,3600,3600,100.0,1379.1146236782006,0.3830873954661668,0.0,0.015068942032697426,0.0005353331567856196,0.023137267703547442,0,360,360,360,0.08553383262069138,0.004364729288989979,0.06606609787924499,0,360,360,360,0.09770141235646249,0.005523376056249904,0.07431941910597731,0,360,360,360,0.003552891383201396,7.952510703503758e-06,0.0028200196282124985,0,360,360,360,0.003551735668054387,7.931599722451215e-06,0.002816309592791818,0,360,360,360,0.6438058656911906,0.3110652863969677,0.5577322712529441,0,360,360,360,0.003553283742173559,7.952678893901897e-06,0.002820049448839842,0,360,360,360,0.003553283742173559,7.952678893901897e-06,0.002820049448839842,0,360,360,360,1.2782414293270614,1.391596656960766,0.5036653099486271,0.4363278004113557,0.19038194941181188,0.22353121131832215
Coastal_T_S/20T,short,bayes_mixture,,,,,,chronos_bolt_max,6.963125726208091,0.3442622950819672,120,0,360,,{},,0,0,0,3240,0.0,360,3600,3600,100.0,1379.1146236782006,0.3830873954661668,0.0,0.007292291398096741,0.00021308798220526023,0.014597533428811192,0,360,360,360,0.05905025976675527,0.0021413775083791906,0.04627502034985172,0,360,360,360,0.06762979209282552,0.002718502619577937,0.05213926178589352,0,360,360,360,0.002363671629116612,2.7535451413426974e-06,0.001659380951241365,0,360,360,360,0.0023638301584835617,2.755184236013298e-06,0.0016598747651594978,0,360,360,360,0.4724283685105311,0.18256239593116477,0.42727320993851786,0,360,360,360,0.002363602423478617,2.7553811468487214e-06,0.0016599340790672144,0,360,360,360,0.002363602423478617,2.7553811468487214e-06,0.0016599340790672144,0,360,360,360,1.2782414293270614,1.391596656960766,0.3695924397938221,0.33426643835465314,0.11173405181030512,0.13118915960166166
Coastal_T_S/20T,medium,chronos_t5_512,,,,,,,1.783110201358795e-05,,,0,45,,{},,0,0,0,3240,0.0,0,0,0,,0,,0.0,0.061516205232697914,0.002506653490641253,0.050066490696285604,0,45,45,45,0.19002121289571125,0.006166435525870034,0.07852665487508069,0,45,45,45,0.2296456745226349,0.00877906940574195,0.09369668833924681,0,45,45,45,0.007904446732258671,1.2932106773938597e-05,0.0035961238540877035,0,45,45,45,0.007928280579477597,1.3124612381592933e-05,0.0036227906897298018,0,45,45,45,1.4847646269150339,0.5809621190829741,0.7622087109729029,0,45,45,45,0.00791186323780625,1.3068326649122465e-05,0.0036150140593256986,0,45,45,45,0.00791186323780625,1.3068326649122465e-05,0.0036150140593256986,0,45,45,45,1.2827707713444634,0.8089647179022766,1.157466836696678,0.5941893345247,0.35306096526290587,0.7181550767621421
Coastal_T_S/20T,medium,chronos_bolt_512,,,,,,,1.7512589693069458e-05,,,0,45,,{},,0,0,0,3240,0.0,0,0,0,,0,,0.0,0.13395156271584777,0.01987701944948546,0.14098588386602914,0,45,45,45,0.26922523651594,0.019497840964435686,0.13963466963628943,0,45,45,45,0.32374048015584794,0.029143664224308793,0.170715155227381,0,45,45,45,0.012160766497493267,7.304517920840422e-05,0.008546647249559574,0,45,45,45,0.012102701961082984,7.075714228175208e-05,0.008411726474496901,0,45,45,45,1.8926341276334195,0.5257846261902289,0.725110078670976,0,45,45,45,0.012093176531681557,7.087120756776418e-05,0.008418503879417304,0,45,45,45,0.012093176531681557,7.087120756776418e-05,0.008418503879417304,0,45,45,45,1.2827707713444634,0.8089647179022766,1.4754266077093123,0.5652686316753172,0.3195286259560854,0.649947537333444
Coastal_T_S/20T,medium,chronos_bolt_max,,,,,,,1.670047640800476e-05,,,0,45,,{},,0,0,0,3240,0.0,0,0,0,,0,,0.0,0.1288242775957017,0.0206799818081336,0.1438053608462967,0,45,45,45,0.25297104105537327,0.020214863624753776,0.14217898446941368,0,45,45,45,0.31037231978660307,0.032493300705984315,0.180258982317066,0,45,45,45,0.011466499052910242,7.5043320626042e-05,0.008662754794292748,0,45,45,45,0.011443153540466882,7.412599272112403e-05,0.008609645330739475,0,45,45,45,1.7547628129002864,0.5460607419988983,0.7389592289151671,0,45,45,45,0.011433161971746486,7.421383553023329e-05,0.008614745238846781,0,45,45,45,0.011433161971746486,7.421383553023329e-05,0.008614745238846781,0,45,45,45,1.2827707713444634,0.8089647179022766,1.3679472997822761,0.576064909976604,0.3318507805063528,0.675011814377871
Coastal_T_S/20T,medium,chronos2_max,,,,,,,2.1342188119888306e-05,,,0,45,,{},,0,0,0,3240,0.0,0,0,0,,0,,0.0,0.030543687294769455,0.000933808592839837,0.030558281902617446,0,45,45,45,0.12904219568511585,0.004326633249503384,0.06577714838379195,0,45,45,45,0.1561272810573329,0.006167959404414029,0.07853635721380275,0,45,45,45,0.005320439579010771,8.272105420274843e-06,0.0028761268087959617,0,45,45,45,0.005314129425544631,8.20306466513778e-06,0.002864099276410959,0,45,45,45,1.0186017399878884,0.4429804298020246,0.6655677499714245,0,45,45,45,0.00530807278662187,8.259701892959017e-06,0.0028739697098193323,0,45,45,45,0.00530807278662187,8.259701892959017e-06,0.0028739697098193323,0,45,45,45,1.2827707713444634,0.8089647179022766,0.7940637273176242,0.5188516645681344,0.26920704982512383,0.5475893076656242
Coastal_T_S/20T,medium,tsrag,all,False,False,t5,72,chronos_bolt_max,2.360983991995454,,,0,45,test,{},,40.07444527000189,0,0,3240,0.0,90,900,900,100.0,357.8560344722892,0.3976178160803213,0.0,0.13631049794077268,0.018686084078035674,0.13669705219219497,0,45,45,45,0.2702851018787902,0.01816987566758764,0.13479568119041366,0,45,45,45,0.3289376952925098,0.028110490556424637,0.16766183392896739,0,45,45,45,0.011927395107616924,5.996860107269648e-05,0.007743939635140274,0,45,45,45,0.011971165017384329,6.05694264615805e-05,0.007782636215420871,0,45,45,45,1.934200440721779,0.6575807888911208,0.8109135520455437,0,45,45,45,0.011935709071481716,6.0082144874309786e-05,0.007751267307628462,0,45,45,45,0.011935709071481716,6.0082144874309786e-05,0.007751267307628462,0,45,45,45,1.2827707713444634,0.8089647179022766,1.5078301469985604,0.6321578025944813,0.39962348738108316,0.8128670810221379
Coastal_T_S/20T,medium,bayes_mixture,,,,,,chronos_bolt_max,2.361052993685007,0.058823529411764705,15,0,45,,{},,0,0,0,3240,0.0,90,900,900,100.0,357.8560344722892,0.3976178160803213,0.0,0.030411487859668407,0.0008958873038319697,0.029931376577631202,0,45,45,45,0.129460068690924,0.004340684941291673,0.06588387466817411,0,45,45,45,0.1560349216819712,0.006064591075369519,0.07787548443104235,0,45,45,45,0.0053334497714295345,8.054201283733478e-06,0.002837992474220726,0,45,45,45,0.005328813137537805,8.014644543556256e-06,0.002831014755093349,0,45,45,45,1.0190669528392544,0.4361164323145609,0.6603911207114772,0,45,45,45,0.005317741691231815,8.045787625810916e-06,0.002836509761275451,0,45,45,45,0.005317741691231815,8.045787625810916e-06,0.002836509761275451,0,45,45,45,1.2827707713444634,0.8089647179022766,0.7944263898148983,0.5148161584780465,0.2650356770300931,0.5391043919016058
Coastal_T_S/20T,long,chronos_t5_512,,,,,,,1.4971941709518433e-05,,,0,15,,{},,0,0,0,3240,0.0,0,0,0,,0,,0.0,0.15189139652285108,0.006698253671541821,0.08184285962466012,0,15,15,15,0.30078820829038266,0.007113519179931222,0.08434168115428588,0,15,15,15,0.3742672131073161,0.011815449715734014,0.10869889473096778,0,15,15,15,0.01262182806761359,2.065383783525434e-05,0.004544649363290235,0,15,15,15,0.012693117347987047,2.10216830001166e-05,0.0045849408938520245,0,15,15,15,2.2941668398362793,0.705732225197286,0.8400787017876873,0,15,15,15,0.012640287629800339,2.063494548331953e-05,0.004542570360855133,0,15,15,15,0.012640287629800339,2.063494548331953e-05,0.004542570360855133,0,15,15,15,1.837785242009726,1.7356310305571765,1.2483323880256396,0.45711472841571626,0.208953874934574,0.4066142012745244
Coastal_T_S/20T,long,chronos_bolt_512,,,,,,,1.4938414096832275e-05,,,0,15,,{},,0,0,0,3240,0.0,0,0,0,,0,,0.0,0.2089525071846316,0.03304565090483253,0.18178462780123222,0,15,15,15,0.3491563555635052,0.024244247634118636,0.15570564419480315,0,15,15,15,0.41883881110250415,0.033526557498872546,0.18310258736258356,0,15,15,15,0.015284578830457527,7.557273375085467e-05,0.008693257948022403,0,15,15,15,0.0152577439215111,7.399919484719575e-05,0.008602278468359167,0,15,15,15,2.5405633663719995,1.284380302863449,1.1333050352237253,0,15,15,15,0.01525543623690694,7.434775660223854e-05,0.008622514517368965,0,15,15,15,0.01525543623690694,7.434775660223854e-05,0.008622514517368965,0,15,15,15,1.837785242009726,1.7356310305571765,1.3824049232182016,0.6166689171931699,0.38028055343219647,0.7400076861100681
Coastal_T_S/20T,long,chronos_bolt_max,,,,,,,1.4640390872955322e-05,,,0,15,,{},,0,0,0,3240,0.0,0,0,0,,0,,0.0,0.20618930596914942,0.04273120234952941,0.20671526878663174,0,15,15,15,0.33114411978074065,0.030818372221353627,0.17555162266795948,0,15,15,15,0.40225000407461814,0.044384240191119154,0.21067567536647214,0,15,15,15,0.01474513457086203,9.186256109897866e-05,0.00958449587088328,0,15,15,15,0.014742661993679766,9.108928342691778e-05,0.009544070590000777,0,15,15,15,2.370452159975281,1.5234013184663666,1.2342614465608033,0,15,15,15,0.014740160860973128,9.139031318257307e-05,0.009559828093777267,0,15,15,15,0.014740160860973128,9.139031318257307e-05,0.009559828093777267,0,15,15,15,1.837785242009726,1.7356310305571765,1.289841764853358,0.6716026542965738,0.4510501252582032,0.8777218727054682
Coastal_T_S/20T,long,chronos2_max,,,,,,,1.3787299394607544e-05,,,0,15,,{},,0,0,0,3240,0.0,0,0,0,,0,,0.0,0.08221861390590372,0.018677560769657417,0.13666587273221292,0,15,15,15,0.19885577154748238,0.017299265000796354,0.1315266703022484,0,15,15,15,0.24285791592192651,0.0232386465799622,0.1524422729427838,0,15,15,15,0.008057143273321481,1.6908513958026045e-05,0.004111996347034619,0,15,15,15,0.0080173642549985,1.6472731684416815e-05,0.004058661316791143,0,15,15,15,1.6549054876483558,1.8589828940583466,1.3634452295777586,0,15,15,15,0.008036392134510363,1.6815468341568873e-05,0.004100666816698093,0,15,15,15,0.008036392134510363,1.6815468341568873e-05,0.004100666816698093,0,15,15,15,1.837785242009726,1.7356310305571765,0.9004890505261754,0.7418958420227334,0.5504094404106206,1.071070326198058
Coastal_T_S/20T,long,tsrag,all,False,False,t5,72,chronos_bolt_max,1.796773361042142,,,0,15,test,{},,39.270997965708375,0,0,3240,0.0,60,600,600,100.0,237.53312216361192,0.3958885369393532,0.0,0.19686612993003416,0.023622557467733486,0.1536963157259584,0,15,15,15,0.33549624784493143,0.018434443778854948,0.13577350175514716,0,15,15,15,0.4103976902282443,0.028439865785356136,0.16864123394163166,0,15,15,15,0.014687228141391399,6.722793993626055e-05,0.008199264597283134,0,15,15,15,0.014769334125678558,6.861677301594666e-05,0.008283524190581365,0,15,15,15,2.427741140268428,0.7690016945637119,0.8769274169301082,0,15,15,15,0.014749478257109566,6.8562286150741e-05,0.00828023466761305,0,15,15,15,0.014749478257109566,6.8562286150741e-05,0.00828023466761305,0,15,15,15,1.837785242009726,1.7356310305571765,1.3210146021270421,0.4771653384108889,0.2276867601807781,0.44306749592789035
Coastal_T_S/20T,long,bayes_mixture,,,,,,chronos_bolt_max,1.796833610162139,0.2857142857142857,5,0,15,,{},,0,0,0,3240,0.0,60,600,600,100.0,237.53312216361192,0.3958885369393532,0.0,0.0782500822345557,0.014844353314356405,0.12183740523483091,0,15,15,15,0.1975109577178955,0.013360540440000098,0.1155878040279341,0,15,15,15,0.24307802558179603,0.01916315571381141,0.13843105039625833,0,15,15,15,0.008000655116509655,1.133164647544205e-05,0.0033662511010680786,0,15,15,15,0.007984417032470827,1.1180433350815306e-05,0.003343715500878522,0,15,15,15,1.5527600901048397,1.3373456756171893,1.1564366284484375,0,15,15,15,0.00798821698656014,1.124203369065387e-05,0.003352914208662946,0,15,15,15,0.00798821698656014,1.124203369065387e-05,0.003352914208662946,0,15,15,15,1.837785242009726,1.7356310305571765,0.8449083465306346,0.6292555854806007,0.39596259185853344,0.770524179432233
Coastal_T_S/H,short,chronos_t5_512,,,,,,,9.524263441562653e-05,,,0,2016,,{},,0,0,0,48384,0.0,0,0,0,,0,,0.0,16.659152970905073,6612.143103107903,81.31508533542778,0,2016,2016,2016,1.1689561644246278,9.878710601516726,3.143041616255936,0,2016,2016,2016,1.4449698607789478,14.57121507234554,3.8172260965713756,0,2016,2016,2016,0.030653757028203835,0.0045237742268714074,0.06725900851834948,0,2016,2016,2016,0.029614263753128738,0.004015878596038771,0.0633709601950197,0,2016,2016,2016,1.6952252028609516,4.453992343893909,2.1104483750838137,0,2016,2016,2016,0.02913573009771252,0.0037075547129689786,0.06088969299453709,0,2016,2016,2016,0.02913573009771252,0.0037075547129689786,0.06088969299453709,0,2016,2016,2016,1.204935864293014,2.6970812724109106,1.4069007762961814,1.751502663025224,3.0677615785844505,1.6514119872674444
Coastal_T_S/H,short,chronos_bolt_512,,,,,,,9.481050074100494e-05,,,0,2016,,{},,0,0,0,48384,0.0,0,0,0,,0,,0.0,15.781569472421237,7355.290912160798,85.76299267260208,0,2016,2016,2016,1.127632013889813,9.651577339559442,3.10669878481314,0,2016,2016,2016,1.3888607070734094,13.852635408768787,3.7219128695831647,0,2016,2016,2016,0.030583920522074932,0.004735261182002764,0.06881323406149985,0,2016,2016,2016,0.02899827281400277,0.004148562843936357,0.06440933817340741,0,2016,2016,2016,0.9901406498045846,2.3277434704533224,1.5256944223707847,0,2016,2016,2016,0.028502251894375,0.0036776833776784672,0.0606439063523984,0,2016,2016,2016,0.028502251894375,0.0036776833776784672,0.0606439063523984,0,2016,2016,2016,1.204935864293014,2.6970812724109106,0.8217372219935883,1.2662038433605536,1.6032721729410373,0.8630601881613161
Coastal_T_S/H,short,chronos_bolt_max,,,,,,,9.595043957233429e-05,,,0,2016,,{},,0,0,0,48384,0.0,0,0,0,,0,,0.0,15.348157571378877,5517.6391748511805,74.28081296573954,0,2016,2016,2016,1.12435141582382,9.152085681218558,3.0252414252780815,0,2016,2016,2016,1.3868927886028897,13.424685964300176,3.6639713378109517,0,2016,2016,2016,0.030691886460778785,0.004693968381964295,0.0685125417858971,0,2016,2016,2016,0.028861846877891974,0.003768121664853141,0.061385028018671954,0,2016,2016,2016,0.9819445754980096,2.388194839958993,1.5453785426098658,0,2016,2016,2016,0.028531271616872852,0.0035685887045092003,0.059737665710246836,0,2016,2016,2016,0.028531271616872852,0.0035685887045092003,0.059737665710246836,0,2016,2016,2016,1.204935864293014,2.6970812724109106,0.8149351385388113,1.28254008234422,1.6449090628195182,0.8854738136326885
Coastal_T_S/H,short,chronos2_max,,,,,,,9.396113455295563e-05,,,0,2016,,{},,0,0,0,48384,0.0,0,0,0,,0,,0.0,14.592355551547119,5225.950782840076,72.29073787726942,0,2016,2016,2016,1.0799415646417798,8.654782034845645,2.941901091954936,0,2016,2016,2016,1.338582106952672,12.800553494493263,3.5777861163704663,0,2016,2016,2016,0.029356223851678326,0.0044778835512899245,0.06691699000470601,0,2016,2016,2016,0.02748451088094843,0.003542635291128037,0.05952004108809097,0,2016,2016,2016,0.9169079063510758,2.3142500248816753,1.5212659283904557,0,2016,2016,2016,0.027164400700165302,0.0033587478505252223,0.057954705162956546,0,2016,2016,2016,0.027164400700165302,0.0033587478505252223,0.057954705162956546,0,2016,2016,2016,1.204935864293014,2.6970812724109106,0.7609599261858339,1.2625285490054243,1.5939783370537421,0.858057207454107
Coastal_T_S/H,short,tsrag,all,False,False,t5,24,chronos_bolt_max,113.9927367977798,,,0,2016,test,{},,624.7582160793245,0,0,48384,0.0,2016,20160,5967,29.598214285714285,6240.01267060895,0.30952443802623764,0.0,15.788370197623896,7279.853843579253,85.32205953667113,0,2016,2016,2016,1.1282943603354776,9.693002388079611,3.1133586989101674,0,2016,2016,2016,1.3871521121517767,13.864179215376764,3.7234633361128675,0,2016,2016,2016,0.030481346445029242,0.004697144316512114,0.06853571562705181,0,2016,2016,2016,0.02900270526645258,0.004134379764037444,0.06429914279395522,0,2016,2016,2016,0.9900304575190623,2.3205669490102707,1.523340719934405,0,2016,2016,2016,0.028506992124382954,0.0036751410187440205,0.06062294135675059,0,2016,2016,2016,0.028506992124382954,0.0036751410187440205,0.06062294135675059,0,2016,2016,2016,1.204935864293014,2.6970812724109106,0.8216457712460525,1.2642504593621773,1.5983292239974758,0.8603993408533532
Coastal_T_S/H,short,bayes_mixture,,,,,,chronos_bolt_max,113.99305198341608,0.4050445103857567,672,0,2016,,{},,0,0,0,48384,0.0,2016,20160,5967,29.598214285714285,6240.01267060895,0.30952443802623764,0.0,14.795561261824044,5419.595847548259,73.6179043952506,0,2016,2016,2016,1.0826004936406635,8.833219542674138,2.972073273436262,0,2016,2016,2016,1.3402409898109207,12.999315351054689,3.605456330487819,0,2016,2016,2016,0.029281290278277083,0.004480569229237717,0.06693705423185066,0,2016,2016,2016,0.02753846824129551,0.0036098212895788874,0.06008178833539234,0,2016,2016,2016,0.9208440909282691,2.2977144027982708,1.5158213624297128,0,2016,2016,2016,0.0271920941682639,0.0034057805203415153,0.05835906545123487,0,2016,2016,2016,0.0271920941682639,0.0034057805203415153,0.05835906545123487,0,2016,2016,2016,1.204935864293014,2.6970812724109106,0.7642266432733055,1.2580099965064184,1.582589151310079,0.8519262753785513
Coastal_T_S/H,medium,chronos_t5_512,,,,,,,2.8660520911216736e-05,,,0,288,,{},,0,0,0,48384,0.0,0,0,0,,0,,0.0,25.859954745626446,18675.85335751231,136.65962592335862,0,288,288,288,1.5662478600442655,16.337031233528013,4.041909354937096,0,288,288,288,1.9367375725166656,22.109002320828704,4.702021088939171,0,288,288,288,0.045799646414696665,0.014996456046123798,0.12246001815337036,0,288,288,288,0.042513084316201454,0.007202191264197164,0.084865724908217,0,288,288,288,2.6362521997990704,4.921822269723599,2.2185180345725386,0,288,288,288,0.0443791289581565,0.012614478124639178,0.11231419378083599,0,288,288,288,0.0443791289581565,0.012614478124639178,0.11231419378083599,0,288,288,288,2.05499932278695,3.0797064254343613,1.282848208545313,1.0795711755095996,1.1654739229911784,1.5981465730225977
Coastal_T_S/H,medium,chronos_bolt_512,,,,,,,2.8058886528015137e-05,,,0,288,,{},,0,0,0,48384,0.0,0,0,0,,0,,0.0,29.199553286785974,32903.289408481054,181.3926387935328,0,288,288,288,1.5717196419937338,20.21300468804857,4.495887530627137,0,288,288,288,1.9283799895502014,25.480903902688343,5.047861319676715,0,288,288,288,0.04608590629968681,0.018035870651967486,0.13429769414240694,0,288,288,288,0.04235586537303805,0.00976146444661078,0.09880012371758844,0,288,288,288,1.9054979871112405,3.1811920415430706,1.7835896505483178,0,288,288,288,0.04386461626475935,0.014965675481591537,0.12233427762320558,0,288,288,288,0.04386461626475935,0.014965675481591537,0.12233427762320558,0,288,288,288,2.05499932278695,3.0797064254343613,0.9272499343343049,0.8679271232700204,0.7532974913077733,1.0329530163234295
Coastal_T_S/H,medium,chronos_bolt_max,,,,,,,2.7041882276535034e-05,,,0,288,,{},,0,0,0,48384,0.0,0,0,0,,0,,0.0,21.911281985057716,16843.938647659925,129.78420030057558,0,288,288,288,1.4094601375569475,13.841175257194472,3.720372999740009,0,288,288,288,1.761667484973057,18.807809657446416,4.336797165817928,0,288,288,288,0.04289369620304976,0.015797617141014145,0.12568857203824915,0,288,288,288,0.037992264058532656,0.005792180691495081,0.07610637746927047,0,288,288,288,1.744121568445221,2.2703987602204223,1.5067842447478743,0,288,288,288,0.04063791095492951,0.012798436066290341,0.11313017310289214,0,288,288,288,0.04063791095492951,0.012798436066290341,0.11313017310289214,0,288,288,288,2.05499932278695,3.0797064254343613,0.8487212375719313,0.7332285845741315,0.5376241572365845,0.7372127230926583
Coastal_T_S/H,medium,chronos2_max,,,,,,,2.6050955057144165e-05,,,0,288,,{},,0,0,0,48384,0.0,0,0,0,,0,,0.0,21.769811987045447,18356.009756028176,135.4843524397861,0,288,288,288,1.3561895610099393,14.030380896783642,3.745715004746576,0,288,288,288,1.6914242050694028,18.908896145550784,4.348436057429244,0,288,288,288,0.04152611528629502,0.0166024659088904,0.12885055649429847,0,288,288,288,0.036289889943594486,0.0058935228731610955,0.0767692833961676,0,288,288,288,1.621760770730577,2.6236875476889905,1.6197800923856889,0,288,288,288,0.039153632718058176,0.013442897037006959,0.11594350795541318,0,288,288,288,0.039153632718058176,0.013442897037006959,0.11594350795541318,0,288,288,288,2.05499932278695,3.0797064254343613,0.7891782506921592,0.7882144166300623,0.6212819665834693,0.8519278090991891
Coastal_T_S/H,medium,tsrag,all,False,False,t5,24,chronos_bolt_max,67.09106176160276,,,0,288,test,{},,609.3450396489352,0,0,48384,0.0,864,8640,1920,22.22222222222222,2653.7267326456968,0.3071442977599186,0.0,29.850067848535232,31898.346335705228,178.60108156364907,0,288,288,288,1.5957874689588727,20.68206496758581,4.547753837619821,0,288,288,288,1.9475142682964313,26.057256023317045,5.104630841041989,0,288,288,288,0.046276588549097976,0.017525542334388505,0.13238407130160526,0,288,288,288,0.042817311014991116,0.00976430363517404,0.09881449101813984,0,288,288,288,1.896233510719802,2.8973118547057495,1.7021491869709158,0,288,288,288,0.044261729510042015,0.014641759586120677,0.12100313874491304,0,288,288,288,0.044261729510042015,0.014641759586120677,0.12100313874491304,0,288,288,288,2.05499932278695,3.0797064254343613,0.9227416718309022,0.8282967143086423,0.6860754469344926,0.9407753384471096
Coastal_T_S/H,medium,bayes_mixture,,,,,,chronos_bolt_max,67.09131864644587,0.29591836734693877,96,0,288,,{},,0,0,0,48384,0.0,864,8640,1920,22.22222222222222,2653.7267326456968,0.3071442977599186,0.0,22.500834962520454,18346.415904239573,135.44894205655345,0,288,288,288,1.3862339237528711,14.53253277001541,3.8121559215246443,0,288,288,288,1.7226598632650374,19.53327795801614,4.419646813718958,0,288,288,288,0.041812201848616275,0.01644022834450613,0.1282194538457645,0,288,288,288,0.03687208836328001,0.005992843018188344,0.07741345502035382,0,288,288,288,1.6570891417957698,2.499990919362712,1.5811359585319384,0,288,288,288,0.039623096539838934,0.01337822195144506,0.11566426393422068,0,288,288,288,0.039623096539838934,0.01337822195144506,0.11566426393422068,0,288,288,288,2.05499932278695,3.0797064254343613,0.8063696778004081,0.769409479117313,0.5919909465555752,0.811762737745405
Coastal_T_S/H,long,chronos_t5_512,,,,,,,2.251937985420227e-05,,,0,144,,{},,0,0,0,48384,0.0,0,0,0,,0,,0.0,29.762020786772382,19055.303721098797,138.04094943566128,0,144,144,144,1.7098472136653045,17.420288159762848,4.1737618714731255,0,144,144,144,2.142671918533662,25.170977836299656,5.017068649749539,0,144,144,144,0.05133621755352116,0.011767397440728878,0.10847763567080948,0,144,144,144,0.048146485133324216,0.007673823977500068,0.08760036516761827,0,144,144,144,3.4886252129214403,16.075600974066028,4.0094389849536345,0,144,144,144,0.04735626781836428,0.006609937676773445,0.08130152321311972,0,144,144,144,0.04735626781836428,0.006609937676773445,0.08130152321311972,0,144,144,144,2.646814492501095,9.314770885075767,1.3180467398850004,1.51481677175076,2.294669851977393,1.7258181840867972
Coastal_T_S/H,long,chronos_bolt_512,,,,,,,2.2338703274726868e-05,,,0,144,,{},,0,0,0,48384,0.0,0,0,0,,0,,0.0,37.81437940772881,45106.04673012569,212.38184180886483,0,144,144,144,1.7857201144249528,24.864394581799875,4.986421019308325,0,144,144,144,2.207315014002676,32.94213983668718,5.739524356310999,0,144,144,144,0.053483692082723015,0.015957185526850336,0.1263217539731393,0,144,144,144,0.050096418398280454,0.012884791271471244,0.11351119447645348,0,144,144,144,2.619501013608624,10.797937667047078,3.2860215560837513,0,144,144,144,0.04809590787284565,0.00871054332730426,0.09333029158480252,0,144,144,144,0.04809590787284565,0.00871054332730426,0.09333029158480252,0,144,144,144,2.646814492501095,9.314770885075767,0.9896806221328109,1.2415005152018193,1.5413235292463827,1.1592274034724417
Coastal_T_S/H,long,chronos_bolt_max,,,,,,,2.2429972887039185e-05,,,0,144,,{},,0,0,0,48384,0.0,0,0,0,,0,,0.0,22.822653246499176,9697.980514115237,98.47832509803992,0,144,144,144,1.509505791962886,11.99065742687316,3.4627528682932542,0,144,144,144,1.930415904229462,19.096147683197124,4.369913921714835,0,144,144,144,0.04756687532549008,0.010306145770756722,0.10151918917503587,0,144,144,144,0.04283836078761632,0.005153424266576784,0.07178735450326042,0,144,144,144,2.403046401752879,9.504042705644373,3.082862745184153,0,144,144,144,0.04278912602811932,0.005058550794327613,0.07112348975076808,0,144,144,144,0.04278912602811932,0.005058550794327613,0.07112348975076808,0,144,144,144,2.646814492501095,9.314770885075767,0.9079013314159889,1.1647445462908192,1.3566298581142067,1.0203195358107906
Coastal_T_S/H,long,chronos2_max,,,,,,,2.2100284695625305e-05,,,0,144,,{},,0,0,0,48384,0.0,0,0,0,,0,,0.0,23.383981179225657,14442.43604447555,120.17668677607796,0,144,144,144,1.4581599574013755,12.562466559634752,3.544357002283313,0,144,144,144,1.8619836258504618,19.916998156290422,4.462846418631322,0,144,144,144,0.04693526812062573,0.012474291026780222,0.11168836567333333,0,144,144,144,0.041134206301952456,0.005208961539098535,0.07217313585468305,0,144,144,144,2.317675042511819,11.810207894543888,3.4365983027615967,0,144,144,144,0.041574136015345514,0.005547124099297455,0.07447901784595079,0,144,144,144,0.041574136015345514,0.005547124099297455,0.07447901784595079,0,144,144,144,2.646814492501095,9.314770885075767,0.8756469518654262,1.2983903150364722,1.6858174101805092,1.2679010616854076
Coastal_T_S/H,long,tsrag,all,False,False,t5,24,chronos_bolt_max,67.85439549386501,,,0,144,test,{},,594.3536326773465,0,0,48384,0.0,864,8640,1355,15.68287037037037,2607.4227837521294,0.3017850444157557,0.0,38.416665228226414,42648.335538338935,206.514734433984,0,144,144,144,1.8216515014110695,25.604340704903017,5.060073191654743,0,144,144,144,2.2312496905496824,33.438190046648366,5.782576419438689,0,144,144,144,0.053387405981659725,0.014942161629598065,0.12223813492359112,0,144,144,144,0.05050708586137364,0.012875285402884108,0.11346931480750251,0,144,144,144,2.6244291442094987,10.805510958938884,3.2871737037976687,0,144,144,144,0.048446161853910756,0.008615138825695737,0.09281777214357032,0,144,144,144,0.048446161853910756,0.008615138825695737,0.09281777214357032,0,144,144,144,2.646814492501095,9.314770885075767,0.9915425322193837,1.241935811183907,1.5424045591010291,1.1600404446073491
Coastal_T_S/H,long,bayes_mixture,,,,,,chronos_bolt_max,67.85463571734726,0.4,48,0,144,,{},,0,0,0,48384,0.0,864,8640,1355,15.68287037037037,2607.4227837521294,0.3017850444157557,0.0,25.88252308728008,15360.319846480348,123.93675744701548,0,144,144,144,1.538106587390223,14.411376185081034,3.796231840270169,0,144,144,144,1.9444105564288168,22.101790675328253,4.701254159830997,0,144,144,144,0.047748545396078895,0.01250158332352681,0.11181047948885117,0,144,144,144,0.04247517975594047,0.005683908323125205,0.07539169929856472,0,144,144,144,2.3810606609679223,10.89577619038485,3.3008750643404925,0,144,144,144,0.042720638546108455,0.0058489722155017415,0.0764785735713065,0,144,144,144,0.042720638546108455,0.0058489722155017415,0.0764785735713065,0,144,144,144,2.646814492501095,9.314770885075767,0.8995948404067979,1.247112358532292,1.5552892348039764,1.1697309922933465
SG_Weather/D,short,chronos_t5_512,,,,,,,0.00013331323862075806,,,0,2862,,{},,0,0,0,8492,0.0,0,0,0,,0,,0.0,3119.0242737359613,112637501.75581343,10613.081633334092,0,2862,2862,2928,19.055562682316182,1919.5318242795095,43.812461974642666,0,2862,2862,2928,22.870972260367335,2595.9429016014697,50.95039648129806,0,2862,2862,2928,0.36086608131105635,1.7006667522699443,1.3040961437984335,0,2862,2862,2928,0.23889008224182776,0.09873123550670808,0.31421526937230165,0,2862,2862,2928,0.9090838083016374,0.40804787670132947,0.6387862527491723,0,2862,2862,2928,0.24253664860004057,0.24835477823048807,0.49835206253259157,0,2862,2862,2928,0.24253664860004057,0.24835477823048807,0.49835206253259157,0,2862,2862,2928,1.0689616504483799,0.6515856757834457,0.8504363163265201,0.5975763980693144,0.3570975515294957,0.6262382551775801
SG_Weather/D,short,chronos_bolt_512,,,,,,,0.00014374218881130219,,,0,2862,,{},,0,0,0,8492,0.0,0,0,0,,0,,0.0,2213.1233615501524,49083688.40742228,7005.975193177769,0,2862,2862,2928,17.92889297860307,1411.786576605679,37.57374850351877,0,2862,2862,2928,20.59004513163016,1789.173403027586,42.29862176274288,0,2862,2862,2928,0.40419385834592175,1.2268283329990586,1.1076228297570696,0,2862,2862,2928,0.2290168417172028,0.0846912012589452,0.29101752740847964,0,2862,2862,2928,0.8801712530547406,0.3184014963409811,0.5642707650950748,0,2862,2862,2928,0.25788891860413493,0.3428845344969369,0.5855634333673312,0,2862,2862,2928,0.25788891860413493,0.3428845344969369,0.5855634333673312,0,2862,2862,2928,1.0689616504483799,0.6515856757834457,0.8233889893856806,0.5278681090742492,0.2786447405776234,0.4886563780858831
SG_Weather/D,short,chronos_bolt_max,,,,,,,0.00012727081775665283,,,0,2862,,{},,0,0,0,8492,0.0,0,0,0,,0,,0.0,2187.5582649971197,48071135.4988251,6933.335092062484,0,2862,2862,2928,17.833627171111555,1387.67306207638,37.25148402515502,0,2862,2862,2928,20.50503862145548,1767.1016561297386,42.036908260833584,0,2862,2862,2928,0.39119067116194306,0.976668919202501,0.9882656116664694,0,2862,2862,2928,0.22731611581116523,0.0832831251074181,0.2885881582938186,0,2862,2862,2928,0.8705035534727462,0.31426183284191633,0.5605906107329273,0,2862,2862,2928,0.2520803288699228,0.2809841554126858,0.5300793859533549,0,2862,2862,2928,0.2520803288699228,0.2809841554126858,0.5300793859533549,0,2862,2862,2928,1.0689616504483799,0.6515856757834457,0.8143449796422634,0.5244253715722969,0.27502197034874154,0.48230316368458837
SG_Weather/D,short,chronos2_max,,,,,,,0.00014045089483261108,,,0,2862,,{},,0,0,0,8492,0.0,0,0,0,,0,,0.0,2268.2580473659,59709068.0895686,7727.164298083004,0,2862,2862,2928,17.06594920897717,1403.0169049532128,37.45686726026634,0,2862,2862,2928,20.09791001713239,1864.3320603091497,43.17791171778864,0,2862,2862,2928,0.3430878267835435,0.6442005921410018,0.8026210763124787,0,2862,2862,2928,0.21933368997456987,0.07844081883415054,0.2800728812901216,0,2862,2862,2928,0.8502706466728596,0.3227036088242889,0.5680700738679066,0,2862,2862,2928,0.22652191515674547,0.15439693034595445,0.39293374803642717,0,2862,2862,2928,0.22652191515674547,0.15439693034595445,0.39293374803642717,0,2862,2862,2928,1.0689616504483799,0.6515856757834457,0.7954173532008473,0.531422314008765,0.28240967582643045,0.4952589058012677
SG_Weather/D,short,tsrag,all,False,False,t5,1,chronos_bolt_max,65.99797520413995,,,2803,2862,test,"{""nonfinite_prediction"": 2803}",,114.7037286683917,0,183552,8492,0.0,2928,29280,7455,25.46106557377049,13756.124432326296,0.46981299290731887,0.9793850454227813,2186.780086677967,48066264.73584539,6932.983826307789,0,2862,2862,2928,17.817354780864584,1387.6341877396637,37.25096223911087,0,2862,2862,2928,20.488821926712482,1766.9882627334327,42.03555950303782,0,2862,2862,2928,0.39104226447436924,0.9766145068761066,0.9882380820814924,0,2862,2862,2928,0.2272368114620745,0.08335459397093643,0.288711956750905,0,2862,2862,2928,0.8704025464125195,0.3145735513694622,0.5608685687123697,0,2862,2862,2928,0.2520076088186199,0.281115914025927,0.5302036533502263,0,2862,2862,2928,0.2520076088186199,0.281115914025927,0.5302036533502263,0,2862,2862,2928,1.0689616504483799,0.6515856757834457,0.8142504888247637,0.5246853977194704,0.2752947665800389,0.4827815635928906
SG_Weather/D,short,bayes_mixture,,,,,,chronos_bolt_max,65.99818258173764,0.4499314128943759,727,0,2862,,{},,0,0,0,8492,0.0,2928,29280,7455,25.46106557377049,13756.124432326296,0.46981299290731887,0.0,2197.5070323139803,53092269.264310546,7286.444212667146,0,2862,2862,2928,17.241323263376373,1374.4144741690504,37.073096366085345,0,2862,2862,2928,20.099787563297756,1793.5055722242817,42.34980014385288,0,2862,2862,2928,0.36265669760836616,0.7505996837216282,0.8663715621611944,0,2862,2862,2928,0.2218897515688719,0.07991746681132653,0.28269677538190374,0,2862,2862,2928,0.8546955644679303,0.3158479988124282,0.5620035576510422,0,2862,2862,2928,0.23582706913489193,0.19255091838192961,0.43880624241449623,0,2862,2862,2928,0.23582706913489193,0.19255091838192961,0.43880624241449623,0,2862,2862,2928,1.0689616504483799,0.6515856757834457,0.7995568074022348,0.5257471654060815,0.27641008193252947,0.48473748050501986
SG_Weather/D,medium,chronos_t5_512,,,,,,,6.983987987041473e-05,,,0,1222,,{},,0,0,0,8444,0.0,0,0,0,,0,,0.0,3175.3782957287594,87570159.41594292,9357.892894019622,0,1222,1222,1248,19.566389307980252,1638.369542987069,40.47677782367402,0,1222,1222,1248,25.331384405348306,2533.699259837236,50.33586454842348,0,1222,1222,1248,0.35068182910595613,0.6809928640561256,0.8252229177962314,0,1222,1222,1248,0.24524810022736268,0.08636827836308635,0.29388480458010474,0,1222,1222,1248,0.958510513703003,0.29234335283526197,0.5406878515698886,0,1222,1222,1248,0.23576153786568071,0.10499030067686915,0.3240220681942345,0,1222,1222,1248,0.23576153786568071,0.10499030067686915,0.3240220681942345,0,1222,1222,1248,1.180304070490495,0.6201815357152103,0.8120877811636098,0.45809199941604606,0.2098482799289908,0.4713835159541208
SG_Weather/D,medium,chronos_bolt_512,,,,,,,7.067061960697174e-05,,,0,1222,,{},,0,0,0,8444,0.0,0,0,0,,0,,0.0,2279.724452524076,38090753.637711056,6171.77070521184,0,1222,1222,1248,18.475041443847317,1265.0221155723793,35.56714938777606,0,1222,1222,1248,22.505314176916258,1773.2352863223682,42.109800359564375,0,1222,1222,1248,0.4097888154837276,0.7878024815029472,0.8875823801219508,0,1222,1222,1248,0.23489358552266226,0.07522866919964058,0.27427845194189165,0,1222,1222,1248,0.9248183233385157,0.23322422890459565,0.4829329445219032,0,1222,1222,1248,0.2378472566727832,0.1301532541091808,0.36076759015906734,0,1222,1222,1248,0.2378472566727832,0.1301532541091808,0.36076759015906734,0,1222,1222,1248,1.180304070490495,0.6201815357152103,0.7835424332258653,0.409159772126527,0.16741171912663153,0.3760580015263355
SG_Weather/D,medium,chronos_bolt_max,,,,,,,6.482377648353577e-05,,,0,1222,,{},,0,0,0,8444,0.0,0,0,0,,0,,0.0,2264.94171066044,37991810.81374669,6163.749736462918,0,1222,1222,1248,18.39027023631651,1255.7671521701704,35.43680505026053,0,1222,1222,1248,22.391991221857054,1763.5404397807163,41.99452868863653,0,1222,1222,1248,0.3958978927362152,0.6878101552298431,0.829343207140351,0,1222,1222,1248,0.23305658460015033,0.0745185011900993,0.27298077073321353,0,1222,1222,1248,0.9119706600002427,0.22898396984783803,0.4785226952275493,0,1222,1222,1248,0.23217204436105784,0.10497054864069207,0.323991587299257,0,1222,1222,1248,0.23217204436105784,0.10497054864069207,0.323991587299257,0,1222,1222,1248,1.180304070490495,0.6201815357152103,0.7726573878723118,0.4054232355808883,0.16436799994887644,0.36922087592267233
SG_Weather/D,medium,chronos2_max,,,,,,,7.377006113529205e-05,,,0,1222,,{},,0,0,0,8444,0.0,0,0,0,,0,,0.0,2293.016001239933,42596694.474714816,6526.61431943966,0,1222,1222,1248,17.41546369275175,1177.4887449858475,34.31455587627279,0,1222,1222,1248,22.110256281622874,1804.1525684008893,42.47531716657204,0,1222,1222,1248,0.34815204788187804,0.48628235505260214,0.6973394833598641,0,1222,1222,1248,0.22342990092362625,0.0673575827132981,0.2595333942160394,0,1222,1222,1248,0.8849706053444711,0.2249936158839549,0.474334919528338,0,1222,1222,1248,0.21680553759519286,0.07443304948179283,0.27282420985277833,0,1222,1222,1248,0.21680553759519286,0.07443304948179283,0.27282420985277833,0,1222,1222,1248,1.180304070490495,0.6201815357152103,0.7497818803392814,0.40187518740930905,0.16150366625526727,0.36278670506448746
SG_Weather/D,medium,tsrag,all,False,False,t5,1,chronos_bolt_max,28.896987745538354,,,1203,1222,test,"{""nonfinite_prediction"": 1203}",,111.66088616289198,0,78592,8444,0.0,1248,12480,3229,25.873397435897434,5865.987714715383,0.47003106688424545,0.9844517184942717,2265.76092163385,37991084.121786274,6163.69078732753,0,1222,1222,1248,18.38752911572633,1256.0397903360922,35.44065166353593,0,1222,1222,1248,22.39500849054907,1764.224516342085,42.00267272855485,0,1222,1222,1248,0.395768145257758,0.6878940543302814,0.8293937872508338,0,1222,1222,1248,0.23299789778992802,0.07455349798070467,0.2730448644100538,0,1222,1222,1248,0.9118072965585334,0.22884717920283187,0.47837974372127406,0,1222,1222,1248,0.23209004231385247,0.10499543469683438,0.3240299904280997,0,1222,1222,1248,0.23209004231385247,0.10499543469683438,0.3240299904280997,0,1222,1222,1248,1.180304070490495,0.6201815357152103,0.7725189799435469,0.4053021214461079,0.1642698096487156,0.36900031043155623
SG_Weather/D,medium,bayes_mixture,,,,,,chronos_bolt_max,28.897131975740194,0.4358974358974359,310,0,1222,,{},,0,0,0,8444,0.0,1248,12480,3229,25.873397435897434,5865.987714715383,0.47003106688424545,0.0,2244.266562325495,39432844.86424639,6279.557696545704,0,1222,1222,1248,17.68494987796303,1192.7606634867325,34.53636725955312,0,1222,1222,1248,22.03939262565607,1758.531735017672,41.93485107899719,0,1222,1222,1248,0.366968993927773,0.550314706154673,0.7418319932132026,0,1222,1222,1248,0.2267263813186786,0.07011864032324962,0.2647992453222811,0,1222,1222,1248,0.8920178859273481,0.22376446605777514,0.4730374890616759,0,1222,1222,1248,0.2215860997084077,0.08335822327743427,0.28871824202400903,0,1222,1222,1248,0.2215860997084077,0.08335822327743427,0.28871824202400903,0,1222,1222,1248,1.180304070490495,0.6201815357152103,0.7557526134402427,0.4007759533228563,0.16062136476184427,0.3608047856499369
SG_Weather/D,long,chronos_t5_512,,,,,,,4.645250737667084e-05,,,0,622,,{},,0,0,0,8444,0.0,0,0,0,,0,,0.0,3076.825128883658,73208814.87395826,8556.214985258275,0,622,622,624,19.255856976890783,1427.42477779613,37.78127549191702,0,622,622,624,25.824494062325453,2409.9206353085756,49.09094249766015,0,622,622,624,0.35008029385418565,0.7640313023506284,0.8740888412230352,0,622,622,624,0.24420743980845633,0.07777876596493372,0.27888844717007144,0,622,622,624,0.9630209681337293,0.22593616307919082,0.4753274272322089,0,622,622,624,0.2316158734245636,0.07918659093008767,0.28140112105335985,0,622,622,624,0.2316158734245636,0.07918659093008767,0.28140112105335985,0,622,622,624,1.1878086823687262,0.5518559441190071,0.8107542758597069,0.400171706342735,0.16013739455725615,0.4094114877024283
SG_Weather/D,long,chronos_bolt_512,,,,,,,4.562176764011383e-05,,,0,622,,{},,0,0,0,8444,0.0,0,0,0,,0,,0.0,2277.0912095673525,32691941.67666388,5717.686741739519,0,622,622,624,18.508254131886282,1178.9412304569196,34.33571362964398,0,622,622,624,23.23778003573173,1737.0967885783007,41.67849311789356,0,622,622,624,0.411087272726423,0.6685665688335577,0.8176592009104757,0,622,622,624,0.23727389588582495,0.07070454353329227,0.2659032597267139,0,622,622,624,0.9427817088408397,0.18230777608586385,0.4269751469182531,0,622,622,624,0.23163309112170039,0.07611491135663488,0.2758893099716531,0,622,622,624,0.23163309112170039,0.07611491135663488,0.2758893099716531,0,622,622,624,1.1878086823687262,0.5518559441190071,0.7937151182972884,0.3594645781396209,0.12921478293709565,0.33035392302769034
SG_Weather/D,long,chronos_bolt_max,,,,,,,4.161149263381958e-05,,,0,622,,{},,0,0,0,8444,0.0,0,0,0,,0,,0.0,2282.6128049874796,32753775.15874761,5723.09139877633,0,622,622,624,18.543757981248167,1175.3311576673088,34.2831030927381,0,622,622,624,23.228858156044,1743.0329537538682,41.74964615124143,0,622,622,624,0.40036111873523933,0.6090527679830835,0.7804183288359413,0,622,622,624,0.23654182934943824,0.07102446180328303,0.26650414969242603,0,622,622,624,0.9297402102509469,0.1672987512658116,0.40902170023827783,0,622,622,624,0.22981726411908457,0.07511381262043192,0.274068992446121,0,622,622,624,0.22981726411908457,0.07511381262043192,0.274068992446121,0,622,622,624,1.1878086823687262,0.5518559441190071,0.7827356577297115,0.3443498151761338,0.11857679521183748,0.3031565629557373
SG_Weather/D,long,chronos2_max,,,,,,,4.248134791851044e-05,,,0,622,,{},,0,0,0,8444,0.0,0,0,0,,0,,0.0,2284.194285073209,35650529.497854106,5970.806436140273,0,622,622,624,17.414242247181075,1073.1505007853973,32.7589758812054,0,622,622,624,22.910625368882847,1759.2975302799107,41.943980858758636,0,622,622,624,0.34989926938152616,0.3956409255988767,0.6289999408576099,0,622,622,624,0.2253484268334659,0.06280614829332809,0.25061154860326784,0,622,622,624,0.898750714382442,0.1609715986399138,0.40121266011918644,0,622,622,624,0.2138804893094754,0.05467059235368884,0.23381743381041722,0,622,622,624,0.2138804893094754,0.05467059235368884,0.23381743381041722,0,622,622,624,1.1878086823687262,0.5518559441190071,0.7566460219756559,0.3377754903416675,0.1140922818755539,0.29169133784885076
SG_Weather/D,long,tsrag,all,False,False,t5,1,chronos_bolt_max,15.507982861250639,,,613,622,test,"{""nonfinite_prediction"": 613}",,109.78688558191061,0,39360,8444,0.0,624,6240,1593,25.528846153846153,2978.6961213726113,0.4773551476558672,0.9855305466237942,2286.750527117718,32753595.356312,5723.075690248383,0,622,622,624,18.550658458778,1175.8684255695716,34.2909379511493,0,622,622,624,23.274694287413027,1745.039132945181,41.77366554355963,0,622,622,624,0.4002252124020256,0.6092066637472752,0.7805169208590389,0,622,622,624,0.23654253269260384,0.07106558967305215,0.26658130030640215,0,622,622,624,0.929817743697906,0.16722952114812023,0.40893706257579565,0,622,622,624,0.22980109925888106,0.07512260842867796,0.2740850386808407,0,622,622,624,0.22980109925888106,0.07512260842867796,0.2740850386808407,0,622,622,624,1.1878086823687262,0.5518559441190071,0.7828009320858516,0.3442785598774156,0.11852772679126727,0.3030311133371744
SG_Weather/D,long,bayes_mixture,,,,,,chronos_bolt_max,15.508092043921351,0.4140127388535032,155,0,622,,{},,0,0,0,8444,0.0,624,6240,1593,25.528846153846153,2978.6961213726113,0.4773551476558672,0.0,2244.2067770785884,33338687.218583565,5773.966333343446,0,622,622,624,17.735030957690707,1095.6969262469315,33.1013130592569,0,622,622,624,22.852403340784235,1721.974438628702,41.49667985066639,0,622,622,624,0.3686157593711282,0.4591741826189092,0.6776239241783817,0,622,622,624,0.2291941568860005,0.06621847431859738,0.2573295053401327,0,622,622,624,0.9063268300032946,0.16013836395257447,0.4001729175651127,0,622,622,624,0.2184141158541884,0.05998591795906156,0.24492022774581432,0,622,622,624,0.2184141158541884,0.05998591795906156,0.24492022774581432,0,622,622,624,1.1878086823687262,0.5518559441190071,0.7630242508380214,0.3369001452044352,0.11350170783876952,0.29018146068576334
SG_PM25/H,short,chronos_t5_512,,,,,,,4.182010889053345e-05,,,0,460,,{},,0,0,0,11040,0.0,0,0,0,,0,,0.0,44.00457939737854,2991.9693396347266,54.698897060495895,0,460,460,460,4.830384829921136,5.566085326092026,2.3592552481857547,0,460,460,460,5.951218218739688,8.587581110319361,2.930457491641768,0,460,460,460,0.5379966996452326,0.15287086156005456,0.390987035028087,0,460,460,460,0.4073257512385917,0.018503750395652448,0.13602849111731133,0,460,460,460,0.9202222885378254,0.20485602296108735,0.4526102329389906,0,460,460,460,0.4144870245639837,0.03382484025148557,0.18391530727888195,0,460,460,460,0.4144870245639837,0.03382484025148557,0.18391530727888195,0,460,460,460,1.1720073818805468,0.2568254349370439,0.7851676557371856,0.3861837731881466,0.14913790667383386,0.7976469426063819
SG_PM25/H,short,chronos_bolt_512,,,,,,,3.967992961406708e-05,,,0,460,,{},,0,0,0,11040,0.0,0,0,0,,0,,0.0,43.388842783955816,3452.6571310754166,58.75931527064808,0,460,460,460,4.704458978383437,6.387337890585472,2.5273183199956177,0,460,460,460,5.816165504154471,9.561061612239385,3.0920966369503047,0,460,460,460,0.4988048683736996,0.13899347782759766,0.3728182906290914,0,460,460,460,0.3995281448312028,0.019361137732875486,0.13914430542740686,0,460,460,460,0.8940392461885057,0.22604667884488447,0.4754436652694875,0,460,460,460,0.39931487810859867,0.040581149223875256,0.20144763394955836,0,460,460,460,0.39931487810859867,0.040581149223875256,0.20144763394955836,0,460,460,460,1.1720073818805468,0.2568254349370439,0.7628273166283076,0.40566610127200176,0.16456498572122596,0.8801569007380274
SG_PM25/H,short,chronos_bolt_max,,,,,,,3.4362077713012695e-05,,,0,460,,{},,0,0,0,11040,0.0,0,0,0,,0,,0.0,44.05980975552827,3669.2523493149974,60.57435389102386,0,460,460,460,4.737503500131592,6.6705828324856276,2.582747148383989,0,460,460,460,5.846942632353121,9.873071609499828,3.1421444284914446,0,460,460,460,0.5007095365237222,0.14041913250213878,0.3747254094695725,0,460,460,460,0.40093293433953114,0.01982764193258942,0.14081065986845392,0,460,460,460,0.9000802175033318,0.23532392413028452,0.48510197291938995,0,460,460,460,0.4028497899961734,0.04847721197078208,0.22017541182153397,0,460,460,460,0.4028497899961734,0.04847721197078208,0.22017541182153397,0,460,460,460,1.1720073818805468,0.2568254349370439,0.76798169654794,0.4139069262012826,0.17131894355739402,0.9162796675024415
SG_PM25/H,short,chronos2_max,,,,,,,3.478117287158966e-05,,,0,460,,{},,0,0,0,11040,0.0,0,0,0,,0,,0.0,40.95566953709474,2844.0522433602705,53.3296563214153,0,460,460,460,4.633873895026636,5.19009744173395,2.278178535965509,0,460,460,460,5.717450752125816,8.26642643411068,2.8751393764669357,0,460,460,460,0.495298093901142,0.12125814502268055,0.34822140230416704,0,460,460,460,0.3954255058622761,0.01553426418046592,0.12463652827508442,0,460,460,460,0.8815383689175124,0.1891901435268272,0.43495993324308296,0,460,460,460,0.39260077249487013,0.024201271421413928,0.1555675783105655,0,460,460,460,0.39260077249487013,0.024201271421413928,0.1555675783105655,0,460,460,460,1.1720073818805468,0.2568254349370439,0.7521611062748071,0.3711238853676563,0.13773293829038527,0.7366487808078811
SG_PM25/H,short,tsrag,all,False,False,t5,24,chronos_bolt_max,16.378008108586073,,,344,460,test,"{""nonfinite_prediction"": 344}",,357.2898633182049,0,22016,11040,0.0,460,4600,4600,100.0,2175.4497298793235,0.47292385432159206,0.7478260869565218,43.84757529151065,3572.9297124050318,59.77398859374395,0,460,460,460,4.739313486132068,6.585747359461371,2.566271100149275,0,460,460,460,5.839107008838931,9.752404630838718,3.1228840245578633,0,460,460,460,0.5015014747066071,0.14122647978802394,0.37580111733205895,0,460,460,460,0.40175924839328186,0.01996668707706899,0.14130352818337194,0,460,460,460,0.9006714042991646,0.23260043394963067,0.4822866719593552,0,460,460,460,0.4032650160028646,0.0485805101837096,0.22040986861687842,0,460,460,460,0.4032650160028646,0.0485805101837096,0.22040986861687842,0,460,460,460,1.1720073818805468,0.2568254349370439,0.7684861189645329,0.4115048074061626,0.1693362065183829,0.9056752264690935
SG_PM25/H,short,bayes_mixture,,,,,,chronos_bolt_max,16.37811537273228,0.4782608695652174,90,0,460,,{},,0,0,0,11040,0.0,460,4600,4600,100.0,2175.4497298793235,0.47292385432159206,0.0,41.409639683078815,3038.449180109546,55.12212967683257,0,460,460,460,4.638365520558495,5.587355843811927,2.363758837913023,0,460,460,460,5.720196245081142,8.688994600838425,2.9477100605111124,0,460,460,460,0.49428657046330327,0.12424669960999907,0.352486453087206,0,460,460,460,0.3951412284046238,0.017053668934629347,0.13058969689309086,0,460,460,460,0.8820071142401716,0.20100619437902725,0.4483371436531076,0,460,460,460,0.39373717641812095,0.03172879811146915,0.17812579294270986,0,460,460,460,0.39373717641812095,0.03172879811146915,0.17812579294270986,0,460,460,460,1.1720073818805468,0.2568254349370439,0.7525610571026826,0.3825378155329767,0.14633518031274173,0.7826568829847412
SG_PM25/H,medium,chronos_t5_512,,,,,,,2.4827197194099426e-05,,,0,150,,{},,0,0,0,10800,0.0,0,0,0,,0,,0.0,47.747099405665736,2401.4974268290166,49.00507552110308,0,150,150,150,5.01394736788891,4.642395047956804,2.154621787682656,0,150,150,150,6.382653324771647,7.008835941447172,2.6474206204241844,0,150,150,150,0.546343356597408,0.05732990886230424,0.23943664895396494,0,150,150,150,0.4231493485481395,0.009155360416892194,0.09568364759399693,0,150,150,150,0.9535550159428844,0.1633112767378546,0.40411789955142374,0,150,150,150,0.41499277358598213,0.011118452183685542,0.10544407135389615,0,150,150,150,0.41499277358598213,0.011118452183685542,0.10544407135389615,0,150,150,150,1.1852409592075988,0.20283745879242823,0.8045241843315897,0.3409584324706426,0.11625265267283774,0.8051337149957968
SG_PM25/H,medium,chronos_bolt_512,,,,,,,2.88989394903183e-05,,,0,150,,{},,0,0,0,10800,0.0,0,0,0,,0,,0.0,49.41035390666462,3297.555811992173,57.42434859876229,0,150,150,150,4.988075758792736,6.319242297057618,2.5138103144544575,0,150,150,150,6.376234610913652,8.75398609325144,2.958713587566637,0,150,150,150,0.5140741716779674,0.06035351832325171,0.24566953071810047,0,150,150,150,0.4206947875901377,0.013618880411281158,0.11669995891722139,0,150,150,150,0.9461680297355372,0.21442330066678872,0.46305863631595157,0,150,150,150,0.4075866614838588,0.01618133113835539,0.12720586125786576,0,150,150,150,0.4075866614838588,0.01618133113835539,0.12720586125786576,0,150,150,150,1.1852409592075988,0.20283745879242823,0.798291708015309,0.39068733890662427,0.1526365967819395,1.0571188474916595
SG_PM25/H,medium,chronos_bolt_max,,,,,,,2.008862793445587e-05,,,0,150,,{},,0,0,0,10800,0.0,0,0,0,,0,,0.0,51.62393764287656,3370.9969627582814,58.06028731205419,0,150,150,150,5.128649598713274,6.365162694959268,2.522927405804469,0,150,150,150,6.5366251736092735,8.896468982614099,2.982694919466974,0,150,150,150,0.5288863703680611,0.06625194619162425,0.25739453411373026,0,150,150,150,0.42966510854204304,0.013793893793025222,0.11744740862626651,0,150,150,150,0.9729665091471766,0.21653723126179888,0.46533561142663354,0,150,150,150,0.4201946621522555,0.01704467360605372,0.1305552511623095,0,150,150,150,0.4201946621522555,0.01704467360605372,0.1305552511623095,0,150,150,150,1.1852409592075988,0.20283745879242823,0.8209018610001972,0.39260844625023505,0.15414139206702368,1.0675406433847614
SG_PM25/H,medium,chronos2_max,,,,,,,2.1470710635185242e-05,,,0,150,,{},,0,0,0,10800,0.0,0,0,0,,0,,0.0,47.13290597207072,2932.950044862146,54.156717449104555,0,150,150,150,4.914678839489266,5.252130300134841,2.291752669930776,0,150,150,150,6.284678691745369,7.63571971359245,2.7632806071031677,0,150,150,150,0.5108441145307991,0.04498447993982699,0.21209545006865893,0,150,150,150,0.41637349235245663,0.00977877176084427,0.09888767244123137,0,150,150,150,0.9340346289519228,0.18128436286465138,0.42577501437337933,0,150,150,150,0.40220342178816376,0.00739285111326729,0.08598169056995385,0,150,150,150,0.40220342178816376,0.00739285111326729,0.08598169056995385,0,150,150,150,1.1852409592075988,0.20283745879242823,0.7880546328540471,0.35923076321799935,0.12904674124218632,0.8937420333695217
SG_PM25/H,medium,tsrag,all,False,False,t5,24,chronos_bolt_max,7.767181055620313,,,140,150,test,"{""nonfinite_prediction"": 140}",,356.2347926311195,0,8960,10800,0.0,184,1840,1840,100.0,882.9267822996089,0.4798515121193527,0.9333333333333333,51.43844237409993,3301.8216470227967,57.461479680067384,0,150,150,150,5.117999715098628,6.323388764006876,2.514634916644338,0,150,150,150,6.527400177855362,8.831489292233728,2.971782174425597,0,150,150,150,0.527152679196011,0.06647170064718877,0.2578210632341523,0,150,150,150,0.42878315304228654,0.013654627464436055,0.11685301649694822,0,150,150,150,0.9708963868543693,0.21434479871539092,0.4629738639657653,0,150,150,150,0.41917802887653166,0.017090254019298437,0.13072969830646147,0,150,150,150,0.41917802887653166,0.017090254019298437,0.13072969830646147,0,150,150,150,1.1852409592075988,0.20283745879242823,0.8191552775086923,0.3906158156019935,0.15258071539841056,1.0567318284870577
SG_PM25/H,medium,bayes_mixture,,,,,,chronos_bolt_max,7.767274966463447,0.3125,30,0,150,,{},,0,0,0,10800,0.0,184,1840,1840,100.0,882.9267822996089,0.4798515121193527,0.0,47.32353869650182,2971.33767961715,54.50997779872186,0,150,150,150,4.921183219265055,5.392581642024772,2.3221932826586102,0,150,150,150,6.28795263570491,7.785190347633497,2.790195395959483,0,150,150,150,0.511117923257346,0.045879785469153944,0.2141956709860261,0,150,150,150,0.41644809397853555,0.010411887346412336,0.10203865613782032,0,150,150,150,0.9348598060077206,0.18545000366204198,0.4306390642545587,0,150,150,150,0.4025792495098368,0.00817333251088372,0.09040648489397052,0,150,150,150,0.4025792495098368,0.00817333251088372,0.09040648489397052,0,150,150,150,1.1852409592075988,0.20283745879242823,0.7887508432316815,0.36333461218085605,0.13201204040861308,0.9142788751451499
SG_PM25/H,long,chronos_t5_512,,,,,,,2.321973443031311e-05,,,0,65,,{},,0,0,0,10920,0.0,0,0,0,,0,,0.0,51.81862107559314,1354.7903318797944,36.807476575823486,0,65,65,65,5.271091534388372,2.748564877270479,1.6578796329258885,0,65,65,65,6.832729985050614,5.132422026983386,2.265484943005225,0,65,65,65,0.5619396100999173,0.028619838029235508,0.16917398744853035,0,65,65,65,0.44210850228941095,0.005417491955193313,0.07360361373732484,0,65,65,65,1.0018212926282097,0.09269376505812178,0.3044565076626246,0,65,65,65,0.43154961657337476,0.004797819466054556,0.0692662938668914,0,65,65,65,0.43154961657337476,0.004797819466054556,0.0692662938668914,0,65,65,65,1.2909773955323274,0.12490674689861864,0.7760176871378249,0.23583411198077844,0.05561772837376234,0.7421037482735602
SG_PM25/H,long,chronos_bolt_512,,,,,,,2.3271888494491577e-05,,,0,65,,{},,0,0,0,10920,0.0,0,0,0,,0,,0.0,50.48391259486421,1331.898646414948,36.49518661981259,0,65,65,65,5.086179785501389,2.6874869861187127,1.6393556618741134,0,65,65,65,6.7270840879196445,5.2302522689225235,2.286974479289728,0,65,65,65,0.5135187220531384,0.021482458903307935,0.14656895613774404,0,65,65,65,0.43013610476740294,0.0050489251948126,0.07105578931243112,0,65,65,65,0.9665043736655243,0.09266295935644846,0.30440591215751456,0,65,65,65,0.41464535249272894,0.00365499345297462,0.060456541854249486,0,65,65,65,0.41464535249272894,0.00365499345297462,0.060456541854249486,0,65,65,65,1.2909773955323274,0.12490674689861864,0.7486609579767209,0.2357949203533455,0.05559924446444055,0.741857118668369
SG_PM25/H,long,chronos_bolt_max,,,,,,,1.907162368297577e-05,,,0,65,,{},,0,0,0,10920,0.0,0,0,0,,0,,0.0,51.68943129485456,1252.2519078786472,35.38717151565871,0,65,65,65,5.189304746332623,2.679473318401436,1.6369096854748695,0,65,65,65,6.828829690343339,5.056516355139843,2.248669907998914,0,65,65,65,0.521632600192362,0.02541270200105554,0.1594136192458334,0,65,65,65,0.4365326513176824,0.005134030078784938,0.07165214636551329,0,65,65,65,0.9862905912465224,0.09162908325602502,0.3027029620866387,0,65,65,65,0.42443389754801375,0.005162580968105906,0.07185110276193335,0,65,65,65,0.42443389754801375,0.005162580968105906,0.07185110276193335,0,65,65,65,1.2909773955323274,0.12490674689861864,0.7639874986655603,0.23447580347587793,0.05497890241565852,0.7335799348805101
SG_PM25/H,long,chronos2_max,,,,,,,1.988932490348816e-05,,,0,65,,{},,0,0,0,10920,0.0,0,0,0,,0,,0.0,49.15669822555728,1430.5963956928267,37.82322561195471,0,65,65,65,5.062636537385948,2.7316027119422217,1.6527560957207879,0,65,65,65,6.620435019210013,5.326538381974992,2.3079294577553693,0,65,65,65,0.5347209844248431,0.020469231022637237,0.14307072035408655,0,65,65,65,0.42633188364970237,0.005218725278995544,0.07224074528266956,0,65,65,65,0.9632786136560978,0.09502468398778911,0.3082607402634807,0,65,65,65,0.41307212439137325,0.0037641774498486345,0.06135289275860295,0,65,65,65,0.41307212439137325,0.0037641774498486345,0.06135289275860295,0,65,65,65,1.2909773955323274,0.12490674689861864,0.7461622620114856,0.23878089680754722,0.057016316680216506,0.7607650214837194
SG_PM25/H,long,tsrag,all,False,False,t5,24,chronos_bolt_max,4.805532429367304,,,62,65,test,"{""nonfinite_prediction"": 62}",,355.47625259682536,0,3968,10920,0.0,91,910,910,100.0,413.48713197264766,0.45438146370620625,0.9538461538461539,52.26242920624127,1291.2816084884373,35.934407028479505,0,65,65,65,5.214378234318325,2.728836424574312,1.6519190127165169,0,65,65,65,6.862859026656907,5.163595186475085,2.2723545468247432,0,65,65,65,0.5233325507501835,0.026087350803638602,0.16151579118971185,0,65,65,65,0.43870733779855975,0.005402863149831431,0.07350417096894184,0,65,65,65,0.9913818533195297,0.09512555819217623,0.30842431517663493,0,65,65,65,0.4264960925695957,0.005365492672396518,0.07324952335951762,0,65,65,65,0.4264960925695957,0.005365492672396518,0.07324952335951762,0,65,65,65,1.2909773955323274,0.12490674689861864,0.7679312254036321,0.23890760306415582,0.05707684280186022,0.7615726176055606
SG_PM25/H,long,bayes_mixture,,,,,,chronos_bolt_max,4.8056231793016195,0.42857142857142855,12,0,65,,{},,0,0,0,10920,0.0,91,910,910,100.0,413.48713197264766,0.45438146370620625,0.0,49.308176912010154,1345.8741496451491,36.68615746634075,0,65,65,65,5.062114717410162,2.624959759953183,1.6201727562063197,0,65,65,65,6.641704289070331,5.195941048554925,2.2794606924785796,0,65,65,65,0.5243626519855098,0.01995111071800582,0.14124840076264872,0,65,65,65,0.4270775184930451,0.0050167005079984565,0.07082867009903869,0,65,65,65,0.9627914712852604,0.0912182845858422,0.30202364905060364,0,65,65,65,0.41351459047243677,0.003803072309385643,0.0616690547145458,0,65,65,65,0.41351459047243677,0.003803072309385643,0.0616690547145458,0,65,65,65,1.2909773955323274,0.12490674689861864,0.74578491816912,0.23394960291002295,0.05473241670175743,0.7302910919606297
NE_China_Wind/H,short,chronos_t5_512,,,,,,,2.2761523723602295e-05,,,0,120,,{},,0,0,0,2880,0.0,0,0,0,,0,,0.0,0.10236154405637225,0.0269142715763002,0.16405569656766023,0,120,120,120,0.21765385745562119,0.028169316449702737,0.16783717243120708,0,120,120,120,0.25656536900267507,0.03653575548489344,0.191143285220521,0,120,120,120,0.836148767947459,3.0338126245216,1.741784322044954,0,120,120,120,0.495789436885017,0.2667305682214381,0.5164596482024885,0,120,120,120,0.5206749448748632,0.14477557226620158,0.38049385312538436,0,120,120,120,0.44202163035588704,0.2489188022595808,0.4989176307363579,0,120,120,120,0.44202163035588704,0.2489188022595808,0.4989176307363579,0,120,120,120,0.8322078490336116,0.39953287968674783,0.6256549316129245,0.4572101231287676,0.20904109669142282,0.3623620974066322
NE_China_Wind/H,short,chronos_bolt_512,,,,,,,2.4721026420593262e-05,,,0,120,,{},,0,0,0,2880,0.0,0,0,0,,0,,0.0,0.10462294257514482,0.02763648772364185,0.16624225613135143,0,120,120,120,0.2215440211767499,0.028473987888039478,0.16874237134768338,0,120,120,120,0.25945077816969603,0.03730823628228402,0.19315340090788982,0,120,120,120,0.9062449272404651,3.538433091550016,1.8810723249120476,0,120,120,120,0.49167761919460834,0.272436913732743,0.5219548962628313,0,120,120,120,0.5380960735993562,0.16258096312475273,0.4032132973064662,0,120,120,120,0.4662731534234054,0.3065129574486098,0.5536361236846904,0,120,120,120,0.4662731534234054,0.3065129574486098,0.5536361236846904,0,120,120,120,0.8322078490336116,0.39953287968674783,0.6465885586445885,0.4845103272874576,0.23475025724819926,0.4069276182030968
NE_China_Wind/H,short,chronos_bolt_max,,,,,,,1.9121915102005005e-05,,,0,120,,{},,0,0,0,2880,0.0,0,0,0,,0,,0.0,0.10236609543075567,0.03166360134813596,0.17794269119055145,0,120,120,120,0.21769782968783857,0.029340360020403737,0.17129027999394403,0,120,120,120,0.2546625487966686,0.03751308167114004,0.19368294109482137,0,120,120,120,0.8340838393408752,3.086476509585832,1.7568370754244207,0,120,120,120,0.49334922198980136,0.2593492177985027,0.5092634070876315,0,120,120,120,0.5332655848362043,0.16397755722088067,0.40494142443183145,0,120,120,120,0.4344991094706227,0.22204402442347518,0.47121547557723015,0,120,120,120,0.4344991094706227,0.22204402442347518,0.47121547557723015,0,120,120,120,0.8322078490336116,0.39953287968674783,0.6407841327805917,0.4865868843968047,0.2367667960669894,0.4104231855697249
NE_China_Wind/H,short,chronos2_max,,,,,,,2.0291656255722046e-05,,,0,120,,{},,0,0,0,2880,0.0,0,0,0,,0,,0.0,0.09862217484847818,0.02634234387373995,0.1623032466518768,0,120,120,120,0.21327451144590873,0.02885399023363272,0.16986462325520496,0,120,120,120,0.24958884316820504,0.03632758421443536,0.19059796487485212,0,120,120,120,0.8395209581137024,2.9575312284372726,1.7197474315832755,0,120,120,120,0.4869280155072874,0.26410680864536806,0.5139132306580246,0,120,120,120,0.504153004824227,0.14247238435432644,0.3774551421749695,0,120,120,120,0.4323027191544263,0.22744083901853182,0.47690757911626,0,120,120,120,0.4323027191544263,0.22744083901853182,0.47690757911626,0,120,120,120,0.8322078490336116,0.39953287968674783,0.6058017902735078,0.45355873849697936,0.2057155292669713,0.3565973956036643
NE_China_Wind/H,short,tsrag,all,False,False,t5,24,chronos_bolt_max,2.7753774281591177,,,0,120,test,{},,58.117945458739996,0,0,2880,0.0,120,1200,1200,100.0,534.1587904027136,0.4451323253355947,0.0,0.10519181089406553,0.028264878214208828,0.16812161733164724,0,120,120,120,0.22153057188277467,0.02912643267511512,0.1706646790496356,0,120,120,120,0.2597741630830374,0.037709195088573,0.1941885555035955,0,120,120,120,0.9037949164740425,3.3583467824886992,1.8325792704515402,0,120,120,120,0.4935253937017296,0.259885592057361,0.5097897527975244,0,120,120,120,0.5307497370347936,0.15147168714721873,0.389193637084702,0,120,120,120,0.4568584708390478,0.26866938803441054,0.5183332789185068,0,120,120,120,0.4568584708390478,0.26866938803441054,0.5183332789185068,0,120,120,120,0.8322078490336116,0.39953287968674783,0.6377610324765843,0.4676639826656851,0.2187096006827302,0.37912195678608357
NE_China_Wind/H,short,bayes_mixture,,,,,,chronos_bolt_max,2.7754492107778788,0.34375,30,0,120,,{},,0,0,0,2880,0.0,120,1200,1200,100.0,534.1587904027136,0.4451323253355947,0.0,0.09853055341693157,0.026169663806284264,0.16177040460567646,0,120,120,120,0.21269566864777717,0.028560177672979203,0.16899756706230773,0,120,120,120,0.24933422151882467,0.03636299939653324,0.19069084769997022,0,120,120,120,0.8436585653195475,3.0056894382473347,1.7336924289640694,0,120,120,120,0.48438241012961053,0.2557328718506591,0.5057003775464867,0,120,120,120,0.5052711813530525,0.14351559788879104,0.37883452573490584,0,120,120,120,0.43442003625499315,0.23251562987858385,0.4821987452063556,0,120,120,120,0.43442003625499315,0.23251562987858385,0.4821987452063556,0,120,120,120,0.8322078490336116,0.39953287968674783,0.6071454167847501,0.4552162373556336,0.20722182275222056,0.35920847866466926
NE_China_Wind/H,medium,chronos_t5_512,,,,,,,2.14502215385437e-05,,,0,40,,{},,0,0,0,2880,0.0,0,0,0,,0,,0.0,0.27968503062369077,0.09547913787022314,0.30899698683033,0,40,40,40,0.3818981416584494,0.05829497401721924,0.24144352138174932,0,40,40,40,0.4503168917805548,0.07689972760079096,0.27730800132847044,0,40,40,40,0.9956573059262912,1.2888004631836707,1.1352534797055989,0,40,40,40,0.725177195714007,0.26861781508328286,0.5182835276981923,0,40,40,40,0.9529112496723725,0.40456635941047364,0.6360553115967774,0,40,40,40,0.5655187902512727,0.16170687297446862,0.4021279311046034,0,40,40,40,0.5655187902512727,0.16170687297446862,0.4021279311046034,0,40,40,40,1.092497259593467,0.5857512612541707,0.8722321647076384,0.5822031185995489,0.3389604713070404,0.6906794507693312
NE_China_Wind/H,medium,chronos_bolt_512,,,,,,,2.1789222955703735e-05,,,0,40,,{},,0,0,0,2880,0.0,0,0,0,,0,,0.0,0.24594575188237341,0.093975538483307,0.3065542994043747,0,40,40,40,0.3588984280011371,0.0501662092118087,0.2239781444958608,0,40,40,40,0.4220174966745942,0.06784698438288231,0.26047453691845257,0,40,40,40,1.1558702963506051,2.202986067735386,1.484245959312467,0,40,40,40,0.6947395730045619,0.2862550652980696,0.5350280976715799,0,40,40,40,0.8916937176562261,0.3755025204240957,0.6127826045377722,0,40,40,40,0.6062446176950514,0.3185864695501328,0.5644346459512676,0,40,40,40,0.6062446176950514,0.3185864695501328,0.5644346459512676,0,40,40,40,1.092497259593467,0.5857512612541707,0.8161976699035725,0.5609008161409914,0.3146097255476302,0.6410613945928094
NE_China_Wind/H,medium,chronos_bolt_max,,,,,,,1.7430633306503296e-05,,,0,40,,{},,0,0,0,2880,0.0,0,0,0,,0,,0.0,0.26501795908671455,0.11493899208750528,0.33902653596364,0,40,40,40,0.3702274486537337,0.059555525558768994,0.24404000811090176,0,40,40,40,0.43233927454690846,0.07810071077096745,0.2794650439159922,0,40,40,40,0.8879908514205763,1.075726838717079,1.0371725211926313,0,40,40,40,0.7225779682838567,0.2648391482113187,0.5146252502659763,0,40,40,40,0.9416772869144727,0.44952323822888396,0.6704649418343095,0,40,40,40,0.5538556634566971,0.17170291234726553,0.41437050129958036,0,40,40,40,0.5538556634566971,0.17170291234726553,0.41437050129958036,0,40,40,40,1.092497259593467,0.5857512612541707,0.861949335474657,0.6136994266546706,0.3766269862762713,0.7674302523333804
NE_China_Wind/H,medium,chronos2_max,,,,,,,1.595914363861084e-05,,,0,40,,{},,0,0,0,2880,0.0,0,0,0,,0,,0.0,0.23818090185473673,0.08770370923667178,0.29614812043413646,0,40,40,40,0.3584252650220555,0.050606918215935694,0.22495981466905526,0,40,40,40,0.41660404630636966,0.06462197045589688,0.25420851766983904,0,40,40,40,0.9946270463216507,1.174173659365662,1.0835929398836364,0,40,40,40,0.6859695755461969,0.24586807181350762,0.495850856421069,0,40,40,40,0.8980169729633257,0.3626493753250548,0.6022037656184615,0,40,40,40,0.542289462222931,0.14553332602723615,0.38148830391931565,0,40,40,40,0.542289462222931,0.14553332602723615,0.38148830391931565,0,40,40,40,1.092497259593467,0.5857512612541707,0.8219855611331144,0.5512176440996746,0.3038408911667954,0.6191183857608342
NE_China_Wind/H,medium,tsrag,all,False,False,t5,24,chronos_bolt_max,2.3281568605452776,,,0,40,test,{},,57.74749925546348,0,0,2880,0.0,80,800,800,100.0,373.72275311072957,0.46715344138841197,0.0,0.2517377832637807,0.12284556577023802,0.3504933177255139,0,40,40,40,0.3554137105796447,0.05763646463145331,0.24007595596280215,0,40,40,40,0.4179593531509996,0.07704776237737879,0.2775747869987092,0,40,40,40,1.1607509945197567,1.9425385042555168,1.3937497997329065,0,40,40,40,0.6844390424370687,0.3009938890357756,0.5486290996983076,0,40,40,40,0.8902217150471989,0.40033077916718335,0.6327169818862011,0,40,40,40,0.5781197925162509,0.24862258536599607,0.49862068285019634,0,40,40,40,0.5781197925162509,0.24862258536599607,0.49862068285019634,0,40,40,40,1.092497259593467,0.5857512612541707,0.8148502957146662,0.5791474315657722,0.3354117474892308,0.6834484287921504
NE_China_Wind/H,medium,bayes_mixture,,,,,,chronos_bolt_max,2.328215392306447,0.5,10,0,40,,{},,0,0,0,2880,0.0,80,800,800,100.0,373.72275311072957,0.46715344138841197,0.0,0.23874542253766773,0.10078528429110505,0.31746698141870605,0,40,40,40,0.35101739022227574,0.05345978023059309,0.231213711164786,0,40,40,40,0.4111367090620018,0.06971202899933467,0.2640303562080214,0,40,40,40,1.050276143661747,1.405227762374865,1.185423030978758,0,40,40,40,0.6715893914812103,0.2666190632807928,0.5163516856569685,0,40,40,40,0.8806733880172868,0.3739672604763974,0.6115286260481985,0,40,40,40,0.5480916836357393,0.18757674270011965,0.43310130766383015,0,40,40,40,0.5480916836357393,0.18757674270011965,0.43310130766383015,0,40,40,40,1.092497259593467,0.5857512612541707,0.806110386350074,0.5597530068640689,0.31332342869336643,0.6384403845340156
NE_China_Wind/H,long,chronos_t5_512,,,,,,,1.878105103969574e-05,,,0,16,,{},,0,0,0,2688,0.0,0,0,0,,0,,0.0,0.324674678812385,0.049758828851150835,0.22306687080593307,0,16,16,16,0.43758834456699935,0.028829816415071683,0.16979345221495346,0,16,16,16,0.5299248349424561,0.04385434812359552,0.2094142978012617,0,16,16,16,1.2093893444249582,1.2047298019180017,1.0976018412511896,0,16,16,16,0.8320146073807821,0.2874932764381162,0.5361839949477383,0,16,16,16,1.1461175482576544,0.3451722523407116,0.587513618855522,0,16,16,16,0.5988308974138814,0.09689374125498962,0.31127759517027503,0,16,16,16,0.5988308974138814,0.09689374125498962,0.31127759517027503,0,16,16,16,1.3310720643183538,0.6787319478156216,0.861048457841826,0.44138377974027243,0.19481964101780933,0.5085545972185149
NE_China_Wind/H,long,chronos_bolt_512,,,,,,,2.7010217308998108e-05,,,0,16,,{},,0,0,0,2688,0.0,0,0,0,,0,,0.0,0.29338580127394515,0.05033315616756477,0.22435052076508485,0,16,16,16,0.40374620046090315,0.024558921453162845,0.15671286307499727,0,16,16,16,0.4997808694938487,0.04360488376191774,0.2088178243395849,0,16,16,16,1.0832835571886648,0.9968362032833811,0.998416848457287,0,16,16,16,0.7583729325864323,0.30099811626446693,0.5486329522225829,0,16,16,16,1.0639248023680525,0.2987765421206162,0.5466045573544153,0,16,16,16,0.5603856368143962,0.10254374018360808,0.3202245152757797,0,16,16,16,0.5603856368143962,0.10254374018360808,0.3202245152757797,0,16,16,16,1.3310720643183538,0.6787319478156216,0.7992991746189879,0.4106498603697563,0.16863330782170033,0.440198141670177
NE_China_Wind/H,long,chronos_bolt_max,,,,,,,1.5052035450935364e-05,,,0,16,,{},,0,0,0,2688,0.0,0,0,0,,0,,0.0,0.35106010456494086,0.05264602158231756,0.22944720870456795,0,16,16,16,0.4530731136675015,0.025512436168909317,0.15972612863557833,0,16,16,16,0.5547592838754156,0.04330224151897691,0.20809190642352457,0,16,16,16,1.0508513526926322,0.8306146806345485,0.9113806453038974,0,16,16,16,0.8280017513999345,0.24968224911550388,0.4996821480856644,0,16,16,16,1.2605794159420194,0.666162271514605,0.8161876447941399,0,16,16,16,0.6125341777667588,0.09400845722397672,0.30660798623645913,0,16,16,16,0.6125341777667588,0.09400845722397672,0.30660798623645913,0,16,16,16,1.3310720643183538,0.6787319478156216,0.947040697295053,0.6131806584131958,0.3759905198520403,0.981480647343226
NE_China_Wind/H,long,chronos2_max,,,,,,,1.4780089259147644e-05,,,0,16,,{},,0,0,0,2688,0.0,0,0,0,,0,,0.0,0.32159509332523484,0.054410862118667316,0.23326136010635648,0,16,16,16,0.4365320577879694,0.028569857362846694,0.16902620318414152,0,16,16,16,0.5253232729669857,0.04563055220448867,0.21361308996521883,0,16,16,16,1.1978937624108181,1.168256706455098,1.0808592445157224,0,16,16,16,0.7967294482945612,0.27544283177075307,0.5248264777721805,0,16,16,16,1.1842643598823355,0.5407574952728402,0.7353621524615203,0,16,16,16,0.6048207558572622,0.10898822582343456,0.3301336484265646,0,16,16,16,0.6048207558572622,0.10898822582343456,0.3301336484265646,0,16,16,16,1.3310720643183538,0.6787319478156216,0.889707170354297,0.5524585574095882,0.30521045765508326,0.7967173153012354
NE_China_Wind/H,long,tsrag,all,False,False,t5,24,chronos_bolt_max,1.6892993561923504,,,0,16,test,{},,56.45822196826339,0,0,2688,0.0,48,480,480,100.0,226.86209598819602,0.47262936664207505,0.0,0.2995926307759718,0.041985097173780156,0.20490265292030788,0,16,16,16,0.4212405349304996,0.019676885441121336,0.1402743221018064,0,16,16,16,0.5168361725268469,0.03247300154377125,0.1802026679707358,0,16,16,16,1.133655757870827,0.6883391073579022,0.8296620440624617,0,16,16,16,0.8154428882826529,0.3283421094677888,0.5730114392119836,0,16,16,16,1.1188140251289174,0.2829670572398638,0.5319464796761643,0,16,16,16,0.5924119483795015,0.10277607951222002,0.32058708569157934,0,16,16,16,0.5924119483795015,0.10277607951222002,0.32058708569157934,0,16,16,16,1.3310720643183538,0.6787319478156216,0.8405360274027429,0.3996376258926114,0.15971023202908283,0.416905463416807
NE_China_Wind/H,long,bayes_mixture,,,,,,chronos_bolt_max,1.689355356618762,0.5,4,0,16,,{},,0,0,0,2688,0.0,48,480,480,100.0,226.86209598819602,0.47262936664207505,0.0,0.30184567695169073,0.045609074871522715,0.21356281247333936,0,16,16,16,0.42438418977153125,0.022561421848066705,0.15020459995641514,0,16,16,16,0.514852262590713,0.036772824656914185,0.1917624172170193,0,16,16,16,1.145290004805347,0.8380868059822725,0.9154708111033756,0,16,16,16,0.7996914631569618,0.295987532630283,0.5440473624881229,0,16,16,16,1.1390677504700455,0.36628369982075726,0.6052137637403476,0,16,16,16,0.5927862071847716,0.10275840176492644,0.32055951360851304,0,16,16,16,0.5927862071847716,0.10275840176492644,0.32055951360851304,0,16,16,16,1.3310720643183538,0.6787319478156216,0.855752127179805,0.4546814405952389,0.20673521242176177,0.5396588461756904
Australia_Solar/H,short,chronos_t5_512,,,,,,,3.130920231342316e-05,,,0,312,,{},,0,0,0,6271,0.0,0,0,0,,0,,0.0,68848675307.11127,7.488383004937861e+21,86535443634.02698,0,312,312,315,181641.00429446867,16801374600.70129,129620.11649702098,0,312,312,315,218144.10958807849,21261822759.135674,145814.3434615939,0,312,312,315,3940.4927825455566,274204707.7596745,16559.127626770514,0,312,312,315,0.8365341660816682,0.039759507112145515,0.19939786135298823,0,312,312,315,3.350774106177481,4.964688128995492,2.2281580125735005,0,312,312,315,0.8459104730406404,0.7705326271925312,0.8777998787836162,0,312,312,315,0.8459104730406404,0.7705326271925312,0.8777998787836162,0,312,312,315,1.235468758758717,0.9323109223171446,2.712147986278523,1.8034919918267658,3.2525833645832756,5.3251420852781255
Australia_Solar/H,short,chronos_bolt_512,,,,,,,3.3291056752204895e-05,,,0,312,,{},,0,0,0,6271,0.0,0,0,0,,0,,0.0,25707114900.519558,4.3479564503780635e+21,65939035861.756905,0,312,312,315,80444.0003039265,7483362621.310349,86506.43109798456,0,312,312,315,105319.93492886773,14614826207.098623,120891.7954498924,0,312,312,315,94.83321756411809,223404.33464370156,472.65667735016876,0,312,312,315,0.5645072215417303,0.08089529012274453,0.28442097342274975,0,312,312,315,1.1014037065918758,0.6983229834083701,0.835657216452039,0,312,312,315,0.32883229913844136,0.2267722514562739,0.4762061018679558,0,312,312,315,0.32883229913844136,0.2267722514562739,0.4762061018679558,0,312,312,315,1.235468758758717,0.9323109223171446,0.8914864894669314,0.6763887880836655,0.45750179264528973,0.7490237073194143
Australia_Solar/H,short,chronos_bolt_max,,,,,,,2.9528513550758362e-05,,,0,312,,{},,0,0,0,6271,0.0,0,0,0,,0,,0.0,24319664550.370846,3.553141507409618e+21,59608233553.84403,0,312,312,315,79146.92921472357,6854805116.440597,82793.7504672943,0,312,312,315,103897.67697193364,13524937270.206581,116296.76379937053,0,312,312,315,84.32508620415449,374892.26718780055,612.2844659043708,0,312,312,315,0.5580476205773874,0.07461274542664047,0.2731533368396595,0,312,312,315,1.1027190648704128,0.682107698179838,0.8258981161013979,0,312,312,315,0.33678537717794155,0.23777436428407603,0.48762112780731315,0,312,312,315,0.33678537717794155,0.23777436428407603,0.48762112780731315,0,312,312,315,1.235468758758717,0.9323109223171446,0.892551152793472,0.6684896807355799,0.44687845324995745,0.731631134905663
Australia_Solar/H,short,chronos2_max,,,,,,,2.886168658733368e-05,,,0,312,,{},,0,0,0,6271,0.0,0,0,0,,0,,0.0,25681174544.70368,4.1616421235959744e+21,64510790753.14435,0,312,312,315,80595.98714915852,7295915104.769445,85416.12906687733,0,312,312,315,105275.90633899442,14598158089.20695,120822.83761444667,0,312,312,315,201.88878819277178,620255.2842915598,787.5628764051539,0,312,312,315,0.5864106341409033,0.06576574761281985,0.25644833322293176,0,312,312,315,1.0930296139173517,0.6515672863634365,0.8071971793579538,0,312,312,315,0.31792640636188935,0.21260299916394823,0.4610889276093585,0,312,312,315,0.31792640636188935,0.21260299916394823,0.4610889276093585,0,312,312,315,1.235468758758717,0.9323109223171446,0.8847084203209842,0.6533529671514718,0.4268700996856323,0.6988733809361
Australia_Solar/H,short,tsrag,all,False,False,t5,24,chronos_bolt_max,8.758774317800999,,,207,312,test,"{""nonfinite_prediction"": 207}",,200.11236957646906,0,13440,6271,0.0,315,3150,3150,100.0,1262.8628783876657,0.4009088502817986,0.6634615384615384,25811635880.82513,4.4860776633011934e+21,66978187966.68952,0,312,312,315,80391.19054594217,7538392884.643208,86823.91885098949,0,312,312,315,105247.17762953155,14734667481.84296,121386.43862410232,0,312,312,315,78.64730305425716,356488.1842218845,597.0663147606675,0,312,312,315,0.5682604733875846,0.08159869304554039,0.2856548495046783,0,312,312,315,1.1125118967656111,0.7147201259334333,0.8454112170615157,0,312,312,315,0.343296780778546,0.25269371404205376,0.5026864967771203,0,312,312,315,0.343296780778546,0.25269371404205376,0.5026864967771203,0,312,312,315,1.235468758758717,0.9323109223171446,0.9004775627700684,0.6842837676534254,0.46824427467396706,0.7666113405140464
Australia_Solar/H,short,bayes_mixture,,,,,,chronos_bolt_max,8.758863100782037,0.34579439252336447,105,0,312,,{},,0,0,0,6271,0.0,315,3150,3150,100.0,1262.8628783876657,0.4009088502817986,0.0,24262939025.494534,4.02801237170313e+21,63466624076.77858,0,312,312,315,76723.23941285131,7080557613.416197,84146.04930367318,0,312,312,315,101143.96637170692,14032837092.09355,118460.27643093506,0,312,312,315,141.80310235788895,380414.0040017301,616.7771104716275,0,312,312,315,0.547502750526058,0.07136194800663892,0.2671365718254221,0,312,312,315,1.0423707384876677,0.6536300664447705,0.8084739120372224,0,312,312,315,0.3133125078228224,0.22285913388007417,0.47207958426527424,0,312,312,315,0.3133125078228224,0.22285913388007417,0.47207958426527424,0,312,312,315,1.235468758758717,0.9323109223171446,0.8437046514514409,0.6543863665557202,0.42822151673399744,0.7010859261631871
Australia_Solar/H,medium,chronos_t5_512,,,,,,,2.5328248739242554e-05,,,0,105,,{},,0,0,0,6271,0.0,0,0,0,,0,,0.0,91342721405.23874,9.211421707841299e+21,95976151766.16168,0,105,105,105,212199.47624817878,20828640846.99488,144321.31113246887,0,105,105,105,261743.67821736753,22832968318.481907,151105.81828136832,0,105,105,105,5033.652072372942,199613130.0480593,14128.451084533623,0,105,105,105,0.8732475946090995,0.026365695546442344,0.16237516911905694,0,105,105,105,3.921407662921664,6.492352388217791,2.548009495315469,0,105,105,105,0.900387222978256,0.4843142809994674,0.6959269221688922,0,105,105,105,0.900387222978256,0.4843142809994674,0.6959269221688922,0,105,105,105,1.3589947306642882,0.6875907422688505,2.885520873951326,1.874922277343916,3.5153335460804964,9.442175394617598
Australia_Solar/H,medium,chronos_bolt_512,,,,,,,2.3700296878814697e-05,,,0,105,,{},,0,0,0,6271,0.0,0,0,0,,0,,0.0,27293687292.480503,2.1505381030526994e+21,46373894628.90409,0,105,105,105,84743.20165618895,4694164570.921425,68513.9735449742,0,105,105,105,124305.44437326014,11841843791.646835,108820.23613118488,0,105,105,105,59.315661890678946,24687.91212780121,157.12387510433038,0,105,105,105,0.5790807451799983,0.06180697285614588,0.2486100819680205,0,105,105,105,1.2044003048193626,0.4208240633273926,0.6487095369480802,0,105,105,105,0.30093253611959103,0.06613572943660027,0.25716867895721723,0,105,105,105,0.30093253611959103,0.06613572943660027,0.25716867895721723,0,105,105,105,1.3589947306642882,0.6875907422688505,0.886243542850708,0.47734514513605614,0.2278583875849625,0.6120269478015293
Australia_Solar/H,medium,chronos_bolt_max,,,,,,,2.1070241928100586e-05,,,0,105,,{},,0,0,0,6271,0.0,0,0,0,,0,,0.0,25772969698.900326,1.711184618142455e+21,41366467315.235596,0,105,105,105,82552.68429021828,4065849626.1184316,63764.015134858244,0,105,105,105,122263.73411920312,10824549018.12913,104041.09293028947,0,105,105,105,84.29859964289933,95054.34979564232,308.308854552772,0,105,105,105,0.5704756925348026,0.05724256627085321,0.23925418757224126,0,105,105,105,1.1872985525551225,0.4203066477910064,0.6483106105803038,0,105,105,105,0.30117276481889876,0.08065976920735153,0.28400663585091024,0,105,105,105,0.30117276481889876,0.08065976920735153,0.28400663585091024,0,105,105,105,1.3589947306642882,0.6875907422688505,0.8736594232229001,0.4770515999450594,0.22757822901014108,0.6112744427071779
Australia_Solar/H,medium,chronos2_max,,,,,,,2.067163586616516e-05,,,0,105,,{},,0,0,0,6271,0.0,0,0,0,,0,,0.0,28984572396.4938,2.726020278518555e+21,52211304125.81699,0,105,105,105,86466.61260185778,5519380958.061437,74292.53635501642,0,105,105,105,125407.8798295734,13257436073.145075,115140.94003934949,0,105,105,105,221.11303792892366,243934.40982213995,493.8971652299089,0,105,105,105,0.6062467942156212,0.05353748386418456,0.23138168437494044,0,105,105,105,1.2043388950246037,0.4267355772797978,0.6532500113125126,0,105,105,105,0.289275170438615,0.05625791010381837,0.2371874998894722,0,105,105,105,0.289275170438615,0.05625791010381837,0.2371874998894722,0,105,105,105,1.3589947306642882,0.6875907422688505,0.8861983551885536,0.4806861988296293,0.2310592217452779,0.6206243787862731
Australia_Solar/H,medium,tsrag,all,False,False,t5,24,chronos_bolt_max,4.578490220010281,,,70,105,test,"{""nonfinite_prediction"": 70}",,199.25919613055885,0,4480,6271,0.0,140,1400,1400,100.0,538.6904554293745,0.38477889673526755,0.6666666666666666,27560578576.024284,2.371584656975159e+21,48698918437.42691,0,105,105,105,83925.58215316538,4718344303.881038,68690.20529799745,0,105,105,105,123951.25331329419,12196665378.08786,110438.51401611604,0,105,105,105,77.48524215182135,88881.21060782827,298.1295198530804,0,105,105,105,0.5791387760435004,0.0624087430125826,0.24981741935378043,0,105,105,105,1.1981977221419928,0.44928488934520544,0.6702871693126801,0,105,105,105,0.304701612651917,0.08341544185049697,0.28881731570405705,0,105,105,105,0.304701612651917,0.08341544185049697,0.28881731570405705,0,105,105,105,1.3589947306642882,0.6875907422688505,0.8816794466570915,0.4932227875416691,0.24326871815037449,0.6534190496263741
Australia_Solar/H,medium,bayes_mixture,,,,,,chronos_bolt_max,4.578571854159236,0.35135135135135137,35,0,105,,{},,0,0,0,6271,0.0,140,1400,1400,100.0,538.6904554293745,0.38477889673526755,0.0,26770147327.27742,2.1802810205903119e+21,46693479422.616516,0,105,105,105,81814.62829405347,4925785059.25085,70183.93733077997,0,105,105,105,120947.45601990918,12141860209.589546,110190.1094000253,0,105,105,105,152.8131942200682,134335.77067979795,366.51844521087605,0,105,105,105,0.558692102264604,0.05884241143224661,0.24257454819549104,0,105,105,105,1.1431114479155893,0.4154278609744179,0.6445369353065951,0,105,105,105,0.28093421677398933,0.06346971898220344,0.25193197292563607,0,105,105,105,0.28093421677398933,0.06346971898220344,0.25193197292563607,0,105,105,105,1.3589947306642882,0.6875907422688505,0.8411448713688733,0.4742747861807675,0.22493657280681278,0.6041789620430696
Australia_Solar/H,long,chronos_t5_512,,,,,,,2.084299921989441e-05,,,0,45,,{},,0,0,0,6271,0.0,0,0,0,,0,,0.0,93766526687.14233,7.541257013730962e+21,86840411178.9607,0,45,45,45,216133.96168740749,16324233159.903738,127766.32247937536,0,45,45,45,272448.59456432617,19538290007.065727,139779.4334194617,0,45,45,45,5386.343273388099,120284693.54173866,10967.437874988791,0,45,45,45,0.8876821644923335,0.017596270836603152,0.1326509360562644,0,45,45,45,4.0940771002539735,6.072494204020618,2.4642431300544634,0,45,45,45,0.9061454217346883,0.385039392306918,0.6205154247131316,0,45,45,45,0.9061454217346883,0.385039392306918,0.6205154247131316,0,45,45,45,1.2762842341465261,0.42093784470046247,3.20780982066409,1.9307949311952022,3.727969066329085,14.426106562933962
Australia_Solar/H,long,chronos_bolt_512,,,,,,,2.162158489227295e-05,,,0,45,,{},,0,0,0,6271,0.0,0,0,0,,0,,0.0,25750113645.67511,1.0986281195916064e+21,33145559575.78038,0,45,45,45,83375.44020281172,3082489282.6698804,55520.17005260233,0,45,45,45,129366.53268801009,9014413865.957127,94944.26715688065,0,45,45,45,87.94573425115041,23376.386905499046,152.89338411291394,0,45,45,45,0.5933291883436185,0.05808001994895319,0.24099796669049553,0,45,45,45,1.2498315239719093,0.5064851244110019,0.7116776829513498,0,45,45,45,0.2858951531492315,0.03785400726141175,0.19456106306610207,0,45,45,45,0.2858951531492315,0.03785400726141175,0.19456106306610207,0,45,45,45,1.2762842341465261,0.42093784470046247,0.9792736527907467,0.5576169194217628,0.3109366288254167,1.203230193691457
Australia_Solar/H,long,chronos_bolt_max,,,,,,,1.6750767827033997e-05,,,0,45,,{},,0,0,0,6271,0.0,0,0,0,,0,,0.0,24593359652.99098,1.056156042476353e+21,32498554467.489056,0,45,45,45,81252.48306159645,3011817088.5369034,54880.02449468207,0,45,45,45,125718.30516024062,8788267400.627592,93745.75937410498,0,45,45,45,118.68763604987079,61825.398496033595,248.6471365128374,0,45,45,45,0.5791812290901716,0.0446424500985182,0.2112876004372197,0,45,45,45,1.201433091645914,0.3612710063923768,0.6010582387692367,0,45,45,45,0.27576046945479454,0.03129168095630467,0.17689454755956915,0,45,45,45,0.27576046945479454,0.03129168095630467,0.17689454755956915,0,45,45,45,1.2762842341465261,0.42093784470046247,0.9413522940282448,0.4709438718180006,0.22178813040292944,0.8582526160114106
Australia_Solar/H,long,chronos2_max,,,,,,,1.6489997506141663e-05,,,0,45,,{},,0,0,0,6271,0.0,0,0,0,,0,,0.0,29006789744.52718,2.370366166870106e+21,48686406386.89722,0,45,45,45,84644.9899489101,3769041062.0196247,61392.51633562209,0,45,45,45,131066.96875230703,11828239446.608955,108757.70982605765,0,45,45,45,237.3803607628764,175893.8905776062,419.397055995397,0,45,45,45,0.6057822843463069,0.04271299949869684,0.20667123529581188,0,45,45,45,1.2377370993742693,0.33103245139654,0.5753541964707827,0,45,45,45,0.27506751483292863,0.021735837133151154,0.14743078760269565,0,45,45,45,0.27506751483292863,0.021735837133151154,0.14743078760269565,0,45,45,45,1.2762842341465261,0.42093784470046247,0.9697973744868564,0.4508041242517833,0.20322435844241726,0.7864164640081274
Australia_Solar/H,long,tsrag,all,False,False,t5,24,chronos_bolt_max,2.8820445481687784,,,30,45,test,"{""nonfinite_prediction"": 30}",,198.59676890447736,0,1920,6271,0.0,75,750,750,100.0,305.35497594490965,0.4071399679265462,0.6666666666666666,26160203837.448895,1.2894946510153093e+21,35909534263.41407,0,45,45,45,81045.27263174178,3031966949.236568,55063.29947648041,0,45,45,45,128404.05392598154,9672602772.822517,98349.39131902403,0,45,45,45,123.32788604721594,65046.89032896052,255.04291860187087,0,45,45,45,0.5894584099065349,0.050495816200525546,0.2247127415179779,0,45,45,45,1.1998648684038236,0.36449014320221024,0.6037301907327562,0,45,45,45,0.2758298747311595,0.03175458419939614,0.17819815992146534,0,45,45,45,0.2758298747311595,0.03175458419939614,0.17819815992146534,0,45,45,45,1.2762842341465261,0.42093784470046247,0.9401235526553334,0.4730374117145475,0.22376439288159833,0.8659001507967995
Australia_Solar/H,long,bayes_mixture,,,,,,chronos_bolt_max,2.882122026756406,0.35294117647058826,15,0,45,,{},,0,0,0,6271,0.0,75,750,750,100.0,305.35497594490965,0.4071399679265462,0.0,26475936239.22052,1.5812148948512048e+21,39764492890.65818,0,45,45,45,80046.91593284441,3356989622.616512,57939.534193989784,0,45,45,45,126676.60269634108,10428974568.533865,102122.35097437713,0,45,45,45,138.50609179597902,69541.78028649172,263.70775545381997,0,45,45,45,0.556149428177223,0.04945331330754496,0.22238100932306465,0,45,45,45,1.1685848727038284,0.3360015370844851,0.5796563957073925,0,45,45,45,0.2624806254370516,0.024234209105249323,0.15567340526001647,0,45,45,45,0.2624806254370516,0.024234209105249323,0.15567340526001647,0,45,45,45,1.2762842341465261,0.42093784470046247,0.915614908841432,0.4541750028707508,0.20627493323264645,0.7982212607269425
epf_electricity_price/H,short,chronos_t5_512,,,,,,,4.534982144832611e-05,,,0,525,,{},,0,0,0,12600,0.0,0,0,0,,0,,0.0,160.4158650700959,394044.66303494043,627.7297691164092,0,525,525,525,6.495528086332937,59.0783789696888,7.6862460908878525,0,525,525,525,8.187307989496285,93.38385295522617,9.663532115910112,0,525,525,525,1.2746931370563435,316.6813098776675,17.79554185400567,0,525,525,525,0.16327246380288632,0.04556262511156513,0.21345403512598474,0,525,525,525,1.0270833160886188,1.149954792440912,1.0723594511360974,0,525,525,525,0.1664734997948475,0.0719140485251034,0.2681679483553234,0,525,525,525,0.1664734997948475,0.0719140485251034,0.2681679483553234,0,525,525,525,1.4287668259022852,1.4925386582068707,0.7188599969347707,0.7505489571112405,0.5633237370207707,0.770469016743903
epf_electricity_price/H,short,chronos_bolt_512,,,,,,,4.295073449611664e-05,,,0,525,,{},,0,0,0,12600,0.0,0,0,0,,0,,0.0,125.44485854759782,117921.16779242332,343.39651686122755,0,525,525,525,6.21505464765258,37.581495144308334,6.1303747963977155,0,525,525,525,7.806042766585181,64.51055487384099,8.031846292966579,0,525,525,525,1.1764853218194276,207.04437308477029,14.389036558601493,0,525,525,525,0.15957237541041738,0.0396371311579216,0.19909076110638987,0,525,525,525,0.9712647264074903,0.6884370864171285,0.8297210895337833,0,525,525,525,0.16049837032669617,0.058640364302853375,0.24215772608540362,0,525,525,525,0.16049837032669617,0.058640364302853375,0.24215772608540362,0,525,525,525,1.4287668259022852,1.4925386582068707,0.6797923277607764,0.5807253321477446,0.33724191139810833,0.4612524323116788
epf_electricity_price/H,short,chronos_bolt_max,,,,,,,3.718025982379913e-05,,,0,525,,{},,0,0,0,12600,0.0,0,0,0,,0,,0.0,126.75292173457245,116463.25226292576,341.2671274279516,0,525,525,525,6.28867553629602,38.952920789428525,6.241227506623078,0,525,525,525,7.88186156591133,64.62917999038226,8.039227574237605,0,525,525,525,1.194340816639778,184.15950630868053,13.570538173141127,0,525,525,525,0.16053833797009165,0.04192335613857975,0.20475193805817749,0,525,525,525,0.9865224365484573,0.7351560572362867,0.8574124195719857,0,525,525,525,0.1631083816840954,0.06046433116863871,0.24589495962430524,0,525,525,525,0.1631083816840954,0.06046433116863871,0.24589495962430524,0,525,525,525,1.4287668259022852,1.4925386582068707,0.6904712642144776,0.6001066122392072,0.3601279460532183,0.49255411455774284
epf_electricity_price/H,short,chronos2_max,,,,,,,3.9029866456985474e-05,,,0,525,,{},,0,0,0,12600,0.0,0,0,0,,0,,0.0,124.5274578803478,138984.71696779408,372.80654094019604,0,525,525,525,6.070351187498383,38.54798669608443,6.208702496986342,0,525,525,525,7.630915264633681,66.29659010432846,8.142271802410459,0,525,525,525,1.2406966993905804,204.3299167308637,14.294401587015235,0,525,525,525,0.15777923055131643,0.041677956823267734,0.20415179848159,0,525,525,525,0.9582914513423078,0.7793896062712813,0.8828304515994457,0,525,525,525,0.16096608660911177,0.07099198545226228,0.2664432124342114,0,525,525,525,0.16096608660911177,0.07099198545226228,0.2664432124342114,0,525,525,525,1.4287668259022852,1.4925386582068707,0.6707122771675035,0.617896801349602,0.3817964571180696,0.5221905657087881
epf_electricity_price/H,short,tsrag,all,False,False,t5,168,chronos_bolt_max,20.461074160411954,,,0,525,test,{},,459.1857440508902,0,0,12600,0.0,525,5250,3567,67.94285714285714,1834.0589427897871,0.349344560531388,0.0,124.72130865283874,118651.6145833833,344.45843665583703,0,525,525,525,6.160324062194735,37.61715855441294,6.133282852959982,0,525,525,525,7.755948337288081,64.56657404215701,8.035332851982986,0,525,525,525,1.0978695753639833,166.21018990172865,12.892253096403618,0,525,525,525,0.15589538204137024,0.03665306698002435,0.19144990723430594,0,525,525,525,0.9606227571238842,0.6692181285007133,0.818057533735075,0,525,525,525,0.15852602926827322,0.05859786353372928,0.24206995586757413,0,525,525,525,0.15852602926827322,0.05859786353372928,0.24206995586757413,0,525,525,525,1.4287668259022852,1.4925386582068707,0.6723439680349789,0.5725619596594852,0.32782719764911,0.44837574210956044
epf_electricity_price/H,short,bayes_mixture,,,,,,chronos_bolt_max,20.461197439581156,0.45351043643263755,525,0,525,,{},,0,0,0,12600,0.0,525,5250,3567,67.94285714285714,1834.0589427897871,0.349344560531388,0.0,121.69241957084992,125478.78136595532,354.2298425682897,0,525,525,525,6.019981150744291,37.232787444060016,6.101867537406889,0,525,525,525,7.574475048701286,64.3197473074516,8.019959308341384,0,525,525,525,1.1603188578471118,186.09441386880897,13.641642638216593,0,525,525,525,0.154773600711983,0.03853882699459862,0.1963130841146321,0,525,525,525,0.9438192349966575,0.7050714388101127,0.8396853213020415,0,525,525,525,0.15731265908729278,0.06424187784417623,0.25345981504801945,0,525,525,525,0.15731265908729278,0.06424187784417623,0.25345981504801945,0,525,525,525,1.4287668259022852,1.4925386582068707,0.6605831111739476,0.587699340493694,0.3453905148167229,0.4723974383733433
epf_electricity_price/H,medium,chronos_t5_512,,,,,,,2.761930227279663e-05,,,0,175,,{},,0,0,0,12600,0.0,0,0,0,,0,,0.0,240.67600726529878,539035.26718309,734.1902118545916,0,175,175,175,8.379853132689991,80.70597146849211,8.983650230752092,0,175,175,175,10.856366132224661,122.81532166838413,11.082207436624895,0,175,175,175,1.7627073686910213,132.32164328921897,11.503114503873244,0,175,175,175,0.20721092605700342,0.05650250699085436,0.23770255991649386,0,175,175,175,1.345190200405999,1.585597737627521,1.2592052007625767,0,175,175,175,0.20596258556589903,0.08132052077717307,0.28516753107107595,0,175,175,175,0.20596258556589903,0.08132052077717307,0.28516753107107595,0,175,175,175,1.8635230783637327,2.1638735496972785,0.7218532552798562,0.6757121579992572,0.45658692046801314,0.7327589626710594
epf_electricity_price/H,medium,chronos_bolt_512,,,,,,,2.601929008960724e-05,,,0,175,,{},,0,0,0,12600,0.0,0,0,0,,0,,0.0,189.47702536316947,199842.76549357185,447.03776741296906,0,175,175,175,7.748101466032011,44.57864829418615,6.676724368594689,0,175,175,175,10.165857414969867,86.13236838167161,9.28075257625542,0,175,175,175,1.6609614559317294,93.18154537680813,9.653058861149047,0,175,175,175,0.19461358613010013,0.03946744898350431,0.19866416129615405,0,175,175,175,1.22743631347131,0.7995248527063644,0.8941615361367119,0,175,175,175,0.1894713952923139,0.043981715471155654,0.20971818106963366,0,175,175,175,0.1894713952923139,0.043981715471155654,0.20971818106963366,0,175,175,175,1.8635230783637327,2.1638735496972785,0.658664401703606,0.47982316211604464,0.2302302669030401,0.36948778860863485
epf_electricity_price/H,medium,chronos_bolt_max,,,,,,,2.3271888494491577e-05,,,0,175,,{},,0,0,0,12600,0.0,0,0,0,,0,,0.0,196.4116947688917,213583.72570078482,462.151193551185,0,175,175,175,7.84883700142659,49.060783871503226,7.004340359484484,0,175,175,175,10.306024047371976,90.1975631038822,9.497239762366863,0,175,175,175,1.6921039685285368,89.25422412394046,9.447445375546792,0,175,175,175,0.19447806637929518,0.04477454510294947,0.211599964799027,0,175,175,175,1.2501886284244879,0.9315273228992542,0.9651566312776669,0,175,175,175,0.19352433860652962,0.053903462326492846,0.23217119185310836,0,175,175,175,0.19352433860652962,0.053903462326492846,0.23217119185310836,0,175,175,175,1.8635230783637327,2.1638735496972785,0.670873703116259,0.5179204070416574,0.2682415480301961,0.43049064629010925
epf_electricity_price/H,medium,chronos2_max,,,,,,,2.3931264877319336e-05,,,0,175,,{},,0,0,0,12600,0.0,0,0,0,,0,,0.0,191.3619352951215,237833.412477362,487.68167125427425,0,175,175,175,7.605481901129796,47.54335593669286,6.895169028870348,0,175,175,175,10.009415414020056,91.17353836469921,9.548483563618843,0,175,175,175,1.7642298199276083,97.23748538871344,9.860906925263691,0,175,175,175,0.19026082722149804,0.04208009293786906,0.20513432900874748,0,175,175,175,1.209757884715994,0.8923251526186987,0.94462963780452,0,175,175,175,0.18774633130330584,0.051957674290870864,0.22794226087075398,0,175,175,175,0.18774633130330584,0.051957674290870864,0.22794226087075398,0,175,175,175,1.8635230783637327,2.1638735496972785,0.6491778388804407,0.5069052531584167,0.2569529356795986,0.4123739821781791
epf_electricity_price/H,medium,tsrag,all,False,False,t5,168,chronos_bolt_max,15.2591756246984,,,0,175,test,{},,458.79501876048744,0,0,12600,0.0,350,3500,2431,69.45714285714286,1159.3518601702756,0.33124338862007874,0.0,189.17850981506686,210757.53596280183,459.0833649380054,0,175,175,175,7.69610629082554,44.4245346436621,6.665173264339202,0,175,175,175,10.127931767544867,86.60350792702233,9.3061005758063,0,175,175,175,1.6543134806682773,81.23703167953003,9.01315880696274,0,175,175,175,0.19113540423936626,0.036777313952061914,0.1917741222168985,0,175,175,175,1.2167505131362333,0.7904915678389641,0.8890959272423669,0,175,175,175,0.1883347150149449,0.04534865746791909,0.21295224222327197,0,175,175,175,0.1883347150149449,0.04534865746791909,0.21295224222327197,0,175,175,175,1.8635230783637327,2.1638735496972785,0.6529302090557427,0.4771048652764944,0.2276290524705019,0.3653131986153037
epf_electricity_price/H,medium,bayes_mixture,,,,,,chronos_bolt_max,15.259276326745749,0.384180790960452,175,0,175,,{},,0,0,0,12600,0.0,350,3500,2431,69.45714285714286,1159.3518601702756,0.33124338862007874,0.0,186.84459872545008,223124.02975679035,472.3600636768421,0,175,175,175,7.538916990522828,45.056622266318655,6.712422980289506,0,175,175,175,9.942274213594903,87.99578218713594,9.380606706772006,0,175,175,175,1.7188960882661013,90.74661127283518,9.526101577919226,0,175,175,175,0.1881319966544645,0.03879348218469612,0.19696061074411836,0,175,175,175,1.195364871357847,0.8106365192860494,0.9003535523815349,0,175,175,175,0.18529522401251752,0.04791008724919491,0.2188837299782579,0,175,175,175,0.18529522401251752,0.04791008724919491,0.2188837299782579,0,175,175,175,1.8635230783637327,2.1638735496972785,0.6414542890488042,0.4831459093987131,0.23342996976870953,0.3746228698989624
epf_electricity_price/H,long,chronos_t5_512,,,,,,,2.329982817173004e-05,,,0,75,,{},,0,0,0,12600,0.0,0,0,0,,0,,0.0,281.9217119999291,357357.83133429615,597.7941379223254,0,75,75,75,9.469496940299063,68.28093450148238,8.263227850028242,0,75,75,75,12.948057193288744,114.26952691925266,10.689692554945285,0,75,75,75,1.8211701673938017,53.938858387896474,7.344307890325437,0,75,75,75,0.23174531706687815,0.06208851396378939,0.24917566888400117,0,75,75,75,1.5273473112006393,1.2367778542305994,1.1121051453125281,0,75,75,75,0.22113628753312048,0.04910274235661802,0.22159138601628453,0,75,75,75,0.22113628753312048,0.04910274235661802,0.22159138601628453,0,75,75,75,1.9954916176600113,2.061898174629208,0.765399011293099,0.5573088533524508,0.3105931580250236,0.599824894094496
epf_electricity_price/H,long,chronos_bolt_512,,,,,,,2.2720545530319214e-05,,,0,75,,{},,0,0,0,12600,0.0,0,0,0,,0,,0.0,217.17406235926384,107849.67344718176,328.40474029340953,0,75,75,75,8.628594643283222,30.495708739658113,5.522291982470513,0,75,75,75,11.986339582697461,73.50172576752384,8.573314747956232,0,75,75,75,1.6455886691054635,36.612193895854126,6.050801095380192,0,75,75,75,0.21606527535351697,0.03305293478152126,0.18180466105554408,0,75,75,75,1.4208430272143524,0.7993981093604458,0.8940906605934578,0,75,75,75,0.2025247258978307,0.020960275005748263,0.14477663832866222,0,75,75,75,0.2025247258978307,0.020960275005748263,0.14477663832866222,0,75,75,75,1.9954916176600113,2.061898174629208,0.7120265575860882,0.44805533267130543,0.2007535811351942,0.38770009072063016
epf_electricity_price/H,long,chronos_bolt_max,,,,,,,1.9319355487823486e-05,,,0,75,,{},,0,0,0,12600,0.0,0,0,0,,0,,0.0,241.94964009871725,140442.18474986954,374.75616706048953,0,75,75,75,9.07359193348577,44.406005054693054,6.663783088808717,0,75,75,75,12.408978236019202,87.96689923671902,9.37906707709882,0,75,75,75,1.6788747277546505,34.130529052656414,5.842133946825973,0,75,75,75,0.22504991324307844,0.04958947419550242,0.22268694213065665,0,75,75,75,1.469630560166673,0.9418410481786074,0.9704849551531478,0,75,75,75,0.21501339958277774,0.03471673777768635,0.18632428123485772,0,75,75,75,0.21501339958277774,0.03471673777768635,0.18632428123485772,0,75,75,75,1.9954916176600113,2.061898174629208,0.7364754365092334,0.4863387781559188,0.23652540713819206,0.4567834919141819
epf_electricity_price/H,long,chronos2_max,,,,,,,1.905299723148346e-05,,,0,75,,{},,0,0,0,12600,0.0,0,0,0,,0,,0.0,221.42789351773268,134922.85583402604,367.31846650287815,0,75,75,75,8.508772658326087,35.6754221963467,5.972890606427235,0,75,75,75,11.780221872074883,82.65426616242127,9.091439168933666,0,75,75,75,1.7854626719956805,38.276509686513066,6.186801248344177,0,75,75,75,0.20879303909071517,0.03687825282066025,0.1920371131335301,0,75,75,75,1.3994284061370788,0.8817085219721321,0.9389933556592038,0,75,75,75,0.2000331881524493,0.027521662233393352,0.16589654075173885,0,75,75,75,0.2000331881524493,0.027521662233393352,0.16589654075173885,0,75,75,75,1.9954916176600113,2.061898174629208,0.7012950561917676,0.4705574041750688,0.2214242706239791,0.42761981790429104
epf_electricity_price/H,long,tsrag,all,False,False,t5,168,chronos_bolt_max,10.671416068449616,,,0,75,test,{},,458.10290043242276,0,0,12600,0.0,225,2250,1511,67.15555555555555,794.1925034301684,0.3529744459689637,0.0,211.52730155832174,103148.28481219681,321.16706682379004,0,75,75,75,8.507048861950873,27.31656763598185,5.2265253884375085,0,75,75,75,11.86324985295709,70.79060448463535,8.413715260491964,0,75,75,75,1.5304398058498854,29.24998051168305,5.408325111500145,0,75,75,75,0.20987538134854397,0.02371148659278776,0.15398534538321418,0,75,75,75,1.4028034515395897,0.7829954121268751,0.8848702798302557,0,75,75,75,0.19841430613553554,0.017415491093385756,0.13196776535724833,0,75,75,75,0.19841430613553554,0.017415491093385756,0.13196776535724833,0,75,75,75,1.9954916176600113,2.061898174629208,0.7029863914861091,0.4434347265602087,0.19663435671952711,0.37974494655522034
epf_electricity_price/H,long,bayes_mixture,,,,,,chronos_bolt_max,10.67151371203363,0.35064935064935066,75,0,75,,{},,0,0,0,12600,0.0,225,2250,1511,67.15555555555555,794.1925034301684,0.3529744459689637,0.0,212.71117378863883,116011.27830953292,340.6042840445976,0,75,75,75,8.400502511278267,30.701565637964055,5.540899352809439,0,75,75,75,11.675853526639683,76.38561821309449,8.739886624727719,0,75,75,75,1.6929824275160228,34.8597978003605,5.904218644355957,0,75,75,75,0.20727020492647794,0.03188278797089381,0.17855752006256642,0,75,75,75,1.3851643882259996,0.8175634237693254,0.9041921387455907,0,75,75,75,0.19660811752967283,0.021912004486642173,0.14802703971451356,0,75,75,75,0.19660811752967283,0.021912004486642173,0.14802703971451356,0,75,75,75,1.9954916176600113,2.061898174629208,0.6941469340023064,0.45311748280149655,0.2053154532203645,0.39651008659355746
OpenElectricity_NEM/5T,short,chronos_t5_512,,,,,,,8.591078221797943e-05,,,0,1680,,{},,0,0,0,40320,0.0,0,0,0,,0,,0.0,37885.51617418456,13774156407.753458,117363.35206423451,0,1680,1680,1680,95.14971485018337,18751.918385432822,136.937644150295,0,1680,1680,1680,112.6556076934389,25194.230229406552,158.7269045543526,0,1680,1680,1680,5.158799463682067,2174.2902524947035,46.62928535260543,0,1680,1680,1680,0.20292912118369053,0.11826661678590482,0.3438991375184079,0,1680,1680,1680,0.6108917116485023,0.45048258915037104,0.6711799975791674,0,1680,1680,1680,0.195602531865493,0.11233292075507058,0.3351610370479698,0,1680,1680,1680,0.195602531865493,0.11233292075507058,0.3351610370479698,0,1680,1680,1680,1.021668339182264,0.8538266760641295,0.597935443646473,0.6569450885757847,0.4315768494038456,0.5276042571391105
OpenElectricity_NEM/5T,short,chronos_bolt_512,,,,,,,8.874200284481049e-05,,,0,1680,,{},,0,0,0,40320,0.0,0,0,0,,0,,0.0,32692.103916275362,8292443187.807012,91062.85295227144,0,1680,1680,1680,90.68275327059551,15833.943382965626,125.83299798926204,0,1680,1680,1680,106.56852124568427,21335.25419578351,146.0659241431194,0,1680,1680,1680,5.057560078886364,2180.697724218102,46.697941327408664,0,1680,1680,1680,0.19685101622235338,0.10871929609332137,0.3297260925272997,0,1680,1680,1680,0.5854332438997738,0.37352690828243074,0.6111684778213211,0,1680,1680,1680,0.19231121830485037,0.11581384740276686,0.3403143361699105,0,1680,1680,1680,0.19231121830485037,0.11581384740276686,0.3403143361699105,0,1680,1680,1680,1.021668339182264,0.8538266760641295,0.5730169189429423,0.5982063399463822,0.3578508251520466,0.4374739262121341
OpenElectricity_NEM/5T,short,chronos_bolt_max,,,,,,,8.44411551952362e-05,,,0,1680,,{},,0,0,0,40320,0.0,0,0,0,,0,,0.0,14827.229370168592,1898638040.4369628,43573.36388709234,0,1680,1680,1680,64.80118449715637,7224.888576367906,84.999344564343,0,1680,1680,1680,75.21632688279809,9169.733540428659,95.7587256620965,0,1680,1680,1680,3.864448015020674,1212.5814618656009,34.822140397534454,0,1680,1680,1680,0.17719947777876427,0.09882699529800702,0.31436761171915756,0,1680,1680,1680,0.4592765393518389,0.23749256160678944,0.4873320855502841,0,1680,1680,1680,0.16867088864060564,0.0931059357635554,0.3051326527324721,0,1680,1680,1680,0.16867088864060564,0.0931059357635554,0.3051326527324721,0,1680,1680,1680,1.021668339182264,0.8538266760641295,0.4495358442050191,0.47699636649241883,0.22752553364696995,0.27815078664624876
OpenElectricity_NEM/5T,short,chronos2_max,,,,,,,0.00015733204782009125,,,0,1680,,{},,0,0,0,40320,0.0,0,0,0,,0,,0.0,9329.748387763044,1029982958.9928132,32093.347581591006,0,1680,1680,1680,49.68218270071296,4424.240566577096,66.51496498215342,0,1680,1680,1680,58.891891595148316,5861.493492108343,76.56039114390903,0,1680,1680,1680,3.5202067273883855,1076.3939032262952,32.80844256020537,0,1680,1680,1680,0.15672735394485188,0.07949415965460545,0.2819470866219501,0,1680,1680,1680,0.3869694097487987,0.1663054251821824,0.407805621812871,0,1680,1680,1680,0.14866503387880695,0.07401779044673966,0.27206210770105355,0,1680,1680,1680,0.14866503387880695,0.07401779044673966,0.27206210770105355,0,1680,1680,1680,1.021668339182264,0.8538266760641295,0.37876226061632307,0.3991565620397669,0.1593259610194063,0.19477656279000055
OpenElectricity_NEM/5T,short,tsrag,all,False,False,t5,2016,chronos_bolt_max,92.15894136019051,,,0,1680,test,{},,760.7983624245971,0,0,40320,0.0,1680,16800,16800,100.0,6997.775608929915,0.4165342624363044,0.0,31366.200572653648,7569766192.987485,87004.40329654289,0,1680,1680,1680,88.84729013820262,15180.646511951178,123.20976630101681,0,1680,1680,1680,104.41016312463606,20464.71840894054,143.0549489145361,0,1680,1680,1680,4.907702475502793,2088.37877154207,45.698783042243804,0,1680,1680,1680,0.19217567886631737,0.10442021812014232,0.3231411736689435,0,1680,1680,1680,0.5661066458605167,0.33886540555150063,0.5821214697565282,0,1680,1680,1680,0.18751665245354215,0.11077523923357877,0.3328291442070222,0,1680,1680,1680,0.18751665245354215,0.11077523923357877,0.3328291442070222,0,1680,1680,1680,1.021668339182264,0.8538266760641295,0.5541002144723642,0.5697753834893758,0.3246439876304653,0.39687844740757316
OpenElectricity_NEM/5T,short,bayes_mixture,,,,,,chronos_bolt_max,92.1592819057405,0.17058823529411765,168,0,1680,,{},,0,0,0,40320,0.0,1680,16800,16800,100.0,6997.775608929915,0.4165342624363044,0.0,9637.330631665338,998800651.3981885,31603.80754589846,0,1680,1680,1680,50.74599428926205,4509.369226009492,67.15183710077851,0,1680,1680,1680,60.17949947836624,6015.758474198656,77.56132073526504,0,1680,1680,1680,3.6893885150614323,1186.5961143659613,34.44700443240256,0,1680,1680,1680,0.15726295471863894,0.0817183896373439,0.28586428534768715,0,1680,1680,1680,0.3893407693742601,0.17169315632734164,0.41435872903480825,0,1680,1680,1680,0.14936437166527872,0.07658154348124799,0.2767337049967857,0,1680,1680,1680,0.14936437166527872,0.07658154348124799,0.2767337049967857,0,1680,1680,1680,1.021668339182264,0.8538266760641295,0.38108332659685396,0.4055706858513967,0.16448758122197232,0.20108666213006215
OpenElectricity_NEM/5T,medium,chronos_t5_512,,,,,,,3.928132355213165e-05,,,0,420,,{},,0,0,0,40320,0.0,0,0,0,,0,,0.0,342603.4025586742,701483499527.1449,837546.1178509187,0,420,420,420,266.1716612329152,151023.78601337943,388.617789110817,0,420,420,420,335.90483902224463,229771.3416801141,479.3447002733149,0,420,420,420,6.920773448313219,1578.0541545129,39.72472976009906,0,420,420,420,0.3150027529872895,0.13541812940269987,0.3679920235585275,0,420,420,420,1.2468458468395933,0.647535581844794,0.8046959561503922,0,420,420,420,0.3105677310563759,0.12208343389134275,0.3494043987864817,0,420,420,420,0.3105677310563759,0.12208343389134275,0.3494043987864817,0,420,420,420,1.0220753966761364,0.5621339027558641,1.219915723335506,0.7873156508485794,0.619865934071122,1.1519240854718917
OpenElectricity_NEM/5T,medium,chronos_bolt_512,,,,,,,3.916025161743164e-05,,,0,420,,{},,0,0,0,40320,0.0,0,0,0,,0,,0.0,191224.25329014965,219353414334.2428,468351.80616097,0,420,420,420,206.13906339816342,81609.36567150244,285.6735298754549,0,420,420,420,260.04337001071093,123601.69900362211,351.5703329401133,0,420,420,420,7.283160494940921,1471.1269231763245,38.35527242995837,0,420,420,420,0.2983210351999786,0.12199533179460577,0.34927830135095106,0,420,420,420,1.0746730101117732,0.4553535636866175,0.6747989061095294,0,420,420,420,0.3006721224982608,0.14492277882516855,0.3806872454196076,0,420,420,420,0.3006721224982608,0.14492277882516855,0.3806872454196076,0,420,420,420,1.0220753966761364,0.5621339027558641,1.0514615786728534,0.6602241951073518,0.43589598780515043,0.8100446556492048
OpenElectricity_NEM/5T,medium,chronos_bolt_max,,,,,,,3.4010037779808044e-05,,,0,420,,{},,0,0,0,40320,0.0,0,0,0,,0,,0.0,64592.188409078175,42364205713.89866,205825.66825811268,0,420,420,420,121.24927354034973,30876.630020152174,175.71747215388734,0,420,420,420,148.6894673917439,42483.63069583771,206.1155760631343,0,420,420,420,6.168825939722232,1018.8877651397996,31.92002138376163,0,420,420,420,0.23853791652564316,0.0974407409355663,0.31215499505144284,0,420,420,420,0.7173457233720583,0.2099390677735109,0.45819108216279253,0,420,420,420,0.24111157495782173,0.1453868114616847,0.3812962253441341,0,420,420,420,0.24111157495782173,0.1453868114616847,0.3812962253441341,0,420,420,420,1.0220753966761364,0.5621339027558641,0.7018520607236205,0.4482947966978398,0.20096822474635748,0.3734680771685957
OpenElectricity_NEM/5T,medium,chronos2_max,,,,,,,3.417208790779114e-05,,,0,420,,{},,0,0,0,40320,0.0,0,0,0,,0,,0.0,33266.196720668864,11273254011.840488,106175.58105252116,0,420,420,420,87.01240742472915,14610.327577152431,120.87318799945847,0,420,420,420,109.41582684110236,21294.373557346775,145.9259180452423,0,420,420,420,4.805303816707024,659.0198880660806,25.67138266759468,0,420,420,420,0.21195288154931266,0.08379047168409136,0.2894658385441905,0,420,420,420,0.5803601242875183,0.15382253544322833,0.3922021614464004,0,420,420,420,0.2051273090778754,0.11347683701234383,0.33686323190924805,0,420,420,420,0.2051273090778754,0.11347683701234383,0.33686323190924805,0,420,420,420,1.0220753966761364,0.5621339027558641,0.5678251586672486,0.38373114422073984,0.14724959104495824,0.27364038121364437
OpenElectricity_NEM/5T,medium,tsrag,all,False,False,t5,2016,chronos_bolt_max,50.571319945156574,,,0,420,test,{},,757.3308959044516,0,0,40320,0.0,840,8400,8400,100.0,3581.5096361225483,0.42637019477649385,0.0,188839.22955732522,226334570191.77023,475746.329667156,0,420,420,420,201.28963338537176,80979.83063833366,284.56955325251096,0,420,420,420,254.9396828022071,123844.98769003527,351.91616571285164,0,420,420,420,6.778877283059757,1302.345772947537,36.0880281110999,0,420,420,420,0.29400636247705997,0.12299765722882704,0.3507102183125365,0,420,420,420,1.0273859753879002,0.3989638039682245,0.6316358159321117,0,420,420,420,0.2902757277115163,0.13753157627963214,0.3708524993574024,0,420,420,420,0.2902757277115163,0.13753157627963214,0.3708524993574024,0,420,420,420,1.0220753966761364,0.5621339027558641,1.0051958776515257,0.6179933672077788,0.38191580191280844,0.709730905772277
OpenElectricity_NEM/5T,medium,bayes_mixture,,,,,,chronos_bolt_max,50.57153950817883,0.045454545454545456,42,0,420,,{},,0,0,0,40320,0.0,840,8400,8400,100.0,3581.5096361225483,0.42637019477649385,0.0,33120.64007945469,11300529427.72894,106303.94831674382,0,420,420,420,87.26226903156976,14617.001002790597,120.90078991797613,0,420,420,420,109.57429442573857,21114.11408055625,145.3069650104779,0,420,420,420,4.84869325124513,664.5568450659888,25.779000078862424,0,420,420,420,0.21154644001346967,0.08367067164091795,0.2892588315694405,0,420,420,420,0.5813565485251545,0.15397878386925498,0.3924013046222642,0,420,420,420,0.20512980550694893,0.11277604408966771,0.33582144673869135,0,420,420,420,0.20512980550694893,0.11277604408966771,0.33582144673869135,0,420,420,420,1.0220753966761364,0.5621339027558641,0.5688000615373077,0.3839259861829976,0.1473991628665873,0.27391833709792857
OpenElectricity_NEM/5T,long,chronos_t5_512,,,,,,,2.679973840713501e-05,,,0,140,,{},,0,0,0,40320,0.0,0,0,0,,0,,0.0,558931.1983793755,1192589534009.6626,1092057.4774294908,0,140,140,140,383.0794801962676,235214.8517779086,484.9895378025268,0,140,140,140,468.1319191177543,339783.7046825039,582.909688272981,0,140,140,140,5.942222807029229,375.64637457864893,19.38159886538386,0,140,140,140,0.47600858500209153,0.23290056294142414,0.48259772372175996,0,140,140,140,1.7936088164384598,1.2103419987708695,1.1001554430037919,0,140,140,140,0.37933694180586475,0.09115322980774565,0.3019159316891801,0,140,140,140,0.37933694180586475,0.09115322980774565,0.3019159316891801,0,140,140,140,1.0224745372877215,0.21617743752963614,1.7541843351877457,1.075973437854141,1.1577188389676591,5.598835903515331
OpenElectricity_NEM/5T,long,chronos_bolt_512,,,,,,,2.6730820536613464e-05,,,0,140,,{},,0,0,0,40320,0.0,0,0,0,,0,,0.0,300735.9045539505,302125083287.3409,549659.0609526426,0,140,140,140,278.26634296787984,108954.92058848633,330.0832025239793,0,140,140,140,353.6102232803487,175695.7145455724,419.1607263873518,0,140,140,140,6.744635575990897,438.4042133456019,20.938104339829856,0,140,140,140,0.4115975042640048,0.1757166576785212,0.41918570786528636,0,140,140,140,1.4373416507755694,0.37248389521367065,0.6103145870890443,0,140,140,140,0.3550414292620184,0.11921789821426612,0.3452794494525646,0,140,140,140,0.3550414292620184,0.11921789821426612,0.3452794494525646,0,140,140,140,1.0224745372877215,0.21617743752963614,1.4057481124061533,0.5968995459857632,0.35628906799801024,1.7230470463070697
OpenElectricity_NEM/5T,long,chronos_bolt_max,,,,,,,2.2940337657928467e-05,,,0,140,,{},,0,0,0,40320,0.0,0,0,0,,0,,0.0,83413.19052768075,29028428308.8768,170377.31160244546,0,140,140,140,147.8149923980683,30176.033941166064,173.71250369839836,0,140,140,140,189.01125501133856,47687.9360067195,218.37567631657035,0,140,140,140,5.185987975434788,278.9544364905439,16.701929124821,0,140,140,140,0.30213684170586586,0.11944341683639048,0.3456058692157737,0,140,140,140,0.8973124209379337,0.17835874548279596,0.42232540236504357,0,140,140,140,0.2678993416427286,0.09666788548630158,0.3109145951644946,0,140,140,140,0.2678993416427286,0.09666788548630158,0.3109145951644946,0,140,140,140,1.0224745372877215,0.21617743752963614,0.8775890139212654,0.4130424641041231,0.1706040771532058,0.8250571730379792
OpenElectricity_NEM/5T,long,chronos2_max,,,,,,,2.362951636314392e-05,,,0,140,,{},,0,0,0,40320,0.0,0,0,0,,0,,0.0,47413.41481329212,11039697756.223824,105069.96600467626,0,140,140,140,108.88046738066737,15837.123831091749,125.84563493062343,0,140,140,140,144.01646133673194,26672.673677337723,163.3177077886465,0,140,140,140,4.950618871074151,281.4359134272717,16.77605178304096,0,140,140,140,0.2605270712853302,0.09673888037370888,0.3110287452530857,0,140,140,140,0.7347155176553273,0.15236335321713446,0.3903374863078544,0,140,140,140,0.2333068525571224,0.0952207321345575,0.308578567198951,0,140,140,140,0.2333068525571224,0.0952207321345575,0.308578567198951,0,140,140,140,1.0224745372877215,0.21617743752963614,0.7185660775516998,0.3817576595533494,0.145738910627651,0.7048069167544218
OpenElectricity_NEM/5T,long,tsrag,all,False,False,t5,2016,chronos_bolt_max,44.526294911280274,,,0,140,test,{},,753.7599696628749,0,0,40320,0.0,700,7000,7000,100.0,3338.0917115046864,0.4768702445006695,0.0,308073.49043774785,335916840164.40625,579583.333235529,0,140,140,140,283.22284166301665,116466.88450588637,341.2724490870694,0,140,140,140,354.77224715835234,182210.14308396084,426.8608005942462,0,140,140,140,6.697371179294517,501.74230521023213,22.399605023531823,0,140,140,140,0.4264887580893661,0.19145754677906104,0.4375586209630214,0,140,140,140,1.4600845919478684,0.41870307320753936,0.6470726954581991,0,140,140,140,0.35771136259426334,0.11233783337055836,0.33516836570678676,0,140,140,140,0.35771136259426334,0.11233783337055836,0.33516836570678676,0,140,140,140,1.0224745372877215,0.21617743752963614,1.4279911515654737,0.6328496914697394,0.4004987319933444,1.9368490902300506
OpenElectricity_NEM/5T,long,bayes_mixture,,,,,,chronos_bolt_max,44.5265106447041,0.0625,14,0,140,,{},,0,0,0,40320,0.0,700,7000,7000,100.0,3338.0917115046864,0.4768702445006695,0.0,47331.24972510312,11055716455.71529,105146.16709949674,0,140,140,140,108.68025289281125,15808.602956731478,125.73226696728044,0,140,140,140,144.0791947437428,26572.435367097754,163.01053759526638,0,140,140,140,4.977685170459328,281.60878080613253,16.78120319900014,0,140,140,140,0.26303002417008664,0.09974524929782717,0.3158247129308078,0,140,140,140,0.737270385588366,0.15488207279889785,0.39355059750799243,0,140,140,140,0.2342409165957758,0.09400247178742176,0.3065982253494331,0,140,140,140,0.2342409165957758,0.09400247178742176,0.3065982253494331,0,140,140,140,1.0224745372877215,0.21617743752963614,0.7210647881208803,0.38490014485050045,0.1481481215059362,0.7164580844736158
EWELD_Load/15T,short,chronos_t5_512,,,,,,,4.3353065848350525e-05,,,0,560,,{},,0,0,0,13440,0.0,0,0,0,,0,,0.0,1598.6225044319465,18087798.943698723,4252.975304854088,0,560,560,560,15.052934049784094,772.517857087684,27.794205458830515,0,560,560,560,19.216005108751602,1229.3676520923789,35.06233951253651,0,560,560,560,0.38938689591621295,0.9148857844528517,0.9564966201993877,0,560,560,560,0.3057882911010727,0.14873401612289178,0.38566049333953273,0,560,560,560,0.6625563299425539,0.3818898869133484,0.6179723997990108,0,560,560,560,0.27503934699095683,0.21598345702604138,0.46474020379782227,0,560,560,560,0.27503934699095683,0.21598345702604138,0.46474020379782227,0,560,560,560,0.9109076791493171,0.6284262662910528,0.7273583757261824,0.678413865580896,0.460245373012414,0.6076924333020762
EWELD_Load/15T,short,chronos_bolt_512,,,,,,,4.2790547013282776e-05,,,0,560,,{},,0,0,0,13440,0.0,0,0,0,,0,,0.0,1359.2056097164348,13889276.884492384,3726.8320172087692,0,560,560,560,14.558269786666191,692.9268818742567,26.32350436158257,0,560,560,560,17.942699028583508,1037.2651612861032,32.206601206679714,0,560,560,560,0.38723010557172505,0.5378144836170605,0.7333583596149024,0,560,560,560,0.31843128180496644,0.13744078803065185,0.37073007435417465,0,560,560,560,0.6343085166167726,0.32933406749980754,0.5738763521001781,0,560,560,560,0.47368285830599266,4.691896253547047,2.1660785427927234,0,560,560,560,0.47368285830599266,4.691896253547047,2.1660785427927234,0,560,560,560,0.9109076791493171,0.6284262662910528,0.6963477541534655,0.6300049557559032,0.3969062442769976,0.5240615887103579
EWELD_Load/15T,short,chronos_bolt_max,,,,,,,3.8679689168930054e-05,,,0,560,,{},,0,0,0,13440,0.0,0,0,0,,0,,0.0,1147.2520594134585,8669742.993358986,2944.4427305279664,0,560,560,560,13.17297932114674,565.4403679406641,23.778990052999816,0,560,560,560,16.50281225322236,874.9092471483522,29.57886487254628,0,560,560,560,0.34573774705428195,0.48735818894830496,0.698110441798649,0,560,560,560,0.29533288229804305,0.13166643758757124,0.3628587019592768,0,560,560,560,0.570156750162608,0.2542667213479846,0.5042486701499416,0,560,560,560,0.38237970218256806,2.3976627675782503,1.5484388162204699,0,560,560,560,0.38237970218256806,2.3976627675782503,1.5484388162204699,0,560,560,560,0.9109076791493171,0.6284262662910528,0.6259215540866543,0.5535672622947385,0.3064367138844919,0.40460867883301066
EWELD_Load/15T,short,chronos2_max,,,,,,,4.0668994188308716e-05,,,0,560,,{},,0,0,0,13440,0.0,0,0,0,,0,,0.0,1113.6207331049552,8318535.62659134,2884.1871691329848,0,560,560,560,12.498335097679158,536.4622586487433,23.1616549203364,0,560,560,560,16.00538852725017,857.4482711967237,29.28221766186304,0,560,560,560,0.3237746972735757,0.532702158205202,0.7298644793420227,0,560,560,560,0.27648214695544143,0.1259054614679889,0.3548315959268409,0,560,560,560,0.5334183450769662,0.2245472372285071,0.47386415482552285,0,560,560,560,0.3333460142222226,0.8821633221899787,0.939235498791426,0,560,560,560,0.3333460142222226,0.8821633221899787,0.939235498791426,0,560,560,560,0.9109076791493171,0.6284262662910528,0.5855899091498685,0.5202109562497677,0.27061943900229773,0.3573167597748199
EWELD_Load/15T,short,tsrag,all,False,False,t5,672,chronos_bolt_max,21.15015864558518,,,0,560,test,{},,354.03883928619325,0,0,13440,0.0,560,5600,5600,100.0,1734.01752658411,0.30964598689001965,0.0,1271.9906342318266,10994452.46706686,3315.7883628281916,0,560,560,560,14.18066468331741,647.8929486557154,25.453741348880627,0,560,560,560,17.44721423957715,967.5853495101226,31.106033972689648,0,560,560,560,0.3981043760976148,0.5524533923117003,0.7432720849807964,0,560,560,560,0.31661524139255803,0.13504811679849646,0.3674889342531234,0,560,560,560,0.6145055507521586,0.2902525842904161,0.5387509482965354,0,560,560,560,0.5348039936177332,10.331451256609805,3.2142574969360815,0,560,560,560,0.5348039936177332,10.331451256609805,3.2142574969360815,0,560,560,560,0.9109076791493171,0.6284262662910528,0.6746079375750087,0.5914440734539275,0.34980609202377483,0.4618721397555126
EWELD_Load/15T,short,bayes_mixture,,,,,,chronos_bolt_max,21.150278266519308,0.15517241379310345,56,0,560,,{},,0,0,0,13440,0.0,560,5600,5600,100.0,1734.01752658411,0.30964598689001965,0.0,1098.9105571702125,8108119.330575454,2847.4759578573185,0,560,560,560,12.50386770779216,534.2620881414047,23.114110152489207,0,560,560,560,15.923293308640503,845.359287377217,29.07506298148324,0,560,560,560,0.32338254490195545,0.5183538797543606,0.7199679713392538,0,560,560,560,0.2752467072570749,0.12440892528807725,0.35271649421040296,0,560,560,560,0.5335589406266794,0.22201640020187763,0.47118616299916705,0,560,560,560,0.34159076292468615,1.306333486495495,1.142949468041127,0,560,560,560,0.34159076292468615,1.306333486495495,1.142949468041127,0,560,560,560,0.9109076791493171,0.6284262662910528,0.5857442558009414,0.5172710405067621,0.26756932934694827,0.35328949808576543
EWELD_Load/15T,medium,chronos_t5_512,,,,,,,2.4689361453056335e-05,,,0,140,,{},,0,0,0,13440,0.0,0,0,0,,0,,0.0,1830.7276742262536,20789323.243278995,4559.531033261973,0,140,140,140,17.3292195196277,799.944604881305,28.28329197390758,0,140,140,140,23.14729087290877,1294.930599471208,35.985144149651646,0,140,140,140,0.4946587571250121,0.4963731242876926,0.7045375251096939,0,140,140,140,0.3699549171427465,0.10332305478590685,0.3214390374330829,0,140,140,140,0.8743040389268838,0.3911426821607283,0.6254140086060819,0,140,140,140,0.2851338866240286,0.04082980411693473,0.20206386148179672,0,140,140,140,0.2851338866240286,0.04082980411693473,0.20206386148179672,0,140,140,140,0.9107484734313388,0.24043824963022473,0.959984083896241,0.6867033290209865,0.47156146208850536,1.6267905907744513
EWELD_Load/15T,medium,chronos_bolt_512,,,,,,,2.6211142539978027e-05,,,0,140,,{},,0,0,0,13440,0.0,0,0,0,,0,,0.0,1623.6498867939588,15878087.57328495,3984.731806945726,0,140,140,140,16.54179072072064,695.4998023520592,26.37233024122175,0,140,140,140,21.66649072349336,1154.2130665227346,33.97371140341801,0,140,140,140,0.45234171871653794,0.34137388861573204,0.5842721015209712,0,140,140,140,0.3518959845832811,0.10346908578074292,0.32166610915783916,0,140,140,140,0.7630007010894063,0.26375776558201075,0.5135735250010565,0,140,140,140,0.2500808167510274,0.034548044747371755,0.18587104332674242,0,140,140,140,0.2500808167510274,0.034548044747371755,0.18587104332674242,0,140,140,140,0.9107484734313388,0.24043824963022473,0.8377732418421987,0.5639027019898427,0.3179862573114454,1.0969875466472145
EWELD_Load/15T,medium,chronos_bolt_max,,,,,,,2.0911917090415955e-05,,,0,140,,{},,0,0,0,13440,0.0,0,0,0,,0,,0.0,1284.356442478981,7943423.229937443,2818.4079246868155,0,140,140,140,14.833582012723422,557.1127677000826,23.603236381904974,0,140,140,140,19.555315396819125,901.9460822099097,30.03241718892953,0,140,140,140,0.3850340612716703,0.2805688424422504,0.5296874950782304,0,140,140,140,0.3211614656496246,0.08644125577992952,0.29400893826536895,0,140,140,140,0.6761916492113271,0.17498474157195382,0.4183117755597538,0,140,140,140,0.22551074127378523,0.030372748871823722,0.17427779225083076,0,140,140,140,0.22551074127378523,0.030372748871823722,0.17427779225083076,0,140,140,140,0.9107484734313388,0.24043824963022473,0.7424570767203215,0.4593054918705722,0.21096153486246824,0.7277741450915847
EWELD_Load/15T,medium,chronos2_max,,,,,,,2.0761042833328247e-05,,,0,140,,{},,0,0,0,13440,0.0,0,0,0,,0,,0.0,1200.0988458056606,6678576.963912433,2584.2942874046744,0,140,140,140,13.960417571836814,502.45993016098987,22.415617996410223,0,140,140,140,19.004162091641465,838.9406690002779,28.964472531021137,0,140,140,140,0.3689914896597416,0.2745877679186662,0.5240112288097137,0,140,140,140,0.30300369579174075,0.07854653974411531,0.280261555951071,0,140,140,140,0.6378522625217872,0.13543958332207495,0.36802117238288745,0,140,140,140,0.2144387486172585,0.025660366913381156,0.160188535524179,0,140,140,140,0.2144387486172585,0.025660366913381156,0.160188535524179,0,140,140,140,0.9107484734313388,0.24043824963022473,0.7003605069120928,0.4040865102922761,0.16328590780018978,0.5633029833247017
EWELD_Load/15T,medium,tsrag,all,False,False,t5,672,chronos_bolt_max,13.010243326425552,,,0,140,test,{},,351.95741024427116,0,0,13440,0.0,280,2800,2800,100.0,1070.8474654170486,0.3824455233632317,0.0,1552.9403504957234,13039424.482431874,3611.014328749178,0,140,140,140,16.287777695148474,670.1675433065686,25.887594390104475,0,140,140,140,21.30819693547969,1098.9010938545373,33.149677130471986,0,140,140,140,0.45027211912827964,0.324013945616982,0.5692222286743395,0,140,140,140,0.3457812560516895,0.09427961775976364,0.30704986200902884,0,140,140,140,0.7458326689722787,0.22885367836140175,0.4783865365595083,0,140,140,140,0.24486824308768423,0.031649705817859544,0.1779036419465873,0,140,140,140,0.24486824308768423,0.031649705817859544,0.1779036419465873,0,140,140,140,0.9107484734313388,0.24043824963022473,0.818922776957591,0.5252674591450455,0.27590590363669204,0.9518189336071148
EWELD_Load/15T,medium,bayes_mixture,,,,,,chronos_bolt_max,13.010347248986363,0.125,14,0,140,,{},,0,0,0,13440,0.0,280,2800,2800,100.0,1070.8474654170486,0.3824455233632317,0.0,1182.5885483844768,6640774.03222007,2576.9699323469163,0,140,140,140,13.963357607975956,501.68866448736196,22.39840763285109,0,140,140,140,18.838459385012026,827.7009963837289,28.76979312375619,0,140,140,140,0.37232909138844505,0.27544034482744634,0.5248241084662997,0,140,140,140,0.3034496553551782,0.07807333282012485,0.27941605684019816,0,140,140,140,0.6395834396640323,0.13564352191124004,0.36829814269317196,0,140,140,140,0.21470075310637363,0.025572267520819418,0.1599133125190627,0,140,140,140,0.21470075310637363,0.025572267520819418,0.1599133125190627,0,140,140,140,0.9107484734313388,0.24043824963022473,0.7022613359474935,0.4043906231383191,0.16353177608219802,0.5641511786076018
EWELD_Load/15T,long,chronos_t5_512,,,,,,,1.783110201358795e-05,,,0,20,,{},,0,0,0,13440,0.0,0,0,0,,0,,0.0,1819.7997370857272,17090971.991782714,4134.122880585762,0,20,20,20,17.8111042880698,719.59254416554,26.825222164327734,0,20,20,20,24.283412436946108,1230.1156175028987,35.073004112891425,0,20,20,20,0.7012110977582516,0.5735438762825524,0.7573267962264061,0,20,20,20,0.4289435695188465,0.10690354306164376,0.3269610727007785,0,20,20,20,1.0492562165549941,0.45084104161545363,0.6714469760267401,0,20,20,20,0.3408129572124957,0.048014237629895526,0.21912151338902242,0,20,20,20,0.3408129572124957,0.048014237629895526,0.21912151338902242,0,20,20,20,0.9730884442803625,0.237943187485963,1.078274254228721,0.6900163905690009,0.476122619253872,1.8947423810654387
EWELD_Load/15T,long,chronos_bolt_512,,,,,,,1.9680708646774292e-05,,,0,20,,{},,0,0,0,13440,0.0,0,0,0,,0,,0.0,1442.0635841811522,9729174.20217652,3119.1624199737535,0,20,20,20,16.44424928989084,601.4145288833964,24.52375437985376,0,20,20,20,21.78900441868691,967.3028706235949,31.101493061002632,0,20,20,20,0.5967448119100107,0.2655861002471409,0.5153504635169556,0,20,20,20,0.39113344458671906,0.08081388617682707,0.2842778327214893,0,20,20,20,0.848802386474308,0.20069724483538467,0.4479924606903387,0,20,20,20,0.2714501065161635,0.02068863093251589,0.14383543003208873,0,20,20,20,0.2714501065161635,0.02068863093251589,0.14383543003208873,0,20,20,20,0.9730884442803625,0.237943187485963,0.8722767097517339,0.46038205809919663,0.2119516394196521,0.8434670769770386
EWELD_Load/15T,long,chronos_bolt_max,,,,,,,1.4940276741981506e-05,,,0,20,,{},,0,0,0,13440,0.0,0,0,0,,0,,0.0,1397.1483575554491,9508426.776674625,3083.5737021635505,0,20,20,20,15.850343250372404,597.4704863050677,24.443209410899126,0,20,20,20,21.144006310219716,950.0793547088379,30.823357291327593,0,20,20,20,0.4748356141384594,0.12247060900179654,0.3499580103409501,0,20,20,20,0.3647498239460561,0.08323666340040602,0.2885076487727943,0,20,20,20,0.7765424508227898,0.22742618756848437,0.4768922179785327,0,20,20,20,0.24261092889539224,0.019970512306038864,0.14131706303924824,0,20,20,20,0.24261092889539224,0.019970512306038864,0.14131706303924824,0,20,20,20,0.9730884442803625,0.237943187485963,0.7980183665597569,0.4900810617797578,0.2401794471151748,0.9558003739102677
EWELD_Load/15T,long,chronos2_max,,,,,,,2.719089388847351e-05,,,0,20,,{},,0,0,0,13440,0.0,0,0,0,,0,,0.0,1323.333450046685,7851800.457491979,2802.1064322205857,0,20,20,20,15.111050572071132,529.7429839721442,23.016146158124393,0,20,20,20,21.05529161902554,880.0081448844779,29.66493123006487,0,20,20,20,0.382378205962253,0.07725352384549812,0.27794518136765406,0,20,20,20,0.33024430862917903,0.07471921421996959,0.27334815569154586,0,20,20,20,0.7570063666682227,0.21066179209606575,0.45897907588044334,0,20,20,20,0.22796577778039612,0.016509127835682848,0.12848785092639245,0,20,20,20,0.22796577778039612,0.016509127835682848,0.12848785092639245,0,20,20,20,0.9730884442803625,0.237943187485963,0.7779419960413352,0.47167251710596214,0.22247496339307413,0.8853449191878769
EWELD_Load/15T,long,tsrag,all,False,False,t5,672,chronos_bolt_max,11.430329710245132,,,0,20,test,{},,341.56607542186975,0,0,13440,0.0,220,2200,2200,100.0,1179.754650617712,0.5362521139171419,0.0,1445.1291584751466,9424942.932121828,3070.0069921942895,0,20,20,20,16.641864362716056,601.5028067001524,24.525554156841235,0,20,20,20,21.910844994898348,965.0440300846843,31.065157815222577,0,20,20,20,0.5969955129679192,0.23069883969288693,0.4803111904722676,0,20,20,20,0.3888253037949385,0.07989700586497703,0.28266058420829926,0,20,20,20,0.8455181935607323,0.20250032620431693,0.4500003624490951,0,20,20,20,0.26553442080705253,0.019799626096573087,0.14071114418045605,0,20,20,20,0.26553442080705253,0.019799626096573087,0.14071114418045605,0,20,20,20,0.9730884442803625,0.237943187485963,0.8689016898006908,0.4624454900210928,0.21385583124084864,0.8510448579926797
EWELD_Load/15T,long,bayes_mixture,,,,,,chronos_bolt_max,11.430438973009586,0.25,2,0,20,,{},,0,0,0,13440,0.0,220,2200,2200,100.0,1179.754650617712,0.5362521139171419,0.0,1295.2850285572652,7753573.032693118,2784.5238430821737,0,20,20,20,15.083743219669639,528.2362506419591,22.983390755977656,0,20,20,20,20.71596906264258,866.1336543529005,29.430148731409776,0,20,20,20,0.42359490508406505,0.0916626369447143,0.30275838046982995,0,20,20,20,0.342171216178276,0.0743597727600077,0.2726898838607837,0,20,20,20,0.7568914338546109,0.2020708692558944,0.44952293518339465,0,20,20,20,0.23011234245903595,0.016902435091529066,0.13000936539930139,0,20,20,20,0.23011234245903595,0.016902435091529066,0.13000936539930139,0,20,20,20,0.9730884442803625,0.237943187485963,0.7778238846668888,0.46195485911440937,0.2134022918594138,0.8492399861955081
SG_Carpark/15T,short,chronos_t5_512,,,,,,,0.0005998909473419189,,,0,14868,,{},,0,0,0,235056,0.0,0,0,0,,0,,0.0,296.6263437818363,4423933.379965222,2103.3148551667728,0,14868,14868,14868,7.138728061872385,102.14225317240505,10.106545066065111,0,14868,14868,14868,9.075837878186551,214.2555105907105,14.637469405286916,0,14868,14868,14868,0.04513289015122878,0.038035546651907566,0.19502704082231154,0,14811,14868,14868,0.0549091026836649,0.030889690259422634,0.17575463083350787,0,14868,14868,14868,0.49458494555475924,0.323692968141157,0.5689402149094024,0,14868,14868,14868,0.04413319090945817,0.017482117285885647,0.13221995797112343,0,14811,14868,14868,0.04413319090945817,0.017482117285885647,0.13221995797112343,0,14811,14868,14868,0.9420673883040124,1.3572945477146132,0.5249995400489894,0.6039273007142892,0.36472818454804756,0.23848395227563912
SG_Carpark/15T,short,chronos_bolt_512,,,,,,,0.0005945693701505661,,,0,14868,,{},,0,0,0,235056,0.0,0,0,0,,0,,0.0,254.30377425490232,3464430.336057956,1861.2980245135263,0,14868,14868,14868,6.8069849098366015,95.2549231387386,9.759862864750641,0,14868,14868,14868,8.478180565333124,182.42422855651003,13.506451368013362,0,14868,14868,14868,0.043767088295859305,0.039867464534388906,0.19966838641705129,0,14811,14868,14868,0.05200966983962638,0.028007850952615536,0.1673554628705485,0,14868,14868,14868,0.4678130975734285,0.29405733369310694,0.5422705355199625,0,14868,14868,14868,0.04306296448772241,0.02076511089850359,0.14410104405764584,0,14811,14868,14868,0.04306296448772241,0.02076511089850359,0.14410104405764584,0,14811,14868,14868,0.9420673883040124,1.3572945477146132,0.4965813522274922,0.5756175643615079,0.3313355804014747,0.2166496094662983
SG_Carpark/15T,short,chronos_bolt_max,,,,,,,0.0005909595638513565,,,0,14868,,{},,0,0,0,235056,0.0,0,0,0,,0,,0.0,220.16176201601144,3333242.754567018,1825.717052165263,0,14868,14868,14868,5.95146886910266,80.40248433975657,8.966743240427741,0,14868,14868,14868,7.433850661613344,164.89962635684228,12.841324945535888,0,14868,14868,14868,0.03748259344835173,0.02880900673937875,0.16973216177076975,0,14811,14868,14868,0.047423833334712326,0.027515788954147014,0.16587883817457552,0,14868,14868,14868,0.40722017076287736,0.23075247666793128,0.480367022877228,0,14868,14868,14868,0.037011608548234654,0.0125090982821428,0.11184408022842693,0,14811,14868,14868,0.037011608548234654,0.0125090982821428,0.11184408022842693,0,14811,14868,14868,0.9420673883040124,1.3572945477146132,0.43226225195629453,0.5099072835352304,0.2600054378022778,0.1700091384412233
SG_Carpark/15T,short,chronos2_max,,,,,,,0.0005941484123468399,,,0,14868,,{},,0,0,0,235056,0.0,0,0,0,,0,,0.0,201.9511160104334,3224729.354534482,1795.7531440970615,0,14868,14868,14868,5.3187372391944425,65.56116588353633,8.09698498723669,0,14868,14868,14868,6.8016608408110555,155.68852581701086,12.477520820139345,0,14868,14868,14868,0.03334784424800336,0.02546899305304428,0.15959007817857687,0,14811,14868,14868,0.044083204995444165,0.026384671719168595,0.16243359172033534,0,14868,14868,14868,0.3700561151945231,0.19724649687633616,0.4441244159876106,0,14868,14868,14868,0.03286258819804205,0.007504375268591327,0.08662779732044056,0,14811,14868,14868,0.03286258819804205,0.007504375268591327,0.08662779732044056,0,14811,14868,14868,0.9420673883040124,1.3572945477146132,0.3928127857824786,0.47143593070041423,0.22225183675536572,0.1453232809403501
SG_Carpark/15T,short,tsrag,all,False,False,t5,672,chronos_bolt_max,10007.306240927428,,,13103,14868,test,"{""nonfinite_prediction"": 13103}",,9452.889660481364,0,838592,235056,0.0,14868,148680,34685,23.328625235404896,71926.91294651307,0.48376992834620036,0.881288673661555,224.14703532140192,3339462.499734608,1827.4196288030312,0,14868,14868,14868,6.062808479047372,81.2190215814119,9.012159651349497,0,14868,14868,14868,7.594733883829106,166.46705255522002,12.902211149846371,0,14868,14868,14868,0.03820081560720621,0.029186288598924238,0.17083995024268836,0,14811,14868,14868,0.04801679609563933,0.02758843209317662,0.16609765830130363,0,14868,14868,14868,0.41424144134473695,0.2314540914920214,0.48109675897060605,0,14868,14868,14868,0.037726396255338995,0.012692518326862511,0.11266107724881079,0,14811,14868,14868,0.037726396255338995,0.012692518326862511,0.11266107724881079,0,14811,14868,14868,0.9420673883040124,1.3572945477146132,0.43971529689663563,0.5106818948872821,0.26079599776566503,0.17052606000793225
SG_Carpark/15T,short,bayes_mixture,,,,,,chronos_bolt_max,10007.30813699402,0.37666442501681235,14868,0,14868,,{},,0,0,0,235056,0.0,14868,148680,34685,23.328625235404896,71926.91294651307,0.48376992834620036,0.0,200.7274316872184,3117191.974136177,1765.5571285393676,0,14868,14868,14868,5.426899026091675,68.17029012039998,8.256530150153877,0,14868,14868,14868,6.895481689909945,153.17976395133513,12.376581270744161,0,14868,14868,14868,0.034098827727013725,0.026059689828442225,0.16143013915760038,0,14811,14868,14868,0.04453611639594534,0.02639885108515305,0.16247723251321414,0,14868,14868,14868,0.3758022411011338,0.20022390679036814,0.4474638608763485,0,14868,14868,14868,0.03363751759437121,0.008543602362429811,0.09243160910873408,0,14811,14868,14868,0.03363751759437121,0.008543602362429811,0.09243160910873408,0,14811,14868,14868,0.9420673883040124,1.3572945477146132,0.39891227078530345,0.4749807353823275,0.2256066989843366,0.14751691674257542
SG_Carpark/15T,medium,chronos_t5_512,,,,,,,0.00012185052037239075,,,0,2478,,{},,0,0,0,235056,0.0,0,0,0,,0,,0.0,728.5621477296758,6821261.792039153,2611.7545428388084,0,2478,2478,2478,13.156465803663766,215.07729020106544,14.665513635773738,0,2478,2478,2478,17.751337919223687,413.45214980720704,20.333522808584032,0,2478,2478,2478,0.08251757507174469,0.14830358528301615,0.3851020452854232,0,2472,2478,2478,0.08286667846727828,0.03167205580192599,0.1779664457192029,0,2478,2478,2478,0.8696308932184038,0.44817281713583873,0.6694571062703262,0,2478,2478,2478,0.07313541886634228,0.042522138510653444,0.20620896806553649,0,2472,2478,2478,0.07313541886634228,0.042522138510653444,0.20620896806553649,0,2472,2478,2478,0.9472441633805834,0.6915537435383057,0.9180641347156064,0.706741864611893,0.4994840631950953,0.6480665043367148
SG_Carpark/15T,medium,chronos_bolt_512,,,,,,,0.0001232735812664032,,,0,2478,,{},,0,0,0,235056,0.0,0,0,0,,0,,0.0,565.5901252374514,6059663.553585884,2461.6383880630974,0,2478,2478,2478,11.067464947454718,189.98794956652424,13.783611629994667,0,2478,2478,2478,14.887117091055192,343.9638699546638,18.546262964669292,0,2478,2478,2478,0.07153421519424617,0.13546686254802387,0.36805823255026354,0,2472,2478,2478,0.07026994104556075,0.024420895660911757,0.15627186458512535,0,2478,2478,2478,0.7315965781497206,0.3855806810315459,0.6209514321036275,0,2478,2478,2478,0.060772401038162,0.027204867800846043,0.1649389820535038,0,2472,2478,2478,0.060772401038162,0.027204867800846043,0.1649389820535038,0,2472,2478,2478,0.9472441633805834,0.6915537435383057,0.7723421335622207,0.6555347143945841,0.429725761776389,0.5575570729452473
SG_Carpark/15T,medium,chronos_bolt_max,,,,,,,0.00013561919331550598,,,0,2478,,{},,0,0,0,235056,0.0,0,0,0,,0,,0.0,468.24389665185294,6463484.31411617,2542.3383555530468,0,2478,2478,2478,9.227887714501982,171.25372057357978,13.086394483339548,0,2478,2478,2478,12.456673845558077,313.07517335724236,17.693930410093806,0,2478,2478,2478,0.05344690593269146,0.012024343394550373,0.10965556709328703,0,2472,2478,2478,0.06144527310858478,0.02304700482733882,0.15181240011059313,0,2478,2478,2478,0.6110573661681822,0.3443882503783051,0.586846019308562,0,2478,2478,2478,0.04948997538256137,0.008335920560902396,0.09130126264681336,0,2472,2478,2478,0.04948997538256137,0.008335920560902396,0.09130126264681336,0,2472,2478,2478,0.9472441633805834,0.6915537435383057,0.6450896081401051,0.6195298340125841,0.3838172152316601,0.4979920267892082
SG_Carpark/15T,medium,chronos2_max,,,,,,,0.00011529214680194855,,,0,2478,,{},,0,0,0,235056,0.0,0,0,0,,0,,0.0,435.72403662176964,13113954.719820581,3621.319472211832,0,2478,2478,2478,7.8853978388687285,165.07687522843406,12.848224594411247,0,2478,2478,2478,10.920030261702736,316.47697570526606,17.78979976574402,0,2478,2478,2478,0.045260238000295806,0.009181710362148265,0.09582124170635792,0,2472,2478,2478,0.05471511407059348,0.0214146390180711,0.14633741496306096,0,2478,2478,2478,0.5286342047799814,0.2977978655798563,0.5457085903482337,0,2478,2478,2478,0.04298576396575071,0.007939328330034778,0.08910290865081105,0,2472,2478,2478,0.04298576396575071,0.007939328330034778,0.08910290865081105,0,2472,2478,2478,0.9472441633805834,0.6915537435383057,0.558075969445258,0.5761012962071735,0.33189270349158545,0.43062143522813723
SG_Carpark/15T,medium,tsrag,all,False,False,t5,672,chronos_bolt_max,4660.402816621587,,,2477,2478,test,"{""nonfinite_prediction"": 2477}",,9279.701712718932,0,158528,235056,0.0,2512,25120,5547,22.08200636942675,12032.791782835951,0.47901241173709996,0.9995964487489911,468.24746662227693,6463481.14223763,2542.3377317417194,0,2478,2478,2478,9.228181051482645,171.25045368642907,13.086269662758331,0,2478,2478,2478,12.45703976443669,313.06962692952004,17.69377367690454,0,2478,2478,2478,0.053451231104345936,0.012024341620170928,0.10965555900259197,0,2472,2478,2478,0.06144962050407394,0.0230469383435634,0.1518121811435545,0,2478,2478,2478,0.6110853350322341,0.3443735866477531,0.5868335254974387,0,2478,2478,2478,0.049494366932874935,0.008335965901594779,0.09130151094913369,0,2472,2478,2478,0.049494366932874935,0.008335965901594779,0.09130151094913369,0,2472,2478,2478,0.9472441633805834,0.6915537435383057,0.6451191347026674,0.619516644370878,0.3838008726525529,0.49797082275309523
SG_Carpark/15T,medium,bayes_mixture,,,,,,chronos_bolt_max,4660.403765205294,0.36935483870967745,2478,0,2478,,{},,0,0,0,235056,0.0,2512,25120,5547,22.08200636942675,12032.791782835951,0.47901241173709996,0.0,416.7470280633887,6902399.735897748,2627.2418495254196,0,2478,2478,2478,8.121970223381204,152.48224116901886,12.34836998024512,0,2478,2478,2478,11.164593709635025,292.09887536216667,17.090900367217834,0,2478,2478,2478,0.04684868609545219,0.009582178049394893,0.09788860020142741,0,2472,2478,2478,0.05579006312891061,0.021627856051084436,0.14706412224293333,0,2478,2478,2478,0.543100161923275,0.29134617035100757,0.5397649213787494,0,2478,2478,2478,0.04412765748673193,0.007847863584679515,0.08858816842377719,0,2472,2478,2478,0.04412765748673193,0.007847863584679515,0.08858816842377719,0,2472,2478,2478,0.9472441633805834,0.6915537435383057,0.5733475939139342,0.5698266004114537,0.3247023545364745,0.4212921599706006
SG_Carpark/15T,long,chronos_t5_512,,,,,,,3.9789825677871704e-05,,,0,354,,{},,0,0,0,235056,0.0,0,0,0,,0,,0.0,1612.542576086839,11690718.509923536,3419.169271902685,0,354,354,354,22.703524968007557,359.7851891011017,18.968004352095182,0,354,354,354,30.67926715514994,671.325142909777,25.909942935286,0,354,354,354,0.12104356639362189,0.023962612039090888,0.15479861769115022,0,354,354,354,0.13024350418418304,0.04380353348087948,0.2092929370066737,0,354,354,354,1.4546971683380607,0.6760075477893892,0.8221967816705373,0,354,354,354,0.11536797882829009,0.017052253951846896,0.13058427911447418,0,354,354,354,0.11536797882829009,0.017052253951846896,0.13058427911447418,0,354,354,354,1.307891992764626,0.6407367954972765,1.1122456413722035,0.6286427214318939,0.3951916712092977,1.0550471777802912
SG_Carpark/15T,long,chronos_bolt_512,,,,,,,3.998167812824249e-05,,,0,354,,{},,0,0,0,235056,0.0,0,0,0,,0,,0.0,946.2521432969514,8227098.00143938,2868.2918264080768,0,354,354,354,15.35967075927791,258.9237737944861,16.0911085321828,0,354,354,354,21.01733475954181,504.52378290230683,22.461606863764374,0,354,354,354,0.09219580726885049,0.02155853343524649,0.14682824467808123,0,354,354,354,0.08691240894264465,0.02181340655892715,0.14769362396165636,0,354,354,354,0.991245164938321,0.5842028653542919,0.7643316461813496,0,354,354,354,0.0796498386061108,0.01957480182606415,0.13990997757867074,0,354,354,354,0.0796498386061108,0.01957480182606415,0.13990997757867074,0,354,354,354,1.307891992764626,0.6407367954972765,0.757895277608531,0.5843996678699004,0.34152297180644997,0.9117673114135602
SG_Carpark/15T,long,chronos_bolt_max,,,,,,,3.46992164850235e-05,,,0,354,,{},,0,0,0,235056,0.0,0,0,0,,0,,0.0,999.9019347304205,9632110.864998985,3103.564219570619,0,354,354,354,15.076348570783608,319.54720939652157,17.875883457790877,0,354,354,354,20.436321122703816,582.2587137001503,24.13003758182217,0,354,354,354,0.08323955984640476,0.01673678554046156,0.12937072907138447,0,354,354,354,0.08644913719195353,0.025719494017423603,0.160372984063475,0,354,354,354,0.9706223534883668,0.8124696076574074,0.9013709600699411,0,354,354,354,0.07944655539128187,0.026575535445150265,0.16302004614509918,0,354,354,354,0.07944655539128187,0.026575535445150265,0.16302004614509918,0,354,354,354,1.307891992764626,0.6407367954972765,0.7421273001577617,0.689178437559374,0.4749669187967801,1.2680239583038913
SG_Carpark/15T,long,chronos2_max,,,,,,,3.495067358016968e-05,,,0,354,,{},,0,0,0,235056,0.0,0,0,0,,0,,0.0,738.526052562742,9697808.533659212,3114.1304618880713,0,354,354,354,10.876016402073555,238.51832941858675,15.444038636917053,0,354,354,354,15.645914366537552,493.7314161977158,22.220067871132073,0,354,354,354,0.06316077545222315,0.013788791293795805,0.11742568413169159,0,354,354,354,0.06713208664193512,0.019616289883622847,0.14005816607261015,0,354,354,354,0.7260138576806109,0.6670445038188207,0.8167279252106057,0,354,354,354,0.06260561581040049,0.03111131971815777,0.17638401208204152,0,354,354,354,0.06260561581040049,0.03111131971815777,0.17638401208204152,0,354,354,354,1.307891992764626,0.6407367954972765,0.5551023033224332,0.6244612932327873,0.38995190674596525,1.0410585259133227
SG_Carpark/15T,long,tsrag,all,False,False,t5,672,chronos_bolt_max,162.36432154662907,,,354,354,test,"{""nonfinite_prediction"": 354}",,8890.566885200911,0,22656,235056,0.0,357,3570,665,18.627450980392158,1633.0940575463903,0.457449315839325,1.0,999.9019347304205,9632110.864998985,3103.564219570619,0,354,354,354,15.076348570783608,319.54720939652157,17.875883457790877,0,354,354,354,20.436321122703816,582.2587137001503,24.13003758182217,0,354,354,354,0.08323955984640476,0.01673678554046156,0.12937072907138447,0,354,354,354,0.08644913719195353,0.025719494017423603,0.160372984063475,0,354,354,354,0.9706223534883668,0.8124696076574074,0.9013709600699411,0,354,354,354,0.07944655539128187,0.026575535445150265,0.16302004614509918,0,354,354,354,0.07944655539128187,0.026575535445150265,0.16302004614509918,0,354,354,354,1.307891992764626,0.6407367954972765,0.7421273001577617,0.689178437559374,0.4749669187967801,1.2680239583038913
SG_Carpark/15T,long,bayes_mixture,,,,,,chronos_bolt_max,162.36515917815268,0.2303370786516854,354,0,354,,{},,0,0,0,235056,0.0,357,3570,665,18.627450980392158,1633.0940575463903,0.457449315839325,0.0,739.4164580801139,9027082.778511724,3004.510405791886,0,354,354,354,11.36594896560366,238.9429479739345,15.457779529218758,0,354,354,354,16.068808510594884,481.2098511299474,21.93649587171906,0,354,354,354,0.06546258556919204,0.014011306094666104,0.11836936299003262,0,354,354,354,0.06907756954962065,0.020146266308735478,0.14193754368994652,0,354,354,354,0.7527927877212025,0.6587445411659348,0.8116307911642675,0,354,354,354,0.06444953192639101,0.029677736622722675,0.17227227467797213,0,354,354,354,0.06444953192639101,0.029677736622722675,0.17227227467797213,0,354,354,354,1.307891992764626,0.6407367954972765,0.5755771821264437,0.6205640799502411,0.38509977732448925,1.0281047472147788
Finland_Traffic/15T,short,chronos_t5_512,,,,,,,2.5490298867225647e-05,,,0,186,,{},,0,0,0,2976,0.0,0,0,0,,0,,0.0,1812.3518523034284,15257243.495237254,3906.052162380484,0,186,186,186,24.880871008000067,647.5588383844834,25.447177414882056,0,186,186,186,30.063516509390524,908.5368273930313,30.14194465181421,0,186,186,186,0.29789861122333294,0.13513450644390296,0.367606455933384,0,186,186,186,0.2541922638452036,0.04520834697967828,0.21262254579342774,0,186,186,186,0.6047017052479969,0.38274489867800654,0.618663801008275,0,186,186,186,0.28148657875811517,0.16021701370430846,0.4002711752103922,0,186,186,186,0.28148657875811517,0.16021701370430846,0.4002711752103922,0,186,186,186,0.7821655158923493,0.5444992622161519,0.7731122031864456,0.7909627673913238,0.6256220993993414,0.7029300592992666
Finland_Traffic/15T,short,chronos_bolt_512,,,,,,,2.6458874344825745e-05,,,0,186,,{},,0,0,0,2976,0.0,0,0,0,,0,,0.0,1741.0508138616406,12825317.30290378,3581.2452168071068,0,186,186,186,25.00211081709913,639.4221347947107,25.2867976381888,0,186,186,186,29.84149759803896,850.5358349678756,29.163947520318228,0,186,186,186,0.29310956291950324,0.14415112905426714,0.3796723970138824,0,186,186,186,0.25408946020610496,0.044533993762810524,0.21103078866082675,0,186,186,186,0.6072395016517017,0.37634387885304854,0.6134687268745234,0,186,186,186,0.2773791658435802,0.17956293479068736,0.4237486693674534,0,186,186,186,0.2773791658435802,0.17956293479068736,0.4237486693674534,0,186,186,186,0.7821655158923493,0.5444992622161519,0.7763567803918334,0.7843208558928032,0.6151592049884195,0.6911742677507062
Finland_Traffic/15T,short,chronos_bolt_max,,,,,,,2.1919608116149902e-05,,,0,186,,{},,0,0,0,2976,0.0,0,0,0,,0,,0.0,886.2001009711448,2970164.6904595615,1723.4165748476373,0,186,186,186,18.31619845154465,279.80948829449943,16.72750693601708,0,186,186,186,22.28455176657045,389.5988535341869,19.738258624665626,0,186,186,186,0.2284902008618264,0.07755545681883334,0.27848780371648835,0,186,186,186,0.20338066685316156,0.026747743179122173,0.16354737288969876,0,186,186,186,0.445327653983243,0.16583568066029863,0.4072292728430738,0,186,186,186,0.2108575437554392,0.08088200226150498,0.284397612967312,0,186,186,186,0.2108575437554392,0.08088200226150498,0.284397612967312,0,186,186,186,0.7821655158923493,0.5444992622161519,0.5693521958394981,0.5206433479472412,0.271069495761712,0.3045654827617861
Finland_Traffic/15T,short,chronos2_max,,,,,,,2.240203320980072e-05,,,0,186,,{},,0,0,0,2976,0.0,0,0,0,,0,,0.0,835.9955569690788,4619665.920630403,2149.340810720906,0,186,186,186,16.535215711080898,293.1984957255603,17.123039909010323,0,186,186,186,20.3035700025668,423.76060211994854,20.58544636678905,0,186,186,186,0.26124265876308067,0.30535563794608633,0.5525899365226319,0,186,186,186,0.18482546022008425,0.03172498754404772,0.17811509633955153,0,186,186,186,0.4022035802507917,0.17414769770042451,0.41731007380654556,0,186,186,186,0.2314161435723879,0.33282518174487685,0.5769100291595535,0,186,186,186,0.2314161435723879,0.33282518174487685,0.5769100291595535,0,186,186,186,0.7821655158923493,0.5444992622161519,0.5142179910500525,0.5335316698671495,0.284656042751229,0.3198309158246251
Finland_Traffic/15T,short,tsrag,all,False,False,t5,672,chronos_bolt_max,4.041136873885989,,,0,186,test,{},,61.065818861010484,0,0,2976,0.0,186,1860,1860,100.0,900.4072398032537,0.48408991387271705,0.0,1573.2990223050965,9786989.557307133,3128.4164616155463,0,186,186,186,24.21009191902735,545.8104683579695,23.362586936338396,0,186,186,186,28.915865263475258,737.1717583696412,27.150907137140763,0,186,186,186,0.2988069094643745,0.1291738746420614,0.35940767192988715,0,186,186,186,0.25044770740125794,0.03960022898311701,0.1989980627622214,0,186,186,186,0.5880162097796966,0.3212456571448291,0.5667853713221868,0,186,186,186,0.2734623973759635,0.1536210436244614,0.3919452048749435,0,186,186,186,0.2734623973759635,0.1536210436244614,0.3919452048749435,0,186,186,186,0.7821655158923493,0.5444992622161519,0.7517797676222615,0.7246361029807844,0.5250974817431779,0.589983640817686
Finland_Traffic/15T,short,bayes_mixture,,,,,,chronos_bolt_max,4.041204595938325,0.1043956043956044,180,0,186,,{},,0,0,0,2976,0.0,186,1860,1860,100.0,900.4072398032537,0.48408991387271705,0.0,795.0023073271217,3895374.9390990566,1973.6704231200954,0,186,186,186,16.324011386081736,269.05568160061244,16.402916862576987,0,186,186,186,20.135473779844165,389.56500298832987,19.73740112041932,0,186,186,186,0.25645344202472736,0.2661346087315279,0.5158823593916814,0,186,186,186,0.18425327894165924,0.030604108535413323,0.17494029991803867,0,186,186,186,0.3970459803098216,0.15972434320115217,0.39965528046199034,0,186,186,186,0.22722704913135733,0.28902821830333497,0.5376134469145419,0,186,186,186,0.22722704913135733,0.28902821830333497,0.5376134469145419,0,186,186,186,0.7821655158923493,0.5444992622161519,0.5076239903735,0.5109599852481805,0.26108010652482094,0.29334170729830267
Finland_Traffic/15T,medium,chronos_t5_512,,,,,,,1.749955117702484e-05,,,0,31,,{},,0,0,0,2976,0.0,0,0,0,,0,,0.0,2179.2344256638,2485097.924939839,1576.4193366423285,0,31,31,31,30.03109127956052,126.481753838612,11.246410709137916,0,31,31,31,43.300725942542904,304.281558512592,17.443668149577714,0,31,31,31,0.31856146060588353,0.03196637393393444,0.17879142578416463,0,31,31,31,0.2762106256384894,0.00973141726818719,0.09864794609208644,0,31,31,31,0.7294294641011038,0.07457177049702539,0.27307832300829993,0,31,31,31,0.2374489433042256,0.010443656576777644,0.10219421009420075,0,31,31,31,0.2374489433042256,0.010443656576777644,0.10219421009420075,0,31,31,31,0.7819762468379376,0.17085736839439175,0.9328025845422846,0.34921562401996414,0.12195155205965297,0.4364562745979479
Finland_Traffic/15T,medium,chronos_bolt_512,,,,,,,2.0561739802360535e-05,,,0,31,,{},,0,0,0,2976,0.0,0,0,0,,0,,0.0,2614.3405532085117,4923941.576395539,2218.9956233385274,0,31,31,31,32.95001479246283,250.7926184218386,15.836433260738941,0,31,31,31,46.216745560075104,478.35298304379035,21.8712821536322,0,31,31,31,0.3598778667405275,0.06429847341974758,0.25357143652183617,0,31,31,31,0.2945043708269693,0.015776933457799916,0.12560626360894553,0,31,31,31,0.800205807596358,0.14739828664484142,0.38392484504762314,0,31,31,31,0.26282812494662333,0.020038678726576605,0.14155804013399098,0,31,31,31,0.26282812494662333,0.020038678726576605,0.14155804013399098,0,31,31,31,0.7819762468379376,0.17085736839439175,1.0233121668748058,0.4909674003527507,0.24104898820913817,0.8626978633113469
Finland_Traffic/15T,medium,chronos_bolt_max,,,,,,,1.4679506421089172e-05,,,0,31,,{},,0,0,0,2976,0.0,0,0,0,,0,,0.0,1548.3610405211903,3295679.958448846,1815.4007707525207,0,31,31,31,24.548236423923125,173.45643707729107,13.170286142574545,0,31,31,31,34.519124063266084,356.79111442603534,18.888915120409518,0,31,31,31,0.28604502703173323,0.045923435471378615,0.21429753958311937,0,31,31,31,0.24097925119521466,0.010323964325007134,0.10160691081322733,0,31,31,31,0.5966518526730152,0.10277784918229393,0.3205898457254907,0,31,31,31,0.19710227894298823,0.0159836781367434,0.12642657211497668,0,31,31,31,0.19710227894298823,0.0159836781367434,0.12642657211497668,0,31,31,31,0.7819762468379376,0.17085736839439175,0.7630050849826767,0.40997389245754423,0.16807859249679005,0.6015418014928734
Finland_Traffic/15T,medium,chronos2_max,,,,,,,1.4880672097206116e-05,,,0,31,,{},,0,0,0,2976,0.0,0,0,0,,0,,0.0,1455.0134534822078,5589240.68057517,2364.157499105161,0,31,31,31,22.03622712627534,253.0157030606811,15.906467334410904,0,31,31,31,30.93163085541183,498.24766610674277,22.32146200648028,0,31,31,31,0.30244679295157806,0.09570362008212525,0.30936001694162946,0,31,31,31,0.21707202242937082,0.015321869368211886,0.12378153888287173,0,31,31,31,0.5358107102757379,0.15019403781941784,0.3875487554094553,0,31,31,31,0.1781646637609533,0.021897606184436362,0.14797839769519186,0,31,31,31,0.1781646637609533,0.021897606184436362,0.14797839769519186,0,31,31,31,0.7819762468379376,0.17085736839439175,0.685200749309695,0.4956016975919394,0.24562104265601217,0.8790609338704285
Finland_Traffic/15T,medium,tsrag,all,False,False,t5,672,chronos_bolt_max,1.7106900233775377,,,0,31,test,{},,60.430482905358076,0,0,2976,0.0,62,620,620,100.0,298.6261437660149,0.48165507059034657,0.0,2484.9134620284885,4271949.182861113,2066.869416015708,0,31,31,31,32.251732421177685,227.38268828237943,15.079213781970843,0,31,31,31,45.28317970054975,434.3470982362081,20.84099561528211,0,31,31,31,0.35958346425219445,0.060033476248206145,0.24501729785508236,0,31,31,31,0.2926787123096529,0.01534168807575711,0.1238615681951311,0,31,31,31,0.7832457569594121,0.13367909182983195,0.3656215144515322,0,31,31,31,0.25676060090318203,0.018113880988539176,0.13458781887131976,0,31,31,31,0.25676060090318203,0.018113880988539176,0.13458781887131976,0,31,31,31,0.7819762468379376,0.17085736839439175,1.001623463790119,0.46756089578166715,0.218613191264155,0.7824016785817466
Finland_Traffic/15T,medium,bayes_mixture,,,,,,chronos_bolt_max,1.7107485923916101,0.09375,30,0,31,,{},,0,0,0,2976,0.0,62,620,620,100.0,298.6261437660149,0.48165507059034657,0.0,1403.1703897993336,4964695.451228034,2228.1596556862874,0,31,31,31,21.85250150836924,237.18945827351453,15.400956407753206,0,31,31,31,30.621227923297365,465.5107902688072,21.575699067905244,0,31,31,31,0.2995213887526095,0.0890487899144194,0.29841043868205985,0,31,31,31,0.21757685009471125,0.014759225564527278,0.12148755312593665,0,31,31,31,0.5313309265511554,0.14076097611059232,0.37518125767499677,0,31,31,31,0.1764759690538137,0.02060933757850716,0.14355952625481586,0,31,31,31,0.1764759690538137,0.02060933757850716,0.14355952625481586,0,31,31,31,0.7819762468379376,0.17085736839439175,0.6794719516093847,0.479786002697793,0.2301946083847266,0.8238507793569216
Finland_Traffic/15T,long,chronos_t5_512,,,,,,,1.8749386072158813e-05,,,0,4,,{},,0,0,0,2688,0.0,0,0,0,,0,,0.0,3627.0001284226046,501640.11721638957,708.2655696957106,0,4,4,4,39.07231189523424,15.886278102643379,3.985759413542591,0,4,4,4,59.94229844479659,33.920985577540364,5.824172522989026,0,4,4,4,0.34864587691200555,0.003464175969206639,0.05885725077852889,0,4,4,4,0.3301779077749242,0.00039768426900169964,0.019942022690833033,0,4,4,4,0.9466206714573264,0.00928507676230671,0.09635910316263176,0,4,4,4,0.2981114993666952,0.0008677064305415465,0.029456857105630712,0,4,4,4,0.2981114993666952,0.0008677064305415465,0.029456857105630712,0,4,4,4,0.9356216079721509,0.018781384922048106,1.0117558886963018,0.10298939479548651,0.010606815440340586,0.49437657557439457
Finland_Traffic/15T,long,chronos_bolt_512,,,,,,,1.8632039427757263e-05,,,0,4,,{},,0,0,0,2688,0.0,0,0,0,,0,,0.0,2298.8016941727224,202086.23349453232,449.5400243521508,0,4,4,4,31.62564770522572,19.492615556452222,4.4150442304072355,0,4,4,4,47.720968540302295,21.510855748201053,4.6379797054537715,0,4,4,4,0.4244838162819139,0.031226605164351592,0.1767105123198719,0,4,4,4,0.28875164064243586,0.004224994193696561,0.06499995533611204,0,4,4,4,0.7665330424740098,0.011996056734234737,0.1095265115587762,0,4,4,4,0.24231546690242273,0.0016823312890857228,0.041016232019600765,0,4,4,4,0.24231546690242273,0.0016823312890857228,0.041016232019600765,0,4,4,4,0.9356216079721509,0.018781384922048106,0.8192767631087309,0.11706282820483588,0.013703705747314918,0.6387205620897615
Finland_Traffic/15T,long,chronos_bolt_max,,,,,,,1.3887882232666016e-05,,,0,4,,{},,0,0,0,2688,0.0,0,0,0,,0,,0.0,1905.4599112883616,1989491.2538178153,1410.4932661369976,0,4,4,4,26.23309159704617,92.32066938760087,9.608364553221369,0,4,4,4,41.05464596245414,219.9759561859099,14.831586435237124,0,4,4,4,0.3630821020998822,0.060293116264352686,0.24554656638681122,0,4,4,4,0.24598306160995176,0.00651623871411132,0.08072322289224657,0,4,4,4,0.6364014052199654,0.05577700255943535,0.23617155323924038,0,4,4,4,0.20248158764718804,0.006752438003562006,0.08217321950344897,0,4,4,4,0.20248158764718804,0.006752438003562006,0.08217321950344897,0,4,4,4,0.9356216079721509,0.018781384922048106,0.6801910086271843,0.2524220809212757,0.06371690693662707,2.969802428891004
Finland_Traffic/15T,long,chronos2_max,,,,,,,1.4619901776313782e-05,,,0,4,,{},,0,0,0,2688,0.0,0,0,0,,0,,0.0,1830.3234995740288,2685388.800088611,1638.715594631543,0,4,4,4,24.423499212378545,136.14426465342729,11.668087446253875,0,4,4,4,38.66784972988518,335.1208968410477,18.306307569825425,0,4,4,4,0.3722354115602905,0.0762653323508157,0.27616178655059376,0,4,4,4,0.23293730070743984,0.01039853474288423,0.10197320600473553,0,4,4,4,0.592638224850232,0.08176974491536582,0.2859540958184824,0,4,4,4,0.18906701311483226,0.009568008132146541,0.09781619565361628,0,4,4,4,0.18906701311483226,0.009568008132146541,0.09781619565361628,0,4,4,4,0.9356216079721509,0.018781384922048106,0.6334165647741988,0.30563006816212174,0.09340973856478317,4.353765457379745
Finland_Traffic/15T,long,tsrag,all,False,False,t5,672,chronos_bolt_max,1.671612335368991,,,0,4,test,{},,58.89024635218084,0,0,2688,0.0,44,440,440,100.0,207.7772060082117,0.4722209227459357,0.0,2289.5881822695815,189884.31050886487,435.75716919961843,0,4,4,4,31.95459217542694,18.29910701411157,4.277745552754578,0,4,4,4,47.63401953048264,20.588365639179933,4.537440428168719,0,4,4,4,0.42998475524713997,0.02761543241744121,0.16617891688611167,0,4,4,4,0.29764378507715694,0.003952904874831458,0.06287213114593347,0,4,4,4,0.7744664032232743,0.011230749267941466,0.10597522950171642,0,4,4,4,0.24473301825494823,0.0015600330024351467,0.03949725309986945,0,4,4,4,0.24473301825494823,0.0015600330024351467,0.03949725309986945,0,4,4,4,0.9356216079721509,0.018781384922048106,0.8277560037351409,0.1132671889989856,0.012829456103731922,0.5979723707572442
Finland_Traffic/15T,long,bayes_mixture,,,,,,chronos_bolt_max,1.6716710850596428,0.16666666666666666,4,0,4,,{},,0,0,0,2688,0.0,44,440,440,100.0,207.7772060082117,0.4722209227459357,0.0,1671.1127755526625,2095055.1515072458,1447.4305342596742,0,4,4,4,23.634334423712318,119.63151920414265,10.937619448679985,0,4,4,4,37.23908886175542,284.36303629894576,16.863067226899908,0,4,4,4,0.36698705162002665,0.06793341890090306,0.2606404015130867,0,4,4,4,0.2328172172448807,0.009998269638029716,0.09999134781584713,0,4,4,4,0.5734643280948117,0.07189528224127396,0.2681329562759378,0,4,4,4,0.1828288244651115,0.008431655314471275,0.09182404540462849,0,4,4,4,0.1828288244651115,0.008431655314471275,0.09182404540462849,0,4,4,4,0.9356216079721509,0.018781384922048106,0.6129233476530409,0.2865826889751769,0.08212963762024296,3.8280074946376104
Port_Activity/D,short,chronos_t5_512,,,,,,,0.00011620111763477325,,,0,2376,,{},,0,0,0,71280,0.0,0,0,0,,0,,0.0,1245946436.2306347,1.0097125203767806e+19,3177597394.8516207,0,2376,2376,2376,17103.38021439388,369550019.7934081,19223.68382473578,0,2376,2376,2376,24354.87990733754,652786260.929801,25549.68220800018,0,2376,2376,2376,1.358952020266987,38.957026564734115,6.241556421657511,0,2376,2376,2376,1.3063407189434946,0.31033618833825416,0.5570782605148528,0,2376,2376,2376,0.738176333167743,0.08069776988092932,0.2840735290042515,0,2376,2376,2376,0.8094795467304724,0.048613078364434605,0.22048373718810782,0,2376,2376,2376,0.8094795467304724,0.048613078364434605,0.22048373718810782,0,2376,2376,2376,0.9536286637709488,0.36546784286960077,0.7740710417079545,0.2978869446739731,0.0887366318071947,0.2208067589402725
Port_Activity/D,short,chronos_bolt_512,,,,,,,0.00011418387293815613,,,0,2376,,{},,0,0,0,71280,0.0,0,0,0,,0,,0.0,957545350.534752,5.722127778483038e+18,2392096941.698442,0,2376,2376,2376,15498.729540305243,301480170.9514672,17363.184355165595,0,2376,2376,2376,21289.437230989075,504305212.9225283,22456.740923885824,0,2376,2376,2376,2.6727206449010112,78.27938127840204,8.847563578658367,0,2376,2376,2376,0.949612965613003,0.15057442950660022,0.3880392113003533,0,2376,2376,2376,0.6631260886549746,0.053977030427084426,0.23232957286381867,0,2376,2376,2376,0.7424678327473095,0.05695453461187667,0.2386514919540137,0,2376,2376,2376,0.7424678327473095,0.05695453461187667,0.2386514919540137,0,2376,2376,2376,0.9536286637709488,0.36546784286960077,0.6953713891450837,0.243626876676624,0.05935405503920695,0.147692968013997
Port_Activity/D,short,chronos_bolt_max,,,,,,,0.00010913051664829254,,,0,2376,,{},,0,0,0,71280,0.0,0,0,0,,0,,0.0,957024305.3891474,5.719010346710542e+18,2391445242.256352,0,2376,2376,2376,15456.328356915352,299873995.8893459,17316.87026830616,0,2376,2376,2376,21287.82497460812,503852813.2395982,22446.66597157801,0,2376,2376,2376,2.643022132137582,76.19423557392503,8.728930952523626,0,2376,2376,2376,0.9476363384162083,0.14680833897320514,0.38315576333027423,0,2376,2376,2376,0.662000459082709,0.05548669364243405,0.2355561369237364,0,2376,2376,2376,0.7474776528948615,0.1029641621827242,0.3208802926057071,0,2376,2376,2376,0.7474776528948615,0.1029641621827242,0.3208802926057071,0,2376,2376,2376,0.9536286637709488,0.36546784286960077,0.6941910244863553,0.24701033627939942,0.06101410622886199,0.1518237369579784
Port_Activity/D,short,chronos2_max,,,,,,,0.0001114923506975174,,,0,2376,,{},,0,0,0,71280,0.0,0,0,0,,0,,0.0,949152199.9544291,5.547367435839927e+18,2355285000.9796963,0,2376,2376,2376,15412.239804726558,297576335.0636493,17250.40101167649,0,2376,2376,2376,21205.548877046393,499476896.7776254,22348.979770397247,0,2376,2376,2376,2.73559856492191,88.78200759471027,9.422420474310742,0,2376,2376,2376,0.9460094759125462,0.15585847389180613,0.39478915118301583,0,2376,2376,2376,0.6583469207443253,0.053044209417107344,0.23031328536822912,0,2376,2376,2376,0.7443422634087586,0.09828527147975288,0.3135048189099378,0,2376,2376,2376,0.7443422634087586,0.09828527147975288,0.3135048189099378,0,2376,2376,2376,0.9536286637709488,0.36546784286960077,0.6903598284693057,0.2415125447860362,0.05832830928902714,0.14514056558468144
Port_Activity/D,short,tsrag,all,False,False,t5,7,chronos_bolt_max,157.1896351892501,,,0,2376,test,{},,529.7167244385928,0,0,71280,0.0,2376,23760,1141,4.802188552188552,12343.525660159357,0.5195086557306127,0.0,954526809.4769702,5.704516797582931e+18,2388413029.101736,0,2376,2376,2376,15481.640841787063,300380661.149622,17331.49333293649,0,2376,2376,2376,21245.36978763389,503161072.06366336,22431.252128752494,0,2376,2376,2376,2.728650368154329,82.13610009918271,9.062896893332876,0,2376,2376,2376,0.9442286767082014,0.14629957947228006,0.3824912802565309,0,2376,2376,2376,0.6625431870455387,0.053599700765324124,0.23151609180643173,0,2376,2376,2376,0.7438628806203292,0.061699187373108914,0.24839321120575925,0,2376,2376,2376,0.7438628806203292,0.061699187373108914,0.24839321120575925,0,2376,2376,2376,0.9536286637709488,0.36546784286960077,0.6947601432465692,0.24277383912826614,0.05893913696507725,0.14666051148157663
Port_Activity/D,short,bayes_mixture,,,,,,chronos_bolt_max,157.19003613479435,0.42474916387959866,297,0,2376,,{},,0,0,0,71280,0.0,2376,23760,1141,4.802188552188552,12343.525660159357,0.5195086557306127,0.0,947735868.974922,5.57199261426414e+18,2360506855.373256,0,2376,2376,2376,15400.984116230797,297276032.4962483,17241.694594680892,0,2376,2376,2376,21178.2568295521,499217306.6364516,22343.171364791786,0,2376,2376,2376,2.7266445616734982,85.00368387037899,9.219744241050236,0,2376,2376,2376,0.9410425318365355,0.14947788204567747,0.38662369565984633,0,2376,2376,2376,0.6580670113244542,0.05290378234089161,0.23000822233322793,0,2376,2376,2376,0.741791205876688,0.07738554808674358,0.27818258048760636,0,2376,2376,2376,0.741791205876688,0.07738554808674358,0.27818258048760636,0,2376,2376,2376,0.9536286637709488,0.36546784286960077,0.6900663081185601,0.24119264769549062,0.05817389330236105,0.14475632637196953
Port_Activity/W,short,chronos_t5_512,,,,,,,5.236081779003143e-05,,,0,792,,{},,0,0,0,10296,0.0,0,0,0,,0,,0.0,6609358668.787736,2.4771996581102027e+20,15739122142.324846,0,792,792,792,45369.37342423067,2327170142.7297983,48240.75188810596,0,792,792,792,55977.24511644753,3475906697.960887,58956.82062290068,0,792,792,792,0.5244890146724221,0.6889448543717533,0.8300270202660593,0,792,792,792,0.3613676856657039,0.04764558075307387,0.21827867681721425,0,792,792,792,0.7987038952253647,0.12594273394752503,0.3548841134053834,0,792,792,792,0.3402361987150746,0.038300958823779804,0.19570630757280105,0,792,792,792,0.3402361987150746,0.038300958823779804,0.19570630757280105,0,792,792,792,0.9755398949343401,0.21474218187417846,0.8187301199805083,0.3637822658490756,0.13233753694628753,0.5864834419039165
Port_Activity/W,short,chronos_bolt_512,,,,,,,6.046891212463379e-05,,,0,792,,{},,0,0,0,10296,0.0,0,0,0,,0,,0.0,5952594008.428568,2.0665223502571133e+20,14375403821.309206,0,792,792,792,43928.421080416636,2070985630.8086667,45508.08313705013,0,792,792,792,53759.659899904436,3062492975.8751755,55339.79558938735,0,792,792,792,0.690252327788263,2.6728256756777515,1.6348778779094637,0,792,792,792,0.34112264734269976,0.034320871922522166,0.18525893209916267,0,792,792,792,0.7834238254070143,0.09430867481748093,0.3070971748770752,0,792,792,792,0.3434128392896591,0.05865624425818086,0.2421905123207366,0,792,792,792,0.3434128392896591,0.05865624425818086,0.2421905123207366,0,792,792,792,0.9755398949343401,0.21474218187417846,0.8030669268115822,0.3147971461461807,0.09909724322177985,0.4391716336045155
Port_Activity/W,short,chronos_bolt_max,,,,,,,4.807859659194946e-05,,,0,792,,{},,0,0,0,10296,0.0,0,0,0,,0,,0.0,5952594017.656701,2.066522338718584e+20,14375403781.17632,0,792,792,792,43928.421033454666,2070985618.3291903,45508.08299993739,0,792,792,792,53759.659941763624,3062492980.602638,55339.795632100395,0,792,792,792,0.6902523250718443,2.672825401309403,1.6348777939985004,0,792,792,792,0.34112264696845684,0.034320871541797714,0.18525893107161584,0,792,792,792,0.7834238251459267,0.09430867522486486,0.30709717554035704,0,792,792,792,0.34341283816999907,0.058656243664032895,0.2421905110941238,0,792,792,792,0.34341283816999907,0.058656243664032895,0.2421905110941238,0,792,792,792,0.9755398949343401,0.21474218187417846,0.8030669265439482,0.3147971468260932,0.0990972436498489,0.4391716355015994
Port_Activity/W,short,chronos2_max,,,,,,,4.787929356098175e-05,,,0,792,,{},,0,0,0,10296,0.0,0,0,0,,0,,0.0,5957653647.325617,2.1554840835003377e+20,14681566958.265516,0,792,792,792,43832.34276667064,2091557394.347732,45733.54779970314,0,792,792,792,53649.41101441423,3079394345.132066,55492.29086217351,0,792,792,792,0.6273764360475425,1.8166104118272755,1.347816905899045,0,792,792,792,0.34133576499785234,0.03623684368522289,0.19035977433592133,0,792,792,792,0.7792197531074543,0.10257007931406906,0.3202656386721327,0,792,792,792,0.33705066429377717,0.046899537870011186,0.2165630113154395,0,792,792,792,0.33705066429377717,0.046899537870011186,0.2165630113154395,0,792,792,792,0.9755398949343401,0.21474218187417846,0.7987574441124221,0.3282957881427172,0.10777812451224783,0.47764290377829366
Port_Activity/W,short,tsrag,all,False,False,t5,1,chronos_bolt_max,0.003992803394794464,,,792,792,test,"{""insufficient_query_history"": 792}",,1.4872602187097073,0,0,10296,0.0,0,0,0,,0.0,,1.0,5952594017.656701,2.066522338718584e+20,14375403781.17632,0,792,792,792,43928.421033454666,2070985618.3291903,45508.08299993739,0,792,792,792,53759.659941763624,3062492980.602638,55339.795632100395,0,792,792,792,0.6902523250718443,2.672825401309403,1.6348777939985004,0,792,792,792,0.34112264696845684,0.034320871541797714,0.18525893107161584,0,792,792,792,0.7834238251459267,0.09430867522486486,0.30709717554035704,0,792,792,792,0.34341283816999907,0.058656243664032895,0.2421905110941238,0,792,792,792,0.34341283816999907,0.058656243664032895,0.2421905110941238,0,792,792,792,0.9755398949343401,0.21474218187417846,0.8030669265439482,0.3147971468260932,0.0990972436498489,0.4391716355015994
Port_Activity/W,short,bayes_mixture,,,,,,chronos_bolt_max,0.004115093499422073,0.5148514851485149,99,0,792,,{},,0,0,0,10296,0.0,0,0,0,,0.0,,0.0,5889198334.251452,2.068836853818713e+20,14383451789.53478,0,792,792,792,43604.79600166256,2051042674.5362363,45288.438640962624,0,792,792,792,53419.58110131943,3035546689.211009,55095.79556745695,0,792,792,792,0.6569526514308477,2.0257592630169756,1.423291699904477,0,792,792,792,0.339243975937396,0.033703774643818754,0.18358587811653365,0,792,792,792,0.7767244979433824,0.0957692732798476,0.3094661100667529,0,792,792,792,0.3379575394309536,0.04990748505808095,0.22339983226959,0,792,792,792,0.3379575394309536,0.04990748505808095,0.22339983226959,0,792,792,792,0.9755398949343401,0.21474218187417846,0.7961996244096822,0.3172254786028837,0.10063200427482859,0.4459732710360587
ECDC_COVID/D,short,chronos_t5_512,,,,,,,2.049282193183899e-05,,,0,45,,{},,0,0,0,1220,0.0,0,0,0,,0,,0.0,47547.76018616139,8900044577.464766,94340.04758036094,0,45,45,45,118.3651656260314,18815.995627124652,137.17140965640272,0,45,45,45,141.58140562646184,27502.46576699667,165.83867391834954,0,45,45,45,0.6170159274285786,0.9771247969039297,0.9884962300909041,0,45,45,45,0.33374794475848624,0.06359068912080143,0.2521719435639132,0,45,45,45,3.510603040034045,10.473359956441943,3.236257090597399,0,45,45,45,0.4240609218687211,0.24171211222583852,0.4916422604148656,0,45,45,45,0.4240609218687211,0.24171211222583852,0.4916422604148656,0,45,45,45,3.5426548068444346,9.46457225161981,0.9909526136307536,0.9135118342167933,0.8345038712541302,1.1065856626166581
ECDC_COVID/D,short,chronos_bolt_512,,,,,,,2.0759180188179016e-05,,,0,45,,{},,0,0,0,1220,0.0,0,0,0,,0,,0.0,48966.02917746056,8438497255.096372,91861.29356315624,0,45,45,45,126.3400206643564,20003.23784917163,141.43280329955857,0,45,45,45,146.51871372206767,27498.295706691333,165.82610080048116,0,45,45,45,0.5444386426568675,0.5336632823634422,0.7305226090706859,0,45,45,45,0.33876159703628683,0.04246682231601823,0.20607479786722643,0,45,45,45,3.631515596829732,8.186170276606024,2.8611484191852097,0,45,45,45,0.4045120980112946,0.16390619122016523,0.40485329592355457,0,45,45,45,0.4045120980112946,0.16390619122016523,0.40485329592355457,0,45,45,45,3.5426548068444346,9.46457225161981,1.0250831071132356,0.8076283395315429,0.6522635348144772,0.8649276543063006
ECDC_COVID/D,short,chronos_bolt_max,,,,,,,1.746043562889099e-05,,,0,45,,{},,0,0,0,1220,0.0,0,0,0,,0,,0.0,60312.64647231913,13870648774.316465,117773.71852122385,0,45,45,45,134.35654100206165,26062.628698318047,161.4392415068841,0,45,45,45,156.93515081101182,35684.00491224413,188.9021040439839,0,45,45,45,0.5012842642526475,0.29935776955887605,0.5471359699004226,0,45,45,45,0.3378354937958485,0.06424313403073366,0.25346229311424934,0,45,45,45,3.529062284006213,8.225052248128199,2.8679351889692692,0,45,45,45,0.3757188806383635,0.09307461771920102,0.30508132967981016,0,45,45,45,0.3757188806383635,0.09307461771920102,0.30508132967981016,0,45,45,45,3.5426548068444346,9.46457225161981,0.9961631816873716,0.8095440694443042,0.6553616003724446,0.8690358137126087
ECDC_COVID/D,short,chronos2_max,,,,,,,1.7540529370307922e-05,,,0,45,,{},,0,0,0,1220,0.0,0,0,0,,0,,0.0,50053.25106897321,9739729563.10568,98690.06820904362,0,45,45,45,122.22058925346093,21600.763768483634,146.97198293716946,0,45,45,45,143.2936969291627,29520.16748934647,171.8143401737657,0,45,45,45,0.5302898447574061,0.6188662531839315,0.7866805280315076,0,45,45,45,0.3390622002218407,0.07244065919805678,0.2691480246965539,0,45,45,45,3.2510704942152295,7.726189130383133,2.779602333137446,0,45,45,45,0.40292291701111926,0.3007359546481003,0.5483939775819027,0,45,45,45,0.40292291701111926,0.3007359546481003,0.5483939775819027,0,45,45,45,3.5426548068444346,9.46457225161981,0.9176932756570406,0.784609984514222,0.6156128277994077,0.8163273442242293
ECDC_COVID/D,short,tsrag,all,False,False,t5,7,chronos_bolt_max,1.076280938461423,,,12,45,test,"{""nonfinite_prediction"": 12}",,9.07770618237555,0,768,1220,0.0,45,450,190,42.22222222222222,188.50797048143636,0.41890660106985855,0.26666666666666666,49437.622668529366,9076236727.240072,95269.28532974346,0,45,45,45,125.70905395366528,20496.15920907812,143.16479738077416,0,45,45,45,145.74018081297513,28197.42236513067,167.92088126594223,0,45,45,45,0.5444279055633222,0.648019859028076,0.8049968068434036,0,45,45,45,0.3300489025804539,0.04724866417093688,0.21736757847235838,0,45,45,45,3.4154077846013844,7.6078278873628555,2.7582291216218526,0,45,45,45,0.40472394993277205,0.24370577615058867,0.4936656521883902,0,45,45,45,0.40472394993277205,0.24370577615058867,0.4936656521883902,0,45,45,45,3.5426548068444346,9.46457225161981,0.9640814504429819,0.7785768786428003,0.6061819559571658,0.8038216292406472
ECDC_COVID/D,short,bayes_mixture,,,,,,chronos_bolt_max,1.0763396583497524,0.5454545454545454,9,0,45,,{},,0,0,0,1220,0.0,45,450,190,42.22222222222222,188.50797048143636,0.41890660106985855,0.0,47495.79297261237,7491684609.741156,86554.51813591915,0,45,45,45,120.03622966430807,20127.319815588377,141.87078563111004,0,45,45,45,140.44359407830677,27771.38985498017,166.64750179639708,0,45,45,45,0.5215144406169334,0.6262338116308563,0.791349361300593,0,45,45,45,0.31905835311656955,0.055680793687022355,0.23596778103593372,0,45,45,45,3.1672983480575736,7.245172336479625,2.691685779670358,0,45,45,45,0.3874581280237549,0.2654651229813288,0.5152330763657637,0,45,45,45,0.3874581280237549,0.2654651229813288,0.5152330763657637,0,45,45,45,3.5426548068444346,9.46457225161981,0.8940465613353947,0.7597934109950543,0.5772860273914996,0.7655044669598938
ECDC_COVID/W,short,chronos_t5_512,,,,,,,2.071075141429901e-05,,,0,64,,{},,0,0,0,820,0.0,0,0,0,,0,,0.0,1048965.713933119,8422882084458.73,2902220.1991679976,0,64,64,64,434.5182914998753,490322.40781518025,700.2302534275282,0,64,64,64,532.8438368212811,765043.1594946949,874.6674565197306,0,64,64,64,1.1669293841132313,14.110811876599632,3.7564360604966556,0,64,64,64,0.4977211276986758,0.09851083941329725,0.3138643646757262,0,64,64,64,1.2894959785659164,0.9726636511835426,0.9862371171191756,0,64,64,64,0.6239504350580637,0.6509332480363395,0.8068043430946189,0,64,64,64,0.6239504350580637,0.6509332480363395,0.8068043430946189,0,64,64,64,1.5433643330513203,2.5262185251337717,0.8355097697615627,0.639017694007045,0.4083436132540814,0.3850275189997812
ECDC_COVID/W,short,chronos_bolt_512,,,,,,,2.053193747997284e-05,,,0,64,,{},,0,0,0,820,0.0,0,0,0,,0,,0.0,3144297.4610785577,282495863974013.94,16807613.27416876,0,64,64,64,570.0965636512708,2445681.9683480305,1563.867631338417,0,64,64,64,646.405047112934,2726457.9761454826,1651.198951109612,0,64,64,64,0.9024173614479438,3.2273162693935604,1.796473286579447,0,64,64,64,0.5311723514576381,0.08153974291903479,0.28555164667540406,0,64,64,64,1.3582147439686962,1.1631087018763218,1.0784751744367238,0,64,64,64,0.5989302813469102,0.3223611905702999,0.5677686065381741,0,64,64,64,0.5989302813469102,0.3223611905702999,0.5677686065381741,0,64,64,64,1.5433643330513203,2.5262185251337717,0.88003507330212,0.6987819734725347,0.4882962464501701,0.46041492068257683
ECDC_COVID/W,short,chronos_bolt_max,,,,,,,1.6411766409873962e-05,,,0,64,,{},,0,0,0,820,0.0,0,0,0,,0,,0.0,3144297.2215292687,282495767317290.9,16807610.39878337,0,64,64,64,570.0965875017719,2445681.771074845,1563.8675682662024,0,64,64,64,646.4050594846145,2726457.720601961,1651.1988737284073,0,64,64,64,0.9024175470151259,3.2273221907921594,1.7964749346406588,0,64,64,64,0.5311723482368818,0.08153972448447358,0.2855516143965458,0,64,64,64,1.358214699186885,1.1631085308137377,1.0784750951291076,0,64,64,64,0.5989302851233931,0.3223612242030045,0.5677686361564933,0,64,64,64,0.5989302851233931,0.3223612242030045,0.5677686361564933,0,64,64,64,1.5433643330513203,2.5262185251337717,0.8800350442864106,0.6987819220863425,0.4882961746346832,0.4604148529676969
ECDC_COVID/W,short,chronos2_max,,,,,,,1.6260892152786255e-05,,,0,64,,{},,0,0,0,820,0.0,0,0,0,,0,,0.0,2437816.681451073,112110007431167.92,10588201.33125395,0,64,64,64,573.4415588153784,1682820.432104811,1297.235688726151,0,64,64,64,668.2329485805902,1991281.4078823628,1411.1277078572168,0,64,64,64,1.0930908034771651,5.168752668770247,2.2734890958107203,0,64,64,64,0.5418502960303714,0.07619611538937099,0.2760364385174012,0,64,64,64,1.4613553532441703,1.173802120775528,1.0834214880532544,0,64,64,64,0.6585359207944451,0.2896181511787114,0.5381618261998071,0,64,64,64,0.6585359207944451,0.2896181511787114,0.5381618261998071,0,64,64,64,1.5433643330513203,2.5262185251337717,0.9468634994013284,0.7019868639255565,0.49278555712403777,0.4646478953016827
ECDC_COVID/W,short,tsrag,all,False,False,t5,1,chronos_bolt_max,0.00044234469532966614,,,64,64,test,"{""insufficient_query_history"": 64}",,0.12293640151619911,0,0,820,0.0,0,0,0,,0.0,,1.0,3144297.2215292687,282495767317290.9,16807610.39878337,0,64,64,64,570.0965875017719,2445681.771074845,1563.8675682662024,0,64,64,64,646.4050594846145,2726457.720601961,1651.1988737284073,0,64,64,64,0.9024175470151259,3.2273221907921594,1.7964749346406588,0,64,64,64,0.5311723482368818,0.08153972448447358,0.2855516143965458,0,64,64,64,1.358214699186885,1.1631085308137377,1.0784750951291076,0,64,64,64,0.5989302851233931,0.3223612242030045,0.5677686361564933,0,64,64,64,0.5989302851233931,0.3223612242030045,0.5677686361564933,0,64,64,64,1.5433643330513203,2.5262185251337717,0.8800350442864106,0.6987819220863425,0.4882961746346832,0.4604148529676969
ECDC_COVID/W,short,bayes_mixture,,,,,,chronos_bolt_max,0.000496136024594307,0.5,16,0,64,,{},,0,0,0,820,0.0,0,0,0,,0.0,,0.0,2629800.503885105,179236430946546.9,13387921.083818313,0,64,64,64,542.2644566196224,1972036.7421133562,1404.2922566593309,0,64,64,64,623.8651052970306,2240592.834277829,1496.8609936389648,0,64,64,64,0.9727796436832056,4.106554246289817,2.0264634825946946,0,64,64,64,0.5118429250147296,0.07555059365125935,0.274864682437121,0,64,64,64,1.328325189525804,1.0559715066044881,1.0276047424007384,0,64,64,64,0.6047939585799181,0.2862590040535372,0.5350317785454778,0,64,64,64,0.6047939585799181,0.2862590040535372,0.5350317785454778,0,64,64,64,1.5433643330513203,2.5262185251337717,0.860668580373131,0.665821232481837,0.44331791362363254,0.4180048147452212
Global_Influenza/W,short,chronos_t5_512,,,,,,,2.730824053287506e-05,,,0,237,,{},,0,0,0,3060,0.0,0,0,0,,0,,0.0,3198602.0969726364,307051235725321.06,17522877.495586194,0,237,237,240,516.7777464280372,1921114.2963769254,1386.0426748036748,0,237,237,240,629.9287048669336,2801791.923757304,1673.8554070639746,0,237,237,240,0.8001580684573228,4.727072408606386,2.174183158937256,0,237,237,240,0.5035590973279428,0.15184846650415565,0.3896773877249688,0,237,237,240,3.398558431492511,26.65903040468076,5.163238364116144,0,237,237,240,0.5265944077565531,0.39810455076019635,0.6309552684304937,0,237,237,240,0.5265944077565531,0.39810455076019635,0.6309552684304937,0,237,237,240,4.230835072275004,30.38882579215142,0.8032831281378782,1.220382802901312,1.489334185617263,0.8772642479514967
Global_Influenza/W,short,chronos_bolt_512,,,,,,,2.7529895305633545e-05,,,0,237,,{},,0,0,0,3060,0.0,0,0,0,,0,,0.0,4573334.869083739,704216505922483.6,26537077.946196027,0,237,237,240,530.6044281008095,2595009.851239438,1610.903427036965,0,237,237,240,658.5584722751661,4139635.607678339,2034.6094484392672,0,237,237,240,0.7361607994532525,1.611828603924352,1.269578120449605,0,237,237,240,0.517202770452054,0.17667064953796285,0.4203220783375088,0,237,237,240,2.8883878965894034,14.148267072123593,3.761418226164646,0,237,237,240,0.5297510361441881,0.3388807182345675,0.5821346220888838,0,237,237,240,0.5297510361441881,0.3388807182345675,0.5821346220888838,0,237,237,240,4.230835072275004,30.38882579215142,0.6826992419338767,0.889048653967515,0.7904075091214503,0.46557465460800046
Global_Influenza/W,short,chronos_bolt_max,,,,,,,2.491101622581482e-05,,,0,237,,{},,0,0,0,3060,0.0,0,0,0,,0,,0.0,4573334.8821826475,704216505917726.1,26537077.94610639,0,237,237,240,530.604437406056,2595009.859065835,1610.9034294661599,0,237,237,240,658.5584786954137,4139635.61232103,2034.6094495801965,0,237,237,240,0.7361607653250444,1.6118285265005363,1.2695780899576585,0,237,237,240,0.5172027521366934,0.17667059715106945,0.4203220160199433,0,237,237,240,2.8883879320915615,14.148267517695801,3.7614182853939284,0,237,237,240,0.529751030373907,0.3388806463535518,0.5821345603497114,0,237,237,240,0.529751030373907,0.3388806463535518,0.5821345603497114,0,237,237,240,4.230835072275004,30.38882579215142,0.6826992503251653,0.8890486679669457,0.7904075340138006,0.4655746692703705
Global_Influenza/W,short,chronos2_max,,,,,,,2.4769455194473267e-05,,,0,237,,{},,0,0,0,3060,0.0,0,0,0,,0,,0.0,2518067.125624654,168140874500082.12,12966914.609886276,0,237,237,240,440.60132558076344,1296900.62248276,1138.8154470689094,0,237,237,240,557.94408877659,2206765.519423914,1485.5186028535336,0,237,237,240,0.6219174313667335,1.0208007766530338,1.0103468595749847,0,237,237,240,0.4610399650599585,0.13344347245142363,0.3652991547368042,0,237,237,240,2.702738655499249,11.723271918482602,3.4239263891740723,0,237,237,240,0.4611752357097218,0.17337222312399775,0.4163799024016382,0,237,237,240,0.4611752357097218,0.17337222312399775,0.4163799024016382,0,237,237,240,4.230835072275004,30.38882579215142,0.6388191951065427,0.8092790975501107,0.6549326577315218,0.38577574529090214
Global_Influenza/W,short,tsrag,all,False,False,t5,1,chronos_bolt_max,0.001345386728644371,,,237,237,test,"{""insufficient_query_history"": 237}",,0.4333618078380823,0,0,3060,0.0,0,0,0,,0.0,,1.0,4573334.8821826475,704216505917726.1,26537077.94610639,0,237,237,240,530.604437406056,2595009.859065835,1610.9034294661599,0,237,237,240,658.5584786954137,4139635.61232103,2034.6094495801965,0,237,237,240,0.7361607653250444,1.6118285265005363,1.2695780899576585,0,237,237,240,0.5172027521366934,0.17667059715106945,0.4203220160199433,0,237,237,240,2.8883879320915615,14.148267517695801,3.7614182853939284,0,237,237,240,0.529751030373907,0.3388806463535518,0.5821345603497114,0,237,237,240,0.529751030373907,0.3388806463535518,0.5821345603497114,0,237,237,240,4.230835072275004,30.38882579215142,0.6826992503251653,0.8890486679669457,0.7904075340138006,0.4655746692703705
Global_Influenza/W,short,bayes_mixture,,,,,,chronos_bolt_max,0.0014182273298501968,0.47058823529411764,15,0,237,,{},,0,0,0,3060,0.0,0,0,0,,0.0,,0.0,2977822.4196378244,254033385134208.12,15938424.800908279,0,237,237,240,455.1684928986681,1579164.2405725261,1256.648017772887,0,237,237,240,578.6706706544174,2642962.674562191,1625.7191253602791,0,237,237,240,0.6453821923916847,1.0223655140066672,1.0111209195772122,0,237,237,240,0.46653944115356055,0.14364329510812118,0.37900302783503087,0,237,237,240,2.697475385524702,12.16083765360253,3.4872392595866617,0,237,237,240,0.46814578170400617,0.19837855371521992,0.44539707421043967,0,237,237,240,0.46814578170400617,0.19837855371521992,0.44539707421043967,0,237,237,240,4.230835072275004,30.38882579215142,0.6375751688364009,0.8242437249418716,0.6793777181060519,0.40017464764115146
Crypto/D,short,chronos_t5_512,,,,,,,2.086162567138672e-05,,,0,36,,{},,0,0,0,1080,0.0,0,0,0,,0,,0.0,15297303.690736344,2042777561458405.8,45197096.82555292,0,36,36,36,1541.0736238691543,9505470.361630553,3083.0942836103072,0,36,36,36,1784.622709761898,12112425.474538445,3480.291004289504,0,36,36,36,0.10077139670628926,0.006303935000738148,0.07939732363712361,0,36,36,36,0.10059339359484505,0.005458994037291641,0.07388500549699946,0,36,36,36,6.752320002398594,33.354532915151324,5.775338337721117,0,36,36,36,0.10174432403229404,0.006228697083354666,0.07892209502639085,0,36,36,36,0.10174432403229404,0.006228697083354666,0.07892209502639085,0,36,36,36,6.169569272851417,27.688250742146593,1.0944556586975227,0.9361007360975628,0.8762845881223993,1.2046457259352832
Crypto/D,short,chronos_bolt_512,,,,,,,2.107955515384674e-05,,,0,36,,{},,0,0,0,1080,0.0,0,0,0,,0,,0.0,10862266.087052306,560887797490012.3,23683069.84936734,0,36,36,36,1462.824262717918,6180610.611166079,2486.0833878142703,0,36,36,36,1685.8348254424918,8020227.028377589,2832.000534671134,0,36,36,36,0.10298477890878342,0.005482548546248837,0.07404423371369871,0,36,36,36,0.10374710376178947,0.005354662128698459,0.07317555690733388,0,36,36,36,6.7631135126780775,23.015533709253397,4.797450751102443,0,36,36,36,0.10417339914257052,0.005562769475476968,0.07458397599670433,0,36,36,36,0.10417339914257052,0.005562769475476968,0.07458397599670433,0,36,36,36,6.169569272851417,27.688250742146593,1.0962051341960763,0.7775989763520693,0.6046601680237862,0.8312382722762451
Crypto/D,short,chronos_bolt_max,,,,,,,1.6219913959503174e-05,,,0,36,,{},,0,0,0,1080,0.0,0,0,0,,0,,0.0,11710810.831226697,711560937545424.6,26675099.578922376,0,36,36,36,1443.1457545810276,6566329.091200832,2562.484944580325,0,36,36,36,1686.364978658512,8866983.989980774,2977.748140790415,0,36,36,36,0.099806562975882,0.00607554780920996,0.07794580045910081,0,36,36,36,0.10079025576810248,0.005737359527859737,0.07574535977774306,0,36,36,36,6.650599959702402,27.456395419487393,5.239885057850734,0,36,36,36,0.10105632833871259,0.006138202007692415,0.0783466783449842,0,36,36,36,0.10105632833871259,0.006138202007692415,0.0783466783449842,0,36,36,36,6.169569272851417,27.688250742146593,1.0779682771320378,0.8493113256558011,0.7213297278872144,0.9916262199147787
Crypto/D,short,chronos2_max,,,,,,,1.7391517758369446e-05,,,0,36,,{},,0,0,0,1080,0.0,0,0,0,,0,,0.0,13407378.453415908,937946422211669.5,30625910.96133582,0,36,36,36,1476.1532893993235,7347247.533082631,2710.5806634525065,0,36,36,36,1767.7677169506294,10282375.75232307,3206.614375368992,0,36,36,36,0.0932337487327028,0.0054854583172626835,0.07406387997710276,0,36,36,36,0.09353009205148205,0.00482107172349826,0.06943393783661028,0,36,36,36,6.4147144993872605,28.646516036125988,5.352244018738868,0,36,36,36,0.09450851493825209,0.005476627512693111,0.07400423982916865,0,36,36,36,0.09450851493825209,0.005476627512693111,0.07400423982916865,0,36,36,36,6.169569272851417,27.688250742146593,1.0397345771956206,0.8675231255269135,0.7525963733239849,1.0346090947710445
Crypto/D,short,tsrag,all,False,False,t5,1,chronos_bolt_max,0.981264516711235,,,0,36,test,{},,15.644746689125896,0,0,1080,0.0,36,360,360,100.0,174.80968488420277,0.4855824580116744,0.0,11356705.85960414,537612032359126.44,23186462.26484598,0,36,36,36,1467.4980231885556,6327349.878769401,2515.4224056347675,0,36,36,36,1705.9931568536456,8446293.208372671,2906.250713268329,0,36,36,36,0.09894835938321657,0.0047015079707684385,0.06856754312915432,0,36,36,36,0.10099657295585908,0.004825738889535259,0.0694675383868988,0,36,36,36,6.605930139133781,22.770145176578115,4.771807328107257,0,36,36,36,0.10053804156068033,0.0048313620307946625,0.06950799976114018,0,36,36,36,0.10053804156068033,0.0048313620307946625,0.06950799976114018,0,36,36,36,6.169569272851417,27.688250742146593,1.0707279304249855,0.7734425398390655,0.5982133624327044,0.8223757213350348
Crypto/D,short,bayes_mixture,,,,,,chronos_bolt_max,0.9813202265650034,0.6,3,0,36,,{},,0,0,0,1080,0.0,36,360,360,100.0,174.80968488420277,0.4855824580116744,0.0,11727880.789100366,637153663949395.9,25241902.93835621,0,36,36,36,1444.5503144440827,6497274.327843849,2548.9751524571298,0,36,36,36,1696.6718016858024,8849185.586464617,2974.75807192192,0,36,36,36,0.09563906151355536,0.004753352593119464,0.06894456173709036,0,36,36,36,0.09700644353097009,0.004579357514813068,0.0676709503022757,0,36,36,36,6.449724915856319,24.344675795316387,4.934032407201678,0,36,36,36,0.09709490505002244,0.0048406947666068696,0.06957510162843364,0,36,36,36,0.09709490505002244,0.0048406947666068696,0.06957510162843364,0,36,36,36,6.169569272851417,27.688250742146593,1.0454092709903913,0.7997369328379863,0.63957916174511,0.879242102436588
US_Term_Structure/B,short,chronos_t5_512,,,,,,,7.7052041888237e-05,,,0,1400,,{},,0,0,0,26800,0.0,0,0,0,,0,,0.0,0.025347495547280233,0.0018976576459726203,0.0435621125058533,0,1400,1400,1400,0.10597322747190906,0.006747131327927373,0.0821409235882296,0,1400,1400,1400,0.12725436584120892,0.009153821921631994,0.09567560776724647,0,1400,1400,1400,0.9566398707054683,50.099808669934575,7.078121832091799,0,1400,1400,1400,0.2592631206391762,0.1611371039901113,0.4014188635205268,0,1400,1400,1400,1.5381640556921792,1.0334219172870962,1.0165736162654901,0,1400,1400,1400,0.2552867138716598,0.23130554339548715,0.48094234934707836,0,1400,1400,1400,0.2552867138716598,0.23130554339548715,0.48094234934707836,0,1400,1400,1400,1.7649879489699798,1.0333743744905457,0.871487001704362,0.5759663213897562,0.3317372033752481,1.0000460073306674
US_Term_Structure/B,short,chronos_bolt_512,,,,,,,8.415244519710541e-05,,,0,1400,,{},,0,0,0,26800,0.0,0,0,0,,0,,0.0,0.021312614026392444,0.0009961148652775362,0.03156128744645149,0,1400,1400,1400,0.10327976199927512,0.004672242735291671,0.06835380556554017,0,1400,1400,1400,0.12268059929183123,0.006262084583789586,0.07913333421377862,0,1400,1400,1400,1.0508914100382276,47.32801020790812,6.879535609901887,0,1400,1400,1400,0.2873074823711158,0.20479060823542677,0.45253796330852375,0,1400,1400,1400,1.5463522708432798,0.8014344738365422,0.8952287271063983,0,1400,1400,1400,0.29006776914166266,0.267907050496747,0.5175973826216155,0,1400,1400,1400,0.29006776914166266,0.267907050496747,0.5175973826216155,0,1400,1400,1400,1.7649879489699798,1.0333743744905457,0.8761262487631757,0.5072152065564188,0.25726726576207065,0.7755509461240995
US_Term_Structure/B,short,chronos_bolt_max,,,,,,,7.163919508457184e-05,,,0,1400,,{},,0,0,0,26800,0.0,0,0,0,,0,,0.0,0.0235856002351032,0.0013134118400058752,0.03624102426816708,0,1400,1400,1400,0.10597238269548073,0.005647552088211165,0.07515019686076121,0,1400,1400,1400,0.1262152113376699,0.007655320662090524,0.0874946893364993,0,1400,1400,1400,1.010142455984752,40.790621429345464,6.386753590780332,0,1400,1400,1400,0.29061884742787825,0.21173563603353865,0.4601474068529982,0,1400,1400,1400,1.5723117180459338,0.8799786070187302,0.9380717493980566,0,1400,1400,1400,0.28423298467241387,0.24137701433230185,0.4913013477818902,0,1400,1400,1400,0.28423298467241387,0.24137701433230185,0.4913013477818902,0,1400,1400,1400,1.7649879489699798,1.0333743744905457,0.8908342512839882,0.5314890393135551,0.2824805989104457,0.8515583787846106
US_Term_Structure/B,short,chronos2_max,,,,,,,7.203035056591034e-05,,,0,1400,,{},,0,0,0,26800,0.0,0,0,0,,0,,0.0,0.02306745351621669,0.0017369771789106326,0.04167705818445722,0,1400,1400,1400,0.10213047908763945,0.005657414964515178,0.07521578932986862,0,1400,1400,1400,0.12272495589910079,0.008006038715780452,0.08947647017948603,0,1400,1400,1400,0.9471595076310175,44.93335187350307,6.703234433726981,0,1400,1400,1400,0.26915880297764677,0.18333723992478346,0.42817898118051456,0,1400,1400,1400,1.4983433891669031,0.9080575375339903,0.9529205305449088,0,1400,1400,1400,0.2604909019972581,0.22717051116430906,0.47662407740724666,0,1400,1400,1400,0.2604909019972581,0.22717051116430906,0.47662407740724666,0,1400,1400,1400,1.7649879489699798,1.0333743744905457,0.848925563509549,0.5399020039207739,0.29149417383766735,0.878730458147526
US_Term_Structure/B,short,tsrag,all,False,False,t5,1,chronos_bolt_max,78.7723700478673,,,1400,1400,test,"{""nonfinite_prediction"": 1400}",,674.6886008623987,0,89600,26800,0.0,1400,14000,14000,100.0,5589.003451063704,0.399214532218836,1.0,0.0235856002351032,0.0013134118400058752,0.03624102426816708,0,1400,1400,1400,0.10597238269548073,0.005647552088211165,0.07515019686076121,0,1400,1400,1400,0.1262152113376699,0.007655320662090524,0.0874946893364993,0,1400,1400,1400,1.010142455984752,40.790621429345464,6.386753590780332,0,1400,1400,1400,0.29061884742787825,0.21173563603353865,0.4601474068529982,0,1400,1400,1400,1.5723117180459338,0.8799786070187302,0.9380717493980566,0,1400,1400,1400,0.28423298467241387,0.24137701433230185,0.4913013477818902,0,1400,1400,1400,0.28423298467241387,0.24137701433230185,0.4913013477818902,0,1400,1400,1400,1.7649879489699798,1.0333743744905457,0.8908342512839882,0.5314890393135551,0.2824805989104457,0.8515583787846106
US_Term_Structure/B,short,bayes_mixture,,,,,,chronos_bolt_max,78.77257397025824,0.7142857142857143,5,0,1400,,{},,0,0,0,26800,0.0,1400,14000,14000,100.0,5589.003451063704,0.399214532218836,0.0,0.022318728057481887,0.0012442448474808702,0.035273855013038626,0,1400,1400,1400,0.10228510441629927,0.0052526585470024445,0.07247522712625636,0,1400,1400,1400,0.1224910293884862,0.007314675776830895,0.08552587781970376,0,1400,1400,1400,0.9861828221041556,40.96584000096188,6.400456233813483,0,1400,1400,1400,0.2840747880667289,0.2055049585835602,0.4533265474065689,0,1400,1400,1400,1.5196110426774014,0.8421545494095892,0.9176897893131367,0,1400,1400,1400,0.2746432684301934,0.22944384834958506,0.47900297321580904,0,1400,1400,1400,0.2746432684301934,0.22944384834958506,0.47900297321580904,0,1400,1400,1400,1.7649879489699798,1.0333743744905457,0.8609753078281489,0.5199411077274984,0.2703387555048981,0.8149559058156169
Oil_Price/B,short,chronos_t5_512,,,,,,,4.284083843231201e-05,,,0,420,,{},,0,0,0,7776,0.0,0,0,0,,0,,0.0,3.128845084234227,156.9454023753859,12.52778521429011,0,420,420,420,0.6648496792003904,1.9825847333717015,1.4080428734139105,0,420,420,420,0.7757620555505876,2.527038317402154,1.5896661024888699,0,420,420,420,0.058570917971212826,0.0018804492576357762,0.04336414714526018,0,420,420,420,0.058056683931595784,0.0018781278281261248,0.04333737218759491,0,420,420,420,1.3991299769436263,0.9458671213924734,0.9725570016160869,0,420,420,420,0.058305874424307076,0.0019018055413221743,0.043609695496783445,0,420,420,420,0.058305874424307076,0.0019018055413221743,0.043609695496783445,0,420,420,420,1.5496690109476723,1.308977194348269,0.9028572985969523,0.6275901465057607,0.3938693919911222,0.7226001533689166
Oil_Price/B,short,chronos_bolt_512,,,,,,,3.703311085700989e-05,,,0,420,,{},,0,0,0,7776,0.0,0,0,0,,0,,0.0,3.1582609188094803,129.42390936049756,11.376462954736747,0,420,420,420,0.6813977875814172,1.9983793683966884,1.4136404664541435,0,420,420,420,0.7882292981292424,2.5369554923801623,1.5927823116735578,0,420,420,420,0.0603803425064938,0.002087762018828303,0.04569203452275137,0,420,420,420,0.06017314496590561,0.0020937651453268886,0.045757678539529174,0,420,420,420,1.4368159302639318,0.9309657381861419,0.9648656581027961,0,420,420,420,0.0602032833330261,0.0020982635440685475,0.045806806743851375,0,420,420,420,0.0602032833330261,0.0020982635440685475,0.045806806743851375,0,420,420,420,1.5496690109476723,1.308977194348269,0.9271760099179326,0.622626929548491,0.3876642933989816,0.7112161634333618
Oil_Price/B,short,chronos_bolt_max,,,,,,,3.2803043723106384e-05,,,0,420,,{},,0,0,0,7776,0.0,0,0,0,,0,,0.0,3.1658609182634216,135.7464080638695,11.651026051977976,0,420,420,420,0.6828490908678891,2.0304268065382343,1.424930456737533,0,420,420,420,0.7864371904614335,2.5473774637225493,1.596050583071398,0,420,420,420,0.058957276467897494,0.0019129083565723667,0.043736807800437,0,420,420,420,0.05858939678936707,0.0018884835847556424,0.043456686306662204,0,420,420,420,1.4220399114774767,0.9656327026425922,0.9826661196167252,0,420,420,420,0.05877875465364784,0.0019315445182452491,0.04394934036188995,0,420,420,420,0.05877875465364784,0.0019315445182452491,0.04394934036188995,0,420,420,420,1.5496690109476723,1.308977194348269,0.9176410584656743,0.6341135511355379,0.40209999573372246,0.7377001729379816
Oil_Price/B,short,chronos2_max,,,,,,,4.0160492062568665e-05,,,0,420,,{},,0,0,0,7776,0.0,0,0,0,,0,,0.0,3.0767980169865057,109.87038046727959,10.481907291484674,0,420,420,420,0.6698824029977615,1.9521680211493004,1.397200064825829,0,420,420,420,0.7766318103042757,2.473641048210009,1.5727813097217327,0,420,420,420,0.05722644001848284,0.0022327032461054623,0.04725148935330464,0,420,420,420,0.056263186359836494,0.0019927563449159955,0.04464029956122602,0,420,420,420,1.3665025070493844,1.0581466450859323,1.0286625516105523,0,420,420,420,0.056787668181524,0.002183263173402552,0.04672540180033289,0,420,420,420,0.056787668181524,0.002183263173402552,0.04672540180033289,0,420,420,420,1.5496690109476723,1.308977194348269,0.8818028220192158,0.6637950067682468,0.4406238110104567,0.8083766849832524
Oil_Price/B,short,tsrag,all,False,False,t5,1,chronos_bolt_max,10.310059882700443,,,420,420,test,"{""nonfinite_prediction"": 420}",,102.74668756313622,0,26880,7776,0.0,420,4200,4200,100.0,1801.3926603294012,0.42890301436414313,1.0,3.1658609182634216,135.7464080638695,11.651026051977976,0,420,420,420,0.6828490908678891,2.0304268065382343,1.424930456737533,0,420,420,420,0.7864371904614335,2.5473774637225493,1.596050583071398,0,420,420,420,0.058957276467897494,0.0019129083565723667,0.043736807800437,0,420,420,420,0.05858939678936707,0.0018884835847556424,0.043456686306662204,0,420,420,420,1.4220399114774767,0.9656327026425922,0.9826661196167252,0,420,420,420,0.05877875465364784,0.0019315445182452491,0.04394934036188995,0,420,420,420,0.05877875465364784,0.0019315445182452491,0.04394934036188995,0,420,420,420,1.5496690109476723,1.308977194348269,0.9176410584656743,0.6341135511355379,0.40209999573372246,0.7377001729379816
Oil_Price/B,short,bayes_mixture,,,,,,chronos_bolt_max,10.310169542208314,0.42857142857142855,5,0,420,,{},,0,0,0,7776,0.0,420,4200,4200,100.0,1801.3926603294012,0.42890301436414313,0.0,3.0479243296904692,115.691309003024,10.75598944788549,0,420,420,420,0.6668848821437936,1.9377114164125968,1.392017031653204,0,420,420,420,0.772716837870647,2.4508330181616578,1.5655136595257346,0,420,420,420,0.057064916862114345,0.0020464046976510913,0.0452372047948488,0,420,420,420,0.05635864484515868,0.0019051187229202674,0.043647665721322,0,420,420,420,1.3675316009351968,0.9912883190698283,0.9956346313130275,0,420,420,420,0.05673771552844312,0.002027028167215173,0.045022529551494245,0,420,420,420,0.05673771552844312,0.002027028167215173,0.045022529551494245,0,420,420,420,1.5496690109476723,1.308977194348269,0.8824668953655512,0.6424821199103447,0.4127832744044904,0.7572999158044034
Job_Claims/W,short,chronos_t5_512,,,,,,,1.8032267689704895e-05,,,0,8,,{},,0,0,0,104,0.0,0,0,0,,0,,0.0,1243139022.8173006,2.3677810744329795e+18,1538759589.5502908,0,8,8,8,24004.347806490383,337562423.8635889,18372.87195469421,0,8,8,8,27675.99046752243,477178574.4589082,21844.417466687184,0,8,8,8,0.02692194131857075,8.404972933055512e-05,0.0091678639459012,0,8,8,8,0.027156857226216625,8.949526146820696e-05,0.009460193521710163,0,8,8,8,3.86308132099131,2.704204128830432,1.6444464505816028,0,8,8,8,0.02706926287092761,8.865442823423419e-05,0.009415648051739943,0,8,8,8,0.02706926287092761,8.865442823423419e-05,0.009415648051739943,0,8,8,8,2.721408984092651,1.8094438105119042,1.4195151642300121,0.6042628874211202,0.3651336371145094,1.494494669091379
Job_Claims/W,short,chronos_bolt_512,,,,,,,1.9760802388191223e-05,,,0,8,,{},,0,0,0,104,0.0,0,0,0,,0,,0.0,1472408115.295476,3.9629527669907164e+18,1990716646.5850222,0,8,8,8,25819.680889423078,546133042.1669424,23369.489557261244,0,8,8,8,29300.880879658856,613866494.9715178,24776.329328040458,0,8,8,8,0.02897254187481807,0.00012011476167850886,0.01095968802833862,0,8,8,8,0.02895986432922862,0.00012050512813180345,0.010977482777568064,0,8,8,8,4.146792423445997,5.5035734805555,2.345969624815185,0,8,8,8,0.028980384875262603,0.00012085686255284833,0.010993491827115183,0,8,8,8,0.028980384875262603,0.00012085686255284833,0.010993491827115183,0,8,8,8,2.721408984092651,1.8094438105119042,1.5237667133771828,0.8620422871122982,0.743116904769802,3.0415829707353557
Job_Claims/W,short,chronos_bolt_max,,,,,,,1.4431774616241455e-05,,,0,8,,{},,0,0,0,104,0.0,0,0,0,,0,,0.0,1472408115.295476,3.9629527669907164e+18,1990716646.5850222,0,8,8,8,25819.680889423078,546133042.1669424,23369.489557261244,0,8,8,8,29300.880879658856,613866494.9715178,24776.329328040458,0,8,8,8,0.02897254187481807,0.00012011476167850886,0.01095968802833862,0,8,8,8,0.02895986432922862,0.00012050512813180345,0.010977482777568064,0,8,8,8,4.146792423445997,5.5035734805555,2.345969624815185,0,8,8,8,0.028980384875262603,0.00012085686255284833,0.010993491827115183,0,8,8,8,0.028980384875262603,0.00012085686255284833,0.010993491827115183,0,8,8,8,2.721408984092651,1.8094438105119042,1.5237667133771828,0.8620422871122982,0.743116904769802,3.0415829707353557
Job_Claims/W,short,chronos2_max,,,,,,,1.4819204807281494e-05,,,0,8,,{},,0,0,0,104,0.0,0,0,0,,0,,0.0,773731279.695221,1.1326849368901952e+18,1064276720.0734005,0,8,8,8,18364.717998798078,237281168.14198655,15403.933528225398,0,8,8,8,21751.895720447388,300586312.26200354,17337.42519124462,0,8,8,8,0.024863744819462,0.00018881379028656115,0.013740953034144363,0,8,8,8,0.025186709060617214,0.0002011114657324056,0.014181377427189702,0,8,8,8,3.1948713277732175,2.3923974325292057,1.5467376741158165,0,8,8,8,0.025047318100689574,0.00019493912070160945,0.013962060045050996,0,8,8,8,0.025047318100689574,0.00019493912070160945,0.013962060045050996,0,8,8,8,2.721408984092651,1.8094438105119042,1.173976916534074,0.5683591415905892,0.32303211382959135,1.3221728238426922
Job_Claims/W,short,tsrag,all,False,False,t5,1,chronos_bolt_max,0.00019279122352600098,,,8,8,test,"{""insufficient_query_history"": 8}",,0.027559852227568626,0,0,104,0.0,0,0,0,,0.0,,1.0,1472408115.295476,3.9629527669907164e+18,1990716646.5850222,0,8,8,8,25819.680889423078,546133042.1669424,23369.489557261244,0,8,8,8,29300.880879658856,613866494.9715178,24776.329328040458,0,8,8,8,0.02897254187481807,0.00012011476167850886,0.01095968802833862,0,8,8,8,0.02895986432922862,0.00012050512813180345,0.010977482777568064,0,8,8,8,4.146792423445997,5.5035734805555,2.345969624815185,0,8,8,8,0.028980384875262603,0.00012085686255284833,0.010993491827115183,0,8,8,8,0.028980384875262603,0.00012085686255284833,0.010993491827115183,0,8,8,8,2.721408984092651,1.8094438105119042,1.5237667133771828,0.8620422871122982,0.743116904769802,3.0415829707353557
Job_Claims/W,short,bayes_mixture,,,,,,chronos_bolt_max,0.0002425704151391983,0.3333333333333333,1,0,8,,{},,0,0,0,104,0.0,0,0,0,,0.0,,0.0,896977635.4993029,1.2535268493984097e+18,1119610132.7687285,0,8,8,8,20604.12755408654,267338174.05118126,16350.479321756327,0,8,8,8,24002.980225049032,320834575.81520796,17911.855733429966,0,8,8,8,0.025763176274914992,0.00013551388108711736,0.011641042955299039,0,8,8,8,0.025979667104814686,0.00014360859318904745,0.01198368028566548,0,8,8,8,3.4608673192256063,2.200641416512246,1.4834559031235968,0,8,8,8,0.025891216954877557,0.00013991347343852582,0.011828502586486838,0,8,8,8,0.025891216954877557,0.00013991347343852582,0.011828502586486838,0,8,8,8,2.721408984092651,1.8094438105119042,1.271718929222062,0.5451058300295124,0.2971403659321637,1.2161977087808378
Uncertainty_1M/M,short,chronos_t5_512,,,,,,,1.633167266845703e-05,,,0,21,,{},,0,0,0,126,0.0,0,0,0,,0,,0.0,0.0019419564345726473,2.450554603556014e-06,0.0015654247358324238,0,21,21,21,0.03501641088061862,0.0003898206217124482,0.019743875549457057,0,21,21,21,0.039083036020709595,0.0004144727299765639,0.020358603340518325,0,21,21,21,0.042384991158557414,0.0005175911294198835,0.022750629209318224,0,21,21,21,0.0414235425178121,0.0004609437303772407,0.021469600144791722,0,21,21,21,0.41977387059814,0.06299987565930909,0.2509977602675153,0,21,21,21,0.04211466807845791,0.0004987133714661334,0.022331891354431522,0,21,21,21,0.04211466807845791,0.0004987133714661334,0.022331891354431522,0,21,21,21,0.9687122092330922,0.4634703206443205,0.4333318673979195,0.2591045698352709,0.06713517810952079,0.1359307659047641
Uncertainty_1M/M,short,chronos_bolt_512,,,,,,,1.8540769815444946e-05,,,0,21,,{},,0,0,0,126,0.0,0,0,0,,0,,0.0,0.002190823537245356,6.127490816699851e-06,0.0024753769039683334,0,21,21,21,0.0350861232432108,0.0006351272297955723,0.025201730690481802,0,21,21,21,0.038775040729334166,0.0006873197536838332,0.026216783816552198,0,21,21,21,0.04394255892076539,0.0009898024327990528,0.03146112573953851,0,21,21,21,0.042515101850724366,0.0008759586222643079,0.029596598153576837,0,21,21,21,0.4314074208124786,0.10326381524590086,0.32134687682611895,0,21,21,21,0.04353950597439139,0.0009561902688990493,0.030922326382389946,0,21,21,21,0.04353950597439139,0.0009561902688990493,0.030922326382389946,0,21,21,21,0.9687122092330922,0.4634703206443205,0.4453411619060879,0.33172584567765706,0.11004203669055672,0.22280566984816333
Uncertainty_1M/M,short,chronos_bolt_max,,,,,,,1.3841316103935242e-05,,,0,21,,{},,0,0,0,126,0.0,0,0,0,,0,,0.0,0.002088149616962373,6.54088166911864e-06,0.002557514744653223,0,21,21,21,0.034081369638442986,0.000638011656607055,0.02525889262432253,0,21,21,21,0.037430595022947294,0.0006871001731904864,0.026212595697307172,0,21,21,21,0.04226615903956327,0.000899996274991535,0.029999937916461345,0,21,21,21,0.041051827719660275,0.0008029487310737539,0.02833634999561083,0,21,21,21,0.41508574302996104,0.09057735490479024,0.30096071987020206,0,21,21,21,0.041911290085674145,0.0008731009414742327,0.029548281531659885,0,21,21,21,0.041911290085674145,0.0008731009414742327,0.029548281531659885,0,21,21,21,0.9687122092330922,0.4634703206443205,0.4284923211183383,0.3106812498094413,0.09652283898315646,0.19543291311268607
Uncertainty_1M/M,short,chronos2_max,,,,,,,1.4621764421463013e-05,,,0,21,,{},,0,0,0,126,0.0,0,0,0,,0,,0.0,0.00124772943210485,1.2582751719313806e-06,0.0011217286534324514,0,21,21,21,0.02684780671482994,0.0002630299642001698,0.01621819854978258,0,21,21,21,0.030450291547380874,0.0003205091767843547,0.017902770086898695,0,21,21,21,0.03325843824262317,0.00039749466910258895,0.019937268346054554,0,21,21,21,0.032782343049871834,0.00037087209564431095,0.019258039766401745,0,21,21,21,0.3320018260666946,0.05384980448831648,0.23205560645741027,0,21,21,21,0.03302068915614883,0.00038480937011284083,0.019616558569556505,0,21,21,21,0.03302068915614883,0.00038480937011284083,0.019616558569556505,0,21,21,21,0.9687122092330922,0.4634703206443205,0.342724932030673,0.23955061600918967,0.057384497630382246,0.11618824785469328
Uncertainty_1M/M,short,tsrag,all,False,False,t5,12,chronos_bolt_max,0.32966313511133194,,,0,21,test,{},,1.0780848246067762,0,0,126,0.0,21,210,210,100.0,135.7167923042814,0.6462704395441972,0.0,0.0020536592082351993,5.923830306065794e-06,0.002433892007888968,0,21,21,21,0.03338230365798587,0.0006002167823595071,0.02449932207959043,0,21,21,21,0.037307988437908626,0.0006617732069520755,0.025724953001941043,0,21,21,21,0.04147245322538405,0.000915211831245803,0.030252468184361468,0,21,21,21,0.04030393256565955,0.0008139400459728282,0.0285296345222442,0,21,21,21,0.4070849935898743,0.09131744967909813,0.3021877722196882,0,21,21,21,0.04112843134301838,0.0008858571389928336,0.02976335228083076,0,21,21,21,0.04112843134301838,0.0008858571389928336,0.02976335228083076,0,21,21,21,0.9687122092330922,0.4634703206443205,0.4202331607982462,0.3119479339059053,0.09731151346816307,0.1970297678439211
Uncertainty_1M/M,short,bayes_mixture,,,,,,chronos_bolt_max,0.329713286831975,0.6,3,0,21,,{},,0,0,0,126,0.0,21,210,210,100.0,135.7167923042814,0.6462704395441972,0.0,0.0016379078384647675,2.852191418812471e-06,0.0016888432191332833,0,21,21,21,0.030374819797182845,0.0004154063881278808,0.020381520751108852,0,21,21,21,0.03412363806064661,0.00047348516397075814,0.021759714243775312,0,21,21,21,0.03767869669324469,0.0006332459901413028,0.025164379391141415,0,21,21,21,0.03683170260454597,0.0005732256410027678,0.023942131087327373,0,21,21,21,0.3721085408928492,0.07014658031859307,0.2648519970069946,0,21,21,21,0.037367200907844456,0.0006119399220552448,0.024737419470414548,0,21,21,21,0.037367200907844456,0.0006119399220552448,0.024737419470414548,0,21,21,21,0.9687122092330922,0.4634703206443205,0.3841270269396514,0.2734062753443275,0.07475099139765821,0.1513507493232246
Housing_Inventory/M,short,chronos_t5_512,,,,,,,1.7588958144187927e-05,,,0,12,,{},,0,0,0,144,0.0,0,0,0,,0,,0.0,3685822280.4719596,4.121225551748144e+19,6419677212.873046,0,12,12,12,29471.90091437764,2161296451.77177,46489.74566258424,0,12,12,12,32673.96867687081,2618234051.3748245,51168.68232986682,0,12,12,12,0.05612025705818805,0.0022498726768769638,0.047432822779979726,0,12,12,12,0.05722112098246526,0.0023709780329294445,0.04869268972781689,0,12,12,12,0.5097337652223708,0.062031876297391736,0.2490619928800694,0,12,12,12,0.056662561187315684,0.002362894902574287,0.048609617387655776,0,12,12,12,0.056662561187315684,0.002362894902574287,0.048609617387655776,0,12,12,12,0.6840076077319015,0.15831152058175027,0.7452165143492998,0.364121670672543,0.13258459105336384,0.3918342522985191
Housing_Inventory/M,short,chronos_bolt_512,,,,,,,1.8600374460220337e-05,,,0,12,,{},,0,0,0,144,0.0,0,0,0,,0,,0.0,5481882559.140271,1.9223561478366396e+20,13864905869.989307,0,12,12,12,30275.87769940164,3768971359.585705,61391.94865440993,0,12,12,12,33075.91555109983,4387866369.596784,66240.97198559804,0,12,12,12,0.06936359858208149,0.007367149635675328,0.08583210142875058,0,12,12,12,0.06580518749661188,0.005552820329500953,0.07451724853683846,0,12,12,12,0.5280441169302251,0.09959870743503756,0.31559262893014084,0,12,12,12,0.06936614569553343,0.007443252718053832,0.08627428769948688,0,12,12,12,0.06936614569553343,0.007443252718053832,0.08627428769948688,0,12,12,12,0.6840076077319015,0.15831152058175027,0.7719857366516212,0.46138760060960926,0.2128785179962923,0.6291311401030092
Housing_Inventory/M,short,chronos_bolt_max,,,,,,,1.4599412679672241e-05,,,0,12,,{},,0,0,0,144,0.0,0,0,0,,0,,0.0,5481882559.140271,1.9223561478366396e+20,13864905869.989307,0,12,12,12,30275.87769940164,3768971359.585705,61391.94865440993,0,12,12,12,33075.91555109983,4387866369.596784,66240.97198559804,0,12,12,12,0.06936359858208149,0.007367149635675328,0.08583210142875058,0,12,12,12,0.06580518749661188,0.005552820329500953,0.07451724853683846,0,12,12,12,0.5280441169302251,0.09959870743503756,0.31559262893014084,0,12,12,12,0.06936614569553343,0.007443252718053832,0.08627428769948688,0,12,12,12,0.06936614569553343,0.007443252718053832,0.08627428769948688,0,12,12,12,0.6840076077319015,0.15831152058175027,0.7719857366516212,0.46138760060960926,0.2128785179962923,0.6291311401030092
Housing_Inventory/M,short,chronos2_max,,,,,,,1.4230608940124512e-05,,,0,12,,{},,0,0,0,144,0.0,0,0,0,,0,,0.0,4419964406.479045,6.295109011849874e+19,7934172302.042522,0,12,12,12,31923.693666855488,2585350900.267982,50846.34598737634,0,12,12,12,35589.26110233687,3153368900.668737,56154.865333902606,0,12,12,12,0.06811449468188992,0.0034319912046067596,0.05858319899601557,0,12,12,12,0.0690356207493675,0.0034998940310237633,0.05915990222290571,0,12,12,12,0.5629531221029819,0.06722648808526925,0.2592807129064352,0,12,12,12,0.06868400575190355,0.0034865528740606875,0.05904703950293094,0,12,12,12,0.06868400575190355,0.0034865528740606875,0.05904703950293094,0,12,12,12,0.6840076077319015,0.15831152058175027,0.8230217262782737,0.37906115367076576,0.14368735822221188,0.4246468471670971
Housing_Inventory/M,short,tsrag,all,False,False,t5,12,chronos_bolt_max,0.00021081417798995972,,,12,12,test,"{""insufficient_query_history"": 12}",,0.030606478452682495,0,0,144,0.0,0,0,0,,0.0,,1.0,5481882559.140271,1.9223561478366396e+20,13864905869.989307,0,12,12,12,30275.87769940164,3768971359.585705,61391.94865440993,0,12,12,12,33075.91555109983,4387866369.596784,66240.97198559804,0,12,12,12,0.06936359858208149,0.007367149635675328,0.08583210142875058,0,12,12,12,0.06580518749661188,0.005552820329500953,0.07451724853683846,0,12,12,12,0.5280441169302251,0.09959870743503756,0.31559262893014084,0,12,12,12,0.06936614569553343,0.007443252718053832,0.08627428769948688,0,12,12,12,0.06936614569553343,0.007443252718053832,0.08627428769948688,0,12,12,12,0.6840076077319015,0.15831152058175027,0.7719857366516212,0.46138760060960926,0.2128785179962923,0.6291311401030092
Housing_Inventory/M,short,bayes_mixture,,,,,,chronos_bolt_max,0.0002601444721221924,0.3333333333333333,1,0,12,,{},,0,0,0,144,0.0,0,0,0,,0.0,,0.0,4270240958.3564687,7.492773781813764e+19,8656080973.404629,0,12,12,12,30149.542586882915,2616368294.4306893,51150.447646435015,0,12,12,12,33333.95489602645,3159088409.3461432,56205.768470381605,0,12,12,12,0.06642672991684592,0.0040686413081981315,0.0637859021116589,0,12,12,12,0.06576569048297147,0.003638763069304194,0.060322160681661546,0,12,12,12,0.5371010929919399,0.057511073522170296,0.23981466494393186,0,12,12,12,0.06682842315477588,0.004098471160244782,0.0640193030284209,0,12,12,12,0.06682842315477588,0.004098471160244782,0.0640193030284209,0,12,12,12,0.6840076077319015,0.15831152058175027,0.7852267824518964,0.3506023357534465,0.12292199783577243,0.3632778796567255
JOLTS/M,short,chronos_t5_512,,,,,,,1.769140362739563e-05,,,0,30,,{},,0,0,0,360,0.0,0,0,0,,0,,0.0,490775.6352617927,2390365023081.639,1546080.5357683147,0,30,30,30,381.8790313720703,179688.31494401125,423.89658519975274,0,30,30,30,450.8102544804853,287545.7497170327,536.2329248722357,0,30,30,30,0.09006993438710062,0.002549964136173283,0.05049716958576276,0,30,30,30,0.09070249475560907,0.002984606901516061,0.054631555913373556,0,30,30,30,1.191565601162273,0.5448728378551847,0.7381550229153662,0,30,30,30,0.09061486161192837,0.0027845020481155973,0.05276838113980376,0,30,30,30,0.09061486161192837,0.0027845020481155973,0.05276838113980376,0,30,30,30,1.68559441428069,0.8877843622848538,0.7069112184206907,0.4379197134622484,0.19177367543885773,0.6137445769520743
JOLTS/M,short,chronos_bolt_512,,,,,,,1.8712133169174194e-05,,,0,30,,{},,0,0,0,360,0.0,0,0,0,,0,,0.0,420672.39178786793,1533537640213.4075,1238360.8683309592,0,30,30,30,347.0063452826606,146665.5937846129,382.96944236402584,0,30,30,30,419.17835934612475,244961.89484375904,494.9362533132515,0,30,30,30,0.08196744387232066,0.002177319535726275,0.04666175667210007,0,30,30,30,0.08092489491509897,0.0022797358321685435,0.047746579271907466,0,30,30,30,1.0554442345222514,0.4012982953487707,0.63348109312652,0,30,30,30,0.08162143771577575,0.0022960018697382955,0.04791661371318194,0,30,30,30,0.08162143771577575,0.0022960018697382955,0.04791661371318194,0,30,30,30,1.68559441428069,0.8877843622848538,0.6261555126074925,0.3758205934710881,0.14124111847696086,0.4520222617077484
JOLTS/M,short,chronos_bolt_max,,,,,,,1.4508143067359924e-05,,,0,30,,{},,0,0,0,360,0.0,0,0,0,,0,,0.0,420672.3743390767,1533537961713.0388,1238360.998139492,0,30,30,30,347.00633468627933,146665.60475652045,382.96945668880755,0,30,30,30,419.1783345849109,244961.89815369717,494.93625665705395,0,30,30,30,0.08196743802963521,0.0021773194273370915,0.04666175551066517,0,30,30,30,0.08092489024770637,0.002279735922781748,0.047746580220804795,0,30,30,30,1.0554441681567701,0.401298292196766,0.6334810906386756,0,30,30,30,0.08162143233034007,0.002296001840536649,0.04791661340846877,0,30,30,30,0.08162143233034007,0.002296001840536649,0.04791661340846877,0,30,30,30,1.68559441428069,0.8877843622848538,0.6261554732353394,0.3758205919951432,0.14124111736757994,0.4520222581573314
JOLTS/M,short,chronos2_max,,,,,,,1.4580786228179932e-05,,,0,30,,{},,0,0,0,360,0.0,0,0,0,,0,,0.0,434621.66342266824,2606838848548.9946,1614570.7939105658,0,30,30,30,326.8780633714463,178034.69981560385,421.941583416003,0,30,30,30,391.4141877463671,281416.59705352003,530.4871318453635,0,30,30,30,0.07833582585213945,0.0026537196941903408,0.051514266899474956,0,30,30,30,0.07875979816796971,0.003081314133526635,0.05550958596068462,0,30,30,30,1.0340146268351742,0.559087550104206,0.7477215725818039,0,30,30,30,0.07841091233102443,0.0028785682238413888,0.05365229001488556,0,30,30,30,0.07841091233102443,0.0028785682238413888,0.05365229001488556,0,30,30,30,1.68559441428069,0.8877843622848538,0.6134421294202196,0.44359518888230676,0.19677669159952946,0.6297560239350303
JOLTS/M,short,tsrag,all,False,False,t5,12,chronos_bolt_max,0.0002870522439479828,,,30,30,test,"{""insufficient_query_history"": 30}",,0.061624547466635704,0,0,360,0.0,0,0,0,,0.0,,1.0,420672.3743390767,1533537961713.0388,1238360.998139492,0,30,30,30,347.00633468627933,146665.60475652045,382.96945668880755,0,30,30,30,419.1783345849109,244961.89815369717,494.93625665705395,0,30,30,30,0.08196743802963521,0.0021773194273370915,0.04666175551066517,0,30,30,30,0.08092489024770637,0.002279735922781748,0.047746580220804795,0,30,30,30,1.0554441681567701,0.401298292196766,0.6334810906386756,0,30,30,30,0.08162143233034007,0.002296001840536649,0.04791661340846877,0,30,30,30,0.08162143233034007,0.002296001840536649,0.04791661340846877,0,30,30,30,1.68559441428069,0.8877843622848538,0.6261554732353394,0.3758205919951432,0.14124111736757994,0.4520222581573314
JOLTS/M,short,bayes_mixture,,,,,,chronos_bolt_max,0.00033603422343730927,0.3333333333333333,1,0,30,,{},,0,0,0,360,0.0,0,0,0,,0.0,,0.0,413132.09859973786,2184146643022.8655,1477885.8694171433,0,30,30,30,324.9986517164443,162262.81322772507,402.8185860008511,0,30,30,30,388.5715159434113,262144.2755971771,512.0002691377975,0,30,30,30,0.07755049846618942,0.0024577851097869457,0.04957605379401375,0,30,30,30,0.07751964233444192,0.002771884520907213,0.052648689640932306,0,30,30,30,1.018066747333705,0.5022034940139187,0.7086631738801719,0,30,30,30,0.0774926647278517,0.002658032956630889,0.05155611463862351,0,30,30,30,0.0774926647278517,0.002658032956630889,0.05155611463862351,0,30,30,30,1.68559441428069,0.8877843622848538,0.603980850143096,0.42042330460770216,0.17675575505726074,0.5656818427409764
US_Labor/M,short,chronos_t5_512,,,,,,,2.222880721092224e-05,,,0,70,,{},,0,0,0,840,0.0,0,0,0,,0,,0.0,837244.5234740647,8833733874469.18,2972159.799618651,0,70,70,70,399.67865707590465,536123.6408809857,732.20464412689,0,70,70,70,449.4043697115711,635280.2359582104,797.0446888087332,0,70,70,70,0.06593640176823817,0.014981799937493115,0.1224001631432455,0,70,70,70,0.0611470496428945,0.0086480560208491,0.09299492470478751,0,70,70,70,0.9411503611520932,1.3560995913777927,1.164516891838754,0,70,70,70,0.06495848733072904,0.013581894041419493,0.11654138338555749,0,70,70,70,0.06495848733072904,0.013581894041419493,0.11654138338555749,0,70,70,70,1.7726043654315742,2.936809552255237,0.5309421433828818,0.65695251266925,0.43158660390244113,0.46175945945708863
US_Labor/M,short,chronos_bolt_512,,,,,,,2.2700056433677673e-05,,,0,70,,{},,0,0,0,840,0.0,0,0,0,,0,,0.0,761910.2891620336,4918037134153.502,2217664.793009417,0,70,70,70,392.4605100407487,489233.78240784525,699.4524875985825,0,70,70,70,438.02439851338886,570044.9154690173,755.013188937132,0,70,70,70,0.07247639714276792,0.012996942308628773,0.1140041328576678,0,70,70,70,0.06868342742540598,0.0103810485378668,0.10188743071579928,0,70,70,70,0.9463635926579014,0.9329902464258639,0.9659142024144091,0,70,70,70,0.07125312678879617,0.012210014446659905,0.11049893414264186,0,70,70,70,0.07125312678879617,0.012210014446659905,0.11049893414264186,0,70,70,70,1.7726043654315742,2.936809552255237,0.5338831445490044,0.5449124583303386,0.29692958724361307,0.3176883723050415
US_Labor/M,short,chronos_bolt_max,,,,,,,1.769326627254486e-05,,,0,70,,{},,0,0,0,840,0.0,0,0,0,,0,,0.0,761910.0770165157,4918034275163.383,2217664.1484145843,0,70,70,70,392.46041094178247,489233.5664186485,699.4523331998032,0,70,70,70,438.0243430594889,570044.7519038189,755.0130806176929,0,70,70,70,0.07247639605634736,0.012996942075431908,0.11400413183491162,0,70,70,70,0.0686834267344855,0.010381048819485159,0.10188743209780664,0,70,70,70,0.946363574229049,0.9329902249676274,0.9659141913066747,0,70,70,70,0.07125312548232236,0.01221001410095669,0.11049893257835883,0,70,70,70,0.07125312548232236,0.01221001410095669,0.11049893257835883,0,70,70,70,1.7726043654315742,2.936809552255237,0.5338831341525208,0.5449124520640027,0.29692958041440415,0.31768836499839254
US_Labor/M,short,chronos2_max,,,,,,,1.8240883946418762e-05,,,0,70,,{},,0,0,0,840,0.0,0,0,0,,0,,0.0,473194.6743008505,1072427000677.6296,1035580.5138556971,0,70,70,70,338.29486547509833,263311.56477717764,513.1389332112481,0,70,70,70,383.6732561613569,325989.5068073923,570.9549078582234,0,70,70,70,0.06213532875567956,0.010345573717942936,0.10171319343105366,0,70,70,70,0.059538292609662896,0.007252386922387203,0.08516094716703897,0,70,70,70,0.8665248868744266,1.012927467642,1.0064429778392812,0,70,70,70,0.06221505579019128,0.010129524084099582,0.10064553683149384,0,70,70,70,0.06221505579019128,0.010129524084099582,0.10064553683149384,0,70,70,70,1.7726043654315742,2.936809552255237,0.4888428031505241,0.5677764296796389,0.32237007409975804,0.34490744109169486
US_Labor/M,short,tsrag,all,False,False,t5,12,chronos_bolt_max,0.0004739668220281601,,,70,70,test,"{""insufficient_query_history"": 70}",,0.13611718267202377,0,0,840,0.0,0,0,0,,0.0,,1.0,761910.0770165157,4918034275163.383,2217664.1484145843,0,70,70,70,392.46041094178247,489233.5664186485,699.4523331998032,0,70,70,70,438.0243430594889,570044.7519038189,755.0130806176929,0,70,70,70,0.07247639605634736,0.012996942075431908,0.11400413183491162,0,70,70,70,0.0686834267344855,0.010381048819485159,0.10188743209780664,0,70,70,70,0.946363574229049,0.9329902249676274,0.9659141913066747,0,70,70,70,0.07125312548232236,0.01221001410095669,0.11049893257835883,0,70,70,70,0.07125312548232236,0.01221001410095669,0.11049893257835883,0,70,70,70,1.7726043654315742,2.936809552255237,0.5338831341525208,0.5449124520640027,0.29692958041440415,0.31768836499839254
US_Labor/M,short,bayes_mixture,,,,,,chronos_bolt_max,0.0005285982042551041,0.6666666666666666,1,0,70,,{},,0,0,0,840,0.0,0,0,0,,0.0,,0.0,588150.6028773645,2531293553421.913,1591003.945130845,0,70,70,70,355.7701795484339,362532.8157796546,602.1069803445685,0,70,70,70,398.57702712678605,429286.95632413763,655.1999361447905,0,70,70,70,0.06695369375913196,0.01124682834176852,0.1060510647837565,0,70,70,70,0.06360755371765225,0.00853541425082465,0.09238730568008059,0,70,70,70,0.8864374945651722,0.9218510758103723,0.9601307597459693,0,70,70,70,0.06629828897337475,0.010686900868148299,0.10337746789387085,0,70,70,70,0.06629828897337475,0.010686900868148299,0.10337746789387085,0,70,70,70,1.7726043654315742,2.936809552255237,0.500076335053678,0.541649777282483,0.2933844812301635,0.3138954227053858
Vehicle_Supply/M,short,chronos_t5_512,,,,,,,1.7430633306503296e-05,,,0,30,,{},,0,0,0,360,0.0,0,0,0,,0,,0.0,1784.9566121272048,44954338.937020235,6704.799694026678,0,30,30,30,19.32821135611998,839.3291108410896,28.97117724292697,0,30,30,30,22.869679892329422,1261.9343537495881,35.52371537085596,0,30,30,30,0.22824495718102256,0.03145136905179897,0.1773453383988397,0,30,30,30,0.20391072723584897,0.017900352700977864,0.13379219970154413,0,30,30,30,0.7643135813794056,0.3923336488415053,0.6263654275592685,0,30,30,30,0.2100085913678885,0.0221853875852109,0.14894760013243216,0,30,30,30,0.2100085913678885,0.0221853875852109,0.14894760013243216,0,30,30,30,1.1123545370322176,0.6181637851735725,0.6871132862177273,0.5630987304015705,0.3170801801798606,0.634675887283405
Vehicle_Supply/M,short,chronos_bolt_512,,,,,,,1.803971827030182e-05,,,0,30,,{},,0,0,0,360,0.0,0,0,0,,0,,0.0,2397.0628049497664,62892811.73760572,7930.498832835531,0,30,30,30,22.197684844086563,1089.742239451004,33.011244136672644,0,30,30,30,26.82370896167515,1677.5514424891148,40.95792282927828,0,30,30,30,0.24361770564880972,0.028059885890226465,0.1675108530520529,0,30,30,30,0.24288932920411319,0.02951256477085924,0.17179221394131702,0,30,30,30,0.8110848101719922,0.3833260252804347,0.6191332855536316,0,30,30,30,0.22705990494382386,0.019781325517017233,0.1406461002552763,0,30,30,30,0.22705990494382386,0.019781325517017233,0.1406461002552763,0,30,30,30,1.1123545370322176,0.6181637851735725,0.7291603379763986,0.5565970784867661,0.3098003077800032,0.6201043064546423
Vehicle_Supply/M,short,chronos_bolt_max,,,,,,,1.4269724488258362e-05,,,0,30,,{},,0,0,0,360,0.0,0,0,0,,0,,0.0,2397.0625791646626,62892762.02859961,7930.495698794598,0,30,30,30,22.197685253702936,1089.7418205273882,33.01123779150652,0,30,30,30,26.823710828074898,1677.5511165764801,40.95791885065061,0,30,30,30,0.24361771808496752,0.028059889068244182,0.16751086253805805,0,30,30,30,0.24288934484137978,0.029512573713375363,0.17179223996844376,0,30,30,30,0.8110847872803042,0.38332596054750906,0.6191332332765777,0,30,30,30,0.22705992247115928,0.019781333351504275,0.1406461281070484,0,30,30,30,0.22705992247115928,0.019781333351504275,0.1406461281070484,0,30,30,30,1.1123545370322176,0.6181637851735725,0.7291603173969096,0.5565970314900108,0.30980025546349205,0.6201042017365608
Vehicle_Supply/M,short,chronos2_max,,,,,,,1.3628974556922913e-05,,,0,30,,{},,0,0,0,360,0.0,0,0,0,,0,,0.0,2704.5856012826716,111251719.434909,10547.593063581331,0,30,30,30,22.320218455211982,1316.880317119222,36.28884562946612,0,30,30,30,26.449551528152345,2005.0068252422855,44.77730256773275,0,30,30,30,0.2518155083630661,0.04790083322893212,0.21886258983419737,0,30,30,30,0.21088417545223842,0.017704571296637866,0.13305852583219863,0,30,30,30,0.8042214141222387,0.3709259698031422,0.6090369199015296,0,30,30,30,0.23086323521476163,0.03366889639410484,0.18349086188174288,0,30,30,30,0.23086323521476163,0.03366889639410484,0.18349086188174288,0,30,30,30,1.1123545370322176,0.6181637851735725,0.7229901864453362,0.5475205068398887,0.2997787054102087,0.6000448080260653
Vehicle_Supply/M,short,tsrag,all,False,False,t5,12,chronos_bolt_max,0.0002924725413322449,,,30,30,test,"{""insufficient_query_history"": 30}",,0.06302077323198318,0,0,360,0.0,0,0,0,,0.0,,1.0,2397.0625791646626,62892762.02859961,7930.495698794598,0,30,30,30,22.197685253702936,1089.7418205273882,33.01123779150652,0,30,30,30,26.823710828074898,1677.5511165764801,40.95791885065061,0,30,30,30,0.24361771808496752,0.028059889068244182,0.16751086253805805,0,30,30,30,0.24288934484137978,0.029512573713375363,0.17179223996844376,0,30,30,30,0.8110847872803042,0.38332596054750906,0.6191332332765777,0,30,30,30,0.22705992247115928,0.019781333351504275,0.1406461281070484,0,30,30,30,0.22705992247115928,0.019781333351504275,0.1406461281070484,0,30,30,30,1.1123545370322176,0.6181637851735725,0.7291603173969096,0.5565970314900108,0.30980025546349205,0.6201042017365608
Vehicle_Supply/M,short,bayes_mixture,,,,,,chronos_bolt_max,0.0003406517207622528,0.3333333333333333,1,0,30,,{},,0,0,0,360,0.0,0,0,0,,0.0,,0.0,2418.38132947253,90999704.55603518,9539.376528685467,0,30,30,30,21.135815378609628,1156.9375953533956,34.01378537230744,0,30,30,30,25.081284041455444,1789.3105203043626,42.30024255609373,0,30,30,30,0.2390935905852115,0.03563726469806764,0.18877834806478108,0,30,30,30,0.20993282238884248,0.015917805857084483,0.12616578718925542,0,30,30,30,0.7878374791253802,0.3627658568801655,0.602300470596002,0,30,30,30,0.21955121050339732,0.023250538031424735,0.1524812710841064,0,30,30,30,0.21955121050339732,0.023250538031424735,0.1524812710841064,0,30,30,30,1.1123545370322176,0.6181637851735725,0.7082611279919305,0.5414644796639664,0.2931837827377699,0.5868442402822182
Auto_Production_SF/M,short,chronos_t5_512,,,,,,,1.8753111362457275e-05,,,0,5,,{},,0,0,0,60,0.0,0,0,0,,0,,0.0,20.44628213374623,230.50934401187928,15.182534176213116,0,5,5,5,3.4634436289469397,1.34558532574518,1.1599936748729194,0,5,5,5,4.288908504094985,2.0515459772479625,1.4323218832538873,0,5,5,5,0.03530390558779674,0.00015997951636459315,0.012648300927974206,0,5,5,5,0.03512871593336122,0.00015221160919427385,0.01233740690721814,0,5,5,5,0.8727815105277392,0.08550111953008681,0.29240574469405833,0,5,5,5,0.034702714446335145,0.00013254186858224122,0.011512682944572096,0,5,5,5,0.034702714446335145,0.00013254186858224122,0.011512682944572096,0,5,5,5,0.9634651517903213,0.1698127796753019,0.9058776115627298,0.30349384630124593,0.09210851474272426,0.5035022669882269
Auto_Production_SF/M,short,chronos_bolt_512,,,,,,,1.879967749118805e-05,,,0,5,,{},,0,0,0,60,0.0,0,0,0,,0,,0.0,26.3340193914269,59.86982153243904,7.737559145650458,0,5,5,5,4.089332326253255,0.6891971996818188,0.8301790166475053,0,5,5,5,5.05987522713225,0.7316820772802614,0.8553841694117686,0,5,5,5,0.041711810677266384,7.042307768668582e-05,0.008391845904607986,0,5,5,5,0.04140710859092778,6.90176152871124e-05,0.008307684110936839,0,5,5,5,1.0324059356330573,0.048479902987186275,0.2201815228105807,0,5,5,5,0.04100070720144536,6.83013187546871e-05,0.008264461189617088,0,5,5,5,0.04100070720144536,6.83013187546871e-05,0.008264461189617088,0,5,5,5,0.9634651517903213,0.1698127796753019,1.0715550362300386,0.22853086320915397,0.052226355439121054,0.2854903092681507
Auto_Production_SF/M,short,chronos_bolt_max,,,,,,,1.5089288353919983e-05,,,0,5,,{},,0,0,0,60,0.0,0,0,0,,0,,0.0,26.3340193914269,59.86982153243904,7.737559145650458,0,5,5,5,4.089332326253255,0.6891971996818188,0.8301790166475053,0,5,5,5,5.05987522713225,0.7316820772802614,0.8553841694117686,0,5,5,5,0.041711810677266384,7.042307768668582e-05,0.008391845904607986,0,5,5,5,0.04140710859092778,6.90176152871124e-05,0.008307684110936839,0,5,5,5,1.0324059356330573,0.048479902987186275,0.2201815228105807,0,5,5,5,0.04100070720144536,6.83013187546871e-05,0.008264461189617088,0,5,5,5,0.04100070720144536,6.83013187546871e-05,0.008264461189617088,0,5,5,5,0.9634651517903213,0.1698127796753019,1.0715550362300386,0.22853086320915397,0.052226355439121054,0.2854903092681507
Auto_Production_SF/M,short,chronos2_max,,,,,,,1.4370307326316833e-05,,,0,5,,{},,0,0,0,60,0.0,0,0,0,,0,,0.0,9.272225385080674,16.868751816615816,4.107158606216202,0,5,5,5,2.396277491251628,0.3061778047827991,0.5533333577354606,0,5,5,5,2.946289946860886,0.5916009341071521,0.769155988150097,0,5,5,5,0.02482838343331912,3.243561486231025e-05,0.005695227375821816,0,5,5,5,0.024547792209794826,3.0900975854931095e-05,0.00555886461923036,0,5,5,5,0.6043605475858413,0.01984350766160768,0.14086698570498227,0,5,5,5,0.024046073578777038,3.167300746312887e-05,0.005627877705061551,0,5,5,5,0.024046073578777038,3.167300746312887e-05,0.005627877705061551,0,5,5,5,0.9634651517903213,0.1698127796753019,0.6272780561526403,0.1462086983044708,0.02137698345988777,0.11685520783271051
Auto_Production_SF/M,short,tsrag,all,False,False,t5,12,chronos_bolt_max,0.00017229095101356506,,,5,5,test,"{""insufficient_query_history"": 5}",,0.024623015895485878,0,0,60,0.0,0,0,0,,0.0,,1.0,26.3340193914269,59.86982153243904,7.737559145650458,0,5,5,5,4.089332326253255,0.6891971996818188,0.8301790166475053,0,5,5,5,5.05987522713225,0.7316820772802614,0.8553841694117686,0,5,5,5,0.041711810677266384,7.042307768668582e-05,0.008391845904607986,0,5,5,5,0.04140710859092778,6.90176152871124e-05,0.008307684110936839,0,5,5,5,1.0324059356330573,0.048479902987186275,0.2201815228105807,0,5,5,5,0.04100070720144536,6.83013187546871e-05,0.008264461189617088,0,5,5,5,0.04100070720144536,6.83013187546871e-05,0.008264461189617088,0,5,5,5,0.9634651517903213,0.1698127796753019,1.0715550362300386,0.22853086320915397,0.052226355439121054,0.2854903092681507
Auto_Production_SF/M,short,bayes_mixture,,,,,,chronos_bolt_max,0.0002219807356595993,0.3333333333333333,1,0,5,,{},,0,0,0,60,0.0,0,0,0,,0.0,,0.0,10.998033063702556,18.033563437871862,4.246594334036613,0,5,5,5,2.622970962524414,0.2548692709886947,0.5048457893146131,0,5,5,5,3.240878605800775,0.49473892616538134,0.7033768024077716,0,5,5,5,0.02708253762696512,2.749054548406719e-05,0.0052431427106333075,0,5,5,5,0.026792430381698384,2.6200577027480976e-05,0.005118649922340946,0,5,5,5,0.6616261421365782,0.016979208698773098,0.13030429271045946,0,5,5,5,0.026310210783213227,2.609205697618579e-05,0.005108038466592219,0,5,5,5,0.026310210783213227,2.609205697618579e-05,0.005108038466592219,0,5,5,5,0.9634651517903213,0.1698127796753019,0.6867151768874437,0.13524546525458303,0.018291335871928622,0.09998781441089977
Commodity_Production/M,short,chronos_t5_512,,,,,,,2.3460015654563904e-05,,,0,160,,{},,0,0,0,1920,0.0,0,0,0,,0,,0.0,55677.71544091586,78099325922.84178,279462.5662281834,0,160,160,160,69.13420822383196,37370.57328731957,193.31470013250302,0,160,160,160,81.05666897833102,49107.53185505312,221.60219280289877,0,160,160,160,0.20899907009239183,0.20511181489526406,0.452892718969144,0,160,160,160,0.17009094072784875,0.02324992443797044,0.15247925904191179,0,160,160,160,0.9563565710625491,0.3571529335901007,0.5976227351683507,0,160,160,160,0.1623395954832021,0.020480030260692266,0.14310845628645522,0,160,160,160,0.1623395954832021,0.020480030260692266,0.14310845628645522,0,160,160,160,1.220088634016739,0.5329512558073002,0.783841881973821,0.4898191151907343,0.23992276560623388,0.670141836984876
Commodity_Production/M,short,chronos_bolt_512,,,,,,,2.5119632482528687e-05,,,0,160,,{},,0,0,0,1920,0.0,0,0,0,,0,,0.0,61084.9139561885,146132727503.30768,382273.10591160826,0,160,160,160,67.63053076372695,44517.739901320776,210.99227450625006,0,160,160,160,78.33741942871704,54948.16267343778,234.41024438671144,0,160,160,160,0.21407736131570415,0.2686138525400208,0.5182797049277743,0,160,160,160,0.1662089009898305,0.02336329120399417,0.15285055186028662,0,160,160,160,0.939033605534609,0.3232292703867674,0.5685325587745766,0,160,160,160,0.15974607879658928,0.020204975891123002,0.14214420808152192,0,160,160,160,0.15974607879658928,0.020204975891123002,0.14214420808152192,0,160,160,160,1.220088634016739,0.5329512558073002,0.7696437614070307,0.46597644050077813,0.21713404310177523,0.6064893681452133
Commodity_Production/M,short,chronos_bolt_max,,,,,,,2.0949169993400574e-05,,,0,160,,{},,0,0,0,1920,0.0,0,0,0,,0,,0.0,61141.71350902291,146126325084.19705,382264.73167714156,0,160,160,160,67.71338576958806,44546.59932269829,211.06065318457226,0,160,160,160,78.44783453033911,54987.65076652344,234.4944578588659,0,160,160,160,0.21401085858314586,0.2686283603381897,0.5182937008474922,0,160,160,160,0.1661381178282449,0.02337019608318601,0.15287313721902226,0,160,160,160,0.9385643093449965,0.32351654298113425,0.5687851465897595,0,160,160,160,0.15968064789683573,0.02021102033425872,0.14216546814982434,0,160,160,160,0.15968064789683573,0.02021102033425872,0.14216546814982434,0,160,160,160,1.220088634016739,0.5329512558073002,0.7692591203436454,0.4661834646530738,0.21732702271594373,0.6070283904127032
Commodity_Production/M,short,chronos2_max,,,,,,,2.1180137991905212e-05,,,0,160,,{},,0,0,0,1920,0.0,0,0,0,,0,,0.0,58078.360068713184,115257525274.00081,339495.98712503334,0,160,160,160,65.79794183636452,41298.113921179836,203.2193738824619,0,160,160,160,76.8029988404654,52179.65943782466,228.42867472763717,0,160,160,160,0.2059410202996023,0.22571453437021233,0.47509423735740297,0,160,160,160,0.16379190865314527,0.02641161472987951,0.16251650602286374,0,160,160,160,0.9052348777989669,0.356788350243217,0.5973176292754274,0,160,160,160,0.15718942282869555,0.02489189215968348,0.15777164561379045,0,160,160,160,0.15718942282869555,0.02489189215968348,0.15777164561379045,0,160,160,160,1.220088634016739,0.5329512558073002,0.741941898777288,0.48956904656095057,0.2396778513505982,0.6694577531349721
Commodity_Production/M,short,tsrag,all,False,False,t5,12,chronos_bolt_max,0.1729193590581417,,,149,160,test,"{""insufficient_query_history"": 149}",,0.42408159747719765,0,0,1920,0.0,11,110,50,45.45454545454545,88.12640427201549,0.8011491297455954,0.93125,61913.8065239174,146157298212.9832,382305.2421991924,0,160,160,160,68.951840862495,45030.88757368781,212.20482457684088,0,160,160,160,79.7154329573912,55559.25627233307,235.7101106705715,0,160,160,160,0.21527706917893247,0.2684674348811347,0.5181384321599148,0,160,160,160,0.1668355773247625,0.023321934679050454,0.15271520775302783,0,160,160,160,0.940702865021511,0.32122116988387966,0.5667637690289312,0,160,160,160,0.16055770949613513,0.020171473675126582,0.14202631331949225,0,160,160,160,0.16055770949613513,0.020171473675126582,0.14202631331949225,0,160,160,160,1.220088634016739,0.5329512558073002,0.7710119074911447,0.464526718163949,0.2157850718881689,0.6027214804049997
Commodity_Production/M,short,bayes_mixture,,,,,,chronos_bolt_max,0.17298297211527824,0.3235294117647059,32,0,160,,{},,0,0,0,1920,0.0,11,110,50,45.45454545454545,88.12640427201549,0.8011491297455954,0.0,58137.33662392311,122828895010.34615,350469.53506738093,0,160,160,160,65.66942810398079,41761.82396538522,204.35709913136176,0,160,160,160,76.5202721867328,52281.98456839143,228.6525411369649,0,160,160,160,0.20503600096542535,0.23744198315683027,0.48728018957970193,0,160,160,160,0.16103269429204467,0.024890356863411768,0.15776677997414973,0,160,160,160,0.8994733227411287,0.3410918213161126,0.584030668129776,0,160,160,160,0.15424842497705574,0.02237733262991932,0.14959054993521256,0,160,160,160,0.15424842497705574,0.02237733262991932,0.14959054993521256,0,160,160,160,1.220088634016739,0.5329512558073002,0.737219655739198,0.47867888598146174,0.2291334758844533,0.640005662055221
Commodity_Import/M,short,chronos_t5_512,,,,,,,2.0287930965423584e-05,,,0,40,,{},,0,0,0,480,0.0,0,0,0,,0,,0.0,1812018.7834287938,39878377248994.3,6314932.877631741,0,40,40,40,525.4419095546007,1036149.0091697924,1017.9140480265474,0,40,40,40,634.1934946820154,1409817.3947318061,1187.3573155254512,0,40,40,40,0.2789119804445311,0.12486183619192759,0.3533579434396906,0,40,40,40,0.22224858899401073,0.03022801330303531,0.17386205251013032,0,40,40,40,1.529785052783725,3.5647357388300485,1.8880507776090263,0,40,40,40,0.2296364693508819,0.04710067753509801,0.21702690509496284,0,40,40,40,0.2296364693508819,0.04710067753509801,0.21702690509496284,0,40,40,40,1.8336477254740147,4.658598925947419,0.8342851418683823,1.0296693041848852,1.0602188759805857,0.7651948140405945
Commodity_Import/M,short,chronos_bolt_512,,,,,,,2.1789222955703735e-05,,,0,40,,{},,0,0,0,480,0.0,0,0,0,,0,,0.0,1762407.6126929142,39500299041020.484,6284926.335369452,0,40,40,40,528.9152093519767,1010224.7033189256,1005.0993499743822,0,40,40,40,630.1233750499262,1365352.1449086044,1168.4828389448448,0,40,40,40,0.35109206569407486,0.29940234744120015,0.5471767058649337,0,40,40,40,0.24195050300302542,0.04300814351813472,0.20738404836952798,0,40,40,40,1.5000633777159194,2.540125982466248,1.593777268775737,0,40,40,40,0.27468111955992053,0.1119161596680254,0.33453872670891993,0,40,40,40,0.27468111955992053,0.1119161596680254,0.33453872670891993,0,40,40,40,1.8336477254740147,4.658598925947419,0.8180760987381801,0.8691840022672463,0.7554808297973085,0.5452553488385272
Commodity_Import/M,short,chronos_bolt_max,,,,,,,1.6879290342330933e-05,,,0,40,,{},,0,0,0,480,0.0,0,0,0,,0,,0.0,1702244.821875055,34578470211171.76,5880346.096206563,0,40,40,40,527.9194751958053,956940.357420329,978.2332837418327,0,40,40,40,630.6832614769122,1304483.4455678998,1142.139853769187,0,40,40,40,0.35008689570783325,0.2996966338160359,0.5474455532891247,0,40,40,40,0.2393679572556398,0.04257403290440038,0.20633475932183695,0,40,40,40,1.5321493333429275,2.9317838588878504,1.7122452683210576,0,40,40,40,0.2730571647841017,0.11194549533752426,0.3345825687891171,0,40,40,40,0.2730571647841017,0.11194549533752426,0.3345825687891171,0,40,40,40,1.8336477254740147,4.658598925947419,0.8355745283335996,0.9337918317317065,0.8719671850088557,0.629327380504561
Commodity_Import/M,short,chronos2_max,,,,,,,1.6089528799057007e-05,,,0,40,,{},,0,0,0,480,0.0,0,0,0,,0,,0.0,1553827.1323667536,27580380585389.832,5251702.636801691,0,40,40,40,502.59708540340273,861428.62523608,928.1317930316147,0,40,40,40,607.3307933823869,1184976.439776274,1088.5662312309132,0,40,40,40,0.3745001799725263,0.4591272155825437,0.677589267611688,0,40,40,40,0.23649937154775102,0.053160362189925425,0.23056531003150804,0,40,40,40,1.4590158630789132,2.565211573358328,1.6016277886445178,0,40,40,40,0.2954049595097949,0.23073598337513196,0.4803498551838357,0,40,40,40,0.2954049595097949,0.23073598337513196,0.4803498551838357,0,40,40,40,1.8336477254740147,4.658598925947419,0.7956903841503931,0.8734653698165946,0.7629417522688403,0.5506401418397788
Commodity_Import/M,short,tsrag,all,False,False,t5,12,chronos_bolt_max,0.5301030147820711,,,17,40,test,"{""insufficient_query_history"": 17}",,2.881279708817601,0,0,480,0.0,23,230,167,72.6086956521739,104.60806047816912,0.4548176542529092,0.425,1781484.1934098739,40789824722167.1,6386691.218633252,0,40,40,40,534.3738762517771,1024776.8809794683,1012.3126399386053,0,40,40,40,634.624635070171,1378735.7659719263,1174.1957954157076,0,40,40,40,0.34904725548592586,0.29991342869503124,0.5476435233754082,0,40,40,40,0.23957331811269844,0.04295121991469136,0.2072467609268993,0,40,40,40,1.5635337615325082,3.488008978732215,1.8676212085784996,0,40,40,40,0.2729486413304059,0.11205786302389072,0.3347504488778032,0,40,40,40,0.2729486413304059,0.11205786302389072,0.3347504488778032,0,40,40,40,1.8336477254740147,4.658598925947419,0.8526903722078463,1.0185278135121087,1.037398906897757,0.7487248922212936
Commodity_Import/M,short,bayes_mixture,,,,,,chronos_bolt_max,0.5301551334559917,0.2,8,0,40,,{},,0,0,0,480,0.0,23,230,167,72.6086956521739,104.60806047816912,0.4548176542529092,0.0,1585879.750289169,29858156500293.883,5464261.752542047,0,40,40,40,504.4245729933182,888379.3979043936,942.5388044554949,0,40,40,40,608.3773792450016,1215756.7147121523,1102.6135835877192,0,40,40,40,0.3666786658233007,0.4204375323822006,0.6484115455343162,0,40,40,40,0.23453403885828328,0.05115867038210757,0.2261828251262849,0,40,40,40,1.4671758977098228,2.7131708970333364,1.6471705731445472,0,40,40,40,0.2884114527740663,0.20235697626803226,0.4498410566722787,0,40,40,40,0.2884114527740663,0.20235697626803226,0.4498410566722787,0,40,40,40,1.8336477254740147,4.658598925947419,0.8001405489871531,0.898302629377046,0.8069476139457146,0.5824006187614786
WUI_Global/Q,short,chronos_t5_512,,,,,,,2.216920256614685e-05,,,0,75,,{},,0,0,0,300,0.0,0,0,0,,0,,0.0,0.0710420128056925,0.011783903003470538,0.10855368719426595,0,75,75,75,0.18720890887841857,0.018146516592634873,0.13470900709542355,0,75,75,75,0.2191974847561859,0.022994475482254167,0.15163929399154485,0,75,75,75,0.7188115917893041,0.1589957545321302,0.3987427172151614,0,75,75,75,1.0858800017546812,0.3597016152652325,0.5997512945090093,0,75,75,75,1.2521451682141926,0.8036705812700495,0.8964767600278601,0,75,75,75,0.7467447273680093,0.18523417939654493,0.43038840527661165,0,75,75,75,0.7467447273680093,0.18523417939654493,0.43038840527661165,0,75,75,75,1.2752554228759418,0.6093761678421035,0.9818779404916145,0.7029781986781407,0.4941783478167634,1.3188415032966796
WUI_Global/Q,short,chronos_bolt_512,,,,,,,2.2990629076957703e-05,,,0,75,,{},,0,0,0,300,0.0,0,0,0,,0,,0.0,0.04857574085307379,0.005807718641558635,0.0762083895746304,0,75,75,75,0.14910565792272487,0.012254724159109796,0.11070105762416996,0,75,75,75,0.17693357309792682,0.017270251563874385,0.1314163291371144,0,75,75,75,0.5773365954903616,0.15595338280558438,0.39490933491826247,0,75,75,75,0.6599633743975549,0.13856112510949598,0.37223799525236,0,75,75,75,0.9984850204930568,0.5541302309513478,0.7443992416380795,0,75,75,75,0.6986482218096487,1.1517152122276075,1.0731799533291737,0,75,75,75,0.6986482218096487,1.1517152122276075,1.0731799533291737,0,75,75,75,1.2752554228759418,0.6093761678421035,0.7829686528533119,0.5837256037377349,0.340735580458983,0.9093401747456088
WUI_Global/Q,short,chronos_bolt_max,,,,,,,1.8069520592689514e-05,,,0,75,,{},,0,0,0,300,0.0,0,0,0,,0,,0.0,0.04857574002949982,0.005807718460174362,0.0762083883845759,0,75,75,75,0.14910565712799628,0.012254723415752587,0.11070105426667168,0,75,75,75,0.1769335722941423,0.01727025102473334,0.13141632708584325,0,75,75,75,0.5773365963279373,0.15595337611759022,0.39490932645050336,0,75,75,75,0.6599633745903781,0.13856111789233702,0.3722379855580795,0,75,75,75,0.9984850154591438,0.5541302028670656,0.7443992227743562,0,75,75,75,0.6986482208718878,1.1517152058082223,1.0731799503383495,0,75,75,75,0.6986482208718878,1.1517152058082223,1.0731799503383495,0,75,75,75,1.2752554228759418,0.6093761678421035,0.7829686489059356,0.5837255889456211,0.34073556318991216,0.9093401286586699
WUI_Global/Q,short,chronos2_max,,,,,,,1.8533319234848022e-05,,,0,75,,{},,0,0,0,300,0.0,0,0,0,,0,,0.0,0.0486141287988623,0.006358741445963903,0.07974171709941982,0,75,75,75,0.1479527096822858,0.012577329875038925,0.11214869537822955,0,75,75,75,0.17487974529761008,0.018031203483505336,0.13428031681339353,0,75,75,75,0.5793450306777244,0.17869541576717352,0.42272380553639693,0,75,75,75,0.6436989006126002,0.13865313353550449,0.37236156291366124,0,75,75,75,0.9822384126018773,0.5065998710347306,0.7117582953747225,0,75,75,75,0.672719727440983,0.7636982386622623,0.8738982999538689,0,75,75,75,0.672719727440983,0.7636982386622623,0.8738982999538689,0,75,75,75,1.2752554228759418,0.6093761678421035,0.7702287674940791,0.5581299891825381,0.31150908482490003,0.8313417848759661
WUI_Global/Q,short,tsrag,all,False,False,t5,4,chronos_bolt_max,0.0005123279988765717,,,75,75,test,"{""insufficient_query_history"": 75}",,0.14300083927810192,0,0,300,0.0,0,0,0,,0.0,,1.0,0.04857574002949982,0.005807718460174362,0.0762083883845759,0,75,75,75,0.14910565712799628,0.012254723415752587,0.11070105426667168,0,75,75,75,0.1769335722941423,0.01727025102473334,0.13141632708584325,0,75,75,75,0.5773365963279373,0.15595337611759022,0.39490932645050336,0,75,75,75,0.6599633745903781,0.13856111789233702,0.3722379855580795,0,75,75,75,0.9984850154591438,0.5541302028670656,0.7443992227743562,0,75,75,75,0.6986482208718878,1.1517152058082223,1.0731799503383495,0,75,75,75,0.6986482208718878,1.1517152058082223,1.0731799503383495,0,75,75,75,1.2752554228759418,0.6093761678421035,0.7829686489059356,0.5837255889456211,0.34073556318991216,0.9093401286586699
WUI_Global/Q,short,bayes_mixture,,,,,,chronos_bolt_max,0.0005664713680744171,0.2857142857142857,5,0,75,,{},,0,0,0,300,0.0,0,0,0,,0.0,,0.0,0.04817600636930065,0.006110477116204981,0.07816954084683485,0,75,75,75,0.14735591058929762,0.012350074796595402,0.11113089037974726,0,75,75,75,0.17456503930201336,0.017703053422787184,0.13305282192718493,0,75,75,75,0.5755216820018002,0.16994926372962857,0.4122490312052032,0,75,75,75,0.6439357530839321,0.1367676195372222,0.3698210642151447,0,75,75,75,0.9814809958589027,0.5125536551434947,0.7159285265607837,0,75,75,75,0.6776926985048022,0.8646256355491049,0.9298524805307049,0,75,75,75,0.6776926985048022,0.8646256355491049,0.9298524805307049,0,75,75,75,1.2752554228759418,0.6093761678421035,0.7696348341303091,0.5614001036327527,0.3151700763588655,0.8411120785352134
Global_Price/Q,short,chronos_t5_512,,,,,,,3.110058605670929e-05,,,0,300,,{},,0,0,0,1200,0.0,0,0,0,,0,,0.0,1435175.9747414025,87001350940602.31,9327451.470825367,0,300,300,300,279.7823043914636,976059.9630070224,987.9574702420254,0,300,300,300,323.76839177970743,1330350.0032257843,1153.4079951282565,0,300,300,300,0.17709521329001982,0.02182646007082178,0.14773780853532986,0,300,300,300,0.1894293334302903,0.02879745146502802,0.1696981186254816,0,300,300,300,1.524856009863256,2.388480868330114,1.5454710829808864,0,300,300,300,0.17900858141030995,0.021518319388508345,0.14669123828132458,0,300,300,300,0.17900858141030995,0.021518319388508345,0.14669123828132458,0,300,300,300,1.8604859355497676,3.4498076767502495,0.8196009336736351,0.830681411479848,0.6900316073781525,0.6923518909263037
Global_Price/Q,short,chronos_bolt_512,,,,,,,3.17208468914032e-05,,,0,300,,{},,0,0,0,1200,0.0,0,0,0,,0,,0.0,1713971.9928864609,115594668845145.14,10751496.121244946,0,300,300,300,304.08169238666693,1293386.7423768728,1137.2716220748994,0,300,300,300,341.7312569615942,1597191.7409019098,1263.800514678606,0,300,300,300,0.1792991114968234,0.02585085136236727,0.1607819994973544,0,300,300,300,0.19047991232431125,0.03187126634112115,0.17852525407101694,0,300,300,300,1.568476814976055,3.5967816926180363,1.8965183080102435,0,300,300,300,0.17991196594822922,0.024014060242689445,0.15496470644211038,0,300,300,300,0.17991196594822922,0.024014060242689445,0.15496470644211038,0,300,300,300,1.8604859355497676,3.4498076767502495,0.8430468540535219,1.0193671834717892,1.0391094547392083,1.042603538990973
Global_Price/Q,short,chronos_bolt_max,,,,,,,2.7818605303764343e-05,,,0,300,,{},,0,0,0,1200,0.0,0,0,0,,0,,0.0,1713971.901588175,115594650179338.05,10751495.25318865,0,300,300,300,304.08169453243414,1293386.687245826,1137.2715978366057,0,300,300,300,341.7312583593718,1597191.6486482953,1263.8004781801183,0,300,300,300,0.17929911077440888,0.02585085029285335,0.16078199617137906,0,300,300,300,0.19047991284707494,0.03187126757628719,0.17852525753037635,0,300,300,300,1.5684767906961357,3.596781341424362,1.8965182154211866,0,300,300,300,0.17991196446028548,0.024014058759001772,0.15496470165493098,0,300,300,300,0.17991196446028548,0.024014058759001772,0.15496470165493098,0,300,300,300,1.8604859355497676,3.4498076767502495,0.8430468410032113,1.0193671337057282,1.0391093532794318,1.0426034371900301
Global_Price/Q,short,chronos2_max,,,,,,,2.751871943473816e-05,,,0,300,,{},,0,0,0,1200,0.0,0,0,0,,0,,0.0,1781287.697302708,124741026640655.92,11168752.241887001,0,300,300,300,313.49012751321,1299867.8682887943,1140.117480038261,0,300,300,300,353.65697531192535,1656214.4411159283,1286.9399524126711,0,300,300,300,0.17981980611391982,0.024917060506954365,0.15785138740902585,0,300,300,300,0.19245751470182246,0.033087114656498676,0.18189863841298723,0,300,300,300,1.5800590412799245,3.226504068583517,1.7962472181143432,0,300,300,300,0.18101462103731175,0.023975417634436565,0.15483997427808027,0,300,300,300,0.18101462103731175,0.023975417634436565,0.15483997427808027,0,300,300,300,1.8604859355497676,3.4498076767502495,0.8492722310276547,0.9654720757582926,0.9321363290690264,0.9352707080827513
Global_Price/Q,short,tsrag,all,False,False,t5,4,chronos_bolt_max,0.001592099666595459,,,300,300,test,"{""insufficient_query_history"": 300}",,0.5472627393901348,0,0,1200,0.0,0,0,0,,0.0,,1.0,1713971.901588175,115594650179338.05,10751495.25318865,0,300,300,300,304.08169453243414,1293386.687245826,1137.2715978366057,0,300,300,300,341.7312583593718,1597191.6486482953,1263.8004781801183,0,300,300,300,0.17929911077440888,0.02585085029285335,0.16078199617137906,0,300,300,300,0.19047991284707494,0.03187126757628719,0.17852525753037635,0,300,300,300,1.5684767906961357,3.596781341424362,1.8965182154211866,0,300,300,300,0.17991196446028548,0.024014058759001772,0.15496470165493098,0,300,300,300,0.17991196446028548,0.024014058759001772,0.15496470165493098,0,300,300,300,1.8604859355497676,3.4498076767502495,0.8430468410032113,1.0193671337057282,1.0391093532794318,1.0426034371900301
Global_Price/Q,short,bayes_mixture,,,,,,chronos_bolt_max,0.0016599912196397781,0.25,2,0,300,,{},,0,0,0,1200,0.0,0,0,0,,0.0,,0.0,1748579.7682601586,119166687935055.06,10916349.570028208,0,300,300,300,309.98522935956714,1287923.040479864,1134.866970388981,0,300,300,300,349.3856682969939,1626509.423048821,1275.3467854073342,0,300,300,300,0.1786985693143584,0.024746364480330765,0.15730977236119428,0,300,300,300,0.19098681389773045,0.03257347002909899,0.18048121793998118,0,300,300,300,1.5697254114873846,3.2756874047945836,1.809886019835112,0,300,300,300,0.1797303094067538,0.023737196499075023,0.1540688044318999,0,300,300,300,0.1797303094067538,0.023737196499075023,0.1540688044318999,0,300,300,300,1.8604859355497676,3.4498076767502495,0.8437179671683656,0.9728028496492217,0.9463453842856462,0.9495275423238408
Vehicle_Sales/M,short,chronos_t5_512,,,,,,,2.0852312445640564e-05,,,0,50,,{},,0,0,0,600,0.0,0,0,0,,0,,0.0,2109.0376370562635,76369945.52696168,8738.989960342195,0,50,50,50,11.207287049442533,1425.9287375917247,37.76147160257032,0,50,50,50,13.303102117537176,1932.0651111066409,43.95526260991556,0,50,50,50,0.0781007716110296,0.0021514826610118123,0.046384077666930194,0,50,50,50,0.07931376174806683,0.002095847084665921,0.04578042250423123,0,50,50,50,0.7705054194437849,0.31438889974255235,0.5607039323409034,0,50,50,50,0.07872352365938513,0.002120769696042416,0.04605181533927209,0,50,50,50,0.07872352365938513,0.002120769696042416,0.04605181533927209,0,50,50,50,1.3003774304433904,0.8704781233070326,0.5925244482142891,0.4311855306114625,0.18592096180868842,0.36116806537096857
Vehicle_Sales/M,short,chronos_bolt_512,,,,,,,2.0988285541534424e-05,,,0,50,,{},,0,0,0,600,0.0,0,0,0,,0,,0.0,1787.2756657276948,50127889.03949321,7080.105157375363,0,50,50,50,10.9048487029473,1192.8631899106374,34.5378515531965,0,50,50,50,12.761156336559495,1624.4285546815822,40.30420021141199,0,50,50,50,0.08170818901583093,0.002999937395422556,0.054771684248547226,0,50,50,50,0.081493458201563,0.0027622491582078696,0.052557103784434976,0,50,50,50,0.7712553719071313,0.28741903368480914,0.5361147579434922,0,50,50,50,0.0817400041846738,0.002915159332025816,0.05399221547617597,0,50,50,50,0.0817400041846738,0.002915159332025816,0.05399221547617597,0,50,50,50,1.3003774304433904,0.8704781233070326,0.5931011672850673,0.412276271021324,0.1699717236472482,0.3301852464630309
Vehicle_Sales/M,short,chronos_bolt_max,,,,,,,1.6789883375167847e-05,,,0,50,,{},,0,0,0,600,0.0,0,0,0,,0,,0.0,1736.5521316534516,47431065.472597644,6887.021524040537,0,50,50,50,10.760528745551904,1140.459245912534,33.77068619250331,0,50,50,50,12.66415136263351,1576.171401917759,39.7010251998328,0,50,50,50,0.08231239892419104,0.002943980436862218,0.05425845958799621,0,50,50,50,0.08211117789326419,0.002669824841075222,0.05167034779324813,0,50,50,50,0.772428342710334,0.29353917038184163,0.5417925529036383,0,50,50,50,0.08237831020675207,0.0028475396063746636,0.05336234258702164,0,50,50,50,0.08237831020675207,0.0028475396063746636,0.05336234258702164,0,50,50,50,1.3003774304433904,0.8704781233070326,0.5940031906328601,0.4166425379429286,0.17359100442352468,0.33721602246206633
Vehicle_Sales/M,short,chronos2_max,,,,,,,1.703202724456787e-05,,,0,50,,{},,0,0,0,600,0.0,0,0,0,,0,,0.0,2666.587106061975,108776076.85311104,10429.577021773752,0,50,50,50,13.731454174021879,1998.070625590018,44.69978328347933,0,50,50,50,15.302665931326011,2432.4155214562093,49.31952474888834,0,50,50,50,0.0898758564593403,0.004139595067987143,0.06433968501622574,0,50,50,50,0.08854778338627317,0.0032524510172374874,0.05703026404671021,0,50,50,50,0.8236066880940314,0.3387986008830726,0.5820640865773051,0,50,50,50,0.09000357903088257,0.0039840408661824134,0.06311925907504312,0,50,50,50,0.09000357903088257,0.0039840408661824134,0.06311925907504312,0,50,50,50,1.3003774304433904,0.8704781233070326,0.6333597221948136,0.4476116494722909,0.200356188743305,0.3892097823158877
Vehicle_Sales/M,short,tsrag,all,False,False,t5,12,chronos_bolt_max,0.15850005112588406,,,40,50,test,"{""insufficient_causal_datastore"": 40}",,0.25040785409510136,0,0,600,0.0,50,100,100,100.0,92.93055555555557,0.9293055555555557,0.8,1734.4680003528472,47397987.13920798,6884.619607444407,0,50,50,50,10.80375540802876,1145.322270398446,33.84261027755463,0,50,50,50,12.660907340746192,1574.169425661886,39.675804032960514,0,50,50,50,0.08237163710407573,0.002923014752936273,0.05406491240107833,0,50,50,50,0.0824994540473526,0.002645242537553952,0.05143192138695532,0,50,50,50,0.7820492101409253,0.29981864360854316,0.5475569774996417,0,50,50,50,0.08266765932283873,0.0028248948693200587,0.05314974006822666,0,50,50,50,0.08266765932283873,0.0028248948693200587,0.05314974006822666,0,50,50,50,1.3003774304433904,0.8704781233070326,0.6014017098668574,0.4210754237044401,0.1773045124478738,0.34442984330209525
Vehicle_Sales/M,short,bayes_mixture,,,,,,chronos_bolt_max,0.15855269506573677,0.3333333333333333,1,0,50,,{},,0,0,0,600,0.0,50,100,100,100.0,92.93055555555557,0.9293055555555557,0.0,2205.6260163857924,72490376.30991466,8514.12804166784,0,50,50,50,12.579990966121356,1588.9555272456598,39.86170502180833,0,50,50,50,14.19838578427293,2004.0318575067486,44.76641439189371,0,50,50,50,0.08529409349074758,0.003404629293611701,0.05834920131082945,0,50,50,50,0.08450439058944724,0.0027291226406831823,0.052241005356742344,0,50,50,50,0.7976118037009968,0.31606486388402133,0.5621964637775849,0,50,50,50,0.08547171578333718,0.003261463371699534,0.05710922317541654,0,50,50,50,0.08547171578333718,0.003261463371699534,0.05710922317541654,0,50,50,50,1.3003774304433904,0.8704781233070326,0.6133694610718018,0.4323332984838813,0.1869120809779528,0.36309340283390423
Online_Retail_2_UCI/D,short,chronos_t5_512,,,,,,,1.7819926142692566e-05,,,0,6,,{},,0,0,0,180,0.0,0,0,0,,0,,0.0,471175542.9886031,2.5346858766662144e+17,503456639.31129307,0,6,6,6,12456.731877788503,36828335.80184895,6068.635415136499,0,6,6,6,19055.709536892133,108055477.03420143,10394.973642785317,0,6,6,6,0.3198387606573518,0.0022694154140677773,0.04763838173225217,0,6,6,6,0.6036465680083393,0.0060120054978477664,0.07753712335293184,0,6,6,6,0.7520695886569965,0.12849306335133273,0.35845929106571184,0,6,6,6,0.3447386900584088,0.005430080063435167,0.07368907696148166,0,6,6,6,0.3447386900584088,0.005430080063435167,0.07368907696148166,0,6,6,6,1.6232577008686375,0.7074258093720319,0.4633088068854065,0.22082710026503685,0.04876460821146465,0.1816346840178103
Online_Retail_2_UCI/D,short,chronos_bolt_512,,,,,,,1.784786581993103e-05,,,0,6,,{},,0,0,0,180,0.0,0,0,0,,0,,0.0,308937070.07900053,9.407271631276525e+16,306712758.6403364,0,6,6,6,10222.15119357639,11177337.13057864,3343.252477839303,0,6,6,6,15879.56765122943,56776401.289028324,7535.011698002089,0,6,6,6,0.2667453988906826,0.0017616927842160832,0.041972524158264336,0,6,6,6,0.5251350840230045,0.0038867964495211374,0.062344177350584534,0,6,6,6,0.6180407247822134,0.0381001588639339,0.19519261990130132,0,6,6,6,0.2973560610300429,0.001625252680540741,0.04031442273604747,0,6,6,6,0.2973560610300429,0.001625252680540741,0.04031442273604747,0,6,6,6,1.6232577008686375,0.7074258093720319,0.38074097812780283,0.1202474627391879,0.014459452295212387,0.053857462307962255
Online_Retail_2_UCI/D,short,chronos_bolt_max,,,,,,,1.409091055393219e-05,,,0,6,,{},,0,0,0,180,0.0,0,0,0,,0,,0.0,314035391.6254831,9.704472665093222e+16,311520026.08328766,0,6,6,6,10246.287516276041,11151982.946545392,3339.4584810333236,0,6,6,6,16013.371609913565,57607321.308297314,7589.948702613036,0,6,6,6,0.2655223021669263,0.00203388949759427,0.045098664033364336,0,6,6,6,0.5281324901417711,0.0040334709139812144,0.06350961276831417,0,6,6,6,0.6195295273705109,0.0379748628515638,0.19487140080464294,0,6,6,6,0.2985858327672311,0.0017273098652909272,0.04156091752224591,0,6,6,6,0.2985858327672311,0.0017273098652909272,0.04156091752224591,0,6,6,6,1.6232577008686375,0.7074258093720319,0.381658147710612,0.12004957727929667,0.014411901004937826,0.05368034689782288
Online_Retail_2_UCI/D,short,chronos2_max,,,,,,,1.4450401067733765e-05,,,0,6,,{},,0,0,0,180,0.0,0,0,0,,0,,0.0,308363502.1283924,7.427341504590421e+16,272531493.67716056,0,6,6,6,10064.980170355904,9131551.685875306,3021.8457415750568,0,6,6,6,16022.476943080272,51643734.7368535,7186.357543071003,0,6,6,6,0.30026555322648424,0.002872907821378426,0.053599513256917045,0,6,6,6,0.5429929573388731,0.004002014837295749,0.06326147988543858,0,6,6,6,0.6092702040045644,0.03236354353355056,0.17989870353493534,0,6,6,6,0.29596457723691355,0.0023063233654513795,0.048024195625240615,0,6,6,6,0.29596457723691355,0.0023063233654513795,0.048024195625240615,0,6,6,6,1.6232577008686375,0.7074258093720319,0.3753379415224901,0.11082572005582846,0.012282340225892857,0.045748321738895904
Online_Retail_2_UCI/D,short,tsrag,all,False,False,t5,7,chronos_bolt_max,0.07960231974720955,,,1,6,test,"{""insufficient_causal_datastore"": 1}",,0.2560794074088335,0,0,180,0.0,6,50,50,100.0,37.827338015515686,0.7565467603103138,0.16666666666666666,307506480.77045953,9.29584224507991e+16,304890836.9413537,0,6,6,6,10222.414154730903,10740183.375252925,3277.221898995081,0,6,6,6,15858.74065669171,56006825.554252945,7483.770811178877,0,6,6,6,0.27100113311469415,0.0020634505766928646,0.045425219610838036,0,6,6,6,0.5283742747658638,0.0038041052958935517,0.061677429387852666,0,6,6,6,0.6181625662897857,0.03668552785169107,0.1915346648826031,0,6,6,6,0.29829431944521106,0.0017723483915079638,0.04209926830133707,0,6,6,6,0.29829431944521106,0.0017723483915079638,0.04209926830133707,0,6,6,6,1.6232577008686375,0.7074258093720319,0.3808160379950729,0.11799399736721353,0.013922583414693991,0.05185777415197234
Online_Retail_2_UCI/D,short,bayes_mixture,,,,,,chronos_bolt_max,0.07965402118861675,0.4,3,0,6,,{},,0,0,0,180,0.0,6,50,50,100.0,37.827338015515686,0.7565467603103138,0.0,303208056.6704332,7.917512724078773e+16,281380751.368653,0,6,6,6,9923.227162000869,9367914.979649704,3060.704980825448,0,6,6,6,15811.80617279686,53194842.22433635,7293.479431954021,0,6,6,6,0.2820705286464024,0.00206742857081562,0.04546898471283057,0,6,6,6,0.5323722764506199,0.0038899797432553726,0.06236970212575472,0,6,6,6,0.6004589904356707,0.03276748439074,0.18101791179532484,0,6,6,6,0.2905660634209933,0.0019826230158758356,0.04452665511663587,0,6,6,6,0.2905660634209933,0.0019826230158758356,0.04452665511663587,0,6,6,6,1.6232577008686375,0.7074258093720319,0.369909836321339,0.11151520285316284,0.012435640467382058,0.046319322756724214
Supply_Chain_Customer/D,short,chronos_t5_512,,,,,,,3.774277865886688e-05,,,0,432,,{},,0,0,0,12960,0.0,0,0,0,,0,,0.0,42231615.09940395,4.7534986560928104e+16,218025197.07806274,0,432,432,432,1919.1382648331028,16820521.2199136,4101.2828748958045,0,432,432,432,2724.05324256414,34811149.03107974,5900.097374711687,0,432,432,432,0.4470522718247465,0.0637085487350791,0.2524055243751196,0,432,432,432,0.5185341719634907,0.11429384781383768,0.33807373132770563,0,432,432,432,0.7172572254639847,0.12217311351329012,0.34953270735839603,0,432,432,432,0.4297425699843697,0.049288774826985876,0.22201075385437047,0,432,432,432,0.4297425699843697,0.049288774826985876,0.22201075385437047,0,432,432,432,1.5244040426120686,0.7613944839464535,0.4705164808110607,0.22929138049218972,0.05257453716801412,0.1604596777219129
Supply_Chain_Customer/D,short,chronos_bolt_512,,,,,,,3.79122793674469e-05,,,0,432,,{},,0,0,0,12960,0.0,0,0,0,,0,,0.0,36615126.411118634,3.471352186368106e+16,186315651.15062413,0,432,432,432,1790.803658230069,15147856.26173049,3892.0246995272896,0,432,432,432,2492.7259373430193,30401443.812416,5513.750430733694,0,432,432,432,0.4372569885030855,0.06266534034609146,0.2503304622815439,0,432,432,432,0.4278803402152989,0.037109857786204244,0.19263919068093138,0,432,432,432,0.6324669171657017,0.056141304719132756,0.23694156393324653,0,432,432,432,0.37206954199858877,0.02088062410753344,0.14450129448393687,0,432,432,432,0.37206954199858877,0.02088062410753344,0.14450129448393687,0,432,432,432,1.5244040426120686,0.7613944839464535,0.41489454205459114,0.15543225897462645,0.02415918712995534,0.07373484560610634
Supply_Chain_Customer/D,short,chronos_bolt_max,,,,,,,4.109926521778107e-05,,,0,432,,{},,0,0,0,12960,0.0,0,0,0,,0,,0.0,32848610.476877663,2.6955915779147376e+16,164182568.43875775,0,432,432,432,1710.86646684835,13649711.212009422,3694.551557633135,0,432,432,432,2393.5512110451987,27119523.07698173,5207.64083601987,0,432,432,432,0.4312827766052787,0.06649812178275638,0.25787229743180323,0,432,432,432,0.42051334081570924,0.03835612026875176,0.19584718601182852,0,432,432,432,0.6131470465479132,0.05630761760345817,0.2372922619965897,0,432,432,432,0.36297469205083494,0.021388487579161616,0.14624803444546397,0,432,432,432,0.36297469205083494,0.021388487579161616,0.14624803444546397,0,432,432,432,1.5244040426120686,0.7613944839464535,0.4022208216512499,0.15566231482172474,0.02423075625565774,0.07395327755936056
Supply_Chain_Customer/D,short,chronos2_max,,,,,,,3.3210963010787964e-05,,,0,432,,{},,0,0,0,12960,0.0,0,0,0,,0,,0.0,29400552.851176884,2.4690811974507804e+16,157133102.73302633,0,432,432,432,1553.1126533411168,12266496.326731158,3502.3558252597863,0,432,432,432,2207.421251197453,24527844.270938754,4952.559365715746,0,432,432,432,0.407221779968632,0.07223934545811649,0.26877378119548134,0,432,432,432,0.3824923455139074,0.04026645664074544,0.20066503591992663,0,432,432,432,0.5576402410302724,0.05496880564778021,0.23445427197596594,0,432,432,432,0.33535586331197453,0.02367181142225179,0.1538564636999427,0,432,432,432,0.33535586331197453,0.02367181142225179,0.1538564636999427,0,432,432,432,1.5244040426120686,0.7613944839464535,0.3658086868326294,0.15380061022025907,0.02365462770412405,0.07219490921823646
Supply_Chain_Customer/D,short,tsrag,all,False,False,t5,7,chronos_bolt_max,11.478996623307467,,,0,432,test,{},,88.94416834786534,0,0,12960,0.0,432,4320,4320,100.0,2346.5578625599337,0.543184690407392,0.0,36072011.580364235,3.3096687646795356e+16,181924950.58895952,0,432,432,432,1785.6088928196166,15097296.127527965,3885.5239193097195,0,432,432,432,2477.798476832815,29932526.288569216,5471.062628828993,0,432,432,432,0.4408513619380205,0.06456004280678553,0.25408668364710796,0,432,432,432,0.42756776612408204,0.03713773240170118,0.19271152638516767,0,432,432,432,0.630168871230203,0.05522355990689957,0.23499693595215143,0,432,432,432,0.37144498316936525,0.021016020897548535,0.14496903427128338,0,432,432,432,0.37144498316936525,0.021016020897548535,0.14496903427128338,0,432,432,432,1.5244040426120686,0.7613944839464535,0.4133870375667646,0.15415659456628297,0.02376425564827335,0.07252949827094266
Supply_Chain_Customer/D,short,bayes_mixture,,,,,,chronos_bolt_max,11.479104854166508,0.2,3,0,432,,{},,0,0,0,12960,0.0,432,4320,4320,100.0,2346.5578625599337,0.543184690407392,0.0,29621380.076942258,2.490491193605775e+16,157812901.67808762,0,432,432,432,1563.0492732195207,12239057.56448594,3498.4364456834055,0,432,432,432,2219.603753860671,24694739.252789877,4969.3801678670025,0,432,432,432,0.4067334625990893,0.07015093831383622,0.2648602241066714,0,432,432,432,0.38456809613237664,0.0398971314380531,0.19974266303935448,0,432,432,432,0.5615199052995737,0.05477059554906069,0.234031184992643,0,432,432,432,0.336913156038055,0.02332117520670843,0.1527127211685668,0,432,432,432,0.336913156038055,0.02332117520670843,0.1527127211685668,0,432,432,432,1.5244040426120686,0.7613944839464535,0.3683537235557369,0.15352306767150145,0.023569332307268414,0.07193458411357828
Supply_Chain_Location/D,short,chronos_t5_512,,,,,,,4.37125563621521e-05,,,0,612,,{},,0,0,0,18360,0.0,0,0,0,,0,,0.0,31545884.900831766,7119204443026333.0,84375378.18004926,0,612,612,612,2037.6088744653441,11518848.172373977,3393.942865219445,0,612,612,612,2881.708709565188,23241639.814047907,4820.958391652836,0,612,612,612,0.4870888847282653,0.04603350230112986,0.21455419432192385,0,612,612,612,0.4789761199083981,0.029137814639270346,0.17069802177901872,0,612,612,612,0.7343894654899905,0.10138233987119245,0.3184059356720481,0,612,612,612,0.4257288796228185,0.017892592299065986,0.13376319485966978,0,612,612,612,0.4257288796228185,0.017892592299065986,0.13376319485966978,0,612,612,612,1.4264456517338167,0.5773547972858538,0.5148387284137707,0.22321631061445066,0.049825521324326924,0.1755979864509502
Supply_Chain_Location/D,short,chronos_bolt_512,,,,,,,4.510954022407532e-05,,,0,612,,{},,0,0,0,18360,0.0,0,0,0,,0,,0.0,22049857.91339465,3433718069300306.0,58597935.70852395,0,612,612,612,1807.5323095050514,8887210.564221771,2981.142493109273,0,612,612,612,2443.019911454203,16081511.625632947,4010.1760093084376,0,612,612,612,0.5009570499912357,0.051853614254523776,0.227713886828458,0,612,612,612,0.4273079921997605,0.013697941460585903,0.11703820513228107,0,612,612,612,0.660236576741148,0.0596324841085861,0.24419763329849473,0,612,612,612,0.3857686421849753,0.010419823710181898,0.10207753773569334,0,612,612,612,0.3857686421849753,0.010419823710181898,0.10207753773569334,0,612,612,612,1.4264456517338167,0.5773547972858538,0.4628543512601713,0.1711930861170051,0.029307072734264323,0.10328568219908892
Supply_Chain_Location/D,short,chronos_bolt_max,,,,,,,4.173070192337036e-05,,,0,612,,{},,0,0,0,18360,0.0,0,0,0,,0,,0.0,21468139.985901974,3321808365679873.5,57635131.349549934,0,612,612,612,1791.9018142680459,8740284.905446496,2956.3972847786367,0,612,612,612,2409.500846064167,15662445.658718035,3957.580783599753,0,612,612,612,0.500894001886812,0.05296787350269788,0.23014750379419258,0,612,612,612,0.42251546183408895,0.015358850075472979,0.12393082778499052,0,612,612,612,0.6500187666725908,0.05996015301421256,0.24486762345032992,0,612,612,612,0.38068952366955316,0.011229128568993968,0.10596758263258613,0,612,612,612,0.38068952366955316,0.011229128568993968,0.10596758263258613,0,612,612,612,1.4264456517338167,0.5773547972858538,0.4556912251669076,0.17166277814559436,0.029468109400663547,0.10385321694058033
Supply_Chain_Location/D,short,chronos2_max,,,,,,,4.15705144405365e-05,,,0,612,,{},,0,0,0,18360,0.0,0,0,0,,0,,0.0,19273967.95603774,2765927649514549.5,52592087.32798642,0,612,612,612,1714.7489310010067,8068879.738361672,2840.5773600382145,0,612,612,612,2278.6412805678438,14081761.870529879,3752.567370551777,0,612,612,612,0.4863190307690035,0.060305729727774066,0.24557224950668605,0,612,612,612,0.39198935163292153,0.015499861554038912,0.12449843996628597,0,612,612,612,0.6095078906088887,0.05416390127721702,0.23273139297743445,0,612,612,612,0.3585979758162764,0.011858528559893375,0.10889687121259901,0,612,612,612,0.3585979758162764,0.011858528559893375,0.10889687121259901,0,612,612,612,1.4264456517338167,0.5773547972858538,0.42729135166702203,0.16315475650583253,0.026619474570477503,0.09381389317598406
Supply_Chain_Location/D,short,tsrag,all,False,False,t5,7,chronos_bolt_max,18.632156820967793,,,0,612,test,{},,126.06240297667682,0,0,18360,0.0,612,6120,6120,100.0,3280.3289073568044,0.5360014554504582,0.0,21741563.31088841,3316009168196036.5,57584799.80164936,0,612,612,612,1803.0746842759365,8845354.508053422,2974.1140711232683,0,612,612,612,2427.2336484583816,15850100.126679828,3981.218422377731,0,612,612,612,0.5054299947404013,0.052694771324475836,0.22955341714833138,0,612,612,612,0.42718054062009875,0.013609140466285759,0.11665822074027085,0,612,612,612,0.6582833957953587,0.059180852937276325,0.24327115105839478,0,612,612,612,0.38485299388759064,0.010538629238697144,0.10265782599829953,0,612,612,612,0.38485299388759064,0.010538629238697144,0.10265782599829953,0,612,612,612,1.4264456517338167,0.5773547972858538,0.4614850870730533,0.1705435820584566,0.029085113381329523,0.10250344019913864
Supply_Chain_Location/D,short,bayes_mixture,,,,,,chronos_bolt_max,18.63229232095182,0.2,3,0,612,,{},,0,0,0,18360,0.0,612,6120,6120,100.0,3280.3289073568044,0.5360014554504582,0.0,19424326.728390034,2765832646512109.0,52591184.1139949,0,612,612,612,1718.4799671110243,8091483.616428765,2844.5533245887245,0,612,612,612,2289.041440230677,14184616.013296701,3766.2469400315085,0,612,612,612,0.48481844610283487,0.05798294719689546,0.2407964850177333,0,612,612,612,0.3940851018054273,0.015286134515659,0.12363710816603161,0,612,612,612,0.6125257861060774,0.05483167149070158,0.23416163539465978,0,612,612,612,0.3598459147651208,0.011599084627012915,0.10769904654644309,0,612,612,612,0.3598459147651208,0.011599084627012915,0.10769904654644309,0,612,612,612,1.4264456517338167,0.5773547972858538,0.4294070267321888,0.16415741820239763,0.026947657950876867,0.09497049604240822
azure2019_U/5T,short,chronos_t5_512,,,,,,,7.674284279346466e-05,,,0,1404,,{},,0,0,0,67392,0.0,0,0,0,,0,,0.0,76.29712409442101,123782.3937501533,351.8272214456313,0,1404,1404,1404,2.4983519739025835,39.29892139308589,6.268885179446653,0,1404,1404,1404,3.5945872426400367,63.37606664947051,7.960908657274652,0,1404,1404,1404,0.390661008183607,9.849094165391103,3.138326650524305,0,1404,1404,1404,0.18361504840563445,0.04655096604666518,0.21575672885605487,0,1404,1404,1404,0.8344156467845051,4.649776253822664,2.156333984758081,0,1404,1404,1404,0.21348127516582932,0.10449470092333883,0.3232564012101521,0,1404,1404,1404,0.21348127516582932,0.10449470092333883,0.3232564012101521,0,1404,1404,1404,1.1130542641708217,1.2257899723905192,0.749663043073744,1.9373125409698317,3.7531798813989865,3.793289518231849
azure2019_U/5T,short,chronos_bolt_512,,,,,,,7.935240864753723e-05,,,0,1404,,{},,0,0,0,67392,0.0,0,0,0,,0,,0.0,71.17087676387358,98986.62416715601,314.62139813934465,0,1404,1404,1404,2.6127146914974344,39.80363148351593,6.309011926087629,0,1404,1404,1404,3.568337890604513,58.43784146234971,7.644464759703567,0,1404,1404,1404,0.4005103897727961,7.302214806680653,2.7022610545024426,0,1404,1404,1404,0.2013343030833874,0.04798280546958245,0.21904977851982058,0,1404,1404,1404,0.7997451732350664,1.2217361141271155,1.1053217242627214,0,1404,1404,1404,0.21912175762943994,0.06603412692303451,0.25697106242344586,0,1404,1404,1404,0.21912175762943994,0.06603412692303451,0.25697106242344586,0,1404,1404,1404,1.1130542641708217,1.2257899723905192,0.718514091342027,0.993052863497306,0.9861539897001991,0.9966928606411276
azure2019_U/5T,short,chronos_bolt_max,,,,,,,8.390285074710846e-05,,,0,1404,,{},,0,0,0,67392,0.0,0,0,0,,0,,0.0,71.66633608859661,95270.58272886365,308.65933118709313,0,1404,1404,1404,2.6217746618497344,39.94897971511475,6.320520525646187,0,1404,1404,1404,3.561675882225482,58.98080099856994,7.679895897638843,0,1404,1404,1404,0.40582479065539817,8.959355475264784,2.9932182471822504,0,1404,1404,1404,0.20470794129368108,0.05016890922412701,0.22398417181606162,0,1404,1404,1404,0.7729739710685387,1.0025179601373027,1.0012581885494383,0,1404,1404,1404,0.21844098189218925,0.06611566269172564,0.25712966124452785,0,1404,1404,1404,0.21844098189218925,0.06611566269172564,0.25712966124452785,0,1404,1404,1404,1.1130542641708217,1.2257899723905192,0.6944620724708077,0.8995591866271976,0.8092067302453855,0.8178545939498962
azure2019_U/5T,short,chronos2_max,,,,,,,7.257238030433655e-05,,,0,1404,,{},,0,0,0,67392,0.0,0,0,0,,0,,0.0,69.32597213050772,100140.63756876272,316.4500554096376,0,1404,1404,1404,2.3909403095069934,37.53974066384472,6.126968309355347,0,1404,1404,1404,3.32544937499218,58.26735858487182,7.63330587523334,0,1404,1404,1404,0.3706416059169203,13.04318836912034,3.6115354586547173,0,1404,1404,1404,0.16478850146987176,0.03637144819630887,0.19071299954724868,0,1404,1404,1404,0.6571249748882112,0.9113711912844952,0.9546576304018605,0,1404,1404,1404,0.17734112497214172,0.06115874428684668,0.2473029403117696,0,1404,1404,1404,0.17734112497214172,0.06115874428684668,0.2473029403117696,0,1404,1404,1404,1.1130542641708217,1.2257899723905192,0.5903799985688403,0.8576919033799668,0.7356354011235503,0.7434970197277363
azure2019_U/5T,short,tsrag,all,False,False,t5,2016,chronos_bolt_max,75.5911822244525,,,0,1404,test,{},,342.1998277101666,0,0,67392,0.0,1404,14040,3339,23.78205128205128,7971.000195911079,0.5677350566888233,0.0,68.03392847143296,85188.38165720832,291.87048781472976,0,1404,1404,1404,2.594333529993456,37.58282125642607,6.130482954582459,0,1404,1404,1404,3.5385481052425867,55.51260577831705,7.450678209285182,0,1404,1404,1404,0.40247041430393143,7.520309339011935,2.742318241745829,0,1404,1404,1404,0.20171112305603237,0.04718732463038575,0.2172264363064168,0,1404,1404,1404,0.8028655670152167,1.2998094913620835,1.1400918784738725,0,1404,1404,1404,0.2198816951481766,0.06603212365306259,0.25696716454259794,0,1404,1404,1404,0.2198816951481766,0.06603212365306259,0.25696716454259794,0,1404,1404,1404,1.1130542641708217,1.2257899723905192,0.7213175429621282,1.0242913712056911,1.049172813126435,1.060385156216617
azure2019_U/5T,short,bayes_mixture,,,,,,chronos_bolt_max,75.59153333120048,0.22151898734177214,156,0,1404,,{},,0,0,0,67392,0.0,1404,14040,3339,23.78205128205128,7971.000195911079,0.5677350566888233,0.0,65.49691455134324,82648.52621701687,287.4865670201251,0,1404,1404,1404,2.392610534292003,35.232825451152465,5.9357245093714095,0,1404,1404,1404,3.305488976426059,54.57065717806906,7.387195488009578,0,1404,1404,1404,0.3715294376827256,11.657962068120849,3.4143757948006908,0,1404,1404,1404,0.16827828819747298,0.03574886081747734,0.18907369150010622,0,1404,1404,1404,0.6700323614490046,0.9221604880413932,0.9602918764841204,0,1404,1404,1404,0.18014534916033514,0.05731190322951597,0.23939904600794878,0,1404,1404,1404,0.18014534916033514,0.05731190322951597,0.23939904600794878,0,1404,1404,1404,1.1130542641708217,1.2257899723905192,0.601976366307846,0.8627538722916598,0.7443442441542535,0.7522989327796573
Smart_Manufacturing/H,short,chronos_t5_512,,,,,,,0.00011515431106090546,,,0,2380,,{},,0,0,0,40650,0.0,0,0,0,,0,,0.0,81.18331545090861,6498.87382332582,80.6155929291959,0,2380,2380,2380,5.836250981242633,19.462781100350714,4.411664209836319,0,2380,2380,2380,7.199369939896099,29.352387919429074,5.417784410571269,0,2380,2380,2380,0.3403090613968066,7.090053073657449,2.6627153572354385,0,2380,2380,2380,0.22921840907089625,0.010696661119365366,0.10342466397994902,0,2380,2380,2380,0.7273891974873985,0.017130878312698015,0.13088498123428072,0,2380,2380,2380,0.22112880163273027,0.009508437845147183,0.09751121907322861,0,2380,2380,2380,0.22112880163273027,0.009508437845147183,0.09751121907322861,0,2380,2380,2380,0.9987212256449988,0.03817606606400739,0.7283205551355261,0.1310525678972648,0.0171747755524672,0.4487334625829638
Smart_Manufacturing/H,short,chronos_bolt_512,,,,,,,0.00011650286614894867,,,0,2380,,{},,0,0,0,40650,0.0,0,0,0,,0,,0.0,79.38003313924878,6299.264566222453,79.36790639939076,0,2380,2380,2380,5.758412215721542,19.080746872890078,4.368151425132842,0,2380,2380,2380,7.110522589856814,28.820501638384755,5.368472933561717,0,2380,2380,2380,0.3428115031770359,8.225213213045494,2.867963251690212,0,2380,2380,2380,0.2266867588341243,0.010603670722779674,0.10297412647252549,0,2380,2380,2380,0.7172990280333037,0.01659814235975928,0.1288337780233091,0,2380,2380,2380,0.21857724067103693,0.009396213956368206,0.09693407015269814,0,2380,2380,2380,0.21857724067103693,0.009396213956368206,0.09693407015269814,0,2380,2380,2380,0.9987212256449988,0.03817606606400739,0.7182174661102795,0.1289987383016768,0.016640674483424496,0.4347787520047306
Smart_Manufacturing/H,short,chronos_bolt_max,,,,,,,0.00011121295392513275,,,0,2380,,{},,0,0,0,40650,0.0,0,0,0,,0,,0.0,79.16818257820654,6267.9565801928675,79.17042743469854,0,2380,2380,2380,5.750882070918236,19.016741625972116,4.360818916897618,0,2380,2380,2380,7.1012860423411235,28.739919123057685,5.360962518341057,0,2380,2380,2380,0.3446202838440897,7.910416185780235,2.8125462104257477,0,2380,2380,2380,0.22637648291803392,0.01062929270429631,0.1030984612120681,0,2380,2380,2380,0.7166630909129093,0.01654023218978313,0.12860883402699494,0,2380,2380,2380,0.2185725117186283,0.009531672880856922,0.09763028669863119,0,2380,2380,2380,0.2185725117186283,0.009531672880856922,0.09763028669863119,0,2380,2380,2380,0.9987212256449988,0.03817606606400739,0.7175807147285476,0.12877350628443507,0.016582615920787434,0.4332618285511967
Smart_Manufacturing/H,short,chronos2_max,,,,,,,0.0001132916659116745,,,0,2380,,{},,0,0,0,40650,0.0,0,0,0,,0,,0.0,78.3464107989871,6128.697144975971,78.28599584201488,0,2380,2380,2380,5.716382623703037,18.806780683170718,4.336678531223028,0,2380,2380,2380,7.063471888558929,28.453775678524842,5.334208064795077,0,2380,2380,2380,0.33214663533085154,7.5113520835465755,2.7406846012532298,0,2380,2380,2380,0.22534417387254424,0.010410737921024779,0.10203302367873246,0,2380,2380,2380,0.7117642401650695,0.016413019810773054,0.12811330848422053,0,2380,2380,2380,0.21652547038715697,0.009025231045782324,0.09500121602265059,0,2380,2380,2380,0.21652547038715697,0.009025231045782324,0.09500121602265059,0,2380,2380,2380,0.9987212256449988,0.03817606606400739,0.7126755914348316,0.12827734626495177,0.016455077564778337,0.42992957376106755
Smart_Manufacturing/H,short,tsrag,all,False,False,t5,168,chronos_bolt_max,103.57895611599088,,,2380,2380,test,"{""nonfinite_prediction"": 2380}",,353.59471475705504,0,152320,40650,0.0,2380,23800,819,3.4411764705882355,12557.69506093469,0.5276342462577601,1.0,79.16818257820654,6267.9565801928675,79.17042743469854,0,2380,2380,2380,5.750882070918236,19.016741625972116,4.360818916897618,0,2380,2380,2380,7.1012860423411235,28.739919123057685,5.360962518341057,0,2380,2380,2380,0.3446202838440897,7.910416185780235,2.8125462104257477,0,2380,2380,2380,0.22637648291803392,0.01062929270429631,0.1030984612120681,0,2380,2380,2380,0.7166630909129093,0.01654023218978313,0.12860883402699494,0,2380,2380,2380,0.2185725117186283,0.009531672880856922,0.09763028669863119,0,2380,2380,2380,0.2185725117186283,0.009531672880856922,0.09763028669863119,0,2380,2380,2380,0.9987212256449988,0.03817606606400739,0.7175807147285476,0.12877350628443507,0.016582615920787434,0.4332618285511967
Smart_Manufacturing/H,short,bayes_mixture,,,,,,chronos_bolt_max,103.57932895235717,0.3702928870292887,476,0,2380,,{},,0,0,0,40650,0.0,2380,23800,819,3.4411764705882355,12557.69506093469,0.5276342462577601,0.0,78.37471176437968,6134.979434348417,78.32610953155032,0,2380,2380,2380,5.718959818235556,18.815767846474014,4.337714587945364,0,2380,2380,2380,7.065137217554974,28.45854786149925,5.33465536482904,0,2380,2380,2380,0.3363266083661215,7.657849878445555,2.7672820381098773,0,2380,2380,2380,0.22531436143486097,0.01045552696738492,0.10225227120893168,0,2380,2380,2380,0.7121775365201127,0.016393813705167418,0.12803832904707643,0,2380,2380,2380,0.21683414141539026,0.009167044935804673,0.09574468620140061,0,2380,2380,2380,0.21683414141539026,0.009167044935804673,0.09574468620140061,0,2380,2380,2380,0.9987212256449988,0.03817606606400739,0.7130894169793687,0.12820227082325814,0.016435822244240027,0.4294264809182001
Smart_Manufacturing/H,medium,chronos_t5_512,,,,,,,3.425218164920807e-05,,,0,340,,{},,0,0,0,40650,0.0,0,0,0,,0,,0.0,80.72047685057844,5360.912060471006,73.21824950428005,0,340,340,340,5.824687079246552,18.018517546614785,4.2448224399396,0,340,340,340,7.26148380607793,27.99132978464641,5.2906833003541625,0,340,340,340,0.34661356920001574,1.261132696342472,1.1230016457434389,0,340,340,340,0.22944760444665774,0.00873670224222613,0.09347032813800393,0,340,340,340,0.7263793196533553,0.0031895084080208343,0.05647573291264872,0,340,340,340,0.21987309395137467,0.007397534494995393,0.08600892101983022,0,340,340,340,0.21987309395137467,0.007397534494995393,0.08600892101983022,0,340,340,340,1.0059162251273246,0.01326920601468509,0.7221071710632895,0.0561435748841811,0.003152101000775651,0.24036919801312837
Smart_Manufacturing/H,medium,chronos_bolt_512,,,,,,,3.503262996673584e-05,,,0,340,,{},,0,0,0,40650,0.0,0,0,0,,0,,0.0,79.02720489779423,5170.489952783731,71.90611902184494,0,340,340,340,5.7465081576987815,17.639932201119727,4.199991928696974,0,340,340,340,7.179066628261294,27.48820724477925,5.24291972518932,0,340,340,340,0.34821317451300604,1.4286191994013937,1.1952485931392656,0,340,340,340,0.22629853872559924,0.008466129064521623,0.09201157027527367,0,340,340,340,0.7154579136076449,0.002871281299694741,0.05358433819405388,0,340,340,340,0.2166978881491555,0.007133672811498079,0.08446107275839018,0,340,340,340,0.2166978881491555,0.007133672811498079,0.08446107275839018,0,340,340,340,1.0059162251273246,0.01326920601468509,0.7112499984947407,0.05326918569910869,0.0028376061450461256,0.21638682047117824
Smart_Manufacturing/H,medium,chronos_bolt_max,,,,,,,3.3659860491752625e-05,,,0,340,,{},,0,0,0,40650,0.0,0,0,0,,0,,0.0,78.6815067265074,5128.079807598192,71.61061239507865,0,340,340,340,5.734622309191529,17.56207758342208,4.190713254736249,0,340,340,340,7.163304686547104,27.368572694199674,5.231498130956339,0,340,340,340,0.3461434936241701,1.373978228084479,1.1721681739769592,0,340,340,340,0.2258872800289629,0.008442276351530671,0.09188186084059612,0,340,340,340,0.7140192438721245,0.002890679181617398,0.05376503679546214,0,340,340,340,0.21624715630234798,0.007108767377766927,0.08431350649668727,0,340,340,340,0.21624715630234798,0.007108767377766927,0.08431350649668727,0,340,340,340,1.0059162251273246,0.01326920601468509,0.7098197901935094,0.053448821534474,0.002856776523424051,0.21784869256067546
Smart_Manufacturing/H,medium,chronos2_max,,,,,,,2.9809772968292236e-05,,,0,340,,{},,0,0,0,40650,0.0,0,0,0,,0,,0.0,78.42242081662904,5099.403595101849,71.41010849383895,0,340,340,340,5.7197292807390525,17.488479695038066,4.1819229661769315,0,340,340,340,7.149743316337708,27.30359132711332,5.225283851343707,0,340,340,340,0.33770011058627997,1.2948117099658556,1.1378979347752836,0,340,340,340,0.22534742997943713,0.008380738361025129,0.09154637273548924,0,340,340,340,0.711469931275102,0.002846809941031616,0.053355505255143224,0,340,340,340,0.21533530347850074,0.006978399472613255,0.08353681507343487,0,340,340,340,0.21533530347850074,0.006978399472613255,0.08353681507343487,0,340,340,340,1.0059162251273246,0.01326920601468509,0.7072854711982076,0.05304169862494236,0.002813421793019212,0.2145425986966393
Smart_Manufacturing/H,medium,tsrag,all,False,False,t5,168,chronos_bolt_max,40.82085507363081,,,340,340,test,"{""nonfinite_prediction"": 340}",,302.59164393506944,0,21760,40650,0.0,340,3400,112,3.2941176470588234,1795.4884161282732,0.5280848282730215,1.0,78.6815067265074,5128.079807598192,71.61061239507865,0,340,340,340,5.734622309191529,17.56207758342208,4.190713254736249,0,340,340,340,7.163304686547104,27.368572694199674,5.231498130956339,0,340,340,340,0.3461434936241701,1.373978228084479,1.1721681739769592,0,340,340,340,0.2258872800289629,0.008442276351530671,0.09188186084059612,0,340,340,340,0.7140192438721245,0.002890679181617398,0.05376503679546214,0,340,340,340,0.21624715630234798,0.007108767377766927,0.08431350649668727,0,340,340,340,0.21624715630234798,0.007108767377766927,0.08431350649668727,0,340,340,340,1.0059162251273246,0.01326920601468509,0.7098197901935094,0.053448821534474,0.002856776523424051,0.21784869256067546
Smart_Manufacturing/H,medium,bayes_mixture,,,,,,chronos_bolt_max,40.821127627044916,0.34285714285714286,68,0,340,,{},,0,0,0,40650,0.0,340,3400,112,3.2941176470588234,1795.4884161282732,0.5280848282730215,0.0,78.37319129778979,5090.4530044378835,71.34741063583095,0,340,340,340,5.719583385998968,17.481221867360887,4.181055114126204,0,340,340,340,7.148056409566879,27.278480863439654,5.222880513992222,0,340,340,340,0.3403625011082909,1.3216639459047934,1.149636440751942,0,340,340,340,0.2253140360399783,0.008383680775801726,0.09156244194975212,0,340,340,340,0.7116062149572092,0.0028455484247117855,0.05334368214429695,0,340,340,340,0.21541257552968027,0.00700330006780668,0.08368572200684343,0,340,340,340,0.21541257552968027,0.00700330006780668,0.08368572200684343,0,340,340,340,1.0059162251273246,0.01326920601468509,0.7074209533374781,0.053029945050886255,0.0028121750721000157,0.21444752772416106
Smart_Manufacturing/H,long,chronos_t5_512,,,,,,,2.687983214855194e-05,,,0,170,,{},,0,0,0,40650,0.0,0,0,0,,0,,0.0,80.4271169860729,5224.971462413882,72.28396407512446,0,170,170,170,5.807652348318372,17.79684072092455,4.218630194852892,0,170,170,170,7.255284764680461,27.78795996946852,5.271428645961977,0,170,170,170,0.3521499928903087,0.7371884042675609,0.8585967646500661,0,170,170,170,0.22861891774973328,0.00843147201625217,0.09182304730432425,0,170,170,170,0.7237455984278817,0.0016372598212237143,0.04046306737289839,0,170,170,170,0.2191324283695481,0.007151734226028297,0.08456792669817735,0,170,170,170,0.2191324283695481,0.007151734226028297,0.08456792669817735,0,170,170,170,1.0022363197581337,0.0120211297863795,0.7221306833128346,0.04037278092522451,0.0016299614396361722,0.13619849800463896
Smart_Manufacturing/H,long,chronos_bolt_512,,,,,,,2.7960166335105896e-05,,,0,170,,{},,0,0,0,40650,0.0,0,0,0,,0,,0.0,79.17439528775692,5093.917393192071,71.3716848140218,0,170,170,170,5.748129029912304,17.52137676794596,4.185854365353142,0,170,170,170,7.193962688159376,27.42129612912764,5.236534744382743,0,170,170,170,0.3521184772994581,0.7758781218090415,0.8808394415607429,0,170,170,170,0.2262319767975584,0.00828008224212609,0.09099495723459673,0,170,170,170,0.715238138678113,0.0016101458313180538,0.040126622475833346,0,170,170,170,0.21663060725818284,0.006973404303626523,0.08350691171170517,0,170,170,170,0.21663060725818284,0.006973404303626523,0.08350691171170517,0,170,170,170,1.0022363197581337,0.0120211297863795,0.7136422065114534,0.040037086747681395,0.001602968315241365,0.13394297041384778
Smart_Manufacturing/H,long,chronos_bolt_max,,,,,,,2.4098902940750122e-05,,,0,170,,{},,0,0,0,40650,0.0,0,0,0,,0,,0.0,78.74989194797398,5038.92712832615,70.98540081119603,0,170,170,170,5.734937814317262,17.4374766417533,4.175820475278278,0,170,170,170,7.174905967656821,27.270616303256524,5.222127564820351,0,170,170,170,0.34929795166676525,0.7462634950708699,0.8638654380578435,0,170,170,170,0.2258839608283897,0.008274256559662917,0.0909629405838604,0,170,170,170,0.7137246917722527,0.0016086659663426862,0.040108178297483,0,170,170,170,0.2161957902942386,0.006957586918020741,0.08341215090153677,0,170,170,170,0.2161957902942386,0.006957586918020741,0.08341215090153677,0,170,170,170,1.0022363197581337,0.0120211297863795,0.7121321366047616,0.04001868372437568,0.0016014950470316107,0.13381986509831878
Smart_Manufacturing/H,long,chronos2_max,,,,,,,2.3759901523590088e-05,,,0,170,,{},,0,0,0,40650,0.0,0,0,0,,0,,0.0,78.42633813737572,4997.423766304287,70.69245904836164,0,170,170,170,5.719615511166278,17.35244161023746,4.165626196652487,0,170,170,170,7.159090031216882,27.17376806230678,5.212846445302871,0,170,170,170,0.3401990010169228,0.7014630097074455,0.8375338857069876,0,170,170,170,0.22527335844263435,0.008204113249789735,0.0905765601565313,0,170,170,170,0.7110188635266362,0.001574737889173067,0.039682967242547114,0,170,170,170,0.21519545023984266,0.006816109374320561,0.08255973215993716,0,170,170,170,0.21519545023984266,0.006816109374320561,0.08255973215993716,0,170,170,170,1.0022363197581337,0.0120211297863795,0.7094323459543195,0.03959442145553423,0.0015677182103984693,0.13099749500727614
Smart_Manufacturing/H,long,tsrag,all,False,False,t5,168,chronos_bolt_max,6.901037188246846,,,170,170,test,"{""nonfinite_prediction"": 170}",,247.12256718426943,0,10880,40650,0.0,170,1700,55,3.235294117647059,900.7820315946194,0.5298717832909526,1.0,78.74989194797398,5038.92712832615,70.98540081119603,0,170,170,170,5.734937814317262,17.4374766417533,4.175820475278278,0,170,170,170,7.174905967656821,27.270616303256524,5.222127564820351,0,170,170,170,0.34929795166676525,0.7462634950708699,0.8638654380578435,0,170,170,170,0.2258839608283897,0.008274256559662917,0.0909629405838604,0,170,170,170,0.7137246917722527,0.0016086659663426862,0.040108178297483,0,170,170,170,0.2161957902942386,0.006957586918020741,0.08341215090153677,0,170,170,170,0.2161957902942386,0.006957586918020741,0.08341215090153677,0,170,170,170,1.0022363197581337,0.0120211297863795,0.7121321366047616,0.04001868372437568,0.0016014950470316107,0.13381986509831878
Smart_Manufacturing/H,long,bayes_mixture,,,,,,chronos_bolt_max,6.9013198129832745,0.3611111111111111,34,0,170,,{},,0,0,0,40650,0.0,170,1700,55,3.235294117647059,900.7820315946194,0.5298717832909526,0.0,78.41147764540078,4994.706280120907,70.67323595337139,0,170,170,170,5.720028570188262,17.351485948914554,4.165511487070292,0,170,170,170,7.158715739225093,27.164266610371712,5.211935015939062,0,170,170,170,0.3432595109015607,0.7174450295955185,0.8470212686795524,0,170,170,170,0.22528473437330887,0.008210447418892881,0.09061151923951437,0,170,170,170,0.7112932087433073,0.0015770739269642172,0.0397123900938261,0,170,170,170,0.2153278420760385,0.0068456441254819405,0.0827384078012258,0,170,170,170,0.2153278420760385,0.0068456441254819405,0.0827384078012258,0,170,170,170,1.0022363197581337,0.0120211297863795,0.7097060790163354,0.03962377865472862,0.001570043834878927,0.1311918226480772
MetroPT-3/5T,short,chronos_t5_512,,,,,,,2.756156027317047e-05,,,0,210,,{},,0,0,0,8922,0.0,0,0,0,,0,,0.0,4.394285866075634,54.185847483979174,7.361103686539076,0,210,210,216,1.2354081117211322,1.1610504848282373,1.0775205264069159,0,210,210,216,1.648529332495404,1.6766369059778927,1.2948501480781058,0,210,210,216,4.408693584592295,96.2817450887856,9.812326181328544,0,210,210,216,0.3700544769184857,0.17822124688737243,0.4221625834762863,0,210,210,216,0.6918698824985839,0.06045283865338163,0.2458715897646201,0,210,210,216,0.3438242697179036,0.16649505396919625,0.4080380545601063,0,210,210,216,0.3438242697179036,0.16649505396919625,0.4080380545601063,0,210,210,216,0.8726224746907574,0.07601067700804957,0.7928627815181714,0.2817616975218898,0.0793896541904169,0.7953203554150641
MetroPT-3/5T,short,chronos_bolt_512,,,,,,,2.7962028980255127e-05,,,0,210,,{},,0,0,0,8922,0.0,0,0,0,,0,,0.0,3.9457864028861347,44.21512155356006,6.649445206448434,0,210,210,216,1.2196309317589245,1.02652498645385,1.0131756937737155,0,210,210,216,1.5693181419976472,1.483026972083186,1.2177959484590126,0,210,210,216,5.191412656093826,60.70587358255945,7.791397408845184,0,210,210,216,0.49769671785163394,0.44071247454195994,0.6638617887346431,0,210,210,216,0.6638292124726338,0.04548182789817455,0.21326468975940333,0,210,210,216,0.3414268236530661,0.16017514471983849,0.40021887101914433,0,210,210,216,0.3414268236530661,0.16017514471983849,0.40021887101914433,0,210,210,216,0.8726224746907574,0.07601067700804957,0.7607289884527483,0.24439513758224107,0.059728983273842545,0.5983610420067433
MetroPT-3/5T,short,chronos_bolt_max,,,,,,,2.4240463972091675e-05,,,0,210,,{},,0,0,0,8922,0.0,0,0,0,,0,,0.0,3.540192089853819,25.91150959819057,5.0903349200411725,0,210,210,216,1.185860998033829,0.8422265533627553,0.9177290195710035,0,210,210,216,1.519030795217712,1.2327375330340646,1.1102871399030363,0,210,210,216,5.063750615596237,56.59581393105809,7.523018937305561,0,210,210,216,0.49721145888691226,0.4439479643699372,0.6662942025636552,0,210,210,216,0.6495314561459699,0.03972175049148794,0.1993031622716708,0,210,210,216,0.33943625526042964,0.1594210383056675,0.3992756420139695,0,210,210,216,0.33943625526042964,0.1594210383056675,0.3992756420139695,0,210,210,216,0.8726224746907574,0.07601067700804957,0.7443441751556454,0.22839563276467348,0.05216456506597559,0.5225811958928005
MetroPT-3/5T,short,chronos2_max,,,,,,,2.3970380425453186e-05,,,0,210,,{},,0,0,0,8922,0.0,0,0,0,,0,,0.0,3.3005064456425064,23.656141586792252,4.863757969594319,0,210,210,216,1.1011302740419782,0.7566572801720384,0.8698604946610913,0,210,210,216,1.4650707609890228,1.1540741109375514,1.074278414070371,0,210,210,216,3.2996962155070384,31.68620535296967,5.629050128837872,0,210,210,216,0.49052157721690626,0.4369276935154061,0.6610050631541381,0,210,210,216,0.6109562818310018,0.03872678114965827,0.1967912120742648,0,210,210,216,0.3141830516708962,0.13586300591618325,0.3685959928108053,0,210,210,216,0.3141830516708962,0.13586300591618325,0.3685959928108053,0,210,210,216,0.8726224746907574,0.07601067700804957,0.7001381462785661,0.22551701082877137,0.050857922173144186,0.509491332981511
MetroPT-3/5T,short,tsrag,all,False,False,t5,288,chronos_bolt_max,6.81771675683558,,,174,210,test,"{""nonfinite_prediction"": 174}",,193.08063221536577,0,11520,8922,0.0,216,2160,2160,100.0,940.0662328273639,0.435215848531187,0.8285714285714286,3.537781367973598,25.47308753776155,5.047087034890676,0,210,210,216,1.1854335071411088,0.836873776443545,0.914808054426471,0,210,210,216,1.5199065287626843,1.2276655117981652,1.1080006822191786,0,210,210,216,5.061279255089226,56.58762371710211,7.522474574041584,0,210,210,216,0.4972822629296139,0.4441013794452289,0.6664093182460978,0,210,210,216,0.648947554900921,0.03979623997270566,0.19948994955311825,0,210,210,216,0.3394396562259287,0.1595494753768683,0.3994364472314317,0,210,210,216,0.3394396562259287,0.1595494753768683,0.3994364472314317,0,210,210,216,0.8726224746907574,0.07601067700804957,0.7436750412953747,0.22860968556169048,0.05226238833261499,0.5235611829702717
MetroPT-3/5T,short,bayes_mixture,,,,,,chronos_bolt_max,6.817814318463206,0.48484848484848486,31,0,210,,{},,0,0,0,8922,0.0,216,2160,2160,100.0,940.0662328273639,0.435215848531187,0.0,3.3135856687611445,23.572566137518393,4.855158713937001,0,210,210,216,1.126927683369772,0.7705573903623443,0.8778139839182013,0,210,210,216,1.4691706075105653,1.1551233947881823,1.0747666699280278,0,210,210,216,4.1283719473551095,40.664774117519066,6.3768937671502,0,210,210,216,0.4966599937176154,0.45264552902461497,0.6727893645299508,0,210,210,216,0.6196242793467972,0.03926002531369142,0.19814142755539896,0,210,210,216,0.32323457932862093,0.14537649947801795,0.3812827028308758,0,210,210,216,0.32323457932862093,0.14537649947801795,0.3812827028308758,0,210,210,216,0.8726224746907574,0.07601067700804957,0.7100714195636338,0.22706431853662368,0.05155820475250131,0.5165067179908653
MetroPT-3/5T,medium,chronos_t5_512,,,,,,,2.0051375031471252e-05,,,0,36,,{},,0,0,0,8922,0.0,0,0,0,,0,,0.0,5.638649929666879,84.85002350618464,9.211407248959555,0,36,36,36,1.3951903255351614,1.6615656755756794,1.2890173294318736,0,36,36,36,1.8107182511482725,2.3599493446254214,1.536212662565122,0,36,36,36,2.3093886060495845,17.03773468143868,4.1276790913827925,0,36,36,36,0.4275096053931693,0.2484832816356457,0.49848097419625326,0,36,36,36,0.7492768836284776,0.0326890622539561,0.18080116773393942,0,36,36,36,0.3409995393081412,0.13941859175886231,0.37338799091409236,0,36,36,36,0.3409995393081412,0.13941859175886231,0.37338799091409236,0,36,36,36,0.8535683382965379,0.019695959012921885,0.8778171002966274,0.2118180345053138,0.0448668797416943,1.659683706313049
MetroPT-3/5T,medium,chronos_bolt_512,,,,,,,2.0992010831832886e-05,,,0,36,,{},,0,0,0,8922,0.0,0,0,0,,0,,0.0,4.288166062992326,38.07994724973099,6.170895174100026,0,36,36,36,1.2590446392691608,1.0428673847352206,1.0212087860644465,0,36,36,36,1.6338882660088647,1.618575197190872,1.272232367608556,0,36,36,36,5.69065761463472,68.9864364142446,8.305807390870836,0,36,36,36,0.49343701652548394,0.4179884755817621,0.6465202824210251,0,36,36,36,0.7075038222546929,0.014501848962812976,0.12042362294339502,0,36,36,36,0.3429636472616082,0.152030997271262,0.38991152492746606,0,36,36,36,0.3429636472616082,0.152030997271262,0.38991152492746606,0,36,36,36,0.8535683382965379,0.019695959012921885,0.828877771716152,0.1410825794964746,0.01990429423737907,0.7362854965985043
MetroPT-3/5T,medium,chronos_bolt_max,,,,,,,1.6920268535614014e-05,,,0,36,,{},,0,0,0,8922,0.0,0,0,0,,0,,0.0,3.423898725042783,13.05197692277835,3.6127519874436924,0,36,36,36,1.2080724746761125,0.7172625016293678,0.8469135148463317,0,36,36,36,1.517842965234999,1.1200514579294087,1.0583248357330601,0,36,36,36,7.13205825213781,118.55792384880199,10.88843073398559,0,36,36,36,0.48168587884907205,0.3924950822644344,0.6264942795145335,0,36,36,36,0.6855807975211551,0.013169564585681866,0.11475872335331143,0,36,36,36,0.3474081652231436,0.16131153600113518,0.4016360740784313,0,36,36,36,0.3474081652231436,0.16131153600113518,0.4016360740784313,0,36,36,36,0.8535683382965379,0.019695959012921885,0.8031938003808404,0.13444585302019854,0.018075687394328827,0.6686429727560734
MetroPT-3/5T,medium,chronos2_max,,,,,,,1.6828998923301697e-05,,,0,36,,{},,0,0,0,8922,0.0,0,0,0,,0,,0.0,3.3363270344098197,9.89926932892995,3.146310431112917,0,36,36,36,1.1449867848737227,0.6279458929459756,0.792430371039611,0,36,36,36,1.518166669628953,1.031496997637554,1.0156264065282834,0,36,36,36,3.055784065129954,23.59687955703679,4.8576619434700055,0,36,36,36,0.5167357338855624,0.4877367736238112,0.6983815387192098,0,36,36,36,0.6476133067503567,0.014840901085303901,0.12182323704984982,0,36,36,36,0.32858785959389336,0.14187466593131692,0.37666253587437776,0,36,36,36,0.32858785959389336,0.14187466593131692,0.37666253587437776,0,36,36,36,0.8535683382965379,0.019695959012921885,0.7587128970163014,0.1427223007040911,0.020369655118268996,0.7534997953421442
MetroPT-3/5T,medium,tsrag,all,False,False,t5,288,chronos_bolt_max,2.6542783081531525,,,33,36,test,"{""nonfinite_prediction"": 33}",,189.91407954879105,0,2112,8922,0.0,52,520,520,100.0,266.4752403605546,0.5124523853087588,0.9166666666666666,3.4331088971125587,13.046878980380102,3.612046370186864,0,36,36,36,1.205403442025117,0.716392974511797,0.8464000085726588,0,36,36,36,1.5204811601297845,1.1212459388029423,1.0588890115602023,0,36,36,36,7.131907184468989,118.55960889173376,10.88850811138669,0,36,36,36,0.48134179635948876,0.3926967556670293,0.6266552127502246,0,36,36,36,0.684183876964008,0.013117489501975832,0.11453160918268734,0,36,36,36,0.3470688465003793,0.1614286872980214,0.4017818902066411,0,36,36,36,0.3470688465003793,0.1614286872980214,0.4017818902066411,0,36,36,36,0.8535683382965379,0.019695959012921885,0.8015572348072685,0.13417977687792113,0.018004212523008694,0.6659990251487561
MetroPT-3/5T,medium,bayes_mixture,,,,,,chronos_bolt_max,2.654371166601777,0.625,6,0,36,,{},,0,0,0,8922,0.0,52,520,520,100.0,266.4752403605546,0.5124523853087588,0.0,3.3106183218139495,10.804102982676097,3.286959534687961,0,36,36,36,1.1723721065625403,0.6610164417856325,0.8130291764663999,0,36,36,36,1.5041939001310327,1.0480190326225427,1.023728007149625,0,36,36,36,5.600521913151238,63.5943061108265,7.974603821559194,0,36,36,36,0.4907828151966739,0.41936683930496627,0.6475853915160272,0,36,36,36,0.6657764646901808,0.013394074427484571,0.11573277162275417,0,36,36,36,0.33871495504186544,0.15298034019567514,0.391127012868806,0,36,36,36,0.33871495504186544,0.15298034019567514,0.391127012868806,0,36,36,36,0.8535683382965379,0.019695959012921885,0.7799919875412291,0.13558700156770281,0.018383834994120243,0.6800417496145859
MetroPT-3/5T,long,chronos_t5_512,,,,,,,2.0012259483337402e-05,,,0,18,,{},,0,0,0,8922,0.0,0,0,0,,0,,0.0,4.322568692027171,24.98611381934222,4.998611189054638,0,18,18,18,1.2782921696905887,0.9924704176011436,0.9962280951675393,0,18,18,18,1.6781532952956866,1.5063702095153995,1.2273427432935755,0,18,18,18,2.283974973118391,16.437151061180472,4.054275651849597,0,18,18,18,0.43984311612057425,0.25771245844786983,0.5076538766205473,0,18,18,18,0.7534907115442111,0.004114741252593288,0.06414624893626507,0,18,18,18,0.34147998487358877,0.13794393051093848,0.37140803775758335,0,18,18,18,0.34147998487358877,0.13794393051093848,0.37140803775758335,0,18,18,18,0.8686901704875118,0.022228105801810265,0.8673871734053922,0.07384249426958057,0.005452713959953041,0.18511434529244422
MetroPT-3/5T,long,chronos_bolt_512,,,,,,,1.8481165170669556e-05,,,0,18,,{},,0,0,0,8922,0.0,0,0,0,,0,,0.0,3.6615775762131864,14.703739477148153,3.834545537237516,0,18,18,18,1.200279752230188,0.7321377302231037,0.8556504719937363,0,18,18,18,1.567266202196408,1.2052542276660347,1.0978407114267692,0,18,18,18,4.80631866215464,43.55790827995515,6.599841534457865,0,18,18,18,0.5026182366753362,0.43710638037442373,0.6611402123410917,0,18,18,18,0.6997858861619038,0.005472038087657231,0.07397322547825821,0,18,18,18,0.3414863877960081,0.1488579717953794,0.38582116556168794,0,18,18,18,0.3414863877960081,0.1488579717953794,0.38582116556168794,0,18,18,18,0.8686901704875118,0.022228105801810265,0.8055644117271198,0.08515490101234159,0.007251357166421696,0.2461765359786791
MetroPT-3/5T,long,chronos_bolt_max,,,,,,,1.442059874534607e-05,,,0,18,,{},,0,0,0,8922,0.0,0,0,0,,0,,0.0,3.3338742051752135,11.362706439925551,3.3708613795179345,0,18,18,18,1.2067396623770494,0.6853749097108716,0.8278737281197366,0,18,18,18,1.5065311327760618,1.064238151151689,1.031619189018743,0,18,18,18,6.7194625063243265,90.76131245842954,9.526873173210062,0,18,18,18,0.4851855403491203,0.3942388859750177,0.6278844527259914,0,18,18,18,0.694838569336889,0.01300933238411446,0.11405846037937939,0,18,18,18,0.34845177652946724,0.15821060454862856,0.3977569666877358,0,18,18,18,0.34845177652946724,0.15821060454862856,0.3977569666877358,0,18,18,18,0.8686901704875118,0.022228105801810265,0.7998692663311054,0.1312993564959638,0.017239521016254193,0.5852650018903084
MetroPT-3/5T,long,chronos2_max,,,,,,,1.3850629329681396e-05,,,0,18,,{},,0,0,0,8922,0.0,0,0,0,,0,,0.0,3.4135657999661815,10.266761465560482,3.204178750563158,0,18,18,18,1.1577300602955458,0.6509947505665585,0.8068424570921876,0,18,18,18,1.533626541879421,1.0615554300091499,1.0303181207807373,0,18,18,18,3.0808543930298424,25.32966165654882,5.032858199527264,0,18,18,18,0.5202096565528749,0.49116567991763993,0.7008321339077139,0,18,18,18,0.6642965154752547,0.010570457805694907,0.10281273172956211,0,18,18,18,0.33143011702657543,0.14200427107883296,0.3768345407189115,0,18,18,18,0.33143011702657543,0.14200427107883296,0.3768345407189115,0,18,18,18,0.8686901704875118,0.022228105801810265,0.7647105240093246,0.11835374132513006,0.014007608085655798,0.47554469552839923
MetroPT-3/5T,long,tsrag,all,False,False,t5,288,chronos_bolt_max,1.8174024038016796,,,18,18,test,"{""nonfinite_prediction"": 18}",,186.56173055619,0,1152,8922,0.0,25,250,250,100.0,121.06199798019706,0.48424799192078827,1.0,3.3338742051752135,11.362706439925551,3.3708613795179345,0,18,18,18,1.2067396623770494,0.6853749097108716,0.8278737281197366,0,18,18,18,1.5065311327760618,1.064238151151689,1.031619189018743,0,18,18,18,6.7194625063243265,90.76131245842954,9.526873173210062,0,18,18,18,0.4851855403491203,0.3942388859750177,0.6278844527259914,0,18,18,18,0.694838569336889,0.01300933238411446,0.11405846037937939,0,18,18,18,0.34845177652946724,0.15821060454862856,0.3977569666877358,0,18,18,18,0.34845177652946724,0.15821060454862856,0.3977569666877358,0,18,18,18,0.8686901704875118,0.022228105801810265,0.7998692663311054,0.1312993564959638,0.017239521016254193,0.5852650018903084
MetroPT-3/5T,long,bayes_mixture,,,,,,chronos_bolt_max,1.8174880351871252,0.4,3,0,18,,{},,0,0,0,8922,0.0,25,250,250,100.0,121.06199798019706,0.48424799192078827,0.0,3.3226483371790376,10.320822565921379,3.2126037050843013,0,18,18,18,1.1696567591773956,0.6548883651559416,0.8092517316360476,0,18,18,18,1.510147958667406,1.0421014801117037,1.0208337181498777,0,18,18,18,4.53411858246026,38.54802040714315,6.208705211808912,0,18,18,18,0.5022696991692279,0.4431435271866687,0.6656902637012717,0,18,18,18,0.6719522546345984,0.011585691608392987,0.10763685060606794,0,18,18,18,0.337083341134862,0.14811633235174268,0.3848588473086499,0,18,18,18,0.337083341134862,0.14811633235174268,0.3848588473086499,0,18,18,18,0.8686901704875118,0.022228105801810265,0.7735234925675475,0.12390706636597693,0.015352961095422609,0.5212181241034692
