dataset,term,method,retrieval_scope,aligned_datastore,neighbor_query_scale,retrieval_representation,alignment_period,fallback_method,inference_seconds,tsrag_weight,validation_dates,fallback_count,fallback_grid_rows,task_error,datastore_preprocessing_seconds,fallback_rate,MSE_mean,MSE_variance,MSE_std,MSE_dispersion_ddof,MSE_finite_values,MSE_evaluation_values,MSE_total_values,MAE_mean,MAE_variance,MAE_std,MAE_dispersion_ddof,MAE_finite_values,MAE_evaluation_values,MAE_total_values,RMSE_mean,RMSE_variance,RMSE_std,RMSE_dispersion_ddof,RMSE_finite_values,RMSE_evaluation_values,RMSE_total_values,MAPE_mean,MAPE_variance,MAPE_std,MAPE_dispersion_ddof,MAPE_finite_values,MAPE_evaluation_values,MAPE_total_values,sMAPE_mean,sMAPE_variance,sMAPE_std,sMAPE_dispersion_ddof,sMAPE_finite_values,sMAPE_evaluation_values,sMAPE_total_values,MASE_mean,MASE_variance,MASE_std,MASE_dispersion_ddof,MASE_finite_values,MASE_evaluation_values,MASE_total_values,ND_mean,ND_variance,ND_std,ND_dispersion_ddof,ND_finite_values,ND_evaluation_values,ND_total_values,CRPS_mean,CRPS_variance,CRPS_std,CRPS_dispersion_ddof,CRPS_finite_values,CRPS_evaluation_values,CRPS_total_values,seasonal_MASE_mean,seasonal_MASE_variance,scaled_MASE_mean,scaled_MASE_std,scaled_MASE_variance,MASE_variance_ratio_to_seasonal
Water_Quality_Darwin/15T,short,chronos_t5_512,,,,,,,129.46195519063622,,,0,3780,,0,0.0,2.8079023616977,317.19635428564436,17.81000713884316,0,3780,3780,3780,0.547222418077096,1.7241834424158586,1.313081658700577,0,3780,3780,3780,0.6476384971443824,2.388466738714266,1.5454665116767383,0,3780,3780,3780,0.06694743922991968,0.020789606607063308,0.14418601390933625,0,3780,3780,3780,0.06405343650593572,0.013845896671077128,0.1176685882938906,0,3780,3780,3780,1.1481931317106775,1.6274345074836238,1.275709413418128,0,3780,3780,3780,0.06473722315814621,0.01484246540243702,0.12182965731888529,0,3780,3780,3780,0.06473722315814621,0.01484246540243702,0.12182965731888529,0,3780,3780,3780,1.0871610587899843,1.3381496638898256,1.0561389431926693,1.1734318508777337,1.3769423086543437,1.216182727089648
Water_Quality_Darwin/15T,short,chronos_bolt_512,,,,,,,2.1280566537752748,,,0,3780,,0,0.0,2.5073397610073216,271.7186856381344,16.483891701844392,0,3780,3780,3780,0.49300007026894366,1.6020231906624618,1.2657105477408577,0,3780,3780,3780,0.5843026541808606,2.165930169324523,1.4717099474164477,0,3780,3780,3780,0.0643110514082844,0.01762008789572495,0.13274067912936466,0,3780,3780,3780,0.06117972725278221,0.01258234845467838,0.11217106781464808,0,3780,3780,3780,0.6782083144130507,0.7285876020622861,0.8535734309725708,0,3780,3780,3780,0.06204521135046548,0.013700645631486074,0.11704975707572432,0,3780,3780,3780,0.06204521135046548,0.013700645631486074,0.11704975707572432,0,3780,3780,3780,1.0871610587899843,1.3381496638898256,0.6238342598178599,0.7851398135273556,0.6164445267857709,0.5444739267387906
Water_Quality_Darwin/15T,short,chronos_bolt_max,,,,,,,4.093714716844261,,,0,3780,,0,0.0,2.48605301458497,296.6890804620419,17.224664886784936,0,3780,3780,3780,0.4787444428658472,1.6018863683608715,1.2656564969852095,0,3780,3780,3780,0.5675718864313799,2.1639151683176947,1.4710252099531451,0,3780,3780,3780,0.060436745134990456,0.015061945729579918,0.1227271189655323,0,3780,3780,3780,0.05742912408968257,0.010724405364757519,0.10355870492024086,0,3780,3780,3780,0.6716427228108365,0.713415739303938,0.8446394137760432,0,3780,3780,3780,0.05833080143492809,0.011970199691223897,0.10940840777208988,0,3780,3780,3780,0.05833080143492809,0.011970199691223897,0.10940840777208988,0,3780,3780,3780,1.0871610587899843,1.3381496638898256,0.6177950519662452,0.7769220640740491,0.6036078936450808,0.5331359851260075
Water_Quality_Darwin/15T,short,chronos2_max,,,,,,,16.82729710545391,,,0,3780,,0,0.0,2.043003773381203,248.19314565155312,15.754146935062943,0,3780,3780,3780,0.4198844377046988,1.3050120342954117,1.1423712331354514,0,3780,3780,3780,0.5028248445375615,1.79017094909698,1.3379727011777856,0,3780,3780,3780,0.0526729952346271,0.013987619557392974,0.11826926717196219,0,3780,3780,3780,0.0497206666135044,0.008401816979903751,0.09166142580117195,0,3780,3780,3780,0.6095422683374909,0.5754183740405062,0.7585633619154739,0,3780,3780,3780,0.050587885442001594,0.00972431935534646,0.09861196355081091,0,3780,3780,3780,0.050587885442001594,0.00972431935534646,0.09861196355081091,0,3780,3780,3780,1.0871610587899843,1.3381496638898256,0.560673382668723,0.6977469950586335,0.4868508691133527,0.4300104760836994
Water_Quality_Darwin/15T,short,tsrag,all,False,False,t5,96,chronos_bolt_max,190.30025676824152,,,1,3780,,1104.7737361108884,0.00026455026455026457,2.4780147504459373,281.9088092856309,16.790140240201417,0,3780,3780,3780,0.4865040384064713,1.578954505753079,1.2565645648963204,0,3780,3780,3780,0.5778323789120398,2.14412449232679,1.464282927690817,0,3780,3780,3780,0.06357382489580281,0.017272913570354365,0.13142645688884094,0,3780,3780,3780,0.06081683331095952,0.012442539290352599,0.11154613077266552,0,3780,3780,3780,0.6741238347231732,0.7161797726118566,0.8462740529000382,0,3780,3780,3780,0.06146756161164247,0.01335016657645087,0.1155429209274669,0,3780,3780,3780,0.06146756161164247,0.01335016657645087,0.1155429209274669,0,3780,3780,3780,1.0871610587899843,1.3381496638898256,0.6200772454759154,0.7784256491323792,0.6059464912271659,0.535201548778943
Water_Quality_Darwin/15T,short,bayes_mixture,,,,,,chronos_bolt_max,207.1297252709046,0.34651898734177217,630,0,3780,,0,0.0,2.0621560218542454,245.0571905230283,15.654302620143394,0,3780,3780,3780,0.4244740821130333,1.320997183441795,1.1493464157693254,0,3780,3780,3780,0.5070614380412012,1.805044719905834,1.3435195271769718,0,3780,3780,3780,0.0538200710787494,0.01388252275616387,0.11782411788833333,0,3780,3780,3780,0.050998447019856286,0.00878439302510051,0.0937250928252435,0,3780,3780,3780,0.6037295970504433,0.5853321811389999,0.7650700498248509,0,3780,3780,3780,0.051762083375593106,0.0098787696534808,0.09939199994708225,0,3780,3780,3780,0.051762083375593106,0.0098787696534808,0.09939199994708225,0,3780,3780,3780,1.0871610587899843,1.3381496638898256,0.5553267311858993,0.7037320217083362,0.4952387583777021,0.43741906973059796
Water_Quality_Darwin/15T,medium,chronos_t5_512,,,,,,,99.05109934974462,,,0,630,,0,0.0,5.145699318329644,529.965528722139,23.020980185955136,0,630,630,630,0.8142818647652037,2.6831027690354494,1.6380179391677765,0,630,630,630,1.0134878188511252,4.118541759370034,2.0294190694309626,0,630,630,630,0.10244045072998116,0.03417698377818342,0.18487018087886273,0,630,630,630,0.09204986973980606,0.021107644916671105,0.1452847029685889,0,630,630,630,1.5398673012049557,1.6238407212986514,1.2743000907551767,0,630,630,630,0.09293766317925176,0.022299025581813788,0.14932858260163653,0,630,630,630,0.09293766317925176,0.022299025581813788,0.14932858260163653,0,630,630,630,1.0892248555624096,0.8662032158339698,1.4137276553516231,1.1699146271292216,1.3687002347709056,1.8746648495587004
Water_Quality_Darwin/15T,medium,chronos_bolt_512,,,,,,,1.683012438006699,,,0,630,,0,0.0,3.930160375651062,267.9133012888823,16.368057346211927,0,630,630,630,0.6895426640509515,2.034328617254523,1.4262989228259702,0,630,630,630,0.8687784313763515,3.175384412826308,1.781960833695934,0,630,630,630,0.09694527412723015,0.03434178601351364,0.18531536906990106,0,630,630,630,0.08432904021026807,0.018625455715522696,0.13647511024184114,0,630,630,630,1.0083167476912387,0.7978265094500515,0.8932113464628915,0,630,630,630,0.08716620579514942,0.022744748752507947,0.15081362256940833,0,630,630,630,0.08716620579514942,0.022744748752507947,0.15081362256940833,0,630,630,630,1.0892248555624096,0.8662032158339698,0.925719554178375,0.8200431177286084,0.6724707149340562,0.9210615879345518
Water_Quality_Darwin/15T,medium,chronos_bolt_max,,,,,,,6.050435446202755,,,0,630,,0,0.0,3.7326111402683675,297.8910729403874,17.25952122569996,0,630,630,630,0.6411112742956167,1.9052870777954456,1.380321367579103,0,630,630,630,0.8156034324246739,3.067402181285458,1.7514000631738764,0,630,630,630,0.082025363370173,0.02157639464376244,0.14688905556154427,0,630,630,630,0.07488747820274688,0.014293957705983426,0.11955734066122174,0,630,630,630,0.9366178700006613,0.7119858910042999,0.8437925639659903,0,630,630,630,0.07504074476218647,0.015047329487757855,0.12266755678563854,0,630,630,630,0.07504074476218647,0.015047329487757855,0.12266755678563854,0,630,630,630,1.0892248555624096,0.8662032158339698,0.8598939559794095,0.774672520239457,0.6001175136141519,0.8219617267511627
Water_Quality_Darwin/15T,medium,chronos2_max,,,,,,,2.8383708503097296,,,0,630,,0,0.0,3.356499681911157,334.4480779338773,18.28792164063148,0,630,630,630,0.5678276312331102,1.7157718920839313,1.3098747619844926,0,630,630,630,0.7336453662458945,2.8182641584970844,1.678768643529264,0,630,630,630,0.06854437002225369,0.014745502785797615,0.12143106186556064,0,630,630,630,0.0642191683415395,0.010646739222229109,0.10318303747336142,0,630,630,630,0.8815112751312864,0.7740750744312059,0.8798153638299379,0,630,630,630,0.0632396525647071,0.010309859456907336,0.10153747809014825,0,630,630,630,0.0632396525647071,0.010309859456907336,0.10153747809014825,0,630,630,630,1.0892248555624096,0.8662032158339698,0.8093014684980977,0.8077444793303533,0.6524511438886637,0.893641423030202
Water_Quality_Darwin/15T,medium,tsrag,all,False,False,t5,96,chronos_bolt_max,76.55274535529315,,,0,630,,1076.848914260976,0.0,3.9360781609575994,285.0879859277188,16.884548733315878,0,630,630,630,0.6889999104137601,1.9588940836677033,1.399604974150815,0,630,630,630,0.8742801565774996,3.1717123687724222,1.780930197613714,0,630,630,630,0.09457224121423527,0.031240263671851565,0.17674915465668165,0,630,630,630,0.08359933737003078,0.01800221499540985,0.13417233319656421,0,630,630,630,1.0102624741556847,0.7742837805924354,0.8799339637679838,0,630,630,630,0.0855917573913697,0.020895366871727414,0.14455229805066197,0,630,630,630,0.0855917573913697,0.020895366871727414,0.14455229805066197,0,630,630,630,1.0892248555624096,0.8662032158339698,0.927505894670432,0.8078533640454242,0.6526270577995086,0.8938823666764669
Water_Quality_Darwin/15T,medium,bayes_mixture,,,,,,chronos_bolt_max,79.39148169197142,0.16822429906542055,105,0,630,,0,0.0,3.285521096385626,306.6153288208196,17.510434855274713,0,630,630,630,0.567969708197992,1.661545822730284,1.289009628641417,0,630,630,630,0.7333507187215215,2.7477178197362537,1.6576241491171193,0,630,630,630,0.06961116129948412,0.015368108189423638,0.12396817409893411,0,630,630,630,0.06453014386594444,0.01065616743891874,0.1032287142171147,0,630,630,630,0.8757795644956876,0.7424178336652407,0.861636717918428,0,630,630,630,0.06382723560169451,0.010509991392548776,0.1025182490708302,0,630,630,630,0.06382723560169451,0.010509991392548776,0.1025182490708302,0,630,630,630,1.0892248555624096,0.8662032158339698,0.8040392762093996,0.7910549539135618,0.6257679401111875,0.8570942939186044
Water_Quality_Darwin/15T,long,chronos_t5_512,,,,,,,97.22245355509222,,,0,210,,0,0.0,12.26495031966626,5046.800641698896,71.0408378448544,0,210,210,210,1.189689779488349,7.037503432934039,2.652829326009127,0,210,210,210,1.4679900080699955,10.109955655872916,3.179615645934728,0,210,210,210,0.15705615636779402,0.09785053868405108,0.31281070743190853,0,210,210,210,0.13070584722999354,0.04408520126375508,0.2099647619572272,0,210,210,210,2.0770804218489114,2.820464918999572,1.6794239842873424,0,210,210,210,0.1351746687168509,0.05823473440876633,0.24131874027676825,0,210,210,210,0.1351746687168509,0.05823473440876633,0.24131874027676825,0,210,210,210,1.591229713377238,1.5257973604856987,1.3053303394143516,1.0554252287829142,1.113922413551467,1.8485186775403444
Water_Quality_Darwin/15T,long,chronos_bolt_512,,,,,,,1.9003510074689984,,,0,210,,0,0.0,6.747113850500989,793.9351810573243,28.176855414636393,0,210,210,210,0.9634038547507189,3.1146292041646304,1.7648312112393725,0,210,210,210,1.2245193723416057,5.24766615726111,2.290778504626999,0,210,210,210,0.14897444507741756,0.09082768427491945,0.301376316712046,0,210,210,210,0.11877804696669063,0.036937948725021236,0.19219247832582115,0,210,210,210,1.4878693527168032,1.567793998933123,1.2521158089143045,0,210,210,210,0.12597746990268313,0.05181734302090965,0.22763423077584277,0,210,210,210,0.12597746990268313,0.05181734302090965,0.22763423077584277,0,210,210,210,1.591229713377238,1.5257973604856987,0.9350437213486531,0.7868856384392198,0.6191890079818984,1.027524387926622
Water_Quality_Darwin/15T,long,chronos_bolt_max,,,,,,,7.3509704833850265,,,0,210,,0,0.0,8.627233667155702,1972.3585522914132,44.41124353462097,0,210,210,210,0.9885113809355461,4.592968839884914,2.143121284455202,0,210,210,210,1.246140515945102,7.074367481675776,2.6597683135333003,0,210,210,210,0.13233976789590426,0.07462887271284376,0.273182855817937,0,210,210,210,0.10980295500136371,0.03213644851840946,0.17926641770953494,0,210,210,210,1.4995830492022377,1.63422301421295,1.278367323664427,0,210,210,210,0.11187146308183972,0.03628916385092444,0.19049714919369382,0,210,210,210,0.11187146308183972,0.03628916385092444,0.19049714919369382,0,210,210,210,1.591229713377238,1.5257973604856987,0.942405132706774,0.8033832657330227,0.6454246716598564,1.0710616340906087
Water_Quality_Darwin/15T,long,chronos2_max,,,,,,,1.0830513620749116,,,0,210,,0,0.0,9.03044960252863,2589.3070785243153,50.88523438606052,0,210,210,210,0.9201136129363544,5.037845806751657,2.244514603817863,0,210,210,210,1.170925959910194,7.6593819989370235,2.7675588519373937,0,210,210,210,0.09621794401759269,0.02473367057404737,0.15726942033989752,0,210,210,210,0.09399204069182844,0.02366188325681839,0.15382419594075047,0,210,210,210,1.3525939885798965,1.5195709469838654,1.2327087843379172,0,210,210,210,0.08879184212517381,0.019131236863501256,0.13831571444886967,0,210,210,210,0.08879184212517381,0.019131236863501256,0.13831571444886967,0,210,210,210,1.591229713377238,1.5257973604856987,0.8500306255022984,0.7746893952360949,0.6001436590912664,0.9959192395641245
Water_Quality_Darwin/15T,long,tsrag,all,False,False,t5,96,chronos_bolt_max,70.37285452336073,,,0,210,,1073.1581218903884,0.0,7.384194740259932,1033.7935158083105,32.152659544869856,0,210,210,210,0.9867808535556004,3.561527775126814,1.8872010425831198,0,210,210,210,1.247984502684587,5.826729421319037,2.41386193087323,0,210,210,210,0.14524642024030873,0.08846233150308783,0.2974261782410685,0,210,210,210,0.1181595718019707,0.036441735460203836,0.19089718557433957,0,210,210,210,1.4805994187008122,1.5060963577964785,1.2272311753685523,0,210,210,210,0.12398747707634689,0.0514179751613953,0.2267553200288701,0,210,210,210,0.12398747707634689,0.0514179751613953,0.2267553200288701,0,210,210,210,1.591229713377238,1.5257973604856987,0.9304749692980386,0.7712470204970391,0.5948219666255603,0.9870880608399081
Water_Quality_Darwin/15T,long,bayes_mixture,,,,,,chronos_bolt_max,71.45636395458132,0.21621621621621623,35,0,210,,0,0.0,8.130408516205277,1968.901431910521,44.37230478474745,0,210,210,210,0.8977822009331791,4.356734954839568,2.0872793188357823,0,210,210,210,1.147919555012134,6.81268921142602,2.6101128733114245,0,210,210,210,0.09905330210174301,0.027969730408889892,0.16724153314559723,0,210,210,210,0.09214870299618992,0.021269149992911265,0.14583946651339363,0,210,210,210,1.3334606603431127,1.4230370748996564,1.1929111764501397,0,210,210,210,0.08935771475803908,0.019327359353265273,0.13902287348945594,0,210,210,210,0.08935771475803908,0.019327359353265273,0.13902287348945594,0,210,210,210,1.591229713377238,1.5257973604856987,0.8380063853338722,0.7496787964814307,0.5620182978938464,0.9326514200068277
current_velocity/5T,short,chronos_t5_512,,,,,,,44.172495402395725,,,0,720,,0,0.0,3.9556580502977465,208.11664549961796,14.426248490152176,0,720,720,720,0.6704029962931792,2.418552004876479,1.5551694457120995,0,720,720,720,0.7959847782162962,3.3220662831457,1.8226536377341966,0,720,720,720,0.46161281256800846,0.8256132542999516,0.9086326288990241,0,720,720,720,0.39848351978777585,0.3481081498009716,0.5900069065705685,0,720,720,720,0.7490389352829979,0.7928238143628893,0.8904065444295034,0,720,720,720,0.3251159149606047,0.23220619963395642,0.48187778495585,0,720,720,720,0.3251159149606047,0.23220619963395642,0.48187778495585,0,720,720,720,0.9105016048084428,0.38424047675878115,0.822666243889362,0.9779296815372807,0.9563464620316072,2.0633531923827197
current_velocity/5T,short,chronos_bolt_512,,,,,,,0.41274262964725494,,,0,720,,0,0.0,3.6019505937252525,203.03071099368526,14.248884552612715,0,720,720,720,0.593643808549792,2.278088933971135,1.509333937195853,0,720,720,720,0.7083510316273008,3.100189409717791,1.7607354740896746,0,720,720,720,0.48186714040190437,1.330551484135083,1.1534953333824471,0,720,720,720,0.3566946710172088,0.2652943068440073,0.5150672838028127,0,720,720,720,0.45041877438474687,0.11884866654571526,0.3447443495486405,0,720,720,720,0.3167172498678227,0.2416917166390121,0.4916215176729067,0,720,720,720,0.3167172498678227,0.2416917166390121,0.4916215176729067,0,720,720,720,0.9105016048084428,0.38424047675878115,0.4946930043901558,0.37863123769141527,0.143361614155733,0.30930803425045245
current_velocity/5T,short,chronos_bolt_max,,,,,,,0.7832807833328843,,,0,720,,0,0.0,3.038420630255172,108.13578664275563,10.398835831128196,0,720,720,720,0.5638663843048584,1.8685705206924228,1.3669566637945854,0,720,720,720,0.6738370428042927,2.5843642699999374,1.6075958042990588,0,720,720,720,0.44970037044658634,0.9094160421406331,0.9536330752132254,0,720,720,720,0.3493648926026466,0.2576403487028669,0.5075828491023577,0,720,720,720,0.4309424108512903,0.09657239017524911,0.31076098560670246,0,720,720,720,0.30365889940214447,0.20715066500438217,0.4551380724619532,0,720,720,720,0.30365889940214447,0.20715066500438217,0.4551380724619532,0,720,720,720,0.9105016048084428,0.38424047675878115,0.47330219801419765,0.341307455105565,0.11649077891063724,0.2513332041170546
current_velocity/5T,short,chronos2_max,,,,,,,3.221926120109856,,,0,720,,0,0.0,2.913595656417231,100.55266644759325,10.027595247495446,0,720,720,720,0.5493215452034578,1.8035564923692733,1.3429655588916916,0,720,720,720,0.6554102365166565,2.4840330782864113,1.5760815582597276,0,720,720,720,0.435972193836215,0.7885135607718315,0.8879828606295459,0,720,720,720,0.3435262006753431,0.25390456378277404,0.5038894360698327,0,720,720,720,0.36774959727758433,0.08720171839117236,0.2952993707937292,0,720,720,720,0.2954592726751456,0.19308452940668244,0.43941384753633156,0,720,720,720,0.2954592726751456,0.19308452940668244,0.43941384753633156,0,720,720,720,0.9105016048084428,0.38424047675878115,0.4038978024151356,0.32432602999733995,0.10518737373383545,0.22694568549038088
current_velocity/5T,short,tsrag,all,False,False,t5,288,chronos_bolt_max,22.13518009148538,,,0,720,,274.160841120407,0.0,3.5722950722879876,199.49240658524857,14.124178085299285,0,720,720,720,0.5936559268744408,2.259862483162147,1.5032838997215885,0,720,720,720,0.7077543764862767,3.071378814852509,1.752534968225316,0,720,720,720,0.47245207849193127,1.2250006832777511,1.1067974897323138,0,720,720,720,0.34728523638713427,0.2544100984264604,0.5043908191337947,0,720,720,720,0.44755419064422786,0.11482617147015943,0.3388601060469636,0,720,720,720,0.30788423665116904,0.22211562020048647,0.4712914387090927,0,720,720,720,0.30788423665116904,0.22211562020048647,0.4712914387090927,0,720,720,720,0.9105016048084428,0.38424047675878115,0.4915468443774871,0.3721685983389949,0.13850946558961214,0.29883934258765016
current_velocity/5T,short,bayes_mixture,,,,,,chronos_bolt_max,25.357241393066943,0.4098360655737705,120,0,720,,0,0.0,3.0627688015544803,124.23380458758713,11.146021917598544,0,720,720,720,0.5578241835301623,1.9104924561789718,1.3822056490186154,0,720,720,720,0.6655321424934401,2.6198357688625715,1.6185906736610622,0,720,720,720,0.44434723492450623,0.8346796595657515,0.9136080448232445,0,720,720,720,0.34279923350576846,0.2529764116563552,0.5029676049770554,0,720,720,720,0.38935708709026134,0.08697563427637084,0.29491631741287366,0,720,720,720,0.29720458963806556,0.19625108934111574,0.4430023581665404,0,720,720,720,0.29720458963806556,0.19625108934111574,0.4430023581665404,0,720,720,720,0.9105016048084428,0.38424047675878115,0.4276292156257943,0.3239053241151838,0.10491465899016227,0.22635729325042578
current_velocity/5T,medium,chronos_t5_512,,,,,,,41.886235220357776,,,0,90,,0,0.0,9.31756912487519,590.4959809903365,24.300123065333157,0,90,90,90,1.0956938917147965,4.895976190368634,2.2126852894997593,0,90,90,90,1.355290566037897,7.480756606483865,2.735097184102215,0,90,90,90,0.7287259401011754,1.7129496323157514,1.308797017232142,0,90,90,90,0.4863065077932374,0.3873199081223498,0.6223503098114034,0,90,90,90,1.1899542218136991,1.2735937728568414,1.128536119429432,0,90,90,90,0.3984746692863348,0.24817906719090133,0.4981757392636672,0,90,90,90,0.3984746692863348,0.24817906719090133,0.4981757392636672,0,90,90,90,0.9106922601897061,0.11522061713881367,1.306648001560725,1.2392068855338103,1.535633705154406,11.053523271121358
current_velocity/5T,medium,chronos_bolt_512,,,,,,,0.8354145772755146,,,0,90,,0,0.0,6.449845862009382,295.8386207612904,17.199959905804732,0,90,90,90,0.8702450424894702,3.200090788859553,1.7888797580775386,0,90,90,90,1.1020928822344354,5.235237140937575,2.2880640596228017,0,90,90,90,0.6599798877350259,1.391158238169587,1.1794737123690324,0,90,90,90,0.4047782386994169,0.24533559808853897,0.4953136360817648,0,90,90,90,0.7820641015477915,0.23843853569327464,0.48830168512229677,0,90,90,90,0.3535300918551834,0.1725566778785411,0.4153994196897019,0,90,90,90,0.3535300918551834,0.1725566778785411,0.4153994196897019,0,90,90,90,0.9106922601897061,0.11522061713881367,0.8587578216431531,0.5361873669823204,0.2874968925114335,2.0694085973000167
current_velocity/5T,medium,chronos_bolt_max,,,,,,,3.1567390291020274,,,0,90,,0,0.0,5.510481150746615,174.15872781537638,13.196921149092935,0,90,90,90,0.8233448678261902,2.777232209465684,1.6665029881358402,0,90,90,90,1.0372535001039764,4.434586327268663,2.105845751062661,0,90,90,90,0.717391737056692,1.819144260981392,1.348756561052213,0,90,90,90,0.4182349540769833,0.2568655116361069,0.5068190127018785,0,90,90,90,0.732340623550814,0.1325137856389597,0.3640244300029322,0,90,90,90,0.3717323790065653,0.20744608914143758,0.45546250025818547,0,90,90,90,0.3717323790065653,0.20744608914143758,0.45546250025818547,0,90,90,90,0.9106922601897061,0.11522061713881367,0.804158172375661,0.3997227668621038,0.15977829034789578,1.1500874490136765
current_velocity/5T,medium,chronos2_max,,,,,,,0.46475916635245085,,,0,90,,0,0.0,5.008877919584037,172.1853935683474,13.121943208547558,0,90,90,90,0.7779179198999586,2.793031567597935,1.6712365384941579,0,90,90,90,0.9558272788268267,4.095272132634541,2.0236778727442126,0,90,90,90,0.6799373460701329,1.6073310931114337,1.2678056211862423,0,90,90,90,0.4154168892758719,0.2668556845381206,0.5165807628417076,0,90,90,90,0.5819090237846842,0.10966632047445307,0.3311590561564836,0,90,90,90,0.36289139217075383,0.21430341794263796,0.4629291716263277,0,90,90,90,0.36289139217075383,0.21430341794263796,0.4629291716263277,0,90,90,90,0.9106922601897061,0.11522061713881367,0.6389743816022626,0.3636344247479384,0.1322299948617641,0.9517942465308186
current_velocity/5T,medium,tsrag,all,False,False,t5,288,chronos_bolt_max,17.194936083629727,,,0,90,,269.53147461637855,0.0,6.398800583925456,300.5821019934852,17.337303769429813,0,90,90,90,0.8717827550509568,3.227406016871802,1.7964982652014452,0,90,90,90,1.0996527574977688,5.189564396853011,2.278061543693017,0,90,90,90,0.680509725580235,1.4608118782757342,1.2086405082884382,0,90,90,90,0.40060508931099387,0.23763446780788802,0.48747765877821314,0,90,90,90,0.795933189263744,0.24138152104362384,0.4913059342646126,0,90,90,90,0.3598048707143998,0.1887124529871428,0.434410466019343,0,90,90,90,0.3598048707143998,0.1887124529871428,0.434410466019343,0,90,90,90,0.9106922601897061,0.11522061713881367,0.8739869921568713,0.5394862301369168,0.2910453925073423,2.0949507738950577
current_velocity/5T,medium,bayes_mixture,,,,,,chronos_bolt_max,17.659818231128156,0.47058823529411764,15,0,90,,0,0.0,5.185369103044432,170.28588099077402,13.049363240816543,0,90,90,90,0.7933265372316513,2.744131132407073,1.6565419199063671,0,90,90,90,0.9886643915554646,4.207911823914695,2.0513195323778044,0,90,90,90,0.6725682362415475,1.4454297481598588,1.202260266398195,0,90,90,90,0.401557843363735,0.24323280320453985,0.49318637775646224,0,90,90,90,0.6596031764738121,0.09259457092562512,0.3042935604406132,0,90,90,90,0.3565834648739065,0.1948811592001009,0.44145346210002806,0,90,90,90,0.3565834648739065,0.1948811592001009,0.44145346210002806,0,90,90,90,0.9106922601897061,0.11522061713881367,0.7242876713769483,0.3341343434468476,0.11164575947065596,0.8036284931026754
current_velocity/5T,long,chronos_t5_512,,,,,,,41.542790619656444,,,0,30,,0,0.0,11.458312481410072,771.9367267837364,27.783749329126486,0,30,30,30,1.326758993490904,6.211854322698227,2.492359188138465,0,30,30,30,1.5942939331266917,8.916539336205494,2.9860574904387716,0,30,30,30,0.9185196363904794,2.0596729984167768,1.4351560885202614,0,30,30,30,0.5915042346326073,0.5265668758304914,0.7256492788051894,0,30,30,30,1.6966687449199005,3.158456329362769,1.7772046391349448,0,30,30,30,0.4762583993192271,0.35504863841518636,0.5958595794440049,0,30,30,30,0.4762583993192271,0.35504863841518636,0.5958595794440049,0,30,30,30,1.0927077660320532,0.29190573790947194,1.5527195812664618,1.6264226304426326,2.6452505728159323,10.820124167419738
current_velocity/5T,long,chronos_bolt_512,,,,,,,0.8777366941794753,,,0,30,,0,0.0,6.050367473553728,189.59504409314502,13.769351622104253,0,30,30,30,0.9815978728558682,3.18485992239986,1.7846175843580214,0,30,30,30,1.1886230355280034,4.637542752965923,2.1534954731705205,0,30,30,30,0.8434448696452426,1.6567116363473653,1.2871331074707717,0,30,30,30,0.4870602377283993,0.3256407889746048,0.5706494449086977,0,30,30,30,1.2575498236370677,1.124064330583181,1.0602190012366224,0,30,30,30,0.43957863425163796,0.3054048498304521,0.5526344631222813,0,30,30,30,0.43957863425163796,0.3054048498304521,0.5526344631222813,0,30,30,30,1.0927077660320532,0.29190573790947194,1.1508564894744044,0.9702676545318176,0.9414193214306745,3.8507784692186644
current_velocity/5T,long,chronos_bolt_max,,,,,,,3.389469750225544,,,0,30,,0,0.0,7.296008847034687,346.1358508364635,18.604726572472476,0,30,30,30,0.9679377069218794,3.6113024987787132,1.900342731924616,0,30,30,30,1.220247305915479,5.807005359440704,2.409772885448067,0,30,30,30,0.9375738051007599,2.4671752426438447,1.5707244324335967,0,30,30,30,0.5433951053822665,0.3894224617728203,0.6240372278741232,0,30,30,30,1.0664660027087778,0.386912313819764,0.6220227598888677,0,30,30,30,0.47268254419205485,0.34211992754131004,0.5849101875855045,0,30,30,30,0.47268254419205485,0.34211992754131004,0.5849101875855045,0,30,30,30,1.0927077660320532,0.29190573790947194,0.9759846464544065,0.5692489604495237,0.3240443789728635,1.3254700527324208
current_velocity/5T,long,chronos2_max,,,,,,,0.15948633663356304,,,0,30,,0,0.0,5.494680423381424,153.24046747029743,12.379033381904156,0,30,30,30,0.8914244977776197,3.03015240301349,1.740733294624277,0,30,30,30,1.0733475168801736,4.34260553138859,2.0838919193155365,0,30,30,30,0.8593487745008729,1.9578841834036076,1.399244147175041,0,30,30,30,0.48285399716219474,0.31199556052874783,0.5585656277723754,0,30,30,30,0.8300299590984856,0.17981309840211743,0.4240437458589826,0,30,30,30,0.44949871582794265,0.3272072808529661,0.572020350033953,0,30,30,30,0.44949871582794265,0.3272072808529661,0.572020350033953,0,30,30,30,1.0927077660320532,0.29190573790947194,0.7596083645607931,0.38806692790224373,0.15059594053148523,0.6159971355475118
current_velocity/5T,long,tsrag,all,False,False,t5,288,chronos_bolt_max,16.00139812938869,,,0,30,,263.0431014895439,0.0,7.171870498621301,267.86603678123294,16.36661347931309,0,30,30,30,1.0435143931265782,3.715816159958238,1.927645237059516,0,30,30,30,1.2763309265767389,5.542849864485065,2.3543257770506325,0,30,30,30,1.0665316020913675,3.2191411511551355,1.7941965196586285,0,30,30,30,0.4394814806967183,0.2500557268216229,0.5000557237164903,0,30,30,30,1.2929025809424666,1.1572016416382456,1.0757330717414268,0,30,30,30,0.46967102247295267,0.3815558457871651,0.6177020687897727,0,30,30,30,0.46967102247295267,0.3815558457871651,0.6177020687897727,0,30,30,30,1.0927077660320532,0.29190573790947194,1.1832098399349538,0.9844654766642077,0.9691722747436856,3.9642990573797006
current_velocity/5T,long,bayes_mixture,,,,,,chronos_bolt_max,16.161014219745994,0.5714285714285714,5,0,30,,0,0.0,5.853540546267587,178.77644714860713,13.370730987818398,0,30,30,30,0.9300377882640145,3.158919848049921,1.777335041023476,0,30,30,30,1.1265937691046597,4.5843270256821445,2.1411041603999896,0,30,30,30,0.9146556964618263,2.121967027253216,1.4566973011759223,0,30,30,30,0.44560767507966403,0.25983911147033006,0.5097441627623901,0,30,30,30,0.9962188323225313,0.3554404539759298,0.5961882705789588,0,30,30,30,0.4371615850484796,0.3165981037706484,0.5626705108415123,0,30,30,30,0.4371615850484796,0.3165981037706484,0.5626705108415123,0,30,30,30,1.0927077660320532,0.29190573790947194,0.9116974028107241,0.5456063268808784,0.29768626393244396,1.217654906414213
current_velocity/10T,short,chronos_t5_512,,,,,,,265.72484288644046,,,0,7200,,0,0.0,8.815566694350627,2110.648660954172,45.94179644892189,0,7200,7200,7200,0.8831358786946873,4.962567994759468,2.227682202370766,0,7200,7200,7200,1.088700366746431,7.630298205796813,2.7622994417327047,0,7200,7200,7200,4632.011164177905,15537012747.676128,124647.55411830642,0,7200,7200,7200,0.4784155821676303,0.3689587226159781,0.6074197252443965,0,7200,7200,7200,1.3308141421528248,18.723717440449796,4.327091106095387,0,7200,7200,7200,0.39237846021475054,0.27324420345745126,0.5227276570619267,0,7200,7200,7200,0.39237846021475054,0.27324420345745126,0.5227276570619267,0,7200,7200,7200,1.042604019237951,0.4807344590412708,1.2764329674515633,4.150272803722834,17.22476434532139,38.94814920858913
current_velocity/10T,short,chronos_bolt_512,,,,,,,4.04783408343792,,,0,7200,,0,0.0,8.411414446059016,2119.2122522621353,46.03490254428845,0,7200,7200,7200,0.8157987421214143,4.811387999423151,2.193487633752046,0,7200,7200,7200,1.0147020073167186,7.381794282406437,2.7169457636114926,0,7200,7200,7200,3223.3929119958993,8730471908.644085,93436.9943258241,0,7200,7200,7200,0.4978508228910668,0.3938503944100789,0.6275750109828139,0,7200,7200,7200,0.7007420972486622,0.2299633007061927,0.4795448891461494,0,7200,7200,7200,0.3954445654665412,0.26252214199510976,0.5123691462169729,0,7200,7200,7200,0.3954445654665412,0.26252214199510976,0.5123691462169729,0,7200,7200,7200,1.042604019237951,0.4807344590412708,0.6721076116326897,0.4599492043936807,0.21155327062237986,0.47835826282311594
current_velocity/10T,short,chronos_bolt_max,,,,,,,7.763413044624031,,,0,7200,,0,0.0,7.9602077745147914,1783.8633423368146,42.235806400929704,0,7200,7200,7200,0.7883951246694888,4.473547885012045,2.115076330776751,0,7200,7200,7200,0.9841904982302081,6.991576837708166,2.644159003862696,0,7200,7200,7200,3153.9640067425767,8353215178.235625,91395.92539186649,0,7200,7200,7200,0.47703724892621496,0.3715310115054072,0.6095334375613919,0,7200,7200,7200,0.6437833342152073,0.17225346043174683,0.4150342882603157,0,7200,7200,7200,0.3664416593214981,0.23314341711933523,0.48284926956487695,0,7200,7200,7200,0.3664416593214981,0.23314341711933523,0.48284926956487695,0,7200,7200,7200,1.042604019237951,0.4807344590412708,0.6174763595154318,0.39807470583478866,0.1584634714254535,0.35831311276348293
current_velocity/10T,short,chronos2_max,,,,,,,31.57174516003579,,,0,7200,,0,0.0,7.014398348472221,1411.254693037825,37.5666699753628,0,7200,7200,7200,0.7190213366503843,3.981985818581519,1.9954913727153818,0,7200,7200,7200,0.903714159130748,6.197699067058825,2.4895178382688536,0,7200,7200,7200,3150.0559703936556,7799738511.949584,88316.12826630018,0,7200,7200,7200,0.4371448149639876,0.3402098732052688,0.5832751265100106,0,7200,7200,7200,0.5283046490793603,0.13877769010270377,0.3725287775497401,0,7200,7200,7200,0.32582745905213945,0.19050165841177324,0.43646495668240454,0,7200,7200,7200,0.32582745905213945,0.19050165841177324,0.43646495668240454,0,7200,7200,7200,1.042604019237951,0.4807344590412708,0.5067164899915723,0.35730610152646913,0.12766765018804346,0.2886784741403149
current_velocity/10T,short,tsrag,all,False,False,t5,144,chronos_bolt_max,555.1803321335465,,,141,7200,,2143.6858775019646,0.019583333333333335,8.181112429831613,1957.8185123679891,44.24724299171632,0,7200,7200,7200,0.8021822644734319,4.636593025552168,2.153274953542201,0,7200,7200,7200,0.9997810828902828,7.181550216126346,2.6798414535427924,0,7200,7200,7200,3081.4833901979587,7882471035.087045,88783.28128137102,0,7200,7200,7200,0.49342170522895207,0.38614896282665695,0.6214088531930141,0,7200,7200,7200,0.6717527402446186,0.19648118456862448,0.4432619818669592,0,7200,7200,7200,0.37911854824950586,0.2326712497785553,0.48236008311069367,0,7200,7200,7200,0.37911854824950586,0.2326712497785553,0.48236008311069367,0,7200,7200,7200,1.042604019237951,0.4807344590412708,0.644302849259692,0.4251489287284193,0.18075161159892258,0.40871042396350593
current_velocity/10T,short,bayes_mixture,,,,,,chronos_bolt_max,586.7530343392864,0.20715474209650583,1200,0,7200,,0,0.0,7.042388190435529,1454.3666026559658,38.1361587296881,0,7200,7200,7200,0.7200715999329956,3.9872714161248335,1.9968153184821158,0,7200,7200,7200,0.9055592132243991,6.222350701779937,2.4944640109209706,0,7200,7200,7200,3135.216596139377,7774404123.418409,88172.58147189755,0,7200,7200,7200,0.44257019685670584,0.3467295732100691,0.5888374760577566,0,7200,7200,7200,0.5331583910090256,0.13933786080895197,0.3732798692790062,0,7200,7200,7200,0.3268185480409194,0.1868423311523076,0.4322526242283644,0,7200,7200,7200,0.3268185480409194,0.1868423311523076,0.4322526242283644,0,7200,7200,7200,1.042604019237951,0.4807344590412708,0.5113718930401937,0.35802650132870184,0.12818297565367096,0.28984371348547305
current_velocity/10T,medium,chronos_t5_512,,,,,,,214.7979359794408,,,0,900,,0,0.0,13.443199661957427,2172.8361801467013,46.61369090885961,0,900,900,900,1.2046136593159344,6.546889414161964,2.5586890030173586,0,900,900,900,1.5406653322891888,11.069549995839674,3.3270933253877435,0,900,900,900,4522.231864875287,3194445294.5757732,56519.42404674496,0,900,900,900,0.6216828085863791,0.44185499395410616,0.6647217417492121,0,900,900,900,1.8030798833358164,21.518061772801936,4.638756489922912,0,900,900,900,0.4648145916586504,0.24369245544429172,0.49365216037640486,0,900,900,900,0.4648145916586504,0.24369245544429172,0.49365216037640486,0,900,900,900,1.0437112263446233,0.25305105017876023,1.7275658609620597,4.444482700611711,19.75342647603677,85.03446935944804
current_velocity/10T,medium,chronos_bolt_512,,,,,,,4.360673986375332,,,0,900,,0,0.0,13.2595611299609,2330.2810907112143,48.27298510255207,0,900,900,900,1.1550991786716305,6.607083944549405,2.5704248568183052,0,900,900,900,1.4878981972823795,11.045720084484744,3.323510205262614,0,900,900,900,3661.1566512513973,2463956196.799738,49638.25336169412,0,900,900,900,0.6449798521126648,0.44886637827745024,0.6699749086924451,0,900,900,900,1.2128370439354512,0.42485795925997366,0.6518112911418256,0,900,900,900,0.4666797539896823,0.22969691500602102,0.4792670602138447,0,900,900,900,0.4666797539896823,0.22969691500602102,0.4792670602138447,0,900,900,900,1.0437112263446233,0.25305105017876023,1.1620427310944572,0.6245130594452414,0.3900165614176556,1.678941695597966
current_velocity/10T,medium,chronos_bolt_max,,,,,,,16.30092317517847,,,0,900,,0,0.0,11.358560202739941,1631.485500043318,40.39165136563889,0,900,900,900,1.047403436630247,5.380740162283042,2.319642248770927,0,900,900,900,1.368905246050626,9.484658630075016,3.0797172971029365,0,900,900,900,3522.439897133986,2300068861.228256,47959.0331556867,0,900,900,900,0.5790181715265819,0.38442777737377104,0.6200224007032094,0,900,900,900,1.002804784178818,0.22828756057004124,0.47779447524018237,0,900,900,900,0.40625033955334944,0.18173834880277007,0.42630780992467177,0,900,900,900,0.40625033955334944,0.18173834880277007,0.42630780992467177,0,900,900,900,1.0437112263446233,0.25305105017876023,0.9608067431553156,0.4577841678617906,0.2095663443449121,0.9021403404916692
current_velocity/10T,medium,chronos2_max,,,,,,,4.03594412188977,,,0,900,,0,0.0,9.557168477108009,1362.737468224357,36.91527418595664,0,900,900,900,0.8878966322356978,4.526863065028943,2.1276426074481924,0,900,900,900,1.1818875228288668,8.160310360489452,2.8566256948521365,0,900,900,900,3372.138154099177,2138400679.1703355,46242.84462671317,0,900,900,900,0.48595997799535906,0.32707034338158164,0.5719006411795511,0,900,900,900,0.6911431751988615,0.14876838251401375,0.38570504600538186,0,900,900,900,0.336323023440363,0.15513807986231984,0.3938757162637979,0,900,900,900,0.336323023440363,0.15513807986231984,0.3938757162637979,0,900,900,900,1.0437112263446233,0.25305105017876023,0.6621977015802001,0.36955149687929656,0.13656830884572876,0.5878986963654995
current_velocity/10T,medium,tsrag,all,False,False,t5,144,chronos_bolt_max,245.92309950478375,,,28,900,,2121.711956261657,0.03111111111111111,12.946392984403062,2196.308589810187,46.864790512816626,0,900,900,900,1.1326092192171786,6.343060003812496,2.5185432304831488,0,900,900,900,1.4675972187368138,10.792551387959032,3.2852018793308626,0,900,900,900,3240.363752023399,1937062874.0430832,44012.07645684401,0,900,900,900,0.6434817392472146,0.44590551095003095,0.6677615674400789,0,900,900,900,1.1709239797666542,0.3904593903036668,0.6248674981975513,0,900,900,900,0.45246674914013674,0.2136988960737342,0.46227577924193064,0,900,900,900,0.45246674914013674,0.2136988960737342,0.46227577924193064,0,900,900,900,1.0437112263446233,0.25305105017876023,1.1218850101551237,0.59869768804348,0.3584389216686082,1.5430064013875406
current_velocity/10T,medium,bayes_mixture,,,,,,chronos_bolt_max,249.96001823153347,0.07236842105263158,150,0,900,,0,0.0,9.583112268951893,1373.4316273054185,37.05983846842048,0,900,900,900,0.889721962695382,4.53191086949436,2.128828520453059,0,900,900,900,1.184393017864009,8.18032544818688,2.8601268237941615,0,900,900,900,3362.5722124406752,2121739837.2979257,46062.34728384916,0,900,900,900,0.4882909901972142,0.32926374493956306,0.573815079045125,0,900,900,900,0.6922167702481302,0.14338348939976717,0.3786601238574867,0,900,900,900,0.3357124167845165,0.15414573180447583,0.39261397301226536,0,900,900,900,0.3357124167845165,0.15414573180447583,0.39261397301226536,0,900,900,900,1.0437112263446233,0.25305105017876023,0.6632263338514354,0.36280162012213213,0.13162501556324388,0.5666188276969341
current_velocity/10T,long,chronos_t5_512,,,,,,,207.17548108194023,,,0,300,,0,0.0,16.6372551743147,2658.9702826452153,51.56520418504338,0,300,300,300,1.399317352081536,8.22430027483298,2.8678040858526197,0,300,300,300,1.7835032759992426,13.456371238814668,3.66829268717951,0,300,300,300,6348.522924601993,6707572989.586717,81899.77405088927,0,300,300,300,0.6734928104495471,0.47609359624300207,0.6899953595807743,0,300,300,300,2.521514316702361,62.932630317114224,7.933008906910052,0,300,300,300,0.5032136494175945,0.26333864033657906,0.5131653148222112,0,300,300,300,0.5032136494175945,0.26333864033657906,0.5131653148222112,0,300,300,300,1.437499922931037,0.6433695275713929,1.754097010009599,5.518615187634088,30.45511358918563,97.8172381814132
current_velocity/10T,long,chronos_bolt_512,,,,,,,4.064323294907808,,,0,300,,0,0.0,17.002703672920102,2969.4745364217692,54.49288519083725,0,300,300,300,1.3577486966317966,8.746818998316398,2.957502155251353,0,300,300,300,1.7249274103172654,14.027329102056276,3.745307611139074,0,300,300,300,3574.775468216145,1728696482.1978142,41577.59591652473,0,300,300,300,0.6926183064731023,0.4950274809359731,0.7035818935532474,0,300,300,300,1.4720744868880993,0.8847626336364548,0.9406182188520775,0,300,300,300,0.49533185894010806,0.24371301805294762,0.4936729869589257,0,300,300,300,0.49533185894010806,0.24371301805294762,0.4936729869589257,0,300,300,300,1.437499922931037,0.6433695275713929,1.0240518718683236,0.654343143848087,0.4281649499009983,1.3752013356558532
current_velocity/10T,long,chronos_bolt_max,,,,,,,15.704823924228549,,,0,300,,0,0.0,15.109273734439606,2426.773548585904,49.262293375216544,0,300,300,300,1.2841880203149132,7.6061834730819315,2.7579310131114467,0,300,300,300,1.6389144672829956,12.423233103370103,3.5246607075532963,0,300,300,300,3748.833165994565,1812990001.3129961,42579.22029949581,0,300,300,300,0.6637212679215372,0.4565769278393246,0.6757047638128094,0,300,300,300,1.3770162878763152,0.8212002210729676,0.9062009827146336,0,300,300,300,0.4700300850490661,0.2192391489171114,0.4682298035335976,0,300,300,300,0.4700300850490661,0.2192391489171114,0.4682298035335976,0,300,300,300,1.437499922931037,0.6433695275713929,0.9579244255322138,0.6304007174253656,0.39740506453041574,1.276405216412494
current_velocity/10T,long,chronos2_max,,,,,,,1.5720957908779383,,,0,300,,0,0.0,11.676828876210063,1653.3018648881587,40.660814857650834,0,300,300,300,1.0308974071064207,5.730516877462523,2.393849802611376,0,300,300,300,1.3565479114711143,9.83660664009342,3.1363364998184458,0,300,300,300,3330.7730383922412,1297239237.7996643,36017.20752362215,0,300,300,300,0.5385259137500134,0.3576584336461291,0.5980455113502058,0,300,300,300,0.9351213693475997,0.5211290919753931,0.7218927150036861,0,300,300,300,0.3833889501343268,0.18253946972108884,0.4272463805827837,0,300,300,300,0.3833889501343268,0.18253946972108884,0.4272463805827837,0,300,300,300,1.437499922931037,0.6433695275713929,0.6505192483356129,0.5021862634481118,0.2521910431959763,0.8099996497231755
current_velocity/10T,long,tsrag,all,False,False,t5,144,chronos_bolt_max,199.33366246894002,,,14,300,,2115.2664921153337,0.04666666666666667,16.35330431230284,2807.4229868506254,52.98512042876401,0,300,300,300,1.330478111278032,8.401849648045385,2.8985944262772234,0,300,300,300,1.6896333435916937,13.498443476525996,3.674022792053146,0,300,300,300,2942.079460072756,1201060766.941511,34656.323621260104,0,300,300,300,0.7046914268941694,0.5119499108878836,0.7155067511127225,0,300,300,300,1.445992245281278,0.8444618804014727,0.9189460704532517,0,300,300,300,0.48697932208624184,0.23126616143169323,0.4809014051047192,0,300,300,300,0.48697932208624184,0.23126616143169323,0.4809014051047192,0,300,300,300,1.437499922931037,0.6433695275713929,1.0059077028212462,0.6392668658927904,0.4086621258283909,1.3125612019412363
current_velocity/10T,long,bayes_mixture,,,,,,chronos_bolt_max,200.90676574595273,0.17307692307692307,50,0,300,,0,0.0,11.741473538950034,1682.0396757406875,41.012677012610226,0,300,300,300,1.0382688569713885,5.743206353493962,2.3964987697668367,0,300,300,300,1.363210019588459,9.883131981443666,3.143744897640975,0,300,300,300,3263.446441122314,1275743479.817616,35717.55142528132,0,300,300,300,0.5462767933849622,0.3645926107958856,0.6038150468445496,0,300,300,300,0.9422676537578863,0.49742727880822185,0.7052852464132664,0,300,300,300,0.381851603968723,0.1779790055684103,0.42187558067327185,0,300,300,300,0.381851603968723,0.1779790055684103,0.42187558067327185,0,300,300,300,1.437499922931037,0.6433695275713929,0.6554905768875585,0.4906332412005993,0.24072097737100545,0.7731595257330924
current_velocity/15T,short,chronos_t5_512,,,,,,,103.80622455105186,,,0,3600,,0,0.0,6.847724412658318,557.8425782077334,23.618691289056077,0,3600,3600,3600,0.8627521769330183,3.95677412843407,1.9891641783508143,0,3600,3600,3600,1.0337899659200003,5.779002719021442,2.4039556399861963,0,3600,3600,3600,82174.3817319412,2136192997865.6045,1461572.098073032,0,3600,3600,3600,0.5022678958993689,0.3791511065359096,0.6157524718065772,0,3600,3600,3600,1.7312248548802682,28.582407849584037,5.3462517570335235,0,3600,3600,3600,0.4083158825966987,0.25850082583912004,0.5084297649028034,0,3600,3600,3600,0.4083158825966987,0.25850082583912004,0.5084297649028034,0,3600,3600,3600,0.9913714905166404,0.453088957404636,1.7462927585077748,5.392783440088028,29.08211323168766,63.08343512344356
current_velocity/15T,short,chronos_bolt_512,,,,,,,2.0255130296573043,,,0,3600,,0,0.0,6.340194382983455,525.8821395457616,22.932120258400914,0,3600,3600,3600,0.760115146260124,3.7367013534812137,1.9330549276937823,0,3600,3600,3600,0.9233308839913326,5.487654461651241,2.342574323613072,0,3600,3600,3600,123081.06764181633,9052935553850.857,3008809.657298191,0,3600,3600,3600,0.472069983720234,0.33087143781185613,0.5752142538323056,0,3600,3600,3600,0.5399499503891171,0.1480277296605654,0.3847437194556467,0,3600,3600,3600,0.39568121454991584,0.25004869249118594,0.5000486901204582,0,3600,3600,3600,0.39568121454991584,0.25004869249118594,0.5000486901204582,0,3600,3600,3600,0.9913714905166404,0.453088957404636,0.5446494634495986,0.38809237822155096,0.15061569403365938,0.32670787323639766
current_velocity/15T,short,chronos_bolt_max,,,,,,,3.8900145506486297,,,0,3600,,0,0.0,6.184772213440408,519.2128200611687,22.786241902981033,0,3600,3600,3600,0.7491446422771472,3.649363989589941,1.9103308586708065,0,3600,3600,3600,0.912120393706035,5.352808600825956,2.3136137535954346,0,3600,3600,3600,122084.3245818133,9257550610355.127,3042622.324633001,0,3600,3600,3600,0.4684422178624991,0.32537644410604266,0.5704177803207423,0,3600,3600,3600,0.526443918550143,0.1479037626867161,0.38458258240164245,0,3600,3600,3600,0.39209183490061844,0.2452163824337583,0.49519327785598855,0,3600,3600,3600,0.39209183490061844,0.2452163824337583,0.49519327785598855,0,3600,3600,3600,0.9913714905166404,0.453088957404636,0.5310258803950411,0.3879298386936891,0.15048955974891162,0.3264342691861921
current_velocity/15T,short,chronos2_max,,,,,,,11.648208344355226,,,0,3600,,0,0.0,6.055158398519775,492.5310373264995,22.193040290291446,0,3600,3600,3600,0.7410914095859857,3.564285578035145,1.8879315607391982,0,3600,3600,3600,0.9015804077178461,5.242311166939097,2.289609391782602,0,3600,3600,3600,108212.81052095746,6054021107171.049,2460492.0457443157,0,3600,3600,3600,0.46829397437148235,0.32419657078916453,0.5693826224861139,0,3600,3600,3600,0.5023035755591049,0.1421409380485343,0.37701583262315963,0,3600,3600,3600,0.3837872710845655,0.22418884260566183,0.47348584203296074,0,3600,3600,3600,0.3837872710845655,0.22418884260566183,0.47348584203296074,0,3600,3600,3600,0.9913714905166404,0.453088957404636,0.5066754293058557,0.380297230886358,0.14462598381983185,0.31371529966817047
current_velocity/15T,short,tsrag,all,False,False,t5,96,chronos_bolt_max,118.49768889695406,,,0,3600,,429.1212813910097,0.0,6.305421693649748,521.9160209139109,22.84548141129687,0,3600,3600,3600,0.7581901692506821,3.7065686579540973,1.9252450903596916,0,3600,3600,3600,0.9210668201041349,5.457057606553006,2.3360345901876123,0,3600,3600,3600,128101.67501188298,10165236346088.479,3188296.778232616,0,3600,3600,3600,0.47287382479828605,0.33214445500599815,0.5763197506645058,0,3600,3600,3600,0.5376213720201193,0.14746458665294374,0.3840111803749257,0,3600,3600,3600,0.3924998618892129,0.24149792704492357,0.49142438588751736,0,3600,3600,3600,0.3924998618892129,0.24149792704492357,0.49142438588751736,0,3600,3600,3600,0.9913714905166404,0.453088957404636,0.5423006180457589,0.38735346340734816,0.15004270561366784,0.3254649760118715
current_velocity/15T,short,bayes_mixture,,,,,,chronos_bolt_max,130.14610813558102,0.3438538205980066,600,0,3600,,0,0.0,6.0159100736825915,479.6856127484769,21.901726250423206,0,3600,3600,3600,0.7375302129988892,3.5257958365554734,1.877710264272812,0,3600,3600,3600,0.898114928026429,5.209299649738676,2.2823890224365075,0,3600,3600,3600,114722.25373061707,7323897905818.511,2706270.1095453333,0,3600,3600,3600,0.4677715596230232,0.3249220347038123,0.570019328359848,0,3600,3600,3600,0.5030727749509782,0.13947093529807847,0.3734580770288393,0,3600,3600,3600,0.3833534416166294,0.22446270325135778,0.47377495000406866,0,3600,3600,3600,0.3833534416166294,0.22446270325135778,0.47377495000406866,0,3600,3600,3600,0.9913714905166404,0.453088957404636,0.5074513235082122,0.3767085099796611,0.1419093014910964,0.30782241107130415
current_velocity/15T,medium,chronos_t5_512,,,,,,,71.15371792763472,,,0,450,,0,0.0,11.036939685352475,1076.8384066249848,32.81521608377712,0,450,450,450,1.1320830944776485,6.0305089610401055,2.4557094618541715,0,450,450,450,1.397988574131914,9.082567631949093,3.0137298538437536,0,450,450,450,121643.97954175479,1410650211088.5447,1187707.9654058672,0,450,450,450,0.6575522669564652,0.4980199482764347,0.7057052842911371,0,450,450,450,2.0540892348275195,30.121267739264866,5.488284589857278,0,450,450,450,0.48893588426091594,0.27842753852964436,0.5276623338174181,0,450,450,450,0.48893588426091594,0.27842753852964436,0.5276623338174181,0,450,450,450,0.9924470867542217,0.20323056826444055,2.0697216629909985,5.530052597369803,30.581481729676504,148.2122891083566
current_velocity/15T,medium,chronos_bolt_512,,,,,,,1.2284807106480002,,,0,450,,0,0.0,9.614324007017277,883.3104105758397,29.720538531053567,0,450,450,450,0.989897591125098,5.35652722812325,2.3144172545423287,0,450,450,450,1.2456093890785982,8.062781256856518,2.8395036990390623,0,450,450,450,147615.75152933062,2492122071243.4854,1578645.6446091647,0,450,450,450,0.5734130267111591,0.37663247910498954,0.6137039018166575,0,450,450,450,0.8336903462985892,0.20000866418666874,0.44722328225022984,0,450,450,450,0.45346840632767665,0.24977794634013278,0.49977789701039477,0,450,450,450,0.45346840632767665,0.24977794634013278,0.49977789701039477,0,450,450,450,0.9924470867542217,0.20323056826444055,0.8400350582167123,0.4506268275852012,0.20306453773950262,0.9841465577482442
current_velocity/15T,medium,chronos_bolt_max,,,,,,,4.317530398257077,,,0,450,,0,0.0,9.151213383340975,727.108984963114,26.964958463960482,0,450,450,450,0.9650126760233575,4.963568353967758,2.2279067202124416,0,450,450,450,1.2223704869430192,7.657023775991663,2.7671327716594414,0,450,450,450,139731.86685466827,2021857543183.383,1421920.3716043255,0,450,450,450,0.5753165636444765,0.38062209085376175,0.6169457762670572,0,450,450,450,0.7820132133808707,0.17060685147450663,0.4130458224876589,0,450,450,450,0.44320932425031395,0.2256852039115157,0.4750633683115503,0,450,450,450,0.44320932425031395,0.2256852039115157,0.4750633683115503,0,450,450,450,0.9924470867542217,0.20323056826444055,0.7879646419623532,0.41618926389165695,0.17321350337867925,0.8394743612216621
current_velocity/15T,medium,chronos2_max,,,,,,,1.557284751906991,,,0,450,,0,0.0,8.916213048083337,687.6892066816556,26.2238289858986,0,450,450,450,0.9588080971700876,4.915043846327468,2.216989816469049,0,450,450,450,1.2072078627544256,7.458862224187229,2.7310917641462047,0,450,450,450,122394.51504376948,1316840307854.262,1147536.6259315046,0,450,450,450,0.5726952888813649,0.3813603199133861,0.6175437797544285,0,450,450,450,0.7292408432510908,0.17018730398069248,0.41253763947146993,0,450,450,450,0.4318312838822645,0.21513829175122642,0.46383002463319084,0,450,450,450,0.4318312838822645,0.21513829175122642,0.46383002463319084,0,450,450,450,0.9924470867542217,0.20323056826444055,0.7347906533093451,0.41567721340254626,0.17278754574210595,0.8374099695437909
current_velocity/15T,medium,tsrag,all,False,False,t5,96,chronos_bolt_max,36.965384647250175,,,0,450,,417.0816564708948,0.0,9.582822857108276,892.3818798143199,29.872761502986627,0,450,450,450,0.9822938664133023,5.3085254637438535,2.304023755030285,0,450,450,450,1.2387319943568293,8.048365903265028,2.836964205495908,0,450,450,450,152438.8646275679,2540761862157.582,1593976.7445472917,0,450,450,450,0.5743424279941521,0.3791148941263628,0.6157230660990075,0,450,450,450,0.8210703218434999,0.19664400843241342,0.4434456093281491,0,450,450,450,0.44855998391121776,0.23899699373441802,0.48887318778433536,0,450,450,450,0.44855998391121776,0.23899699373441802,0.48887318778433536,0,450,450,450,0.9924470867542217,0.20323056826444055,0.8273189904046109,0.4468204050841935,0.1996484743996028,0.9675907030705302
current_velocity/15T,medium,bayes_mixture,,,,,,chronos_bolt_max,38.522857962176204,0.24675324675324675,75,0,450,,0,0.0,8.769729434424809,678.6506451789942,26.05092407533741,0,450,450,450,0.9483477858413867,4.8442550999990805,2.2009668557247926,0,450,450,450,1.1948254649557013,7.342121542718201,2.709634946393739,0,450,450,450,129660.62557725816,1577347424687.9727,1255924.9279666252,0,450,450,450,0.5732217304299229,0.3815686269481627,0.6177124144358462,0,450,450,450,0.7324940720868414,0.16637798584205257,0.4078945768725696,0,450,450,450,0.4315055563613002,0.21455964649730536,0.4632058359922782,0,450,450,450,0.4315055563613002,0.21455964649730536,0.4632058359922782,0,450,450,450,0.9924470867542217,0.20323056826444055,0.738068640497952,0.41099881526840953,0.16892002615203625,0.8186661448762178
current_velocity/15T,long,chronos_t5_512,,,,,,,69.54191451426595,,,0,150,,0,0.0,12.340876048493962,1114.5076546143493,33.38424260956581,0,150,150,150,1.2496101584033912,6.575789902541387,2.5643303029331825,0,150,150,150,1.5444810670244735,9.955454282096905,3.155226502502935,0,150,150,150,79266.41723471064,134499129505.89969,366741.22962369485,0,150,150,150,0.6808794923159115,0.5118598636440937,0.7154438228429216,0,150,150,150,2.4942234177970044,47.795790747516214,6.9134499887911405,0,150,150,150,0.4848999245820195,0.24612153627485095,0.49610637596673857,0,150,150,150,0.4848999245820195,0.24612153627485095,0.49610637596673857,0,150,150,150,1.1285984948447063,0.18788879728392668,2.210018380487213,6.125694851066076,37.52413740837743,254.3833982570551
current_velocity/15T,long,chronos_bolt_512,,,,,,,1.3911517299711704,,,0,150,,0,0.0,11.845680438435002,1245.5129985091758,35.29182622802588,0,150,150,150,1.1046332987316572,6.396774139013946,2.5291844810163506,0,150,150,150,1.4055800049627578,9.870025288083893,3.1416596391213183,0,150,150,150,136199.9522020616,661318807557.102,813215.1053424316,0,150,150,150,0.605167388936054,0.39315407146674325,0.627019992876418,0,150,150,150,0.9836945696233321,0.2526217500498005,0.5026149122835498,0,150,150,150,0.4749788928345722,0.2458375666471981,0.495820095041738,0,150,150,150,0.4749788928345722,0.2458375666471981,0.495820095041738,0,150,150,150,1.1285984948447063,0.18788879728392668,0.8716071961080253,0.44534430497597727,0.19833154997453625,1.3445280064678529
current_velocity/15T,long,chronos_bolt_max,,,,,,,5.272528602741659,,,0,150,,0,0.0,10.512322845279568,878.843989119149,29.64530298578763,0,150,150,150,1.060051727580076,5.623856831357051,2.3714672317696173,0,150,150,150,1.344209197323596,8.705424479110222,2.9504956327895524,0,150,150,150,130329.3529474019,565376110022.6779,751914.9619622406,0,150,150,150,0.5983556128491458,0.3791306822474963,0.6157358867627388,0,150,150,150,0.9309765491333069,0.22138572417202285,0.47051644410373467,0,150,150,150,0.46591840704250403,0.2284753851000551,0.4779909885134396,0,150,150,150,0.46591840704250403,0.2284753851000551,0.4779909885134396,0,150,150,150,1.1285984948447063,0.18788879728392668,0.8248961463141132,0.4169033064043534,0.17380836689088217,1.1782805966737737
current_velocity/15T,long,chronos2_max,,,,,,,0.6388350902125239,,,0,150,,0,0.0,10.545652421293562,848.443951364062,29.128061235929554,0,150,150,150,1.0611316802623014,5.70335019357886,2.3881687950349866,0,150,150,150,1.341420240950977,8.746244158460586,2.957404970317827,0,150,150,150,119975.58454203015,422341953667.5772,649878.4145265769,0,150,150,150,0.5962108695618632,0.3774455951747169,0.6143660107580146,0,150,150,150,0.8343731434228315,0.17879022084973561,0.4228359266308099,0,150,150,150,0.4490240138491212,0.2099051768212349,0.45815409724374934,0,150,150,150,0.4490240138491212,0.2099051768212349,0.45815409724374934,0,150,150,150,1.1285984948447063,0.18788879728392668,0.7393002447142553,0.3746557598315702,0.1403669383749712,0.9515746730740853
current_velocity/15T,long,tsrag,all,False,False,t5,96,chronos_bolt_max,33.297694412991405,,,0,150,,413.8471140693873,0.0,11.990298567864127,1248.4627281844607,35.333592064556086,0,150,150,150,1.1049722382920921,6.407684403466145,2.531340436106164,0,150,150,150,1.4106602019058034,10.000336362623205,3.1623308433216164,0,150,150,150,148235.83497338207,795993774391.4314,892184.8319666903,0,150,150,150,0.6012421646743409,0.38768710710970783,0.6226452498089966,0,150,150,150,0.9670796195272426,0.22809672525929367,0.4775947290949657,0,150,150,150,0.47372089975716836,0.24529868680059258,0.49527637415951165,0,150,150,150,0.47372089975716836,0.24529868680059258,0.49527637415951165,0,150,150,150,1.1285984948447063,0.18788879728392668,0.8568854414964566,0.4231750540839434,0.1790771263989484,1.2139985382662655
current_velocity/15T,long,bayes_mixture,,,,,,chronos_bolt_max,33.93672871682793,0.18518518518518517,25,0,150,,0,0.0,10.465599889642975,851.7245631501945,29.18432050177277,0,150,150,150,1.0517595305186094,5.650453708151637,2.377068301112031,0,150,150,150,1.3327988352759363,8.689247154330085,2.94775289913013,0,150,150,150,125122.41434510157,481639431038.913,694002.4719256503,0,150,150,150,0.5981746981933727,0.3840219271315925,0.6196950275188534,0,150,150,150,0.8340118964185504,0.17157144566438817,0.41421183670241507,0,150,150,150,0.4497707796135925,0.21263444479150692,0.4611230256574778,0,150,150,150,0.4497707796135925,0.21263444479150692,0.4611230256574778,0,150,150,150,1.1285984948447063,0.18788879728392668,0.7389801601084975,0.36701434442317776,0.13469952901237497,0.9131542068743956
current_velocity/H,short,chronos_t5_512,,,,,,,158.40838428307325,,,0,3528,,0,0.0,7.119931253607458,647.9873296338607,25.455595252004237,0,3528,3528,3528,0.8788976637420567,3.833772453636678,1.9580021587415777,0,3528,3528,3528,1.085679103145892,5.941232138599788,2.437464284579322,0,3528,3528,3528,1914911751842.2239,1.1985638065770853e+27,34620280278719.37,0,3528,3528,3528,0.4709849725902982,0.3062044965213953,0.553357476249662,0,3528,3528,3528,1.2198869127511718,8.179400377445454,2.8599651007390725,0,3528,3528,3528,0.365265667091318,0.20863756269185374,0.456768609573659,0,3528,3528,3528,0.365265667091318,0.20863756269185374,0.456768609573659,0,3528,3528,3528,1.0337543563683367,0.3826492950103123,1.1800549184979825,2.7665809417107203,7.653970107036977,21.375710040769892
current_velocity/H,short,chronos_bolt_512,,,,,,,1.9929424691945314,,,0,3528,,0,0.0,7.077204228513139,627.8592281064114,25.057119309817146,0,3528,3528,3528,0.8590066715250301,3.857290266400479,1.963998540325445,0,3528,3528,3528,1.0643117037074095,5.94444482586457,2.438123217941327,0,3528,3528,3528,1933947063889.5957,9.352649667135064e+26,30582102064990.668,0,3528,3528,3528,0.4862197215208584,0.3057523396041521,0.5529487676124725,0,3528,3528,3528,0.855356663970497,0.23521886298440553,0.4849936731385323,0,3528,3528,3528,0.3803097366683793,0.21656502748770476,0.46536547732691214,0,3528,3528,3528,0.3803097366683793,0.21656502748770476,0.46536547732691214,0,3528,3528,3528,1.0337543563683367,0.3826492950103123,0.8274273851434443,0.46915756161101424,0.22010881761679266,0.6147113454842937
current_velocity/H,short,chronos_bolt_max,,,,,,,3.853563327342272,,,0,3528,,0,0.0,6.728454011761629,585.5946368493359,24.199062726670547,0,3528,3528,3528,0.8328298981004264,3.639871795396976,1.9078448038027034,0,3528,3528,3528,1.034119241068561,5.659051407013412,2.3788760806341744,0,3528,3528,3528,2160691041360.9495,1.2852270246003302e+27,35850063104551.58,0,3528,3528,3528,0.4753918510557046,0.2952527325018076,0.5433716338766752,0,3528,3528,3528,0.8281138846163344,0.23441513183227905,0.48416436447995537,0,3528,3528,3528,0.3649102820988478,0.19500340258018145,0.4415918959629824,0,3528,3528,3528,0.3649102820988478,0.19500340258018145,0.4415918959629824,0,3528,3528,3528,1.0337543563683367,0.3826492950103123,0.8010741425318545,0.4683553317065229,0.21935671673792703,0.612610907400108
current_velocity/H,short,chronos2_max,,,,,,,7.037085966207087,,,0,3528,,0,0.0,6.58462163291773,572.3166288925813,23.923140029949693,0,3528,3528,3528,0.7994898985997668,3.587975436863291,1.894195195026978,0,3528,3528,3528,0.9958634117134892,5.5928776981281,2.3649265735172627,0,3528,3528,3528,1990655363804.9001,1.4239557232178994e+27,37735337857476.5,0,3528,3528,3528,0.441361031504058,0.2728606003229786,0.5223606037240736,0,3528,3528,3528,0.7026019814190542,0.23193914290941176,0.48160060517965686,0,3528,3528,3528,0.3334498403727962,0.17760184774163357,0.42142834235683957,0,3528,3528,3528,0.3334498403727962,0.17760184774163357,0.42142834235683957,0,3528,3528,3528,1.0337543563683367,0.3826492950103123,0.6796604793883068,0.4658752847935355,0.21703978098145785,0.6061402593284826
current_velocity/H,short,tsrag,all,False,False,t5,24,chronos_bolt_max,151.54322040081024,,,0,3528,,658.5255054272711,0.0,6.901932307103085,592.5150623472164,24.34163228600778,0,3528,3528,3528,0.8494874757231119,3.7469102899354807,1.9356937490045993,0,3528,3528,3528,1.0525420615602046,5.79408751574968,2.407091090039943,0,3528,3528,3528,1947982490416.4927,9.108032894372298e+26,30179517713794.4,0,3528,3528,3528,0.4869766732829701,0.30394975035024907,0.5513163795410482,0,3528,3528,3528,0.8484791258536849,0.23161040664465266,0.4812591886339965,0,3528,3528,3528,0.3716510152491177,0.19728239078205015,0.44416482389091794,0,3528,3528,3528,0.3716510152491177,0.19728239078205015,0.44416482389091794,0,3528,3528,3528,1.0337543563683367,0.3826492950103123,0.8207744137925196,0.46554501624999123,0.2167321621552046,0.6052811534342715
current_velocity/H,short,bayes_mixture,,,,,,chronos_bolt_max,158.5809602783993,0.17288135593220338,588,0,3528,,0,0.0,6.529020399634462,561.2424318165184,23.69055575153353,0,3528,3528,3528,0.79738868042186,3.549865471775192,1.8841086677193521,0,3528,3528,3528,0.9937288092636853,5.5415234532738396,2.35404406357949,0,3528,3528,3528,1940964469158.7798,1.2344236748108919e+27,35134366008381.195,0,3528,3528,3528,0.44392051098226104,0.2746076011672128,0.5240301529179526,0,3528,3528,3528,0.7051444340451866,0.224964825243174,0.47430457012680577,0,3528,3528,3528,0.3334643243825669,0.1757306768312864,0.4192024294195901,0,3528,3528,3528,0.3334643243825669,0.1757306768312864,0.4192024294195901,0,3528,3528,3528,1.0337543563683367,0.3826492950103123,0.682119915336963,0.4588174813531876,0.21051348119528263,0.5879138631030569
current_velocity/H,medium,chronos_t5_512,,,,,,,136.0758676547557,,,0,504,,0,0.0,13.501757950123658,1714.099576372968,41.401685670670076,0,504,504,504,1.297571457119491,7.430718998070046,2.7259345183019428,0,504,504,504,1.6007461174663655,10.939369817540015,3.3074718165904327,0,504,504,504,2170794579800.1597,2.5760561264460518e+26,16050096966828.742,0,504,504,504,0.628932649744061,0.42049891531411815,0.6484588771187562,0,504,504,504,1.8867371897161267,10.346498801733835,3.216597395033117,0,504,504,504,0.47279345360257136,0.24141234725090255,0.4913373049656443,0,504,504,504,0.47279345360257136,0.24141234725090255,0.4913373049656443,0,504,504,504,1.8436548434542293,1.2185305146164476,1.0233679023027864,1.7446852410869782,3.0439265904667274,8.490964056809498
current_velocity/H,medium,chronos_bolt_512,,,,,,,2.4455179404467344,,,0,504,,0,0.0,11.596441845754203,1105.4636937066775,33.24851415787896,0,504,504,504,1.2023607322491139,6.07878248626469,2.4655187053163257,0,504,504,504,1.4994397102960095,9.348122400941625,3.0574699345932457,0,504,504,504,1957660511548.08,2.9975956082385224e+26,17313565803261.102,0,504,504,504,0.6493374102660375,0.4238661758125723,0.6510500563033325,0,504,504,504,1.5495761205424834,0.9908352769718378,0.995407091079744,0,504,504,504,0.5095883857786387,0.2636088014606635,0.5134284774539327,0,504,504,504,0.5095883857786387,0.2636088014606635,0.5134284774539327,0,504,504,504,1.8436548434542293,1.2185305146164476,0.8404914434196551,0.5399096770276004,0.29150245934804775,0.8131394865262931
current_velocity/H,medium,chronos_bolt_max,,,,,,,9.198366614058614,,,0,504,,0,0.0,10.843195851717557,936.9397806912432,30.609472074690267,0,504,504,504,1.1584756874850433,5.543441461426293,2.3544514141146116,0,504,504,504,1.4552588700123035,8.72541747296807,2.953881763538966,0,504,504,504,2082794964917.6562,2.857489902316546e+26,16904111636866.771,0,504,504,504,0.642466923065909,0.41741644874085265,0.6460777420255651,0,504,504,504,1.4834480338430602,1.0026613905932351,1.0013298110978397,0,504,504,504,0.48450141508272176,0.23412420107758167,0.4838638249317484,0,504,504,504,0.48450141508272176,0.23412420107758167,0.4838638249317484,0,504,504,504,1.8436548434542293,1.2185305146164476,0.8046235113421264,0.5431221655468716,0.2949816867083234,0.8228447121891234
current_velocity/H,medium,chronos2_max,,,,,,,1.0991047490388155,,,0,504,,0,0.0,10.956829718198133,1002.9430063157797,31.66927543086169,0,504,504,504,1.1121571359114966,5.868932148941252,2.4225879032433997,0,504,504,504,1.390382358884792,9.023666614300094,3.0039418460250014,0,504,504,504,2525140945340.7817,3.3156100921583545e+26,18208816798898.15,0,504,504,504,0.5614585241412083,0.34613357045447,0.5883311741310926,0,504,504,504,1.1527019569841095,0.9292738310170483,0.9639885014962826,0,504,504,504,0.4015593921255154,0.17581761350792766,0.41930610955235037,0,504,504,504,0.4015593921255154,0.17581761350792766,0.41930610955235037,0,504,504,504,1.8436548434542293,1.2185305146164476,0.625226549902602,0.5228682065511655,0.27339116142203224,0.762618432505609
current_velocity/H,medium,tsrag,all,False,False,t5,24,chronos_bolt_max,86.72405741550028,,,0,504,,646.7528015896678,0.0,11.079673307891666,994.1140422649253,31.529574089494538,0,504,504,504,1.1765281848098765,5.704920310570776,2.3884975006415177,0,504,504,504,1.4723603795401634,8.91182822065201,2.9852685340940455,0,504,504,504,2052915642294.5173,3.349396325201727e+26,18301356029545.26,0,504,504,504,0.6507700510495726,0.4253895936532025,0.6522189767656278,0,504,504,504,1.532315335411767,0.9959156814548328,0.9979557512509424,0,504,504,504,0.4924790387990797,0.23768096769350652,0.4875253508213768,0,504,504,504,0.4924790387990797,0.23768096769350652,0.4875253508213768,0,504,504,504,1.8436548434542293,1.2185305146164476,0.8311291784642597,0.5412920725341385,0.292997107788303,0.8173087743874133
current_velocity/H,medium,bayes_mixture,,,,,,chronos_bolt_max,87.82380994595587,0.12790697674418605,84,0,504,,0,0.0,10.788026397169842,967.1037585137257,31.098291890612348,0,504,504,504,1.1056970237377102,5.74897709342416,2.3977024614042834,0,504,504,504,1.3834064864835813,8.874212890324994,2.9789617134708184,0,504,504,504,2404883144299.393,3.100423657726003e+26,17608019927652.293,0,504,504,504,0.5678844488697842,0.34971248044237385,0.5913649300071605,0,504,504,504,1.160402841805362,0.8847278292359941,0.9405997178587681,0,504,504,504,0.4037720689533265,0.1751648700478265,0.41852702427421157,0,504,504,504,0.4037720689533265,0.1751648700478265,0.41852702427421157,0,504,504,504,1.8436548434542293,1.2185305146164476,0.6294035165667224,0.51018210984464,0.2602857852055283,0.726061283343796
current_velocity/H,long,chronos_t5_512,,,,,,,136.623212819919,,,0,252,,0,0.0,14.001135503016561,1503.4864035362705,38.77481661512109,0,252,252,252,1.3658095748334518,7.327087866154116,2.706859410119801,0,252,252,252,1.6994084127176523,11.113146549801032,3.3336386351554412,0,252,252,252,1983929797919.867,1.2823379491928827e+26,11324036158512.047,0,252,252,252,0.6655787426474824,0.45180269486075886,0.6721626996946192,0,252,252,252,2.2080036471436326,18.384947907821058,4.287767240396924,0,252,252,252,0.4909073777053962,0.23699950603544867,0.48682595045400845,0,252,252,252,0.4909073777053962,0.23699950603544867,0.48682595045400845,0,252,252,252,1.97807318941371,1.9703509296939952,1.1162396108296038,2.167648428452637,4.698699709373188,9.330798707353278
current_velocity/H,long,chronos_bolt_512,,,,,,,2.8629990769550204,,,0,252,,0,0.0,13.375720005187603,1563.0317651689397,39.53519653636415,0,252,252,252,1.2835685408581277,6.893276193512704,2.6255049406757367,0,252,252,252,1.6184131719512507,10.756458810042291,3.2797040735472294,0,252,252,252,1854028816878.2034,9.392829495948315e+25,9691661104242.303,0,252,252,252,0.671878827390191,0.44328546567233096,0.665796865171601,0,252,252,252,1.7015104521085875,1.737460889378954,1.3181277970587504,0,252,252,252,0.514654688725981,0.2562191526237347,0.5061809484993827,0,252,252,252,0.514654688725981,0.2562191526237347,0.5061809484993827,0,252,252,252,1.97807318941371,1.9703509296939952,0.8601857915140672,0.6663695782912038,0.4440484148719967,0.8818027607136917
current_velocity/H,long,chronos_bolt_max,,,,,,,11.181970732286572,,,0,252,,0,0.0,11.803825071102548,889.9086215297228,29.831336234398265,0,252,252,252,1.2343972653261182,5.799913882730625,2.408301036567195,0,252,252,252,1.5632188814730559,9.360171799708679,3.0594397852725717,0,252,252,252,2119241958802.574,1.1555922135104529e+26,10749847503618.146,0,252,252,252,0.6645993911194092,0.4354935772688665,0.6599193717939082,0,252,252,252,1.626693758423061,1.681650978830766,1.2967848621998816,0,252,252,252,0.48791361066670846,0.224541613088145,0.47385822045010995,0,252,252,252,0.48791361066670846,0.224541613088145,0.47385822045010995,0,252,252,252,1.97807318941371,1.9703509296939952,0.8223627756186332,0.655579818350524,0.429784898228506,0.8534779025845586
current_velocity/H,long,chronos2_max,,,,,,,0.6066123191267252,,,0,252,,0,0.0,11.70617098490503,944.7475566508399,30.73674603224681,0,252,252,252,1.1858292802811696,6.04278160686227,2.4582069902394856,0,252,252,252,1.493321314526086,9.476162436487112,3.07833760924417,0,252,252,252,2265187324714.3076,1.213997762066056e+26,11018156661012.113,0,252,252,252,0.6040750138151626,0.37359461500255736,0.611223866519099,0,252,252,252,1.3405691348227926,1.602932343341078,1.2660696439537116,0,252,252,252,0.4294313937580587,0.18539258316668444,0.4305723901583617,0,252,252,252,0.4294313937580587,0.18539258316668444,0.4305723901583617,0,252,252,252,1.97807318941371,1.9703509296939952,0.677714627546279,0.640051971145197,0.40966652576685203,0.8135263212173178
current_velocity/H,long,tsrag,all,False,False,t5,24,chronos_bolt_max,88.46083311922848,,,0,252,,643.8173198401928,0.0,12.594132391055204,1270.9663758655402,35.65061536447218,0,252,252,252,1.2524547072409162,6.368196679149808,2.5235286166694855,0,252,252,252,1.5835057783149529,10.086641841098364,3.1759473926843254,0,252,252,252,2087204509371.6023,1.1440204919024406e+26,10695889359480.307,0,252,252,252,0.6735734198335076,0.44888405092454065,0.6699880975991593,0,252,252,252,1.6596252801647087,1.6719898014808368,1.293054446448732,0,252,252,252,0.4986715784148307,0.2417594401551402,0.4916903905458599,0,252,252,252,0.4986715784148307,0.2417594401551402,0.4916903905458599,0,252,252,252,1.97807318941371,1.9703509296939952,0.839011058360592,0.6536939347689081,0.42731576035365765,0.8485746251001616
current_velocity/H,long,bayes_mixture,,,,,,chronos_bolt_max,89.06809655949473,0.1590909090909091,42,0,252,,0,0.0,11.578541714491058,925.6169119990135,30.42395293184325,0,252,252,252,1.1782374326630884,5.94940796667646,2.439140825511405,0,252,252,252,1.4860477872774163,9.370203688418954,3.061078843874975,0,252,252,252,2131745087730.0823,1.0588387369908346e+26,10289989003836.857,0,252,252,252,0.6077876220828555,0.3763746251970027,0.6134937857851559,0,252,252,252,1.3453884010963717,1.5571267666296549,1.247848855683113,0,252,252,252,0.4305390414981735,0.18444194896586888,0.4294670522471647,0,252,252,252,0.4305390414981735,0.18444194896586888,0.4294670522471647,0,252,252,252,1.97807318941371,1.9703509296939952,0.6801509713071524,0.6308405888929562,0.39795984859481187,0.7902789006583127
CPHL/15T,short,chronos_t5_512,,,,,,,7.056688208132982,,,0,240,,0,0.0,0.07145993249388789,0.0689536804400986,0.26259032815413935,0,240,240,240,0.14304919937258642,0.03304983351406007,0.18179613173568923,0,240,240,240,0.16718102225698803,0.04351043829099637,0.20859155853244965,0,240,240,240,0.19229100821756445,0.038738731291890614,0.19682157222187463,0,240,240,240,0.18541487852636995,0.024565810010731947,0.15673483981148525,0,240,240,240,0.6817097401429651,0.5701464227751972,0.7550804081521366,0,240,240,240,0.18730507891805045,0.028028482942269242,0.16741709274225627,0,240,240,240,0.18730507891805045,0.028028482942269242,0.16741709274225627,0,240,240,240,1.3686982871636935,1.2103073573379792,0.4980715958632847,0.5516777621727458,0.3043483532759287,0.4710757307376951
CPHL/15T,short,chronos_bolt_512,,,,,,,0.14157854299992323,,,0,240,,0,0.0,0.06596169725160105,0.04661334176940333,0.2159012315143277,0,240,240,240,0.14131190409281788,0.030260634365444444,0.17395584027403174,0,240,240,240,0.16409107241488338,0.039035817205334535,0.19757483950476723,0,240,240,240,0.19882263809012707,0.06222609311780087,0.2494515847169564,0,240,240,240,0.18508893789727102,0.026121400526352163,0.16162116360907738,0,240,240,240,0.667953797037442,0.5063538047831602,0.7115854163648663,0,240,240,240,0.19006666009150183,0.03813186968530857,0.19527383256675374,0,240,240,240,0.19006666009150183,0.03813186968530857,0.19527383256675374,0,240,240,240,1.3686982871636935,1.2103073573379792,0.488021212053695,0.519899398602639,0.27029538466738573,0.41836794737566857
CPHL/15T,short,chronos_bolt_max,,,,,,,0.26577042043209076,,,0,240,,0,0.0,0.0651825012460975,0.046962879973174845,0.21670920601851423,0,240,240,240,0.13870965207202568,0.029362409974071302,0.17135463219321298,0,240,240,240,0.16241370549559644,0.03880428951328715,0.19698804408716572,0,240,240,240,0.1952289023660723,0.05387294546434524,0.23210546194423182,0,240,240,240,0.18010539700734138,0.02382737526632385,0.15436118445491356,0,240,240,240,0.6561104828324199,0.4962217310472178,0.704430075342626,0,240,240,240,0.18714228160742782,0.035206280049300445,0.18763336603413702,0,240,240,240,0.18714228160742782,0.035206280049300445,0.18763336603413702,0,240,240,240,1.3686982871636935,1.2103073573379792,0.4793682354874975,0.5146715546801716,0.2648868091969048,0.4099964591958169
CPHL/15T,short,chronos2_max,,,,,,,1.0776169942691922,,,0,240,,0,0.0,0.06383973072371144,0.04183820496401417,0.20454389495659403,0,240,240,240,0.13782809829207684,0.028995421156403897,0.17028041918084386,0,240,240,240,0.1612417815518271,0.03784081860570431,0.1945271667549402,0,240,240,240,0.19451171113606952,0.06424785046648711,0.2534715969620405,0,240,240,240,0.17760429648500187,0.0235805460590893,0.15355958471905717,0,240,240,240,0.6512084034917712,0.48973057287056093,0.6998075255886871,0,240,240,240,0.18592466527239743,0.039756793293631056,0.19939105620270697,0,240,240,240,0.18592466527239743,0.039756793293631056,0.19939105620270697,0,240,240,240,1.3686982871636935,1.2103073573379792,0.47578667234343375,0.5112942217812475,0.2614217812268915,0.404633227998963
CPHL/15T,short,tsrag,all,False,False,t5,96,chronos_bolt_max,4.177017824724317,,,140,240,,38.10773401148617,0.5833333333333334,0.06506746315610447,0.0444778967952908,0.21089783497061035,0,240,240,240,0.14027417469769715,0.029098166772811927,0.1705818477236424,0,240,240,240,0.16373454060212075,0.03825846336991692,0.19559770798738138,0,240,240,240,0.19775258459253978,0.05541191207342997,0.2353973493339081,0,240,240,240,0.18331015778813434,0.02509184899574761,0.15840406874745236,0,240,240,240,0.66302173797884,0.49019119332320155,0.7001365533402762,0,240,240,240,0.18978242056996947,0.036419582482041704,0.19083915343042607,0,240,240,240,0.18978242056996947,0.036419582482041704,0.19083915343042607,0,240,240,240,1.3686982871636935,1.2103073573379792,0.4844177450917961,0.5115346164355515,0.26166766381186685,0.40501380938587095
CPHL/15T,short,bayes_mixture,,,,,,chronos_bolt_max,5.254677659831941,0.4132231404958678,240,0,240,,0,0.0,0.06375785479412885,0.04272357545234259,0.20669682013118293,0,240,240,240,0.1375407230221864,0.028895957085114363,0.16998810865797162,0,240,240,240,0.1609941122596114,0.037838750611868484,0.19452185124522253,0,240,240,240,0.193875083763247,0.060057530680107545,0.24506638015057786,0,240,240,240,0.17802832772266872,0.02391197799887857,0.1546349831017502,0,240,240,240,0.649808046348168,0.4880974846431009,0.6986397388089951,0,240,240,240,0.18558275178675085,0.03796004913111375,0.19483338813230588,0,240,240,240,0.18558275178675085,0.03796004913111375,0.19483338813230588,0,240,240,240,1.3686982871636935,1.2103073573379792,0.47476354171140445,0.5104410119901314,0.2605500267215094,0.40328391105268585
CPHL/15T,medium,chronos_t5_512,,,,,,,4.816196445375681,,,0,30,,0,0.0,0.1512283403935484,0.07833443632032708,0.2798828975130976,0,30,30,30,0.2438202671794907,0.03574918397170824,0.18907454607034824,0,30,30,30,0.3030685826287905,0.059377774616924395,0.24367555194751153,0,30,30,30,0.3980063324278897,0.14553671788257364,0.3814927494495454,0,30,30,30,0.3217537060978479,0.02435004396502365,0.15604500621623124,0,30,30,30,1.1967010497168664,0.6156909686853042,0.7846597789394485,0,30,30,30,0.329453201864868,0.03482070390308686,0.18660306509563784,0,30,30,30,0.329453201864868,0.03482070390308686,0.18660306509563784,0,30,30,30,1.37281934883039,0.6233469173388662,0.8717105063651877,0.5715681233717753,0.32669011965473294,0.9877179970886099
CPHL/15T,medium,chronos_bolt_512,,,,,,,0.08338964357972145,,,0,30,,0,0.0,0.12414559600977802,0.044352344966371006,0.21059996430762046,0,30,30,30,0.22185985561536506,0.023984407074573205,0.15486899972096807,0,30,30,30,0.28073609276095923,0.04533284223108812,0.2129151056902448,0,30,30,30,0.3586792857482972,0.08211905809950264,0.28656423032106193,0,30,30,30,0.30218942735122106,0.020135830929364378,0.14190077846637902,0,30,30,30,1.0949430199700383,0.4067377817340831,0.6377599718813365,0,30,30,30,0.3038303215665337,0.025071917721839657,0.15834114349037542,0,30,30,30,0.3038303215665337,0.025071917721839657,0.15834114349037542,0,30,30,30,1.37281934883039,0.6233469173388662,0.7975871121738662,0.46456219634775187,0.21581803427544718,0.6525062856980021
CPHL/15T,medium,chronos_bolt_max,,,,,,,0.2781829982995987,,,0,30,,0,0.0,0.12374215644079609,0.05243777312357549,0.228992954309899,0,30,30,30,0.21652415003387895,0.02686790712794444,0.16391432862304758,0,30,30,30,0.2740136464179637,0.04865867801752726,0.2205871211506403,0,30,30,30,0.3424364803547388,0.07316172779338964,0.27048424684885003,0,30,30,30,0.2924205023551521,0.021263814633471535,0.1458211734744702,0,30,30,30,1.063731269260882,0.46669783975210055,0.6831528670452175,0,30,30,30,0.29154221254026724,0.02426281679720634,0.15576526184360343,0,30,30,30,0.29154221254026724,0.02426281679720634,0.15576526184360343,0,30,30,30,1.37281934883039,0.6233469173388662,0.774851600224863,0.4976276504459584,0.24763327848836494,0.7486967959101858
CPHL/15T,medium,chronos2_max,,,,,,,0.13106964528560638,,,0,30,,0,0.0,0.12381329163764764,0.043599554261845024,0.2088050628261801,0,30,30,30,0.2186489219016978,0.026554299824616965,0.16295490119851247,0,30,30,30,0.2766424426432396,0.047282250566029485,0.21744482188828845,0,30,30,30,0.3433816903417899,0.07983187645492187,0.28254535291687577,0,30,30,30,0.29421017632247354,0.021525629777824167,0.14671615377259645,0,30,30,30,1.0652255105006003,0.4463123483134693,0.668066125704237,0,30,30,30,0.2928304434763275,0.025895212909751223,0.1609198959412764,0,30,30,30,0.2928304434763275,0.025895212909751223,0.1609198959412764,0,30,30,30,1.37281934883039,0.6233469173388662,0.7759400473253437,0.48663804620281154,0.23681658801208974,0.7159935116368649
CPHL/15T,medium,tsrag,all,False,False,t5,96,chronos_bolt_max,0.7605767156928778,,,25,30,,37.0890581831336,0.8333333333333334,0.13029056580997941,0.05413577101264545,0.23267095008325697,0,30,30,30,0.2241435280569682,0.02844320114965182,0.16865112258639675,0,30,30,30,0.2822034203817157,0.050651795334840134,0.22505953731144152,0,30,30,30,0.35125074277333,0.07720626483087044,0.27786015337012687,0,30,30,30,0.30289699342420034,0.02401152325702791,0.15495652053730397,0,30,30,30,1.0973020360052201,0.4814510729560911,0.6938667544680975,0,30,30,30,0.3030981311352479,0.027720748780264613,0.16649549177159306,0,30,30,30,0.3030981311352479,0.027720748780264613,0.16649549177159306,0,30,30,30,1.37281934883039,0.6233469173388662,0.7993054854159041,0.5054319456228934,0.2554614516561434,0.7723645686922727
CPHL/15T,medium,bayes_mixture,,,,,,chronos_bolt_max,0.8916882611811161,0.46875,30,0,30,,0,0.0,0.12356802979329533,0.04706273639466806,0.21693947633998764,0,30,30,30,0.21708887314598202,0.026399457888161563,0.16247909985029324,0,30,30,30,0.27491559071139254,0.04798944777710142,0.21906493963457827,0,30,30,30,0.34111354236938923,0.07524540207209843,0.2743089536856178,0,30,30,30,0.29244426417422836,0.021408724642632045,0.14631720555912775,0,30,30,30,1.0598848993950094,0.45063457565499404,0.6712932113875382,0,30,30,30,0.29136606959581596,0.025049906592946314,0.1582716228290666,0,30,30,30,0.29136606959581596,0.025049906592946314,0.1582716228290666,0,30,30,30,1.37281934883039,0.6233469173388662,0.7720497968636636,0.4889887456492104,0.2391099933715882,0.7229274150882155
CPHL/15T,long,chronos_t5_512,,,,,,,5.400829935446382,,,0,10,,0,0.0,0.1291683737091524,0.02081869802621053,0.14428686019943232,0,10,10,10,0.22901280386471834,0.016406839404175554,0.12808918535214264,0,10,10,10,0.30646898655627763,0.035245133988320534,0.18773687434364228,0,10,10,10,0.38413198528699305,0.05337562472951666,0.23103165309004015,0,10,10,10,0.30807325510628114,0.013674547668493724,0.11693822158940902,0,10,10,10,1.1536607640109615,0.2741434313945874,0.5235870810042847,0,10,10,10,0.3147461832504251,0.01670802443894316,0.12925952359088735,0,10,10,10,0.3147461832504251,0.01670802443894316,0.12925952359088735,0,10,10,10,1.556704626979664,0.9348312901421038,0.7410916265144706,0.3363432419547402,0.1131267764086249,0.2932544452517361
CPHL/15T,long,chronos_bolt_512,,,,,,,0.1292598694562912,,,0,10,,0,0.0,0.14358374216048805,0.023115100180424394,0.15203650936674518,0,10,10,10,0.24939700621425417,0.017563208599524264,0.1325262562646522,0,10,10,10,0.32875963127298186,0.03550084700574108,0.18841668452061533,0,10,10,10,0.38220120966001786,0.04073855623455854,0.20183794547745115,0,10,10,10,0.34282286407437257,0.014389179091356289,0.11995490440726586,0,10,10,10,1.2661584238277013,0.2782631115091515,0.5275065037600498,0,10,10,10,0.34337829833734157,0.015405527863456225,0.12411900685816103,0,10,10,10,0.34337829833734157,0.015405527863456225,0.12411900685816103,0,10,10,10,1.556704626979664,0.9348312901421038,0.8133581681993945,0.33886101102141897,0.11482678479045823,0.2976613154089576
CPHL/15T,long,chronos_bolt_max,,,,,,,0.3929856764152646,,,0,10,,0,0.0,0.1346447031319494,0.020961337527612447,0.14478030780327983,0,10,10,10,0.2400734503410412,0.016042245129177186,0.12665798486150484,0,10,10,10,0.31640828972035695,0.03453049732818804,0.18582383412304257,0,10,10,10,0.3809492650564644,0.03521770538211773,0.18766380946287362,0,10,10,10,0.3273499568641765,0.012892339217630725,0.1135444371936852,0,10,10,10,1.202757658522571,0.23706053555269965,0.48688862746289285,0,10,10,10,0.3301056633935952,0.014000862012244781,0.11832523827250373,0,10,10,10,0.3301056633935952,0.014000862012244781,0.11832523827250373,0,10,10,10,1.556704626979664,0.9348312901421038,0.7726306183441974,0.31276879314450273,0.09782431796506874,0.25358643645385903
CPHL/15T,long,chronos2_max,,,,,,,0.04570642299950123,,,0,10,,0,0.0,0.1268142311361365,0.018094464913121618,0.1345156679094358,0,10,10,10,0.23033303058067314,0.013733871900939169,0.11719160337216643,0,10,10,10,0.30966390312410425,0.030922498238081873,0.17584794067057447,0,10,10,10,0.36756569197425054,0.02840280098530635,0.16853130565359764,0,10,10,10,0.3148897380482458,0.008588733741980548,0.09267542145564027,0,10,10,10,1.1569175338572653,0.18150598078269312,0.4260351872588614,0,10,10,10,0.31478368590267736,0.008814862461987167,0.09388749896544889,0,10,10,10,0.31478368590267736,0.008814862461987167,0.09388749896544889,0,10,10,10,1.556704626979664,0.9348312901421038,0.7431837188676761,0.27367760066690344,0.07489942910679308,0.19415907736154445
CPHL/15T,long,tsrag,all,False,False,t5,96,chronos_bolt_max,0.41740243695676327,,,10,10,,36.73229745961726,1.0,0.1346447031319494,0.020961337527612447,0.14478030780327983,0,10,10,10,0.2400734503410412,0.016042245129177186,0.12665798486150484,0,10,10,10,0.31640828972035695,0.03453049732818804,0.18582383412304257,0,10,10,10,0.3809492650564644,0.03521770538211773,0.18766380946287362,0,10,10,10,0.3273499568641765,0.012892339217630725,0.1135444371936852,0,10,10,10,1.202757658522571,0.23706053555269965,0.48688862746289285,0,10,10,10,0.3301056633935952,0.014000862012244781,0.11832523827250373,0,10,10,10,0.3301056633935952,0.014000862012244781,0.11832523827250373,0,10,10,10,1.556704626979664,0.9348312901421038,0.7726306183441974,0.31276879314450273,0.09782431796506874,0.25358643645385903
CPHL/15T,long,bayes_mixture,,,,,,chronos_bolt_max,0.4631514009088278,0.5,10,0,10,,0,0.0,0.12784517028837933,0.0186746219643599,0.13665512052008846,0,10,10,10,0.23194135129889829,0.014442393106417983,0.12017650813040785,0,10,10,10,0.30937535619915213,0.032132059265027074,0.17925417502816238,0,10,10,10,0.3691771250698262,0.03144136929605434,0.17731714326611045,0,10,10,10,0.3165436144434146,0.010506906347372535,0.1025032016444976,0,10,10,10,1.1637506714155825,0.203108768399839,0.4506759017296565,0,10,10,10,0.3180818098305747,0.011145058466315205,0.10557015897646078,0,10,10,10,0.3180818098305747,0.011145058466315205,0.10557015897646078,0,10,10,10,1.556704626979664,0.9348312901421038,0.7475732076890558,0.28950636743725944,0.08381393678671746,0.21726783275404102
CPHL/30T,short,chronos_t5_512,,,,,,,7.0613679476082325,,,0,240,,0,0.0,0.9370864709992937,3.279254970197694,1.8108713290009575,0,240,240,240,0.533274163966023,0.4055992666887469,0.6368667574059326,0,240,240,240,0.646037640795964,0.5197218376740783,0.7209173584219473,0,240,240,240,0.38221403653290503,0.4013159884055051,0.633495057917191,0,240,240,240,0.34702943723753216,0.06367098724985211,0.2523311063857409,0,240,240,240,1.5878959520509202,1.782066476547757,1.3349406266002084,0,240,240,240,0.32207597972005075,0.046988323946185254,0.2167679034040447,0,240,240,240,0.32207597972005075,0.046988323946185254,0.2167679034040447,0,240,240,240,1.9158052500490743,2.00872837438365,0.8288399627312042,0.6968039296092404,0.48553571631887926,0.8871614994210251
CPHL/30T,short,chronos_bolt_512,,,,,,,0.14098002575337887,,,0,240,,0,0.0,0.6480923255416434,0.9735256607832532,0.9866740397837845,0,240,240,240,0.47122927904591894,0.24474824639392936,0.49472037192127977,0,240,240,240,0.5679188109499472,0.3255605497108415,0.5705791353623452,0,240,240,240,0.4142735915232773,0.9076666089827323,0.952715387186925,0,240,240,240,0.3079968719543233,0.037196336434327834,0.19286351763443452,0,240,240,240,1.4391982021923246,0.9987381115901673,0.9993688566241032,0,240,240,240,0.30872923742882225,0.05588767865110085,0.23640575003815126,0,240,240,240,0.30872923742882225,0.05588767865110085,0.23640575003815126,0,240,240,240,1.9158052500490743,2.00872837438365,0.751223644551271,0.521644283310375,0.27211275831039483,0.49719918547803466
CPHL/30T,short,chronos_bolt_max,,,,,,,0.2668905146420002,,,0,240,,0,0.0,0.6438649783230003,0.8603642211141345,0.9275582036261306,0,240,240,240,0.46575399134229145,0.2367825289194587,0.48660305066805604,0,240,240,240,0.5678855038784657,0.32137103280770146,0.5668959629488478,0,240,240,240,0.3935799343094089,0.8983899592146536,0.9478343522022472,0,240,240,240,0.29989938805073313,0.036536030261034386,0.19114400398922898,0,240,240,240,1.4040590012176901,0.9818205742719884,0.9908685958652582,0,240,240,240,0.2962398617130301,0.05053038268572119,0.22478964096621798,0,240,240,240,0.2962398617130301,0.05053038268572119,0.22478964096621798,0,240,240,240,1.9158052500490743,2.00872837438365,0.7328819049753228,0.5172073705507784,0.2675034641520502,0.4887771720620247
CPHL/30T,short,chronos2_max,,,,,,,1.0749156894162297,,,0,240,,0,0.0,0.6416899157663604,0.8870664569311466,0.9418420551935163,0,240,240,240,0.4646460938772213,0.24085878735928354,0.49077366204726547,0,240,240,240,0.5627357928171155,0.325018343248853,0.570103800416076,0,240,240,240,0.3676987261080813,0.6596107297389555,0.8121642258428744,0,240,240,240,0.29240055227218703,0.03707540135329885,0.19254973734933747,0,240,240,240,1.3695101582901847,1.0131518470345189,1.006554443154725,0,240,240,240,0.2852333266609696,0.04320694576616468,0.207862805153218,0,240,240,240,0.2852333266609696,0.04320694576616468,0.207862805153218,0,240,240,240,1.9158052500490743,2.00872837438365,0.7148483167874731,0.5253949706677866,0.2760398752030045,0.5043747377469043
CPHL/30T,short,tsrag,all,False,False,t5,48,chronos_bolt_max,4.777799088507891,,,216,240,,54.50600020959973,0.9,0.6441107038095534,0.8600604995542209,0.9273944681494606,0,240,240,240,0.466768046540143,0.23605701583896044,0.4858569911393274,0,240,240,240,0.5688598025797317,0.32050922881850213,0.5661353449648786,0,240,240,240,0.39662953727894035,0.8980996904627511,0.947681217742945,0,240,240,240,0.3024715859589896,0.03640067624704778,0.19078961252397306,0,240,240,240,1.4154874985689185,0.9776068829324729,0.9887400482090694,0,240,240,240,0.2990330511719169,0.05072953819687175,0.22523218730206337,0,240,240,240,0.2990330511719169,0.05072953819687175,0.22523218730206337,0,240,240,240,1.9158052500490743,2.00872837438365,0.738847280292535,0.5160963246048847,0.26635541627067055,0.48667948110825976
CPHL/30T,short,bayes_mixture,,,,,,chronos_bolt_max,5.8527644677087665,0.3817427385892116,239,0,240,,0,0.0,0.6353705536154604,0.8449443225089738,0.9192085304809643,0,240,240,240,0.4624281970452248,0.23707428453093024,0.48690274648119436,0,240,240,240,0.5615821442793174,0.31999604884210414,0.5656819325752804,0,240,240,240,0.37417960751691454,0.7461638667508151,0.8638077718745156,0,240,240,240,0.2917834350709987,0.037017079292978296,0.19239823100272593,0,240,240,240,1.3687206412060726,1.0005162814727784,1.0002581074266674,0,240,240,240,0.2862194816176042,0.045967922239647484,0.2144013111891984,0,240,240,240,0.2862194816176042,0.045967922239647484,0.2144013111891984,0,240,240,240,1.9158052500490743,2.00872837438365,0.7144362096152582,0.5221084488629757,0.27259723237410244,0.49808440714627367
CPHL/30T,medium,chronos_t5_512,,,,,,,4.797814769670367,,,0,60,,0,0.0,1.1476792991053812,3.3071732594351455,1.8185635153700697,0,60,60,60,0.6212391394749274,0.4292151776304775,0.6551451576791799,0,60,60,60,0.7561987572140029,0.5758427386933789,0.7588430263851536,0,60,60,60,0.4568835965470441,0.259303943922531,0.5092189547950183,0,60,60,60,0.42616890719976863,0.06432503167738318,0.25362379950900343,0,60,60,60,1.8774526326844299,1.6321821574367477,1.2775688464567174,0,60,60,60,0.3857497360498511,0.04466147414914703,0.21133261496784406,0,60,60,60,0.3857497360498511,0.04466147414914703,0.21133261496784406,0,60,60,60,1.893340926882399,1.4876388063522994,0.9916083289742587,0.6747695717751053,0.455313974993559,1.0971629339509297
CPHL/30T,medium,chronos_bolt_512,,,,,,,0.035725963301956654,,,0,60,,0,0.0,0.7502302610938804,0.9788490542729914,0.9893680075042812,0,60,60,60,0.5177844983003577,0.2558863004657012,0.5058520539304958,0,60,60,60,0.6308562040757337,0.3522507108730365,0.5935071279041529,0,60,60,60,0.4850976909004106,0.5509335281725882,0.7422489664341664,0,60,60,60,0.34212872223375956,0.03620178930454324,0.19026767803424532,0,60,60,60,1.5799987435894587,0.8918213121430291,0.9443629133670112,0,60,60,60,0.34122511664826477,0.057060015031373146,0.23887238231192226,0,60,60,60,0.34122511664826477,0.057060015031373146,0.23887238231192226,0,60,60,60,1.893340926882399,1.4876388063522994,0.8345030317340185,0.49878122844046474,0.2487827138445791,0.5994877979351595
CPHL/30T,medium,chronos_bolt_max,,,,,,,0.06728492025285959,,,0,60,,0,0.0,0.7535944131766119,0.889724673215213,0.9432521790142936,0,60,60,60,0.519521413692265,0.24692745168026003,0.49691795266448163,0,60,60,60,0.6372316733740699,0.3475302076254945,0.5895169273443253,0,60,60,60,0.4635155018241532,0.5120345286193255,0.7155658799994068,0,60,60,60,0.34317755401077066,0.03506659071833744,0.18726075594832314,0,60,60,60,1.5695327977810325,0.8726574849807649,0.934161380587297,0,60,60,60,0.33596152841655086,0.0502528821400356,0.22417154623197744,0,60,60,60,0.33596152841655086,0.0502528821400356,0.22417154623197744,0,60,60,60,1.893340926882399,1.4876388063522994,0.8289752656250063,0.4933931165400306,0.2434367674490842,0.5866057548744155
CPHL/30T,medium,chronos2_max,,,,,,,0.2621066980063915,,,0,60,,0,0.0,0.7479045419232223,0.8983644806781063,0.947820911711757,0,60,60,60,0.5134040757985227,0.24871994374302736,0.4987183009906769,0,60,60,60,0.6303312481636637,0.3505870595116602,0.5921039262761734,0,60,60,60,0.43116000270826216,0.40788507124402007,0.6386588065970906,0,60,60,60,0.33241261026949565,0.037054562850580966,0.19249561774383583,0,60,60,60,1.5182478428276724,0.916682022030601,0.957435126800036,0,60,60,60,0.3229359184521023,0.047594107962107265,0.21816073881912681,0,60,60,60,0.3229359184521023,0.047594107962107265,0.21816073881912681,0,60,60,60,1.893340926882399,1.4876388063522994,0.8018882501672004,0.5056855388303266,0.2557178641821178,0.6161993207735093
CPHL/30T,medium,tsrag,all,False,False,t5,48,chronos_bolt_max,1.2633618079125881,,,52,60,,53.702396895736456,0.8666666666666667,0.753816861394378,0.8893939505875409,0.9430768529592596,0,60,60,60,0.5207404831429447,0.2458265841116863,0.4958090197966212,0,60,60,60,0.6385432124495325,0.34607942722900925,0.588285158090028,0,60,60,60,0.46811198468611553,0.5098842708687072,0.7140618116582816,0,60,60,60,0.3465941854108809,0.034054978949433094,0.184539911535237,0,60,60,60,1.5831470820545672,0.8506152308076393,0.9222880411279544,0,60,60,60,0.3394348623049685,0.04928657047608534,0.22200578928506648,0,60,60,60,0.3394348623049685,0.04928657047608534,0.22200578928506648,0,60,60,60,1.893340926882399,1.4876388063522994,0.8361658798879918,0.48712201169527686,0.2372878542780535,0.5717888153868167
CPHL/30T,medium,bayes_mixture,,,,,,chronos_bolt_max,1.5255110673606396,0.41935483870967744,60,0,60,,0,0.0,0.7430753910569508,0.8740970184115453,0.9349315581429184,0,60,60,60,0.5124953673037556,0.24670804869793703,0.496697139812519,0,60,60,60,0.6293570305176587,0.34698511919494546,0.5890544280412001,0,60,60,60,0.440616616611864,0.4514994586752624,0.6719370942843255,0,60,60,60,0.3322835019410512,0.036888324733632204,0.1920633352142782,0,60,60,60,1.519078560442953,0.9101588653488938,0.9540224658512471,0,60,60,60,0.3244837663787382,0.04934765982467271,0.2221433317132718,0,60,60,60,0.3244837663787382,0.04934765982467271,0.2221433317132718,0,60,60,60,1.893340926882399,1.4876388063522994,0.8023270077113309,0.5038830842906636,0.253898162634272,0.6118144145356154
CPHL/30T,long,chronos_t5_512,,,,,,,5.018122091889381,,,0,20,,0,0.0,1.4238518345363587,3.934405552093756,1.9835336024614647,0,20,20,20,0.7241799630361662,0.47692270585839863,0.6905959063434989,0,20,20,20,0.872690738504408,0.6622627094649893,0.8137952503332698,0,20,20,20,0.638846845562333,0.41925353678439015,0.6474979048494213,0,20,20,20,0.5290131862774305,0.07652782481671525,0.27663662956433527,0,20,20,20,2.2889993375611444,1.6229652026382424,1.2739565152069525,0,20,20,20,0.4754006886942312,0.052985623712037154,0.23018606324457863,0,20,20,20,0.4754006886942312,0.052985623712037154,0.23018606324457863,0,20,20,20,2.2236567264315648,1.6073134698343936,1.0293852060675026,0.5729106026411491,0.32822655861864464,1.0097378222092928
CPHL/30T,long,chronos_bolt_512,,,,,,,0.11161088105291128,,,0,20,,0,0.0,1.0172672501827549,2.028406734988285,1.42422144871796,0,20,20,20,0.6040569232568506,0.343141616572626,0.5857829090820472,0,20,20,20,0.735923521452238,0.47568382075609217,0.689698354903136,0,20,20,20,0.6111398362190534,0.4804974308150373,0.6931792198378695,0,20,20,20,0.42366266043298617,0.05097035992160791,0.22576616203853028,0,20,20,20,1.8994332791841426,1.13236197307975,1.0641249800092798,0,20,20,20,0.40958658647820123,0.053629585146011974,0.2315806234252166,0,20,20,20,0.40958658647820123,0.053629585146011974,0.2315806234252166,0,20,20,20,2.2236567264315648,1.6073134698343936,0.8541935707101145,0.4785473258351998,0.2290075430640209,0.7045059935921651
CPHL/30T,long,chronos_bolt_max,,,,,,,0.3648988474160433,,,0,20,,0,0.0,1.0076305766385318,1.6508293850130553,1.2848460549859875,0,20,20,20,0.6105878406128887,0.3160355244195253,0.5621703695673806,0,20,20,20,0.7452930415838225,0.45216885880526647,0.6724350219948887,0,20,20,20,0.5646402561976246,0.36018794575503754,0.6001566010259635,0,20,20,20,0.4302223987387016,0.044200119471766844,0.21023824455071644,0,20,20,20,1.915943445285441,1.0665130207252753,1.0327211727883163,0,20,20,20,0.3980111013309308,0.03628567194433579,0.1904879837268897,0,20,20,20,0.3980111013309308,0.03628567194433579,0.1904879837268897,0,20,20,20,2.2236567264315648,1.6073134698343936,0.8616183525593315,0.4644247291017737,0.21569032900125584,0.6635376612846786
CPHL/30T,long,chronos2_max,,,,,,,0.08867306262254715,,,0,20,,0,0.0,0.8956668857110113,1.2039441445540269,1.097243885630732,0,20,20,20,0.5741906138662687,0.2726368920412151,0.5221464277778937,0,20,20,20,0.7054810125821362,0.3979634265970951,0.6308434247870822,0,20,20,20,0.5005524981095701,0.22290104711870812,0.4721239743104645,0,20,20,20,0.40628397499708935,0.041541942127841076,0.20381840478190646,0,20,20,20,1.7964635237217261,0.9376637173051195,0.9683303761140201,0,20,20,20,0.36924656499499575,0.028306732050270667,0.16824604616534283,0,20,20,20,0.36924656499499575,0.028306732050270667,0.16824604616534283,0,20,20,20,2.2236567264315648,1.6073134698343936,0.8078870728417775,0.43546756322769203,0.18963199862346394,0.5833732715509004
CPHL/30T,long,tsrag,all,False,False,t5,48,chronos_bolt_max,0.6261608172208071,,,18,20,,53.23831536620855,0.9,1.0077242893229592,1.6506403651100707,1.2847724954676103,0,20,20,20,0.6112688795794982,0.31528963130297216,0.5615065728047822,0,20,20,20,0.7459796595172825,0.45123863690943844,0.6717429842651417,0,20,20,20,0.5685313668727303,0.3578945100232675,0.5982428520452773,0,20,20,20,0.4323288617862534,0.04338202357583955,0.20828351729275063,0,20,20,20,1.9234192138721347,1.0480612534521403,1.023748628058734,0,20,20,20,0.40041516904875596,0.03544276875725129,0.18826249960427938,0,20,20,20,0.40041516904875596,0.03544276875725129,0.18826249960427938,0,20,20,20,2.2236567264315648,1.6073134698343936,0.86498027820992,0.4603896887005598,0.21195866546179842,0.652057780340835
CPHL/30T,long,bayes_mixture,,,,,,chronos_bolt_max,0.7148756086826324,0.36363636363636365,20,0,20,,0,0.0,0.9246924104825684,1.327151187317239,1.1520204804243885,0,20,20,20,0.5822468113773314,0.28781135073287717,0.5364805222306558,0,20,20,20,0.7131244579196651,0.4161459179993526,0.645093728073179,0,20,20,20,0.517267174644693,0.2708575243702497,0.5204397413440385,0,20,20,20,0.407879571515317,0.043665882700764345,0.20896383108271235,0,20,20,20,1.8018445349521273,1.0176961722147102,1.008809284361871,0,20,20,20,0.37279924990345686,0.032009556862356334,0.1789121484482156,0,20,20,20,0.37279924990345686,0.032009556862356334,0.1789121484482156,0,20,20,20,2.2236567264315648,1.6073134698343936,0.8103069657894792,0.4536713209240564,0.20581766742897814,0.6331659575524907
CPHL/H,short,chronos_t5_512,,,,,,,5.103468241170049,,,0,112,,0,0.0,0.40732041580239803,0.6378695042847998,0.7986673301724566,0,112,112,112,0.35165234796492395,0.15276996717211352,0.3908579884972463,0,112,112,112,0.43170249875497513,0.2209533683711087,0.47005677143416275,0,112,112,112,0.3237319617143201,0.05818651336809537,0.2412188080728685,0,112,112,112,0.30885211089264036,0.04051018044794459,0.20127140991195097,0,112,112,112,1.3127742614077669,0.7763582733332025,0.8811119527808045,0,112,112,112,0.28966984452660505,0.03070423781025238,0.17522624749235596,0,112,112,112,0.28966984452660505,0.03070423781025238,0.17522624749235596,0,112,112,112,1.5555461077967614,0.9459225828742138,0.8439314365725546,0.5664325527636018,0.3208458368302905,0.8207418740064487
CPHL/H,short,chronos_bolt_512,,,,,,,0.06966334953904152,,,0,112,,0,0.0,0.37564223909312805,0.4307826244421987,0.6563403266920286,0,112,112,112,0.35263653796187594,0.14146917093045314,0.3761238771076002,0,112,112,112,0.4258668885446698,0.19427963233440984,0.4407716328603848,0,112,112,112,0.3506197146643581,0.09538057335869306,0.3088374545917206,0,112,112,112,0.30723481476419096,0.034872647610273436,0.18674219558062777,0,112,112,112,1.3220979133087272,0.6846439698649799,0.8274321542368172,0,112,112,112,0.30217972753395234,0.04530370457785484,0.21284666917256384,0,112,112,112,0.30217972753395234,0.04530370457785484,0.21284666917256384,0,112,112,112,1.5555461077967614,0.9459225828742138,0.8499252491983765,0.5319239012521284,0.28294303672328397,0.723784358530345
CPHL/H,short,chronos_bolt_max,,,,,,,0.12892050947993994,,,0,112,,0,0.0,0.38978121530732507,0.5073853883996822,0.7123098963229995,0,112,112,112,0.3530781662225219,0.1510074793068819,0.3885968081532347,0,112,112,112,0.42886160065544704,0.20585894279057287,0.4537168090236165,0,112,112,112,0.34003440561544285,0.09271193270790137,0.3044863423996245,0,112,112,112,0.3041604595672189,0.035025858819802906,0.18715196718122656,0,112,112,112,1.3161022720607864,0.7504561174375722,0.8662887032840566,0,112,112,112,0.29899145817895306,0.04632208231627261,0.21522565441013908,0,112,112,112,0.29899145817895306,0.04632208231627261,0.21522565441013908,0,112,112,112,1.5555461077967614,0.9459225828742138,0.8460708849864197,0.5569032630675586,0.3101412444152943,0.7933589186096911
CPHL/H,short,chronos2_max,,,,,,,0.4189316416159272,,,0,112,,0,0.0,0.3634176943151262,0.4610820104230748,0.6790301984618025,0,112,112,112,0.33903066247264324,0.14295402133591012,0.37809260947010076,0,112,112,112,0.41015676873446744,0.19518911937642677,0.4418021269487357,0,112,112,112,0.3330540583476282,0.09740582553134791,0.31209906365022616,0,112,112,112,0.2883500107233773,0.03401160096401538,0.18442234399338758,0,112,112,112,1.2422315245199103,0.6781318341608336,0.8234876041330759,0,112,112,112,0.28358498479707495,0.0444336660354147,0.21079294588627653,0,112,112,112,0.28358498479707495,0.0444336660354147,0.21079294588627653,0,112,112,112,1.5555461077967614,0.9459225828742138,0.7985822588565874,0.5293881036412634,0.2802517642768931,0.7168999307536457
CPHL/H,short,tsrag,all,False,False,t5,24,chronos_bolt_max,1.9120834451168776,,,25,112,,32.243542075157166,0.22321428571428573,0.38091430885693417,0.505954588905871,0.7113048494885094,0,112,112,112,0.34773876078964633,0.14869309299833294,0.3856074337954767,0,112,112,112,0.4218362064456417,0.20296852378848415,0.4505202812177096,0,112,112,112,0.33264703141389035,0.07900476507152836,0.28107786300512594,0,112,112,112,0.30032270120087673,0.03368449856864477,0.18353337181189902,0,112,112,112,1.2984857054206238,0.7068387991935973,0.8407370571073914,0,112,112,112,0.29140226786739315,0.03935114760438741,0.19837123683736865,0,112,112,112,0.29140226786739315,0.03935114760438741,0.19837123683736865,0,112,112,112,1.5555461077967614,0.9459225828742138,0.8347458805060868,0.5404771050458874,0.2921155010787832,0.7472480433291344
CPHL/H,short,bayes_mixture,,,,,,chronos_bolt_max,2.331058028154075,0.47368421052631576,112,0,112,,0,0.0,0.3673318230520307,0.4646440504309088,0.6816480399963817,0,112,112,112,0.3406280696258267,0.14458787458008843,0.38024712303985736,0,112,112,112,0.41255195561263003,0.1971327069722253,0.4439962916199023,0,112,112,112,0.32952077774669286,0.087955744288981,0.2965733371174506,0,112,112,112,0.2905320481768968,0.03362804163519161,0.18337950167669126,0,112,112,112,1.2540825077522615,0.6871839421394849,0.8289655856182963,0,112,112,112,0.2840296709599729,0.04189207376802878,0.2046755329003171,0,112,112,112,0.2840296709599729,0.04189207376802878,0.2046755329003171,0,112,112,112,1.5555461077967614,0.9459225828742138,0.8062007943490112,0.5329096845560068,0.28399273189358265,0.7264695383965314
CPHL/H,medium,chronos_t5_512,,,,,,,4.6449817307293415,,,0,16,,0,0.0,0.5538845780825016,0.5747869141859935,0.7581470267606366,0,16,16,16,0.4633961514505597,0.16604510035592107,0.4074863192254693,0,16,16,16,0.5631097697198975,0.2367919653285057,0.4866127467797218,0,16,16,16,0.47048117148726687,0.05481333201090259,0.234122472246691,0,16,16,16,0.45381875327209126,0.03259920267422928,0.18055249284966762,0,16,16,16,1.9822122736511993,1.0610849332877714,1.0300897695287394,0,16,16,16,0.40705011304500227,0.01937524921498383,0.13919500427452067,0,16,16,16,0.40705011304500227,0.01937524921498383,0.13919500427452067,0,16,16,16,2.2276216946589162,0.6049068284587019,0.8898334391355024,0.4624168331627163,0.21382932759223539,1.754129534281185
CPHL/H,medium,chronos_bolt_512,,,,,,,0.08963807206600904,,,0,16,,0,0.0,0.5533275535880873,0.44904539239586755,0.6701084930038326,0,16,16,16,0.4809654146364333,0.1396902942513047,0.37375164782419984,0,16,16,16,0.590547979208462,0.20458063784088915,0.45230591179078034,0,16,16,16,0.5220701296678698,0.10377874016306413,0.3221470784642694,0,16,16,16,0.466353737214314,0.02639441618573115,0.16246358418344448,0,16,16,16,2.0646893674925417,0.6553189519866821,0.8095177280249533,0,16,16,16,0.455885868001899,0.04318075984952602,0.20779980714506455,0,16,16,16,0.455885868001899,0.04318075984952602,0.20779980714506455,0,16,16,16,2.2276216946589162,0.6049068284587019,0.9268581700577656,0.36340000187909066,0.13205956136572305,1.0833386583788944
CPHL/H,medium,chronos_bolt_max,,,,,,,0.3026181999593973,,,0,16,,0,0.0,0.5275454841940335,0.4406058108729003,0.6637814481234771,0,16,16,16,0.45781332847093753,0.13350167159715715,0.36537880562117603,0,16,16,16,0.5685782808079569,0.2042642227875015,0.4519559965168086,0,16,16,16,0.48826186910679126,0.10612083188848176,0.3257619251669565,0,16,16,16,0.43682129912566103,0.03035362383256752,0.17422291420065136,0,16,16,16,1.9464693816144993,0.7694014199957573,0.8771552998162625,0,16,16,16,0.4287559471241573,0.049419738752815426,0.2223055076978873,0,16,16,16,0.4287559471241573,0.049419738752815426,0.2223055076978873,0,16,16,16,2.2276216946589162,0.6049068284587019,0.8737881240254909,0.393763133982482,0.15504940568370607,1.2719337653307474
CPHL/H,medium,chronos2_max,,,,,,,0.07592638023197651,,,0,16,,0,0.0,0.4790306716304098,0.39732569454610767,0.630337762272028,0,16,16,16,0.43699723941112556,0.1256347021035441,0.35444985837709697,0,16,16,16,0.539970390941852,0.18746264853651334,0.4329695699890621,0,16,16,16,0.46303291936128044,0.06273933357206907,0.2504782097749604,0,16,16,16,0.41312593405895437,0.021054502978715323,0.1451016987451054,0,16,16,16,1.8356686518765377,0.557099563078292,0.7463910255879903,0,16,16,16,0.3947087811761935,0.022823119865272978,0.15107322683147062,0,16,16,16,0.3947087811761935,0.022823119865272978,0.15107322683147062,0,16,16,16,2.2276216946589162,0.6049068284587019,0.8240486507551307,0.33506184078633444,0.11226643715112693,0.9209675554461462
CPHL/H,medium,tsrag,all,False,False,t5,24,chronos_bolt_max,0.8644901812076569,,,5,16,,31.309909369796515,0.3125,0.5137286884273335,0.4380644975662755,0.6618644102580796,0,16,16,16,0.4549879987199395,0.1251336717172291,0.35374238043699135,0,16,16,16,0.5662864024833354,0.1930483987898153,0.4393727333253798,0,16,16,16,0.4891665183011671,0.07357738342054705,0.27125151321337737,0,16,16,16,0.4490455846124044,0.025871020673207998,0.16084470980796353,0,16,16,16,1.982215666957793,0.6308886238926368,0.7942849764993901,0,16,16,16,0.433104496368901,0.029764646282868124,0.17252433533524517,0,16,16,16,0.433104496368901,0.029764646282868124,0.17252433533524517,0,16,16,16,2.2276216946589162,0.6049068284587019,0.8898349624222444,0.3565618787084975,0.1271363733481333,1.0429517310957397
CPHL/H,medium,bayes_mixture,,,,,,chronos_bolt_max,0.9404586739838123,0.5,16,0,16,,0,0.0,0.4918685355604864,0.41037049153955185,0.6406016637033906,0,16,16,16,0.442307294950558,0.12563008258986377,0.35444334186138093,0,16,16,16,0.5488914413840849,0.19058672113578806,0.43656239088564197,0,16,16,16,0.4688758178891143,0.06550003695823037,0.25592975004526214,0,16,16,16,0.4242270753419966,0.023747818216075363,0.15410327126987072,0,16,16,16,1.877508702278981,0.607883762639489,0.7796690083872059,0,16,16,16,0.40647275505553093,0.025104140129428784,0.15844286077141118,0,16,16,16,0.40647275505553093,0.025104140129428784,0.15844286077141118,0,16,16,16,2.2276216946589162,0.6049068284587019,0.8428310366973943,0.3500006353217822,0.1225004447256512,1.0049213102592547
CPHL/H,long,chronos_t5_512,,,,,,,5.284262917935848,,,0,8,,0,0.0,0.5581285479052406,0.5245546268698512,0.7242614354429284,0,8,8,8,0.4704664748078789,0.14938549202837237,0.38650419406310765,0,8,8,8,0.5877993917353341,0.21262042298081185,0.46110782142662887,0,8,8,8,0.46767153031872555,0.0242215359119944,0.1556326955109189,0,8,8,8,0.48045357390372523,0.04210533712854525,0.2051958506611312,0,8,8,8,2.1150121898179646,1.1483334634490403,1.071603221089336,0,8,8,8,0.42276538538668584,0.02170658870093329,0.14733156043744766,0,8,8,8,0.42276538538668584,0.02170658870093329,0.14733156043744766,0,8,8,8,2.524261882033793,1.3278778683794659,0.8378735205215329,0.4245214130579618,0.18021843014472863,0.8647884649591001
CPHL/H,long,chronos_bolt_512,,,,,,,0.13353288918733597,,,0,8,,0,0.0,0.5808653660371181,0.4305307038638261,0.6561483855530135,0,8,8,8,0.49730589617156024,0.12999019770135323,0.3605415339476899,0,8,8,8,0.6230483334715878,0.19267614019539528,0.43894890385487384,0,8,8,8,0.5224818226218607,0.05025062928097497,0.22416652132059098,0,8,8,8,0.5171839104615567,0.046523794426902194,0.21569375147857714,0,8,8,8,2.2831392700134323,1.1964055385610899,1.0938032449033464,0,8,8,8,0.46640146249342296,0.030952346276409203,0.17593278908835955,0,8,8,8,0.46640146249342296,0.030952346276409203,0.17593278908835955,0,8,8,8,2.524261882033793,1.3278778683794659,0.9044779728535579,0.4333160725867599,0.1877628187620142,0.9009906460909511
CPHL/H,long,chronos_bolt_max,,,,,,,0.3709530849009752,,,0,8,,0,0.0,0.5424804660588955,0.40400391115119966,0.6356130199667087,0,8,8,8,0.4768431089243713,0.12106635413997964,0.3479459069165488,0,8,8,8,0.6003659323034847,0.18204121338826312,0.4266628802559031,0,8,8,8,0.5200424688236307,0.05882278475818181,0.24253408988878616,0,8,8,8,0.4744034590644533,0.025610774560458224,0.16003366695935647,0,8,8,8,2.1537965293959545,0.703093886610356,0.838506938916045,0,8,8,8,0.44877944571092643,0.024834978451781484,0.1575911750441042,0,8,8,8,0.44877944571092643,0.024834978451781484,0.1575911750441042,0,8,8,8,2.524261882033793,1.3278778683794659,0.853238146455963,0.3321790599002594,0.11034292783622013,0.5294868627251146
CPHL/H,long,chronos2_max,,,,,,,0.04224270861595869,,,0,8,,0,0.0,0.5238753640478321,0.4538228588266539,0.6736637579881034,0,8,8,8,0.4663776120435448,0.11705738840083212,0.3421365055074248,0,8,8,8,0.5840168506503336,0.18279968220429807,0.4275507948820796,0,8,8,8,0.513104837527202,0.039243895647215504,0.19810072096591547,0,8,8,8,0.47270296222571695,0.020005143259709868,0.14143953923747726,0,8,8,8,2.139118123635133,0.509161883021685,0.7135558023180002,0,8,8,8,0.4463565503752142,0.015330319473901514,0.12381566732001857,0,8,8,8,0.4463565503752142,0.015330319473901514,0.12381566732001857,0,8,8,8,2.524261882033793,1.3278778683794659,0.8474232166084327,0.28267899119210627,0.07990741206138688,0.383440296089175
CPHL/H,long,tsrag,all,False,False,t5,24,chronos_bolt_max,0.9005194995552301,,,2,8,,30.797655461356044,0.25,0.5356445796281115,0.40534900985993,0.6366702520614027,0,8,8,8,0.4765403788738125,0.1188074005557049,0.3446844942200112,0,8,8,8,0.5959228367472778,0.18052055227118907,0.4248771025498892,0,8,8,8,0.5033531537453839,0.04078091000376407,0.20194283845624253,0,8,8,8,0.5047306660539426,0.04554715444784907,0.21341779318475082,0,8,8,8,2.221909491047237,1.2024475233362495,1.096561682412918,0,8,8,8,0.4502960376680817,0.02752879464373259,0.16591803592054902,0,8,8,8,0.4502960376680817,0.02752879464373259,0.16591803592054902,0,8,8,8,2.524261882033793,1.3278778683794659,0.8802214646829941,0.4344088425284227,0.188711042466884,0.9055407518793195
CPHL/H,long,bayes_mixture,,,,,,chronos_bolt_max,0.9428048292174935,0.4,8,0,8,,0,0.0,0.5238185329237314,0.4290430830017493,0.6550138036726778,0,8,8,8,0.46611354091804463,0.11800524353133895,0.3435189129165073,0,8,8,8,0.5845880157557486,0.18207538475848795,0.42670292330670523,0,8,8,8,0.5010015872890765,0.03579828160035994,0.1892043382175999,0,8,8,8,0.4763134064004913,0.025461739096226284,0.15956734971862596,0,8,8,8,2.1359616387568403,0.734077811722152,0.8567834100413897,0,8,8,8,0.4389587691063507,0.017781325856417084,0.1333466379644312,0,8,8,8,0.4389587691063507,0.017781325856417084,0.1333466379644312,0,8,8,8,2.524261882033793,1.3278778683794659,0.8461727580483448,0.33941938280630407,0.11520551742461238,0.5528202775289991
Coastal_T_S/15T,short,chronos_t5_512,,,,,,,51.870088420808315,,,0,1800,,0,0.0,193.31285066783406,252723.5848156888,502.71620703503163,0,1800,1800,1800,4.727047474207701,89.85119764236258,9.478987163318799,0,1800,1800,1800,6.316572962900868,153.4137566721838,12.386030706896532,0,1800,1800,1800,0.1503355396659428,0.0982363459187905,0.31342677919857215,0,1800,1800,1800,0.11520098522639184,0.04030987140010321,0.20077318396664234,0,1800,1800,1800,1.8291945619295302,2.09837161775352,1.4485757204072973,0,1800,1800,1800,0.11827146211049142,0.046865827475848346,0.21648516687257893,0,1800,1800,1800,0.11827146211049142,0.046865827475848346,0.21648516687257893,0,1800,1800,1800,1.447975868226236,1.6108624064484944,1.2632769661902483,1.0004142694600264,1.0008287105392382,1.3026386421046652
Coastal_T_S/15T,short,chronos_bolt_512,,,,,,,1.0183722544461489,,,0,1800,,0,0.0,116.17015222287444,86021.29129684911,293.29386508559827,0,1800,1800,1800,4.672748472293218,82.87528245259087,9.103586241289246,0,1800,1800,1800,4.922117419809836,91.942912328479,9.588686684237784,0,1800,1800,1800,0.13377361339040691,0.060227139326307445,0.24541218251404603,0,1800,1800,1800,0.11968648369700872,0.04227244841754626,0.2056026469127921,0,1800,1800,1800,1.136896145217425,1.2898116091595446,1.135698731688798,0,1800,1800,1800,0.1152320901792633,0.03885260450543792,0.1971106402643904,0,1800,1800,1800,0.1152320901792633,0.03885260450543792,0.1971106402643904,0,1800,1800,1800,1.447975868226236,1.6108624064484944,0.7851623567526148,0.7843353999262598,0.615182019577486,0.8006963251462439
Coastal_T_S/15T,short,chronos_bolt_max,,,,,,,1.9480617428198457,,,0,1800,,0,0.0,113.62182908698965,82597.74258371454,287.398229959258,0,1800,1800,1800,4.677803277395389,82.90467917077038,9.105200666145166,0,1800,1800,1800,4.868396987803387,89.92053985613657,9.482644138431883,0,1800,1800,1800,0.13438452700782927,0.05973452314560362,0.24440647116147235,0,1800,1800,1800,0.1200143172769888,0.04250902805593155,0.20617717637006175,0,1800,1800,1800,1.1376097260761215,1.2811971764137435,1.1318998084697,0,1800,1800,1800,0.11538371195158005,0.038894265511611965,0.19721629119221354,0,1800,1800,1800,0.11538371195158005,0.038894265511611965,0.19721629119221354,0,1800,1800,1800,1.447975868226236,1.6108624064484944,0.7856551694260543,0.7817117904432153,0.6110733233179372,0.7953486103375077
Coastal_T_S/15T,short,chronos2_max,,,,,,,8.031618199311197,,,0,1800,,0,0.0,111.0751882400019,74679.07902372716,273.274731769564,0,1800,1800,1800,4.6569862813861285,82.35012677016111,9.074697062170236,0,1800,1800,1800,4.851464618290255,87.53847929747971,9.356200045824144,0,1800,1800,1800,0.13437469458769413,0.0616107567134048,0.24821514199058203,0,1800,1800,1800,0.11940646377180669,0.04230466721220517,0.20568098408021382,0,1800,1800,1800,1.1295658841221838,1.294086951058979,1.137579426263933,0,1800,1800,1800,0.11493460682803534,0.03909334097954896,0.19772036055891906,0,1800,1800,1800,0.11493460682803534,0.03909334097954896,0.19772036055891906,0,1800,1800,1800,1.447975868226236,1.6108624064484944,0.7800999373738853,0.7856342437926557,0.617221165019658,0.8033503953401473
Coastal_T_S/15T,short,tsrag,all,False,False,t5,96,chronos_bolt_max,77.59717582911253,,,0,1800,,538.1554138567299,0.0,114.63000741399986,82994.47513896952,288.0876171218914,0,1800,1800,1800,4.675784467502877,82.82743027252582,9.10095765689116,0,1800,1800,1800,4.895317602305164,90.66587298656107,9.521862894757573,0,1800,1800,1800,0.13587547684594037,0.06264992234910663,0.2502996650998691,0,1800,1800,1800,0.1197764782510514,0.04234510383585882,0.20577925997500046,0,1800,1800,1800,1.1363915689405535,1.2885650007898983,1.1351497702021078,0,1800,1800,1800,0.11546037559529349,0.03916083621545241,0.19789097052531834,0,1800,1800,1800,0.11546037559529349,0.03916083621545241,0.19789097052531834,0,1800,1800,1800,1.447975868226236,1.6108624064484944,0.7848138866655479,0.7839562765591261,0.6145874435564491,0.7999224487650857
Coastal_T_S/15T,short,bayes_mixture,,,,,,chronos_bolt_max,85.62890555988997,0.5249169435215947,600,0,1800,,0,0.0,111.33354259462345,76452.5174382239,276.50048361300185,0,1800,1800,1800,4.665825668882441,82.44621821182874,9.079989989632628,0,1800,1800,1800,4.840932999357124,87.89891029035869,9.375441871739095,0,1800,1800,1800,0.13512596037428948,0.0617525277539543,0.24850055886044664,0,1800,1800,1800,0.11969723529841837,0.04236767010572195,0.20583408392616115,0,1800,1800,1800,1.1298109452695717,1.2892942251766903,1.135470926610052,0,1800,1800,1800,0.11517367346804902,0.039011934602475436,0.1975143908743751,0,1800,1800,1800,0.11517367346804902,0.039011934602475436,0.1975143908743751,0,1800,1800,1800,1.447975868226236,1.6108624064484944,0.780269181318322,0.7841780733549094,0.6149352507306179,0.8003751406795985
Coastal_T_S/15T,medium,chronos_t5_512,,,,,,,35.93190884310752,,,0,225,,0,0.0,197.14441383566998,226796.46781707573,476.2315275336942,0,225,225,225,4.889904505764997,84.652443641596,9.200676260014585,0,225,225,225,6.511059788445222,154.75051426696163,12.439875974741936,0,225,225,225,0.17727865649709218,0.11710722308667541,0.3422093264168518,0,225,225,225,0.11977985945683646,0.03842885036116015,0.19603277879262987,0,225,225,225,2.0195106764381414,2.0650069206340613,1.4370131943145343,0,225,225,225,0.12040192310536432,0.03922176309076169,0.1980448512099259,0,225,225,225,0.12040192310536432,0.03922176309076169,0.1980448512099259,0,225,225,225,1.4516859811322,1.2834579947320974,1.3911484320204588,0.9898925890251953,0.979887337807004,1.6089400113675714
Coastal_T_S/15T,medium,chronos_bolt_512,,,,,,,0.6295579606667161,,,0,225,,0,0.0,113.54376220316705,78089.62729056345,279.4452133971227,0,225,225,225,4.718506190070399,82.45527002808618,9.080488424533462,0,225,225,225,4.937898148608008,89.16092407714068,9.442506239189926,0,225,225,225,0.13739325909996272,0.06113459125725779,0.2472541026095579,0,225,225,225,0.1213441109510378,0.042246343089922846,0.20553915220687966,0,225,225,225,1.2821313585804004,1.1423538831762174,1.0688095635688415,0,225,225,225,0.11528402020187846,0.03678290054433057,0.19178868721676617,0,225,225,225,0.11528402020187846,0.03678290054433057,0.19178868721676617,0,225,225,225,1.4516859811322,1.2834579947320974,0.8832015843952971,0.7362539677728752,0.5420699050613019,0.8900594237325754
Coastal_T_S/15T,medium,chronos_bolt_max,,,,,,,2.1637805020436645,,,0,225,,0,0.0,111.39773612856575,75961.17320512913,275.61054625164314,0,225,225,225,4.723600189906579,82.86714430023505,9.103139255236902,0,225,225,225,4.87610376553068,87.62134819634326,9.360627553553408,0,225,225,225,0.13850173986784936,0.0617131759860355,0.24842136781290675,0,225,225,225,0.12151690458226645,0.042700259022009496,0.20664040994444793,0,225,225,225,1.2546876261055881,1.1366913665040288,1.0661572897579554,0,225,225,225,0.11530286637459168,0.037094233714856574,0.19259863373050332,0,225,225,225,0.11530286637459168,0.037094233714856574,0.19259863373050332,0,225,225,225,1.4516859811322,1.2834579947320974,0.8642968537362544,0.734426937791627,0.5393829269539864,0.8856475016475285
Coastal_T_S/15T,medium,chronos2_max,,,,,,,1.0097543187439442,,,0,225,,0,0.0,110.3513027370109,72688.19860055312,269.6074898821491,0,225,225,225,4.7091726560062845,82.28475837622358,9.07109466251034,0,225,225,225,4.881360005476698,86.52362723394343,9.301807740108556,0,225,225,225,0.13703612143156255,0.0613420525194701,0.247673277766234,0,225,225,225,0.12122103165089673,0.04243359314246437,0.20599415802994117,0,225,225,225,1.2529514234576489,1.1456032779560286,1.070328584106782,0,225,225,225,0.11499582829136053,0.03682300910548701,0.19189322318801935,0,225,225,225,0.11499582829136053,0.03682300910548701,0.19189322318801935,0,225,225,225,1.4516859811322,1.2834579947320974,0.8631008632324506,0.737300351465825,0.5436118082716289,0.8925911737338595
Coastal_T_S/15T,medium,tsrag,all,False,False,t5,96,chronos_bolt_max,25.099152194336057,,,0,225,,530.6707118880004,0.0,112.30355028718556,75993.9550632903,275.6700111787466,0,225,225,225,4.7234551995330385,82.58214001112536,9.087471596166084,0,225,225,225,4.915836205182547,88.138104691002,9.388189638636513,0,225,225,225,0.13921050769691942,0.06329766897467208,0.2515902799685872,0,225,225,225,0.12151453264168507,0.0422980839578405,0.2056649799013933,0,225,225,225,1.2851005296831102,1.1509540084896648,1.0728252460161742,0,225,225,225,0.11547913598165495,0.03688105986308536,0.19204442158804136,0,225,225,225,0.11547913598165495,0.03688105986308536,0.19204442158804136,0,225,225,225,1.4516859811322,1.2834579947320974,0.8852469104102207,0.7390201875335708,0.5461508375821541,0.8967601691786642
Coastal_T_S/15T,medium,bayes_mixture,,,,,,chronos_bolt_max,26.109012795612216,0.5584415584415584,75,0,225,,0,0.0,110.44896972847204,73347.78565091653,270.8279631997341,0,225,225,225,4.714734526166209,82.45971606518427,9.080733233896053,0,225,225,225,4.872762434334939,86.70515598700626,9.311560341156914,0,225,225,225,0.13815758361357702,0.06233102120860699,0.24966181367723617,0,225,225,225,0.12137073359011727,0.042433931752006264,0.20599497991942975,0,225,225,225,1.2623716415339274,1.1490342649641931,1.0719301586223764,0,225,225,225,0.1151749844895752,0.036860845568992384,0.19199178516017915,0,225,225,225,0.1151749844895752,0.036860845568992384,0.19199178516017915,0,225,225,225,1.4516859811322,1.2834579947320974,0.8695900201153541,0.7384036028138509,0.5452398806484752,0.8952644104289808
Coastal_T_S/15T,long,chronos_t5_512,,,,,,,35.19472014531493,,,0,75,,0,0.0,198.2996187153599,222628.55823110195,471.8353083768763,0,75,75,75,4.910391212436888,81.71497003753775,9.03963329109858,0,75,75,75,6.618640799473886,154.49321268289953,12.42952986572298,0,75,75,75,0.17031274290428658,0.10399353358215782,0.32248028402083406,0,75,75,75,0.12142784870883964,0.037193878659673926,0.19285714573142973,0,75,75,75,2.3497477645781117,2.8285016923785617,1.6818149994510578,0,75,75,75,0.12199908684456441,0.03776997541500381,0.1943449907124025,0,75,75,75,0.12199908684456441,0.03776997541500381,0.1943449907124025,0,75,75,75,1.5935046166703226,1.3306993853637727,1.4745785735393617,1.0554189688921407,1.1139091998973494,2.125575260264613
Coastal_T_S/15T,long,chronos_bolt_512,,,,,,,0.7145923981443048,,,0,75,,0,0.0,113.90724508178872,79237.64225490857,281.4918156091018,0,75,75,75,4.739250917876208,81.67728473361443,9.037548602005659,0,75,75,75,4.97210797669332,89.18538734989137,9.44380153062798,0,75,75,75,0.13779784322839103,0.05874916922677381,0.2423822791104453,0,75,75,75,0.12237549357632503,0.041910618069438445,0.20472082959346966,0,75,75,75,1.4120581636349172,1.1517553715211157,1.0731986635852262,0,75,75,75,0.11624719680346353,0.03642459447202478,0.19085228442967295,0,75,75,75,0.11624719680346353,0.03642459447202478,0.19085228442967295,0,75,75,75,1.5935046166703226,1.3306993853637727,0.8861337136163788,0.6734832471509924,0.4535796841930447,0.865526342154476
Coastal_T_S/15T,long,chronos_bolt_max,,,,,,,2.678544871509075,,,0,75,,0,0.0,110.16483906329792,74898.98031069672,273.6767807299273,0,75,75,75,4.740959850505546,82.25038755241036,9.069199940039384,0,75,75,75,4.877509723872247,86.37473795682959,9.293801049991849,0,75,75,75,0.141380721335408,0.062185162440626864,0.24936952989615002,0,75,75,75,0.12232878008449598,0.04238222886639135,0.20586944617011857,0,75,75,75,1.3758702976807862,1.1158738813587754,1.0563493178673309,0,75,75,75,0.11604554952290838,0.03672937024722352,0.19164908099759706,0,75,75,75,0.11604554952290838,0.03672937024722352,0.19164908099759706,0,75,75,75,1.5935046166703226,1.3306993853637727,0.8634241051373355,0.6629094806606871,0.4394489795498219,0.8385619574429498
Coastal_T_S/15T,long,chronos2_max,,,,,,,0.3763931980356574,,,0,75,,0,0.0,108.96287535181419,71298.60722994403,267.0179904612122,0,75,75,75,4.737478581578644,81.83898541912349,9.046490226553251,0,75,75,75,4.888587491427172,85.06458769047599,9.223046551464217,0,75,75,75,0.13901065889083325,0.06119696783950535,0.24738020906997663,0,75,75,75,0.12264874142620047,0.04224982322718866,0.2055476179068701,0,75,75,75,1.3934309293240545,1.1825856239930592,1.0874675277878687,0,75,75,75,0.11623821318136426,0.03653190209024981,0.19113320509594822,0,75,75,75,0.11623821318136426,0.03653190209024981,0.19113320509594822,0,75,75,75,1.5935046166703226,1.3306993853637727,0.8744442374040131,0.6824376386559619,0.4657211306543253,0.8886947998925966
Coastal_T_S/15T,long,tsrag,all,False,False,t5,96,chronos_bolt_max,22.502995271235704,,,0,75,,526.2829196043313,0.0,109.5835856720658,71554.31526597211,267.49638365026937,0,75,75,75,4.747904035824317,81.98269919637488,9.054429810671397,0,75,75,75,4.901361986278123,85.56023635153356,9.249877639814137,0,75,75,75,0.14292055004914236,0.06527524393533395,0.25549020320813465,0,75,75,75,0.12271019804109633,0.04201842249299789,0.20498395667221836,0,75,75,75,1.4192359147492066,1.1809955263163314,1.0867361806419862,0,75,75,75,0.11658812801474966,0.03655893228883097,0.19120390238912743,0,75,75,75,0.11658812801474966,0.03655893228883097,0.19120390238912743,0,75,75,75,1.5935046166703226,1.3306993853637727,0.8906380941115465,0.6819786835087778,0.46509492476036557,0.8874998660899532
Coastal_T_S/15T,long,bayes_mixture,,,,,,chronos_bolt_max,22.879492179490626,0.6296296296296297,25,0,75,,0,0.0,108.69466938541999,70758.37432258492,266.00446297493755,0,75,75,75,4.739282845567773,81.96307817321076,9.053346241761151,0,75,75,75,4.8755312585426065,84.92386433239395,9.215414495962401,0,75,75,75,0.14128007364149353,0.0637267653196523,0.25244160774256746,0,75,75,75,0.12254897090159543,0.04217899990543512,0.2053752660507957,0,75,75,75,1.394862727641647,1.1714329029486916,1.0823275395871121,0,75,75,75,0.11626879177091669,0.036572617859623416,0.1912396869366383,0,75,75,75,0.11626879177091669,0.036572617859623416,0.1912396869366383,0,75,75,75,1.5935046166703226,1.3306993853637727,0.8753427590038967,0.6792120513893892,0.4613290107525822,0.8803137025786312
Coastal_T_S/20T,short,chronos_t5_512,,,,,,,8.973472870886326,,,0,360,,0,0.0,0.018454657918665573,0.0008765200331894535,0.029606081017072378,0,360,360,360,0.09580797795896179,0.005801515267771573,0.07616767862926882,0,360,360,360,0.10758149722035305,0.0068808793744927444,0.08295106614440073,0,360,360,360,0.003867924917250938,9.218624000899284e-06,0.003036218701098339,0,360,360,360,0.0038683525233668995,9.215569563054327e-06,0.003035715659124604,0,360,360,360,0.7522737207678966,0.44580282559579415,0.6676846752740354,0,360,360,360,0.003867323136114764,9.218703609720028e-06,0.00303623181093276,0,360,360,360,0.003867323136114764,9.218703609720028e-06,0.00303623181093276,0,360,360,360,1.2782414293270614,1.391596656960766,0.588522405476981,0.5223462954299192,0.2728456523493604,0.32035347553178467
Coastal_T_S/20T,short,chronos_bolt_512,,,,,,,0.21331900265067816,,,0,360,,0,0.0,0.015118204278355227,0.0005649596583502543,0.023768880039881018,0,360,360,360,0.08441806310488853,0.0045554096225224544,0.06749377469457797,0,360,360,360,0.09675770617819048,0.005756150573490191,0.07586929928166064,0,360,360,360,0.003523634457842699,8.5024594205501e-06,0.0029158977040613238,0,360,360,360,0.0035225772604874977,8.474298860292844e-06,0.0029110649014223032,0,360,360,360,0.6343437606286298,0.3219845986078829,0.5674368675085211,0,360,360,360,0.003525181250655856,8.50901456925289e-06,0.002917021523618379,0,360,360,360,0.003525181250655856,8.50901456925289e-06,0.002917021523618379,0,360,360,360,1.2782414293270614,1.391596656960766,0.49626287027997856,0.44391994695966935,0.19706491930867567,0.23137781841981012
Coastal_T_S/20T,short,chronos_bolt_max,,,,,,,0.3982744552195072,,,0,360,,0,0.0,0.014725891012687812,0.0006119140573273839,0.024736896679401477,0,360,360,360,0.08207350248171959,0.004282332593187684,0.06543953387049517,0,360,360,360,0.09507368317850064,0.005686885779561895,0.07541144329318923,0,360,360,360,0.0034930733902022847,9.538277066352958e-06,0.0030884101195199055,0,360,360,360,0.003491565017431583,9.47395766990133e-06,0.0030779794784730665,0,360,360,360,0.6111657657514479,0.27740351076225206,0.5266910961486363,0,360,360,360,0.0034933061551497033,9.522831968861296e-06,0.00308590861317397,0,360,360,360,0.0034933061551497033,9.522831968861296e-06,0.00308590861317397,0,360,360,360,1.2782414293270614,1.391596656960766,0.4781301495392776,0.4120435185909412,0.1697798612128033,0.19934189218886075
Coastal_T_S/20T,short,chronos2_max,,,,,,,1.5372727047652006,,,0,360,,0,0.0,0.006432109483614989,0.00018210064875602536,0.01349446733872906,0,360,360,360,0.0557676692067841,0.001852820322931764,0.04304439943746183,0,360,360,360,0.06377678574063633,0.002364631084207954,0.04862747252539406,0,360,360,360,0.002261344033124025,2.5476632998688256e-06,0.001596140125386498,0,360,360,360,0.0022618171093685127,2.551174405407268e-06,0.0015972396205351494,0,360,360,360,0.450988283477043,0.15949032967498497,0.3993624039328001,0,360,360,360,0.00226131173787019,2.5484128838523467e-06,0.001596374919576334,0,360,360,360,0.00226131173787019,2.5484128838523467e-06,0.001596374919576334,0,360,360,360,1.2782414293270614,1.391596656960766,0.35281932906404756,0.31243112198534123,0.09761320598501917,0.1146095952999128
Coastal_T_S/20T,short,tsrag,all,False,False,t5,72,chronos_bolt_max,6.684938156977296,,,0,360,,41.33946098573506,0.0,0.015068942032697426,0.0005353331567856196,0.023137267703547442,0,360,360,360,0.08553383262069138,0.004364729288989979,0.06606609787924499,0,360,360,360,0.09770141235646249,0.005523376056249904,0.07431941910597731,0,360,360,360,0.003552891383201396,7.952510703503758e-06,0.0028200196282124985,0,360,360,360,0.003551735668054387,7.931599722451215e-06,0.002816309592791818,0,360,360,360,0.6438058656911906,0.3110652863969677,0.5577322712529441,0,360,360,360,0.003553283742173559,7.952678893901897e-06,0.002820049448839842,0,360,360,360,0.003553283742173559,7.952678893901897e-06,0.002820049448839842,0,360,360,360,1.2782414293270614,1.391596656960766,0.5036653099486271,0.4363278004113557,0.19038194941181188,0.22353121131832215
Coastal_T_S/20T,short,bayes_mixture,,,,,,chronos_bolt_max,8.22225653193891,0.3442622950819672,120,0,360,,0,0.0,0.007292289743599,0.0002130877117669527,0.014597524165657433,0,360,360,360,0.05905025093643753,0.0021413767341782355,0.04627501198463632,0,360,360,360,0.06762979316460735,0.002718500820111429,0.052139244529542515,0,360,360,360,0.002363670750421829,2.7535427415371255e-06,0.0016593802281385437,0,360,360,360,0.002363829282093907,2.755181882757295e-06,0.0016598740562938185,0,360,360,360,0.4724283246994692,0.18256231576225518,0.4272731161239321,0,360,360,360,0.0023636015407687725,2.7553787640645176e-06,0.0016599333613324715,0,360,360,360,0.0023636015407687725,2.7553787640645176e-06,0.0016599333613324715,0,360,360,360,1.2782414293270614,1.391596656960766,0.3695924055193409,0.3342663649611739,0.11173400274435671,0.13118910199236145
Coastal_T_S/20T,medium,chronos_t5_512,,,,,,,5.775744137354195,,,0,45,,0,0.0,0.061516205232697914,0.002506653490641253,0.050066490696285604,0,45,45,45,0.19002121289571125,0.006166435525870034,0.07852665487508069,0,45,45,45,0.2296456745226349,0.00877906940574195,0.09369668833924681,0,45,45,45,0.007904446732258671,1.2932106773938597e-05,0.0035961238540877035,0,45,45,45,0.007928280579477597,1.3124612381592933e-05,0.0036227906897298018,0,45,45,45,1.4847646269150339,0.5809621190829741,0.7622087109729029,0,45,45,45,0.00791186323780625,1.3068326649122465e-05,0.0036150140593256986,0,45,45,45,0.00791186323780625,1.3068326649122465e-05,0.0036150140593256986,0,45,45,45,1.2827707713444634,0.8089647179022766,1.157466836696678,0.5941893345247,0.35306096526290587,0.7181550767621421
Coastal_T_S/20T,medium,chronos_bolt_512,,,,,,,0.13382784370332956,,,0,45,,0,0.0,0.13395156271584777,0.01987701944948546,0.14098588386602914,0,45,45,45,0.26922523651594,0.019497840964435686,0.13963466963628943,0,45,45,45,0.32374048015584794,0.029143664224308793,0.170715155227381,0,45,45,45,0.012160766497493267,7.304517920840422e-05,0.008546647249559574,0,45,45,45,0.012102701961082984,7.075714228175208e-05,0.008411726474496901,0,45,45,45,1.8926341276334195,0.5257846261902289,0.725110078670976,0,45,45,45,0.012093176531681557,7.087120756776418e-05,0.008418503879417304,0,45,45,45,0.012093176531681557,7.087120756776418e-05,0.008418503879417304,0,45,45,45,1.2827707713444634,0.8089647179022766,1.4754266077093123,0.5652686316753172,0.3195286259560854,0.649947537333444
Coastal_T_S/20T,medium,chronos_bolt_max,,,,,,,0.43252609204500914,,,0,45,,0,0.0,0.1288242725874344,0.020679982895859695,0.14380536462823526,0,45,45,45,0.2529710157417957,0.02021487014273332,0.14217900739115225,0,45,45,45,0.3103722919774574,0.03249331296009432,0.18025901630735236,0,45,45,45,0.011466498284405284,7.504333218715838e-05,0.0086627554615814,0,45,45,45,0.01144315277570813,7.412600423786492e-05,0.008609645999567282,0,45,45,45,1.7547625775404287,0.5460609314389269,0.7389593570954541,0,45,45,45,0.011433161210850565,7.421384709274626e-05,0.008614745909935259,0,45,45,45,0.011433161210850565,7.421384709274626e-05,0.008614745909935259,0,45,45,45,1.2827707713444634,0.8089647179022766,1.3679471163045553,0.5760650099011501,0.33185089563241205,0.6750120485537557
Coastal_T_S/20T,medium,chronos2_max,,,,,,,0.20434326026588678,,,0,45,,0,0.0,0.03054368779515659,0.0009338086290594568,0.03055828249524925,0,45,45,45,0.129042195096428,0.004326634213930359,0.06577715571480998,0,45,45,45,0.15612728114457736,0.0061679598775586835,0.07853636022606779,0,45,45,45,0.005320439594915615,8.27210694024245e-06,0.002876127073034578,0,45,45,45,0.0053141294436250255,8.203066318386391e-06,0.002864099565026745,0,45,45,45,1.0186017434426982,0.44298054049549257,0.6655678331285945,0,45,45,45,0.005308072798295658,8.259703478190532e-06,0.0028739699856105898,0,45,45,45,0.005308072798295658,8.259703478190532e-06,0.0028739699856105898,0,45,45,45,1.2827707713444634,0.8089647179022766,0.7940637300108644,0.5188517293943463,0.26920711709550404,0.5475894444991171
Coastal_T_S/20T,medium,tsrag,all,False,False,t5,72,chronos_bolt_max,2.092773010954261,,,0,45,,39.89982771128416,0.0,0.13631049794077268,0.018686084078035674,0.13669705219219497,0,45,45,45,0.2702851018787902,0.01816987566758764,0.13479568119041366,0,45,45,45,0.3289376952925098,0.028110490556424637,0.16766183392896739,0,45,45,45,0.011927395107616924,5.996860107269648e-05,0.007743939635140274,0,45,45,45,0.011971165017384329,6.05694264615805e-05,0.007782636215420871,0,45,45,45,1.934200440721779,0.6575807888911208,0.8109135520455437,0,45,45,45,0.011935709071481716,6.0082144874309786e-05,0.007751267307628462,0,45,45,45,0.011935709071481716,6.0082144874309786e-05,0.007751267307628462,0,45,45,45,1.2827707713444634,0.8089647179022766,1.5078301469985604,0.6321578025944813,0.39962348738108316,0.8128670810221379
Coastal_T_S/20T,medium,bayes_mixture,,,,,,chronos_bolt_max,2.2971620028838515,0.058823529411764705,15,0,45,,0,0.0,0.03041148962565673,0.0008958874324496497,0.029931378726173803,0,45,45,45,0.12946007045698754,0.004340686377260499,0.06588388556589918,0,45,45,45,0.156034927615428,0.006064590989704878,0.07787548388103202,0,45,45,45,0.005333449945320383,8.054203893241576e-06,0.002837992933966111,0,45,45,45,0.005328813313035657,8.014647270339498e-06,0.0028310152366844473,0,45,45,45,1.0190669770308733,0.4361165740033712,0.6603912279879036,0,45,45,45,0.00531774186106929,8.045790308406422e-06,0.0028365102341444885,0,45,45,45,0.00531774186106929,8.045790308406422e-06,0.0028365102341444885,0,45,45,45,1.2827707713444634,0.8089647179022766,0.7944264086737775,0.5148162421067265,0.26503576313689164,0.5391045670499246
Coastal_T_S/20T,long,chronos_t5_512,,,,,,,5.612157367169857,,,0,15,,0,0.0,0.15189139652285108,0.006698253671541821,0.08184285962466012,0,15,15,15,0.30078820829038266,0.007113519179931222,0.08434168115428588,0,15,15,15,0.3742672131073161,0.011815449715734014,0.10869889473096778,0,15,15,15,0.01262182806761359,2.065383783525434e-05,0.004544649363290235,0,15,15,15,0.012693117347987047,2.10216830001166e-05,0.0045849408938520245,0,15,15,15,2.2941668398362793,0.705732225197286,0.8400787017876873,0,15,15,15,0.012640287629800339,2.063494548331953e-05,0.004542570360855133,0,15,15,15,0.012640287629800339,2.063494548331953e-05,0.004542570360855133,0,15,15,15,1.837785242009726,1.7356310305571765,1.2483323880256396,0.45711472841571626,0.208953874934574,0.4066142012745244
Coastal_T_S/20T,long,chronos_bolt_512,,,,,,,0.12310267332941294,,,0,15,,0,0.0,0.2089525071846316,0.03304565090483253,0.18178462780123222,0,15,15,15,0.3491563555635052,0.024244247634118636,0.15570564419480315,0,15,15,15,0.41883881110250415,0.033526557498872546,0.18310258736258356,0,15,15,15,0.015284578830457527,7.557273375085467e-05,0.008693257948022403,0,15,15,15,0.0152577439215111,7.399919484719575e-05,0.008602278468359167,0,15,15,15,2.5405633663719995,1.284380302863449,1.1333050352237253,0,15,15,15,0.01525543623690694,7.434775660223854e-05,0.008622514517368965,0,15,15,15,0.01525543623690694,7.434775660223854e-05,0.008622514517368965,0,15,15,15,1.837785242009726,1.7356310305571765,1.3824049232182016,0.6166689171931699,0.38028055343219647,0.7400076861100681
Coastal_T_S/20T,long,chronos_bolt_max,,,,,,,0.43422586377710104,,,0,15,,0,0.0,0.20618930596914942,0.04273120234952941,0.20671526878663174,0,15,15,15,0.33114411978074065,0.030818372221353627,0.17555162266795948,0,15,15,15,0.40225000407461814,0.044384240191119154,0.21067567536647214,0,15,15,15,0.01474513457086203,9.186256109897866e-05,0.00958449587088328,0,15,15,15,0.014742661993679766,9.108928342691778e-05,0.009544070590000777,0,15,15,15,2.370452159975281,1.5234013184663666,1.2342614465608033,0,15,15,15,0.014740160860973128,9.139031318257307e-05,0.009559828093777267,0,15,15,15,0.014740160860973128,9.139031318257307e-05,0.009559828093777267,0,15,15,15,1.837785242009726,1.7356310305571765,1.289841764853358,0.6716026542965738,0.4510501252582032,0.8777218727054682
Coastal_T_S/20T,long,chronos2_max,,,,,,,0.0712699294090271,,,0,15,,0,0.0,0.08221861390590372,0.018677560769657417,0.13666587273221292,0,15,15,15,0.19885577154748238,0.017299265000796354,0.1315266703022484,0,15,15,15,0.24285791592192651,0.0232386465799622,0.1524422729427838,0,15,15,15,0.008057143273321481,1.6908513958026045e-05,0.004111996347034619,0,15,15,15,0.0080173642549985,1.6472731684416815e-05,0.004058661316791143,0,15,15,15,1.6549054876483558,1.8589828940583466,1.3634452295777586,0,15,15,15,0.008036392134510363,1.6815468341568873e-05,0.004100666816698093,0,15,15,15,0.008036392134510363,1.6815468341568873e-05,0.004100666816698093,0,15,15,15,1.837785242009726,1.7356310305571765,0.9004890505261754,0.7418958420227334,0.5504094404106206,1.071070326198058
Coastal_T_S/20T,long,tsrag,all,False,False,t5,72,chronos_bolt_max,1.5432216841727495,,,0,15,,38.988222336396575,0.0,0.19686612993003416,0.023622557467733486,0.1536963157259584,0,15,15,15,0.33549624784493143,0.018434443778854948,0.13577350175514716,0,15,15,15,0.4103976902282443,0.028439865785356136,0.16864123394163166,0,15,15,15,0.014687228141391399,6.722793993626055e-05,0.008199264597283134,0,15,15,15,0.014769334125678558,6.861677301594666e-05,0.008283524190581365,0,15,15,15,2.427741140268428,0.7690016945637119,0.8769274169301082,0,15,15,15,0.014749478257109566,6.8562286150741e-05,0.00828023466761305,0,15,15,15,0.014749478257109566,6.8562286150741e-05,0.00828023466761305,0,15,15,15,1.837785242009726,1.7356310305571765,1.3210146021270421,0.4771653384108889,0.2276867601807781,0.44306749592789035
Coastal_T_S/20T,long,bayes_mixture,,,,,,chronos_bolt_max,1.6145366840064526,0.2857142857142857,5,0,15,,0,0.0,0.0782500822345557,0.014844353314356405,0.12183740523483091,0,15,15,15,0.1975109577178955,0.013360540440000098,0.1155878040279341,0,15,15,15,0.24307802558179603,0.01916315571381141,0.13843105039625833,0,15,15,15,0.008000655116509655,1.133164647544205e-05,0.0033662511010680786,0,15,15,15,0.007984417032470827,1.1180433350815306e-05,0.003343715500878522,0,15,15,15,1.5527600901048397,1.3373456756171893,1.1564366284484375,0,15,15,15,0.00798821698656014,1.124203369065387e-05,0.003352914208662946,0,15,15,15,0.00798821698656014,1.124203369065387e-05,0.003352914208662946,0,15,15,15,1.837785242009726,1.7356310305571765,0.8449083465306346,0.6292555854806007,0.39596259185853344,0.770524179432233
Coastal_T_S/H,short,chronos_t5_512,,,,,,,90.39429964125156,,,0,2016,,0,0.0,16.659152970905073,6612.143103107903,81.31508533542778,0,2016,2016,2016,1.1689561644246278,9.878710601516726,3.143041616255936,0,2016,2016,2016,1.4449698607789478,14.57121507234554,3.8172260965713756,0,2016,2016,2016,0.030653757028203835,0.0045237742268714074,0.06725900851834948,0,2016,2016,2016,0.029614263753128738,0.004015878596038771,0.0633709601950197,0,2016,2016,2016,1.6952252028609516,4.453992343893909,2.1104483750838137,0,2016,2016,2016,0.02913573009771252,0.0037075547129689786,0.06088969299453709,0,2016,2016,2016,0.02913573009771252,0.0037075547129689786,0.06088969299453709,0,2016,2016,2016,1.204935864293014,2.6970812724109106,1.4069007762961814,1.751502663025224,3.0677615785844505,1.6514119872674444
Coastal_T_S/H,short,chronos_bolt_512,,,,,,,1.1318425107747316,,,0,2016,,0,0.0,15.781569472421237,7355.290912160798,85.76299267260208,0,2016,2016,2016,1.127632013889813,9.651577339559442,3.10669878481314,0,2016,2016,2016,1.3888607070734094,13.852635408768787,3.7219128695831647,0,2016,2016,2016,0.030583920522074932,0.004735261182002764,0.06881323406149985,0,2016,2016,2016,0.02899827281400277,0.004148562843936357,0.06440933817340741,0,2016,2016,2016,0.9901406498045846,2.3277434704533224,1.5256944223707847,0,2016,2016,2016,0.028502251894375,0.0036776833776784672,0.0606439063523984,0,2016,2016,2016,0.028502251894375,0.0036776833776784672,0.0606439063523984,0,2016,2016,2016,1.204935864293014,2.6970812724109106,0.8217372219935883,1.2662038433605536,1.6032721729410373,0.8630601881613161
Coastal_T_S/H,short,chronos_bolt_max,,,,,,,2.174213245511055,,,0,2016,,0,0.0,15.348157734263173,5517.639032351403,74.28081200654314,0,2016,2016,2016,1.1243514274610402,9.152085666240676,3.0252414228025963,0,2016,2016,2016,1.3868927980887205,13.424686100872815,3.6639713564481937,0,2016,2016,2016,0.03069188720764485,0.004693968483273009,0.06851254252524139,0,2016,2016,2016,0.02886184758208026,0.0037681217057979723,0.061385028352180245,0,2016,2016,2016,0.9819446102360203,2.388194769843829,1.5453785199244323,0,2016,2016,2016,0.028531272340562467,0.0035685888034165596,0.05973766653809437,0,2016,2016,2016,0.028531272340562467,0.0035685888034165596,0.05973766653809437,0,2016,2016,2016,1.204935864293014,2.6970812724109106,0.8149351673685704,1.282540063517132,1.6449090145265286,0.8854737876360066
Coastal_T_S/H,short,chronos2_max,,,,,,,6.359333319589496,,,0,2016,,0,0.0,14.592355639763168,5225.950732241635,72.29073752730453,0,2016,2016,2016,1.079941567344586,8.654782040283253,2.941901092879102,0,2016,2016,2016,1.338582111694449,12.800553570014799,3.5777861269246936,0,2016,2016,2016,0.029356223509541996,0.004477883533371714,0.06691698987082215,0,2016,2016,2016,0.027484510550510894,0.003542635283581114,0.0595200410246928,0,2016,2016,2016,0.916907841976653,2.314249904906593,1.521265888957809,0,2016,2016,2016,0.027164400346026636,0.0033587478394265626,0.05795470506720367,0,2016,2016,2016,0.027164400346026636,0.0033587478394265626,0.05795470506720367,0,2016,2016,2016,1.204935864293014,2.6970812724109106,0.7609598727602328,1.2625285162794944,1.5939782544189014,0.8580571629708044
Coastal_T_S/H,short,tsrag,all,False,False,t5,24,chronos_bolt_max,113.13642548769712,,,0,2016,,623.8567997254431,0.0,15.788370197623896,7279.853843579253,85.32205953667113,0,2016,2016,2016,1.1282943603354776,9.693002388079611,3.1133586989101674,0,2016,2016,2016,1.3871521121517767,13.864179215376764,3.7234633361128675,0,2016,2016,2016,0.030481346445029242,0.004697144316512114,0.06853571562705181,0,2016,2016,2016,0.02900270526645258,0.004134379764037444,0.06429914279395522,0,2016,2016,2016,0.9900304575190623,2.3205669490102707,1.523340719934405,0,2016,2016,2016,0.028506992124382954,0.0036751410187440205,0.06062294135675059,0,2016,2016,2016,0.028506992124382954,0.0036751410187440205,0.06062294135675059,0,2016,2016,2016,1.204935864293014,2.6970812724109106,0.8216457712460525,1.2642504593621773,1.5983292239974758,0.8603993408533532
Coastal_T_S/H,short,bayes_mixture,,,,,,chronos_bolt_max,119.49597293883562,0.4050445103857567,672,0,2016,,0,0.0,14.795561302930727,5419.595743604634,73.61790368928358,0,2016,2016,2016,1.0826004985060846,8.833219510677772,2.972073268053426,0,2016,2016,2016,1.3402410046777906,12.999315352310992,3.6054563306620415,0,2016,2016,2016,0.02928129015035543,0.004480569192495795,0.06693705395739936,0,2016,2016,2016,0.027538468130416015,0.003609821269289527,0.060081788166544504,0,2016,2016,2016,0.9208440856151329,2.297714460671329,1.5158213815193824,0,2016,2016,2016,0.027192094052140032,0.0034057804977497947,0.05835906525767693,0,2016,2016,2016,0.027192094052140032,0.0034057804977497947,0.05835906525767693,0,2016,2016,2016,1.204935864293014,2.6970812724109106,0.764226638863829,1.2580100123493112,1.582589191171114,0.8519262968362132
Coastal_T_S/H,medium,chronos_t5_512,,,,,,,77.62286932393909,,,0,288,,0,0.0,25.859954745626446,18675.85335751231,136.65962592335862,0,288,288,288,1.5662478600442655,16.337031233528013,4.041909354937096,0,288,288,288,1.9367375725166656,22.109002320828704,4.702021088939171,0,288,288,288,0.045799646414696665,0.014996456046123798,0.12246001815337036,0,288,288,288,0.042513084316201454,0.007202191264197164,0.084865724908217,0,288,288,288,2.6362521997990704,4.921822269723599,2.2185180345725386,0,288,288,288,0.0443791289581565,0.012614478124639178,0.11231419378083599,0,288,288,288,0.0443791289581565,0.012614478124639178,0.11231419378083599,0,288,288,288,2.05499932278695,3.0797064254343613,1.282848208545313,1.0795711755095996,1.1654739229911784,1.5981465730225977
Coastal_T_S/H,medium,chronos_bolt_512,,,,,,,1.3887855466455221,,,0,288,,0,0.0,29.199553286785974,32903.289408481054,181.3926387935328,0,288,288,288,1.5717196419937338,20.21300468804857,4.495887530627137,0,288,288,288,1.9283799895502014,25.480903902688343,5.047861319676715,0,288,288,288,0.04608590629968681,0.018035870651967486,0.13429769414240694,0,288,288,288,0.04235586537303805,0.00976146444661078,0.09880012371758844,0,288,288,288,1.9054979871112405,3.1811920415430706,1.7835896505483178,0,288,288,288,0.04386461626475935,0.014965675481591537,0.12233427762320558,0,288,288,288,0.04386461626475935,0.014965675481591537,0.12233427762320558,0,288,288,288,2.05499932278695,3.0797064254343613,0.9272499343343049,0.8679271232700204,0.7532974913077733,1.0329530163234295
Coastal_T_S/H,medium,chronos_bolt_max,,,,,,,5.205096808262169,,,0,288,,0,0.0,21.911282836271862,16843.94006907833,129.78420577665963,0,288,288,288,1.4094601689890844,13.84117576870017,3.720373068483881,0,288,288,288,1.761667524759272,18.8078103684804,4.336797247794783,0,288,288,288,0.042893697417253476,0.015797617840764014,0.12568857482191456,0,288,288,288,0.03799226508623864,0.005792180872151094,0.0761063786561356,0,288,288,288,1.7441215689298861,2.2703984868681997,1.5067841540407172,0,288,288,288,0.04063791200855354,0.012798436578476641,0.11313017536659546,0,288,288,288,0.04063791200855354,0.012798436578476641,0.11313017536659546,0,288,288,288,2.05499932278695,3.0797064254343613,0.8487212378077782,0.7332285404343812,0.537624092507533,0.7372126343334764
Coastal_T_S/H,medium,chronos2_max,,,,,,,1.138450580649078,,,0,288,,0,0.0,21.769810360977843,18356.010531395543,135.4843553012507,0,288,288,288,1.3561894457292047,14.030380415244617,3.745714940467923,0,288,288,288,1.6914240532808602,18.908895032960785,4.34843592949934,0,288,288,288,0.041526111924238655,0.016602465819417385,0.1288505561471016,0,288,288,288,0.03628988610426423,0.005893522238114865,0.07676927926009769,0,288,288,288,1.6217608828563241,2.6236928023202912,1.6197817144048428,0,288,288,288,0.03915362895790678,0.013442896705336353,0.11594350652510192,0,288,288,288,0.03915362895790678,0.013442896705336353,0.11594350652510192,0,288,288,288,2.05499932278695,3.0797064254343613,0.7891783052545845,0.7882152059340469,0.6212832108656519,0.8519295153109426
Coastal_T_S/H,medium,tsrag,all,False,False,t5,24,chronos_bolt_max,66.38023524731398,,,0,288,,605.4304505046457,0.0,29.850067848535232,31898.346335705228,178.60108156364907,0,288,288,288,1.5957874689588727,20.68206496758581,4.547753837619821,0,288,288,288,1.9475142682964313,26.057256023317045,5.104630841041989,0,288,288,288,0.046276588549097976,0.017525542334388505,0.13238407130160526,0,288,288,288,0.042817311014991116,0.00976430363517404,0.09881449101813984,0,288,288,288,1.896233510719802,2.8973118547057495,1.7021491869709158,0,288,288,288,0.044261729510042015,0.014641759586120677,0.12100313874491304,0,288,288,288,0.044261729510042015,0.014641759586120677,0.12100313874491304,0,288,288,288,2.05499932278695,3.0797064254343613,0.9227416718309022,0.8282967143086423,0.6860754469344926,0.9407753384471096
Coastal_T_S/H,medium,bayes_mixture,,,,,,chronos_bolt_max,67.51889204140753,0.29591836734693877,96,0,288,,0,0.0,22.50083396548647,18346.416511697476,135.44894429894046,0,288,288,288,1.3862338435784396,14.532532511104462,3.8121558875660453,0,288,288,288,1.722659757847518,19.533277324179203,4.419646742012217,0,288,288,288,0.04181219941833446,0.016440228459335165,0.1282194542935477,0,288,288,288,0.03687208556522001,0.00599284268252802,0.07741345285238233,0,288,288,288,1.6570892057915185,2.4999940972333636,1.581136963464381,0,288,288,288,0.03962309385042309,0.013378221876795129,0.11566426361151974,0,288,288,288,0.03962309385042309,0.013378221876795129,0.11566426361151974,0,288,288,288,2.05499932278695,3.0797064254343613,0.806369708941902,0.7694099681356945,0.5919916990665705,0.8117637696199451
Coastal_T_S/H,long,chronos_t5_512,,,,,,,78.35661235358566,,,0,144,,0,0.0,29.762020786772382,19055.303721098797,138.04094943566128,0,144,144,144,1.7098472136653045,17.420288159762848,4.1737618714731255,0,144,144,144,2.142671918533662,25.170977836299656,5.017068649749539,0,144,144,144,0.05133621755352116,0.011767397440728878,0.10847763567080948,0,144,144,144,0.048146485133324216,0.007673823977500068,0.08760036516761827,0,144,144,144,3.4886252129214403,16.075600974066028,4.0094389849536345,0,144,144,144,0.04735626781836428,0.006609937676773445,0.08130152321311972,0,144,144,144,0.04735626781836428,0.006609937676773445,0.08130152321311972,0,144,144,144,2.646814492501095,9.314770885075767,1.3180467398850004,1.51481677175076,2.294669851977393,1.7258181840867972
Coastal_T_S/H,long,chronos_bolt_512,,,,,,,1.646385503001511,,,0,144,,0,0.0,37.81437940772881,45106.04673012569,212.38184180886483,0,144,144,144,1.7857201144249528,24.864394581799875,4.986421019308325,0,144,144,144,2.207315014002676,32.94213983668718,5.739524356310999,0,144,144,144,0.053483692082723015,0.015957185526850336,0.1263217539731393,0,144,144,144,0.050096418398280454,0.012884791271471244,0.11351119447645348,0,144,144,144,2.619501013608624,10.797937667047078,3.2860215560837513,0,144,144,144,0.04809590787284565,0.00871054332730426,0.09333029158480252,0,144,144,144,0.04809590787284565,0.00871054332730426,0.09333029158480252,0,144,144,144,2.646814492501095,9.314770885075767,0.9896806221328109,1.2415005152018193,1.5413235292463827,1.1592274034724417
Coastal_T_S/H,long,chronos_bolt_max,,,,,,,6.322250402532518,,,0,144,,0,0.0,22.822655323428975,9697.983869341237,98.47834213339112,0,144,144,144,1.5095057639942588,11.99065815683962,3.462752973695874,0,144,144,144,1.9304158860368201,19.09614983036566,4.369914167391124,0,144,144,144,0.04756687369264005,0.010306147085583337,0.10151919565078979,0,144,144,144,0.04283835880938818,0.005153424447877098,0.07178735576601981,0,144,144,144,2.403045754769006,9.504041650091938,3.082862573987355,0,144,144,144,0.04278912383679411,0.005058550999965641,0.0711234911964088,0,144,144,144,0.04278912383679411,0.005058550999965641,0.0711234911964088,0,144,144,144,2.646814492501095,9.314770885075767,0.9079010869772967,1.1647444816105033,1.3566297074421196,1.0203194224905117
Coastal_T_S/H,long,chronos2_max,,,,,,,0.693747672252357,,,0,144,,0,0.0,23.38398117726512,14442.435247658483,120.17668346088804,0,144,144,144,1.4581599704386596,12.562466469791493,3.544356989609186,0,144,144,144,1.8619836453971719,19.91699808153858,4.462846410256416,0,144,144,144,0.04693526938332424,0.012474290769141519,0.11168836451995132,0,144,144,144,0.041134207689759394,0.005208961579428248,0.07217313613407864,0,144,144,144,2.317674933329153,11.810207370322761,3.4365982264912436,0,144,144,144,0.041574137364873656,0.0055471241381342485,0.07447901810667383,0,144,144,144,0.041574137364873656,0.0055471241381342485,0.07447901810667383,0,144,144,144,2.646814492501095,9.314770885075767,0.8756469106148337,1.2983902862205678,1.685817335351928,1.2679010054069297
Coastal_T_S/H,long,tsrag,all,False,False,t5,24,chronos_bolt_max,67.65230409055948,,,0,144,,591.0122212227434,0.0,38.416665228226414,42648.335538338935,206.514734433984,0,144,144,144,1.8216515014110695,25.604340704903017,5.060073191654743,0,144,144,144,2.2312496905496824,33.438190046648366,5.782576419438689,0,144,144,144,0.053387405981659725,0.014942161629598065,0.12223813492359112,0,144,144,144,0.05050708586137364,0.012875285402884108,0.11346931480750251,0,144,144,144,2.6244291442094987,10.805510958938884,3.2871737037976687,0,144,144,144,0.048446161853910756,0.008615138825695737,0.09281777214357032,0,144,144,144,0.048446161853910756,0.008615138825695737,0.09281777214357032,0,144,144,144,2.646814492501095,9.314770885075767,0.9915425322193837,1.241935811183907,1.5424045591010291,1.1600404446073491
Coastal_T_S/H,long,bayes_mixture,,,,,,chronos_bolt_max,68.34626207593828,0.4,48,0,144,,0,0.0,25.882523332572937,15360.319715805152,123.93675691983049,0,144,144,144,1.5381066173822593,14.411376358703201,3.796231863137867,0,144,144,144,1.944410583299563,22.101790816125586,4.701254174805441,0,144,144,144,0.047748546387319735,0.012501583347704879,0.11181047959697195,0,144,144,144,0.04247518080918608,0.005683908438717082,0.0753917000651735,0,144,144,144,2.381060566778077,10.895776721842386,3.3008751448430136,0,144,144,144,0.04272063953018599,0.0058489723373011514,0.07647857436760411,0,144,144,144,0.04272063953018599,0.0058489723373011514,0.07647857436760411,0,144,144,144,2.646814492501095,9.314770885075767,0.8995948048206828,1.2471123889471631,1.5552893106655001,1.169731049348699
SG_Weather/D,short,chronos_t5_512,,,,,,,50.80996191035956,,,0,2862,,0,0.0,3119.0242737359613,112637501.75581343,10613.081633334092,0,2862,2862,2928,19.055562682316182,1919.5318242795095,43.812461974642666,0,2862,2862,2928,22.870972260367335,2595.9429016014697,50.95039648129806,0,2862,2862,2928,0.36086608131105635,1.7006667522699443,1.3040961437984335,0,2862,2862,2928,0.23889008224182776,0.09873123550670808,0.31421526937230165,0,2862,2862,2928,0.9090838083016374,0.40804787670132947,0.6387862527491723,0,2862,2862,2928,0.24253664860004057,0.24835477823048807,0.49835206253259157,0,2862,2862,2928,0.24253664860004057,0.24835477823048807,0.49835206253259157,0,2862,2862,2928,1.0689616504483799,0.6515856757834457,0.8504363163265201,0.5975763980693144,0.3570975515294957,0.6262382551775801
SG_Weather/D,short,chronos_bolt_512,,,,,,,1.6477975435554981,,,0,2862,,0,0.0,2213.1233615501524,49083688.40742228,7005.975193177769,0,2862,2862,2928,17.92889297860307,1411.786576605679,37.57374850351877,0,2862,2862,2928,20.59004513163016,1789.173403027586,42.29862176274288,0,2862,2862,2928,0.40419385834592175,1.2268283329990586,1.1076228297570696,0,2862,2862,2928,0.2290168417172028,0.0846912012589452,0.29101752740847964,0,2862,2862,2928,0.8801712530547406,0.3184014963409811,0.5642707650950748,0,2862,2862,2928,0.25788891860413493,0.3428845344969369,0.5855634333673312,0,2862,2862,2928,0.25788891860413493,0.3428845344969369,0.5855634333673312,0,2862,2862,2928,1.0689616504483799,0.6515856757834457,0.8233889893856806,0.5278681090742492,0.2786447405776234,0.4886563780858831
SG_Weather/D,short,chronos_bolt_max,,,,,,,3.2050448209047318,,,0,2862,,0,0.0,2187.5582717141288,48071135.25813868,6933.335074705295,0,2862,2862,2928,17.833627190236967,1387.6730609813605,37.25148401045736,0,2862,2862,2928,20.505038684982622,1767.101660241495,42.036908309740085,0,2862,2862,2928,0.39119067240914734,0.97666890121098,0.9882656025638958,0,2862,2862,2928,0.22731611633245982,0.08328312504553952,0.28858815818660943,0,2862,2862,2928,0.8705035530475903,0.31426184315868944,0.560590619934627,0,2862,2862,2928,0.252080328966414,0.2809841571804049,0.5300793876207647,0,2862,2862,2928,0.252080328966414,0.2809841571804049,0.5300793876207647,0,2862,2862,2928,1.0689616504483799,0.6515856757834457,0.8143449792445355,0.5244253801803697,0.27502197937732525,0.4823031795179215
SG_Weather/D,short,chronos2_max,,,,,,,4.8298391019925475,,,0,2862,,0,0.0,2268.2579275582266,59709058.027876206,7727.163647023156,0,2862,2862,2928,17.06594911376663,1403.0168047231211,37.456865922326195,0,2862,2862,2928,20.097909944339317,1864.331943427454,43.17791036429917,0,2862,2862,2928,0.3430878438587365,0.6442006377879501,0.8026211047486542,0,2862,2862,2928,0.21933368940991424,0.07844081630277461,0.2800728767709837,0,2862,2862,2928,0.8502706336047247,0.3227035956647561,0.5680700622852397,0,2862,2862,2928,0.2265219178301321,0.15439689611359994,0.3929337044764676,0,2862,2862,2928,0.2265219178301321,0.15439689611359994,0.3929337044764676,0,2862,2862,2928,1.0689616504483799,0.6515856757834457,0.7954173409757735,0.5314223031733277,0.2824096643100442,0.4952588856051012
SG_Weather/D,short,tsrag,all,False,False,t5,1,chronos_bolt_max,65.62958437390625,,,2803,2862,,119.38965077884495,0.9793850454227813,2186.780091921151,48066264.47667215,6932.983807616469,0,2862,2862,2928,17.817354799656773,1387.6341863727619,37.25096222076367,0,2862,2862,2928,20.488821986439604,1766.9882655291399,42.035559536291885,0,2862,2862,2928,0.3910422655622738,0.9766144885874539,0.9882380728283311,0,2862,2862,2928,0.22723681188998746,0.0833545938375197,0.2887119565198499,0,2862,2862,2928,0.8704025462330951,0.31457356112034984,0.5608685774050369,0,2862,2862,2928,0.2520076088342496,0.28111591567852845,0.5302036549086855,0,2862,2862,2928,0.2520076088342496,0.28111591567852845,0.5302036549086855,0,2862,2862,2928,1.0689616504483799,0.6515856757834457,0.8142504886569144,0.5246854058513498,0.2752947751133956,0.4827815785577494
SG_Weather/D,short,bayes_mixture,,,,,,chronos_bolt_max,70.4594930773601,0.4499314128943759,727,0,2862,,0,0.0,2197.5069747553034,53092263.982542954,7286.443850229201,0,2862,2862,2928,17.24132324028704,1374.4144165652974,37.073095589191055,0,2862,2862,2928,20.099787585337985,1793.5055137795964,42.349799453829725,0,2862,2862,2928,0.362656707948612,0.7505997006239356,0.8663715719158469,0,2862,2862,2928,0.22188975170402672,0.0799174652861952,0.28269677268443516,0,2862,2862,2928,0.8546955619739789,0.3158479969250539,0.5620035559718941,0,2862,2862,2928,0.23582707075569087,0.1925508943313478,0.43880621500993783,0,2862,2862,2928,0.23582707075569087,0.1925508943313478,0.43880621500993783,0,2862,2862,2928,1.0689616504483799,0.6515856757834457,0.799556805069175,0.5257471638352598,0.2764100802808195,0.4847374776084333
SG_Weather/D,medium,chronos_t5_512,,,,,,,28.251318836584687,,,0,1222,,0,0.0,3175.3782957287594,87570159.41594292,9357.892894019622,0,1222,1222,1248,19.566389307980252,1638.369542987069,40.47677782367402,0,1222,1222,1248,25.331384405348306,2533.699259837236,50.33586454842348,0,1222,1222,1248,0.35068182910595613,0.6809928640561256,0.8252229177962314,0,1222,1222,1248,0.24524810022736268,0.08636827836308635,0.29388480458010474,0,1222,1222,1248,0.958510513703003,0.29234335283526197,0.5406878515698886,0,1222,1222,1248,0.23576153786568071,0.10499030067686915,0.3240220681942345,0,1222,1222,1248,0.23576153786568071,0.10499030067686915,0.3240220681942345,0,1222,1222,1248,1.180304070490495,0.6201815357152103,0.8120877811636098,0.45809199941604606,0.2098482799289908,0.4713835159541208
SG_Weather/D,medium,chronos_bolt_512,,,,,,,0.7014861535280943,,,0,1222,,0,0.0,2279.724452524076,38090753.637711056,6171.77070521184,0,1222,1222,1248,18.475041443847317,1265.0221155723793,35.56714938777606,0,1222,1222,1248,22.505314176916258,1773.2352863223682,42.109800359564375,0,1222,1222,1248,0.4097888154837276,0.7878024815029472,0.8875823801219508,0,1222,1222,1248,0.23489358552266226,0.07522866919964058,0.27427845194189165,0,1222,1222,1248,0.9248183233385157,0.23322422890459565,0.4829329445219032,0,1222,1222,1248,0.2378472566727832,0.1301532541091808,0.36076759015906734,0,1222,1222,1248,0.2378472566727832,0.1301532541091808,0.36076759015906734,0,1222,1222,1248,1.180304070490495,0.6201815357152103,0.7835424332258653,0.409159772126527,0.16741171912663153,0.3760580015263355
SG_Weather/D,medium,chronos_bolt_max,,,,,,,1.366235390305519,,,0,1222,,0,0.0,2264.9416959068176,37991810.01489306,6163.749671660349,0,1222,1222,1248,18.390270092769242,1255.7671328411225,35.43680477753493,0,1222,1222,1248,22.391991126922175,1763.5404292786561,41.994528563595715,0,1222,1222,1248,0.3958978888808423,0.68781013134691,0.8293431927416478,0,1222,1222,1248,0.23305658402769672,0.07451850014811254,0.2729807688246785,0,1222,1222,1248,0.91197065667502,0.22898397461555045,0.47852270020924864,0,1222,1222,1248,0.23217204167678085,0.10497053302765133,0.3239915632044318,0,1222,1222,1248,0.23217204167678085,0.10497053302765133,0.3239915632044318,0,1222,1222,1248,1.180304070490495,0.6201815357152103,0.7726573850550523,0.40542323980157974,0.16436800337120924,0.36922088361028016
SG_Weather/D,medium,chronos2_max,,,,,,,2.1962130032479763,,,0,1222,,0,0.0,2293.0160207154554,42596696.04908551,6526.614440051251,0,1222,1222,1248,17.41546373347532,1177.4887783080444,34.31455636181305,0,1222,1222,1248,22.110256212006433,1804.1525909548861,42.47531743206737,0,1222,1222,1248,0.3481520491874965,0.48628236179572853,0.6973394881947591,0,1222,1222,1248,0.2234299020502056,0.06735758465453064,0.25953339795589053,0,1222,1222,1248,0.884970601982409,0.22499362412284116,0.4743349282130098,0,1222,1222,1248,0.21680553924235368,0.074433055260139,0.27282422044264876,0,1222,1222,1248,0.21680553924235368,0.074433055260139,0.27282422044264876,0,1222,1222,1248,1.180304070490495,0.6201815357152103,0.7497818774908103,0.4018751947673044,0.16150367216925882,0.36278671834912396
SG_Weather/D,medium,tsrag,all,False,False,t5,1,chronos_bolt_max,28.62338208593428,,,1203,1222,,112.73537859506905,0.9844517184942717,2265.760906723141,37991083.319569774,6163.690722251545,0,1222,1222,1248,18.387528974269472,1256.03977123282,35.440651394025195,0,1222,1222,1248,22.395008394920747,1764.22450571457,42.00267260204486,0,1222,1222,1248,0.3957681413744612,0.6878940304741655,0.8293937728691755,0,1222,1222,1248,0.232997897179051,0.07455349693409762,0.273044862493506,0,1222,1222,1248,0.911807293798107,0.22884718341069468,0.4783797481193102,0,1222,1222,1248,0.2320900395801045,0.10499541907663644,0.3240299663250861,0,1222,1222,1248,0.2320900395801045,0.10499541907663644,0.3240299663250861,0,1222,1222,1248,1.180304070490495,0.6201815357152103,0.772518977604805,0.40530212517229697,0.16426981266918028,0.3690003172164451
SG_Weather/D,medium,bayes_mixture,,,,,,chronos_bolt_max,30.81966257840395,0.46645367412140576,311,0,1222,,0,0.0,2242.986371893155,39278703.42032136,6267.2724067429335,0,1222,1222,1248,17.714099452340722,1194.9946077752713,34.56869404208483,0,1222,1222,1248,22.04689935798832,1756.9206005918898,41.91563670746145,0,1222,1222,1248,0.36841034786892035,0.5561747708510989,0.745771259067483,0,1222,1222,1248,0.2270027457159507,0.07033353482684089,0.26520470362880233,0,1222,1222,1248,0.8927767854157178,0.22382599147409962,0.47310251687567634,0,1222,1222,1248,0.22204013046261573,0.08423502963898441,0.2902327163484234,0,1222,1222,1248,0.22204013046261573,0.08423502963898441,0.2902327163484234,0,1222,1222,1248,1.180304070490495,0.6201815357152103,0.7563955829150953,0.40083104744277526,0.16066552859407235,0.3609039911450723
SG_Weather/D,long,chronos_t5_512,,,,,,,20.005879193544388,,,0,622,,0,0.0,3076.825128883658,73208814.87395826,8556.214985258275,0,622,622,624,19.255856976890783,1427.42477779613,37.78127549191702,0,622,622,624,25.824494062325453,2409.9206353085756,49.09094249766015,0,622,622,624,0.35008029385418565,0.7640313023506284,0.8740888412230352,0,622,622,624,0.24420743980845633,0.07777876596493372,0.27888844717007144,0,622,622,624,0.9630209681337293,0.22593616307919082,0.4753274272322089,0,622,622,624,0.2316158734245636,0.07918659093008767,0.28140112105335985,0,622,622,624,0.2316158734245636,0.07918659093008767,0.28140112105335985,0,622,622,624,1.1878086823687262,0.5518559441190071,0.8107542758597069,0.400171706342735,0.16013739455725615,0.4094114877024283
SG_Weather/D,long,chronos_bolt_512,,,,,,,0.3579899091273546,,,0,622,,0,0.0,2277.0912095673525,32691941.67666388,5717.686741739519,0,622,622,624,18.508254131886282,1178.9412304569196,34.33571362964398,0,622,622,624,23.23778003573173,1737.0967885783007,41.67849311789356,0,622,622,624,0.411087272726423,0.6685665688335577,0.8176592009104757,0,622,622,624,0.23727389588582495,0.07070454353329227,0.2659032597267139,0,622,622,624,0.9427817088408397,0.18230777608586385,0.4269751469182531,0,622,622,624,0.23163309112170039,0.07611491135663488,0.2758893099716531,0,622,622,624,0.23163309112170039,0.07611491135663488,0.2758893099716531,0,622,622,624,1.1878086823687262,0.5518559441190071,0.7937151182972884,0.3594645781396209,0.12921478293709565,0.33035392302769034
SG_Weather/D,long,chronos_bolt_max,,,,,,,0.6921659996733069,,,0,622,,0,0.0,2282.61280705526,32753775.996001963,5723.091471923366,0,622,622,624,18.543757893937865,1175.331152748622,34.283103021001786,0,622,622,624,23.228858118312196,1743.0329575745818,41.74964619699887,0,622,622,624,0.4003611168465794,0.6090527644112912,0.7804183265475582,0,622,622,624,0.23654182931320047,0.0710244612925461,0.2665041487342103,0,622,622,624,0.929740208284082,0.1672987534944993,0.40902170296269036,0,622,622,624,0.22981726328416985,0.0751138106767383,0.27406898890012765,0,622,622,624,0.22981726328416985,0.0751138106767383,0.27406898890012765,0,622,622,624,1.1878086823687262,0.5518559441190071,0.7827356560738347,0.34434981746977966,0.11857679679147058,0.3031565669942689
SG_Weather/D,long,chronos2_max,,,,,,,1.1097820056602359,,,0,622,,0,0.0,2284.1941427637203,35650525.090646066,5970.806067077214,0,622,622,624,17.41424179369988,1073.150435986948,32.75897489218715,0,622,622,624,22.910624749155183,1759.2974163671188,41.94397950084277,0,622,622,624,0.34989927690067796,0.3956409180735643,0.6289999348756439,0,622,622,624,0.22534842212674236,0.06280614514820991,0.250611542328381,0,622,622,624,0.8987506937939559,0.16097158000038714,0.4012126368901996,0,622,622,624,0.21388048556772096,0.054670590356591574,0.2338174295397834,0,622,622,624,0.21388048556772096,0.054670590356591574,0.2338174295397834,0,622,622,624,1.1878086823687262,0.5518559441190071,0.756646004642489,0.3377754707854989,0.1140922686643654,0.29169130407277777
SG_Weather/D,long,tsrag,all,False,False,t5,1,chronos_bolt_max,15.125215327367187,,,613,622,,110.0566944014281,0.9855305466237942,2286.7505296846234,32753596.196428403,5723.075763645665,0,622,622,624,18.550658378723202,1175.8684209687879,34.29093788406476,0,622,622,624,23.274694253632855,1745.0391370845327,41.77366559310462,0,622,622,624,0.4002252104938897,0.6092066601729027,0.780516918569292,0,622,622,624,0.23654253263593208,0.07106558915455596,0.26658129933391045,0,622,622,624,0.9298177423031886,0.16722952372525549,0.40893706572681265,0,622,622,624,0.22980109839450039,0.07512260647264334,0.2740850351125419,0,622,622,624,0.22980109839450039,0.07512260647264334,0.2740850351125419,0,622,622,624,1.1878086823687262,0.5518559441190071,0.7828009309116579,0.34427856253021405,0.1185277286178705,0.30303111800711646
SG_Weather/D,long,bayes_mixture,,,,,,chronos_bolt_max,16.235064622946084,0.43037974683544306,156,0,622,,0,0.0,2243.8176489265456,33279266.357388593,5768.818454188742,0,622,622,624,17.752568394832952,1097.1491573927692,33.123241951728836,0,622,622,624,22.856753650856287,1721.3864614706138,41.48959461685079,0,622,622,624,0.36942449877102507,0.46239985547061374,0.6799998937283841,0,622,622,624,0.22936453771654988,0.06635223573923761,0.25758927722100083,0,622,622,624,0.9067798039111052,0.16018698758089128,0.4002336662262325,0,622,622,624,0.2186590484386875,0.06028681680835771,0.24553373863556452,0,622,622,624,0.2186590484386875,0.06028681680835771,0.24553373863556452,0,622,622,624,1.1878086823687262,0.5518559441190071,0.7634056034199097,0.33695128867730384,0.11353617094129573,0.29026956996289444
SG_PM25/H,short,chronos_t5_512,,,,,,,20.701025027781725,,,0,460,,0,0.0,44.00457939737854,2991.9693396347266,54.698897060495895,0,460,460,460,4.830384829921136,5.566085326092026,2.3592552481857547,0,460,460,460,5.951218218739688,8.587581110319361,2.930457491641768,0,460,460,460,0.5379966996452326,0.15287086156005456,0.390987035028087,0,460,460,460,0.4073257512385917,0.018503750395652448,0.13602849111731133,0,460,460,460,0.9202222885378254,0.20485602296108735,0.4526102329389906,0,460,460,460,0.4144870245639837,0.03382484025148557,0.18391530727888195,0,460,460,460,0.4144870245639837,0.03382484025148557,0.18391530727888195,0,460,460,460,1.1720073818805468,0.2568254349370439,0.7851676557371856,0.3861837731881466,0.14913790667383386,0.7976469426063819
SG_PM25/H,short,chronos_bolt_512,,,,,,,0.26731810346245766,,,0,460,,0,0.0,43.388842783955816,3452.6571310754166,58.75931527064808,0,460,460,460,4.704458978383437,6.387337890585472,2.5273183199956177,0,460,460,460,5.816165504154471,9.561061612239385,3.0920966369503047,0,460,460,460,0.4988048683736996,0.13899347782759766,0.3728182906290914,0,460,460,460,0.3995281448312028,0.019361137732875486,0.13914430542740686,0,460,460,460,0.8940392461885057,0.22604667884488447,0.4754436652694875,0,460,460,460,0.39931487810859867,0.040581149223875256,0.20144763394955836,0,460,460,460,0.39931487810859867,0.040581149223875256,0.20144763394955836,0,460,460,460,1.1720073818805468,0.2568254349370439,0.7628273166283076,0.40566610127200176,0.16456498572122596,0.8801569007380274
SG_PM25/H,short,chronos_bolt_max,,,,,,,0.5066638570278883,,,0,460,,0,0.0,44.05980976457812,3669.2523441100097,60.574353848060234,0,460,460,460,4.737503500131592,6.670582918840161,2.582747165101563,0,460,460,460,5.846942626055939,9.873071692188212,3.142144441649399,0,460,460,460,0.5007095357332524,0.14041913215741456,0.3747254090096034,0,460,460,460,0.40093293399762453,0.019827642116391115,0.14081066052110938,0,460,460,460,0.9000802176062008,0.2353239278908689,0.48510197679546607,0,460,460,460,0.40284978928399096,0.0484772098743915,0.2201754070608057,0,460,460,460,0.40284978928399096,0.0484772098743915,0.2201754070608057,0,460,460,460,1.1720073818805468,0.2568254349370439,0.7679816966357117,0.413906929508494,0.1713189462951494,0.9162796821450114
SG_PM25/H,short,chronos2_max,,,,,,,2.0544094517827034,,,0,460,,0,0.0,40.9556691935561,2844.0522200084606,53.32965610247698,0,460,460,460,4.633873897402183,5.190097259902964,2.2781784960584113,0,460,460,460,5.717450742021976,8.266426206108456,2.875139336816297,0,460,460,460,0.49529809373782013,0.12125815157308494,0.34822141170968357,0,460,460,460,0.39542550724914227,0.015534262880038114,0.12463652305820358,0,460,460,460,0.8815383692649367,0.1891901359300088,0.43495992451030335,0,460,460,460,0.39260077170038254,0.02420126812303248,0.15556756770944413,0,460,460,460,0.39260077170038254,0.02420126812303248,0.15556756770944413,0,460,460,460,1.1720073818805468,0.2568254349370439,0.7521611065712424,0.37112387791652607,0.13773293275980053,0.7366487512281847
SG_PM25/H,short,tsrag,all,False,False,t5,24,chronos_bolt_max,16.060534918680787,,,344,460,,356.16830886527896,0.7478260869565218,43.847575474393715,3572.9298424423896,59.77398968148596,0,460,460,460,4.739313494036163,6.585747597806756,2.5662711465873507,0,460,460,460,5.8391070059537435,9.752404847415622,3.1228840592336473,0,460,460,460,0.5015014742683486,0.14122648013782596,0.3758011177974674,0,460,460,460,0.4017592485125288,0.019966687622721437,0.14130353011415334,0,460,460,460,0.9006714057884477,0.232600441827243,0.4822866801262948,0,460,460,460,0.4032650157288892,0.04858050838929777,0.2204098645462534,0,460,460,460,0.4032650157288892,0.04858050838929777,0.2204098645462534,0,460,460,460,1.1720073818805468,0.2568254349370439,0.7684861202352443,0.41150481437449715,0.16933621225338935,0.9056752571421158
SG_PM25/H,short,bayes_mixture,,,,,,chronos_bolt_max,18.115026522427797,0.4782608695652174,90,0,460,,0,0.0,41.40963952717603,3038.4492259311846,55.12213009246998,0,460,460,460,4.638365513475045,5.587355805558799,2.363758829821435,0,460,460,460,5.720196231748763,8.688994597463296,2.947710059938612,0,460,460,460,0.494286568614735,0.12424670059707944,0.3524864544873738,0,460,460,460,0.3951412281785111,0.01705366831753411,0.13058969453036526,0,460,460,460,0.8820071130155895,0.2010061932674454,0.4483371424134358,0,460,460,460,0.39373717467910135,0.031728794892918744,0.1781257839082224,0,460,460,460,0.39373717467910135,0.031728794892918744,0.1781257839082224,0,460,460,460,1.1720073818805468,0.2568254349370439,0.7525610560578239,0.38253781447524293,0.14633517950349537,0.7826568786565802
SG_PM25/H,medium,chronos_t5_512,,,,,,,18.834113568998873,,,0,150,,0,0.0,47.747099405665736,2401.4974268290166,49.00507552110308,0,150,150,150,5.01394736788891,4.642395047956804,2.154621787682656,0,150,150,150,6.382653324771647,7.008835941447172,2.6474206204241844,0,150,150,150,0.546343356597408,0.05732990886230424,0.23943664895396494,0,150,150,150,0.4231493485481395,0.009155360416892194,0.09568364759399693,0,150,150,150,0.9535550159428844,0.1633112767378546,0.40411789955142374,0,150,150,150,0.41499277358598213,0.011118452183685542,0.10544407135389615,0,150,150,150,0.41499277358598213,0.011118452183685542,0.10544407135389615,0,150,150,150,1.1852409592075988,0.20283745879242823,0.8045241843315897,0.3409584324706426,0.11625265267283774,0.8051337149957968
SG_PM25/H,medium,chronos_bolt_512,,,,,,,0.410803341306746,,,0,150,,0,0.0,49.41035390666462,3297.555811992173,57.42434859876229,0,150,150,150,4.988075758792736,6.319242297057618,2.5138103144544575,0,150,150,150,6.376234610913652,8.75398609325144,2.958713587566637,0,150,150,150,0.5140741716779674,0.06035351832325171,0.24566953071810047,0,150,150,150,0.4206947875901377,0.013618880411281158,0.11669995891722139,0,150,150,150,0.9461680297355372,0.21442330066678872,0.46305863631595157,0,150,150,150,0.4075866614838588,0.01618133113835539,0.12720586125786576,0,150,150,150,0.4075866614838588,0.01618133113835539,0.12720586125786576,0,150,150,150,1.1852409592075988,0.20283745879242823,0.798291708015309,0.39068733890662427,0.1526365967819395,1.0571188474916595
SG_PM25/H,medium,chronos_bolt_max,,,,,,,1.4451740346848965,,,0,150,,0,0.0,51.623937424083124,3370.996847259921,58.06028631741253,0,150,150,150,5.128649578800908,6.3651626214443775,2.522927391235106,0,150,150,150,6.536625156270689,8.896468990492332,2.982694920787631,0,150,150,150,0.5288863681877511,0.06625194575579851,0.2573945332671199,0,150,150,150,0.42966510678534653,0.01379389332116219,0.11744740661743958,0,150,150,150,0.9729665055239514,0.21653722960541827,0.46533560964686366,0,150,150,150,0.42019465980307963,0.01704467270179798,0.1305552476991943,0,150,150,150,0.42019465980307963,0.01704467270179798,0.1305552476991943,0,150,150,150,1.1852409592075988,0.20283745879242823,0.8209018579432448,0.39260844474862483,0.15414139088793402,1.0675406352187125
SG_PM25/H,medium,chronos2_max,,,,,,,0.6921226214617491,,,0,150,,0,0.0,47.13290522640297,2932.950017721171,54.15671719852646,0,150,150,150,4.914678787346239,5.252130220964747,2.2917526526579493,0,150,150,150,6.28467863575844,7.635719671644403,2.7632805995129055,0,150,150,150,0.5108441057237082,0.044984487837608174,0.21209546868711782,0,150,150,150,0.41637348802641394,0.009778771022234015,0.09888766870663913,0,150,150,150,0.9340346189002265,0.1812843599760664,0.42577501098122983,0,150,150,150,0.4022034160022363,0.007392849490586417,0.08598168113375323,0,150,150,150,0.4022034160022363,0.007392849490586417,0.08598168113375323,0,150,150,150,1.1852409592075988,0.20283745879242823,0.7880546243733274,0.35923076035600787,0.12904673918595558,0.8937420191286365
SG_PM25/H,medium,tsrag,all,False,False,t5,24,chronos_bolt_max,7.460830291733146,,,140,150,,354.45185407809913,0.9333333333333333,51.43844234819516,3301.8215491925353,57.46147882879917,0,150,150,150,5.117999708299283,6.323388676367347,2.5146348992184424,0,150,150,150,6.5274001771377295,8.831489275697503,2.97178217164339,0,150,150,150,0.5271526783456837,0.06647170041715636,0.2578210627880437,0,150,150,150,0.428783152369125,0.013654626982987658,0.11685301443688843,0,150,150,150,0.9708963857969586,0.21434479681673987,0.4629738619152704,0,150,150,150,0.4191780279246613,0.01709025309732781,0.1307296947802136,0,150,150,150,0.4191780279246613,0.01709025309732781,0.1307296947802136,0,150,150,150,1.1852409592075988,0.20283745879242823,0.8191552766165441,0.39061581387196986,0.15258071404686138,1.0567318191266022
SG_PM25/H,medium,bayes_mixture,,,,,,chronos_bolt_max,8.153021255508065,0.3125,30,0,150,,0,0.0,47.323538143331994,2971.3376256961424,54.50997730412426,0,150,150,150,4.921183182839995,5.392581600411945,2.322193273698799,0,150,150,150,6.28795258981038,7.7851903716289295,2.7901954002594387,0,150,150,150,0.5111179167496016,0.04587978973997465,0.21419568095546335,0,150,150,150,0.41644809099012814,0.010411886760826876,0.10203865326839077,0,150,150,150,0.9348597991436914,0.1854500027162537,0.43063906315643696,0,150,150,150,0.4025792452161256,0.008173331549276781,0.09040647957572942,0,150,150,150,0.4025792452161256,0.008173331549276781,0.09040647957572942,0,150,150,150,1.1852409592075988,0.20283745879242823,0.7887508374404295,0.3633346112543594,0.13201203973535647,0.9142788704823609
SG_PM25/H,long,chronos_t5_512,,,,,,,18.643253698013723,,,0,65,,0,0.0,51.81862107559314,1354.7903318797944,36.807476575823486,0,65,65,65,5.271091534388372,2.748564877270479,1.6578796329258885,0,65,65,65,6.832729985050614,5.132422026983386,2.265484943005225,0,65,65,65,0.5619396100999173,0.028619838029235508,0.16917398744853035,0,65,65,65,0.44210850228941095,0.005417491955193313,0.07360361373732484,0,65,65,65,1.0018212926282097,0.09269376505812178,0.3044565076626246,0,65,65,65,0.43154961657337476,0.004797819466054556,0.0692662938668914,0,65,65,65,0.43154961657337476,0.004797819466054556,0.0692662938668914,0,65,65,65,1.2909773955323274,0.12490674689861864,0.7760176871378249,0.23583411198077844,0.05561772837376234,0.7421037482735602
SG_PM25/H,long,chronos_bolt_512,,,,,,,0.35079064685851336,,,0,65,,0,0.0,50.48391259486421,1331.898646414948,36.49518661981259,0,65,65,65,5.086179785501389,2.6874869861187127,1.6393556618741134,0,65,65,65,6.7270840879196445,5.2302522689225235,2.286974479289728,0,65,65,65,0.5135187220531384,0.021482458903307935,0.14656895613774404,0,65,65,65,0.43013610476740294,0.0050489251948126,0.07105578931243112,0,65,65,65,0.9665043736655243,0.09266295935644846,0.30440591215751456,0,65,65,65,0.41464535249272894,0.00365499345297462,0.060456541854249486,0,65,65,65,0.41464535249272894,0.00365499345297462,0.060456541854249486,0,65,65,65,1.2909773955323274,0.12490674689861864,0.7486609579767209,0.2357949203533455,0.05559924446444055,0.741857118668369
SG_PM25/H,long,chronos_bolt_max,,,,,,,1.2074198862537742,,,0,65,,0,0.0,51.689431438677566,1252.251871315432,35.3871709990419,0,65,65,65,5.18930475925788,2.679473278714128,1.6369096733522372,0,65,65,65,6.828829704518938,5.056516305357357,2.2486698969295955,0,65,65,65,0.5216326001854505,0.025412700161064738,0.15941361347471156,0,65,65,65,0.4365326525524851,0.005134029842792485,0.07165214471872064,0,65,65,65,0.986290593765298,0.09162908128832276,0.30270295883641896,0,65,65,65,0.4244338981586524,0.005162580166810961,0.07185109718585347,0,65,65,65,0.4244338981586524,0.005162580166810961,0.07185109718585347,0,65,65,65,1.2909773955323274,0.12490674689861864,0.7639875006166212,0.23447580095823525,0.05497890123500597,0.7335799191271396
SG_PM25/H,long,chronos2_max,,,,,,,0.2971762763336301,,,0,65,,0,0.0,49.156700890631384,1430.5963575654343,37.82322510793381,0,65,65,65,5.062636699388316,2.7316026743657886,1.652756084352978,0,65,65,65,6.6204352224044705,5.326538356577654,2.307929452253178,0,65,65,65,0.5347210072508921,0.020469234419563023,0.14307073222557792,0,65,65,65,0.4263318932417692,0.0052187245947533534,0.0722407405468227,0,65,65,65,0.9632786476356798,0.0950246904540842,0.3082607507518338,0,65,65,65,0.41307213717587965,0.0037641767695359607,0.06135288721434355,0,65,65,65,0.41307213717587965,0.0037641767695359607,0.06135288721434355,0,65,65,65,1.2909773955323274,0.12490674689861864,0.7461622883323044,0.23878090493189788,0.057016320560096055,0.760765073252701
SG_PM25/H,long,tsrag,all,False,False,t5,24,chronos_bolt_max,4.422509344294667,,,62,65,,352.7410944364965,0.9538461538461539,52.262429324718155,1291.2815682693597,35.93440646886156,0,65,65,65,5.214378249950898,2.7288363720378808,1.6519189968148804,0,65,65,65,6.862859040413152,5.163595116137626,2.2723545313479643,0,65,65,65,0.5233325513062781,0.0260873488856374,0.16151578525220808,0,65,65,65,0.43870733939392353,0.005402862875913697,0.0735041691056616,0,65,65,65,0.9913818563251362,0.09512555570198293,0.3084243111396748,0,65,65,65,0.42649609349595385,0.005365491838578887,0.07324951766789244,0,65,65,65,0.42649609349595385,0.005365491838578887,0.07324951766789244,0,65,65,65,1.2909773955323274,0.12490674689861864,0.7679312277317957,0.23890759993709862,0.05707684130770477,0.7615725976691411
SG_PM25/H,long,bayes_mixture,,,,,,chronos_bolt_max,4.719755272381008,0.35714285714285715,12,0,65,,0,0.0,49.16006183195232,1357.9559239675305,36.850453511015715,0,65,65,65,5.055694113109575,2.6333173960839575,1.6227499487240655,0,65,65,65,6.6291850855256,5.213966933797271,2.2834112493804684,0,65,65,65,0.5255532710211692,0.01975797858497029,0.14056307689066247,0,65,65,65,0.42651737235519765,0.0050239167402221,0.07087959325660736,0,65,65,65,0.96163197793715,0.09150197970517457,0.3024929415790963,0,65,65,65,0.41291835227806256,0.0037442945495488253,0.061190641029072616,0,65,65,65,0.41291835227806256,0.0037442945495488253,0.061190641029072616,0,65,65,65,1.2909773955323274,0.12490674689861864,0.7448867666196637,0.2343131201413213,0.05490263827036127,0.7325623473281451
NE_China_Wind/H,short,chronos_t5_512,,,,,,,5.397210377268493,,,0,120,,0,0.0,0.10236154405637225,0.0269142715763002,0.16405569656766023,0,120,120,120,0.21765385745562119,0.028169316449702737,0.16783717243120708,0,120,120,120,0.25656536900267507,0.03653575548489344,0.191143285220521,0,120,120,120,0.836148767947459,3.0338126245216,1.741784322044954,0,120,120,120,0.495789436885017,0.2667305682214381,0.5164596482024885,0,120,120,120,0.5206749448748632,0.14477557226620158,0.38049385312538436,0,120,120,120,0.44202163035588704,0.2489188022595808,0.4989176307363579,0,120,120,120,0.44202163035588704,0.2489188022595808,0.4989176307363579,0,120,120,120,0.8322078490336116,0.39953287968674783,0.6256549316129245,0.4572101231287676,0.20904109669142282,0.3623620974066322
NE_China_Wind/H,short,chronos_bolt_512,,,,,,,0.0713065629824996,,,0,120,,0,0.0,0.10462294257514482,0.02763648772364185,0.16624225613135143,0,120,120,120,0.2215440211767499,0.028473987888039478,0.16874237134768338,0,120,120,120,0.25945077816969603,0.03730823628228402,0.19315340090788982,0,120,120,120,0.9062449272404651,3.538433091550016,1.8810723249120476,0,120,120,120,0.49167761919460834,0.272436913732743,0.5219548962628313,0,120,120,120,0.5380960735993562,0.16258096312475273,0.4032132973064662,0,120,120,120,0.4662731534234054,0.3065129574486098,0.5536361236846904,0,120,120,120,0.4662731534234054,0.3065129574486098,0.5536361236846904,0,120,120,120,0.8322078490336116,0.39953287968674783,0.6465885586445885,0.4845103272874576,0.23475025724819926,0.4069276182030968
NE_China_Wind/H,short,chronos_bolt_max,,,,,,,0.133850185200572,,,0,120,,0,0.0,0.1023660929385891,0.03166360091783535,0.1779426899814526,0,120,120,120,0.21769782562478213,0.029340359625837326,0.1712902788421962,0,120,120,120,0.2546625436952269,0.03751308177726577,0.19368294136878902,0,120,120,120,0.8340838195296617,3.086476109632691,1.7568369615968042,0,120,120,120,0.4933492287850639,0.2593492311895037,0.5092634202350526,0,120,120,120,0.5332655695042804,0.1639775391310656,0.4049414020954953,0,120,120,120,0.43449910429505334,0.22204400131004962,0.4712154510519043,0,120,120,120,0.43449910429505334,0.22204400131004962,0.4712154510519043,0,120,120,120,0.8322078490336116,0.39953287968674783,0.6407841143574009,0.4865868575569519,0.23676676994714943,0.41042314029231225
NE_China_Wind/H,short,chronos2_max,,,,,,,0.5513859027996659,,,0,120,,0,0.0,0.09862217600675839,0.02634234219039993,0.16230324146609004,0,120,120,120,0.21327451545625487,0.028853988699769333,0.16986461874024658,0,120,120,120,0.24958884883611004,0.036327582543423796,0.19059796049124922,0,120,120,120,0.8395209739827261,2.957531297324245,1.719747451611499,0,120,120,120,0.486928014064033,0.26410679631330114,0.5139132186598251,0,120,120,120,0.504153017649442,0.14247238736523724,0.37745514616340475,0,120,120,120,0.43230272479633525,0.22744085762004895,0.4769075986184839,0,120,120,120,0.43230272479633525,0.22744085762004895,0.4769075986184839,0,120,120,120,0.8322078490336116,0.39953287968674783,0.6058018056845796,0.45355874328957446,0.20571553361441808,0.356597403139742
NE_China_Wind/H,short,tsrag,all,False,False,t5,24,chronos_bolt_max,2.5607718490064144,,,0,120,,58.14875754714012,0.0,0.10519181089406553,0.028264878214208828,0.16812161733164724,0,120,120,120,0.22153057188277467,0.02912643267511512,0.1706646790496356,0,120,120,120,0.2597741630830374,0.037709195088573,0.1941885555035955,0,120,120,120,0.9037949164740425,3.3583467824886992,1.8325792704515402,0,120,120,120,0.4935253937017296,0.259885592057361,0.5097897527975244,0,120,120,120,0.5307497370347936,0.15147168714721873,0.389193637084702,0,120,120,120,0.4568584708390478,0.26866938803441054,0.5183332789185068,0,120,120,120,0.4568584708390478,0.26866938803441054,0.5183332789185068,0,120,120,120,0.8322078490336116,0.39953287968674783,0.6377610324765843,0.4676639826656851,0.2187096006827302,0.37912195678608357
NE_China_Wind/H,short,bayes_mixture,,,,,,chronos_bolt_max,3.112200212664902,0.34375,30,0,120,,0,0.0,0.0985305541216799,0.02616966265737663,0.16177040105463245,0,120,120,120,0.21269567202329606,0.028560176180438053,0.1689975626464419,0,120,120,120,0.2493342254294155,0.03636299815119332,0.1906908444346328,0,120,120,120,0.8436585746305302,3.005689403821726,1.7336924190356622,0,120,120,120,0.4843824126816819,0.2557328684195797,0.5057003741540832,0,120,120,120,0.5052711882936605,0.14351559412975712,0.37883452077359203,0,120,120,120,0.4344200398153749,0.2325156407075853,0.48219875643512944,0,120,120,120,0.4344200398153749,0.2325156407075853,0.48219875643512944,0,120,120,120,0.8322078490336116,0.39953287968674783,0.6071454251247436,0.4552162313940054,0.20722181732456063,0.3592084692560971
NE_China_Wind/H,medium,chronos_t5_512,,,,,,,5.187179264612496,,,0,40,,0,0.0,0.27968503062369077,0.09547913787022314,0.30899698683033,0,40,40,40,0.3818981416584494,0.05829497401721924,0.24144352138174932,0,40,40,40,0.4503168917805548,0.07689972760079096,0.27730800132847044,0,40,40,40,0.9956573059262912,1.2888004631836707,1.1352534797055989,0,40,40,40,0.725177195714007,0.26861781508328286,0.5182835276981923,0,40,40,40,0.9529112496723725,0.40456635941047364,0.6360553115967774,0,40,40,40,0.5655187902512727,0.16170687297446862,0.4021279311046034,0,40,40,40,0.5655187902512727,0.16170687297446862,0.4021279311046034,0,40,40,40,1.092497259593467,0.5857512612541707,0.8722321647076384,0.5822031185995489,0.3389604713070404,0.6906794507693312
NE_China_Wind/H,medium,chronos_bolt_512,,,,,,,0.12514878157526255,,,0,40,,0,0.0,0.24594575188237341,0.093975538483307,0.3065542994043747,0,40,40,40,0.3588984280011371,0.0501662092118087,0.2239781444958608,0,40,40,40,0.4220174966745942,0.06784698438288231,0.26047453691845257,0,40,40,40,1.1558702963506051,2.202986067735386,1.484245959312467,0,40,40,40,0.6947395730045619,0.2862550652980696,0.5350280976715799,0,40,40,40,0.8916937176562261,0.3755025204240957,0.6127826045377722,0,40,40,40,0.6062446176950514,0.3185864695501328,0.5644346459512676,0,40,40,40,0.6062446176950514,0.3185864695501328,0.5644346459512676,0,40,40,40,1.092497259593467,0.5857512612541707,0.8161976699035725,0.5609008161409914,0.3146097255476302,0.6410613945928094
NE_China_Wind/H,medium,chronos_bolt_max,,,,,,,0.38671090826392174,,,0,40,,0,0.0,0.26501796692811713,0.11493900840794788,0.3390265600332043,0,40,40,40,0.37022745134810164,0.059555529117968374,0.2440400154031473,0,40,40,40,0.43233927808731415,0.07810071555105717,0.2794650524682061,0,40,40,40,0.8879908577527132,1.0757268139086618,1.0371725092329924,0,40,40,40,0.7225779965140605,0.26483918386549676,0.5146252849068891,0,40,40,40,0.9416772952210544,0.4495232544617405,0.6704649539399807,0,40,40,40,0.5538556774806594,0.1717029361019345,0.41437052996314117,0,40,40,40,0.5538556774806594,0.1717029361019345,0.41437052996314117,0,40,40,40,1.092497259593467,0.5857512612541707,0.8619493430779545,0.6136994377354043,0.37662699987675136,0.767430280046264
NE_China_Wind/H,medium,chronos2_max,,,,,,,0.17748190741986036,,,0,40,,0,0.0,0.23818091462071958,0.08770371154376108,0.29614812432929755,0,40,40,40,0.3584252767290713,0.05060692085004694,0.22495982052368138,0,40,40,40,0.4166040596134624,0.06462197213430224,0.2542085209710765,0,40,40,40,0.9946270818393839,1.1741737663949543,1.0835929892699354,0,40,40,40,0.685969602549412,0.245868101400883,0.4958508862560225,0,40,40,40,0.8980169989362903,0.3626493836835628,0.6022037725583947,0,40,40,40,0.542289482301803,0.14553333461158707,0.381488315170448,0,40,40,40,0.542289482301803,0.14553333461158707,0.381488315170448,0,40,40,40,1.092497259593467,0.5857512612541707,0.8219855849070546,0.5512176504520322,0.3038408981698587,0.6191184000305568
NE_China_Wind/H,medium,tsrag,all,False,False,t5,24,chronos_bolt_max,2.0541327241808176,,,0,40,,57.23293061181903,0.0,0.2517377832637807,0.12284556577023802,0.3504933177255139,0,40,40,40,0.3554137105796447,0.05763646463145331,0.24007595596280215,0,40,40,40,0.4179593531509996,0.07704776237737879,0.2775747869987092,0,40,40,40,1.1607509945197567,1.9425385042555168,1.3937497997329065,0,40,40,40,0.6844390424370687,0.3009938890357756,0.5486290996983076,0,40,40,40,0.8902217150471989,0.40033077916718335,0.6327169818862011,0,40,40,40,0.5781197925162509,0.24862258536599607,0.49862068285019634,0,40,40,40,0.5781197925162509,0.24862258536599607,0.49862068285019634,0,40,40,40,1.092497259593467,0.5857512612541707,0.8148502957146662,0.5791474315657722,0.3354117474892308,0.6834484287921504
NE_China_Wind/H,medium,bayes_mixture,,,,,,chronos_bolt_max,2.23165578301996,0.5,10,0,40,,0,0.0,0.23874542909617918,0.1007852850144737,0.3174669825579878,0,40,40,40,0.35101739714834057,0.05345978132565778,0.23121371353286505,0,40,40,40,0.411136716374857,0.06971202954467955,0.2640303572407528,0,40,40,40,1.0502761652722927,1.4052278300033507,1.1854230595038004,0,40,40,40,0.671589404546019,0.26661907258570794,0.516351694667218,0,40,40,40,0.8806734025235048,0.37396726222075405,0.6115286274744249,0,40,40,40,0.5480916951013876,0.1875767469369531,0.4331013125551031,0,40,40,40,0.5480916951013876,0.1875767469369531,0.4331013125551031,0,40,40,40,1.092497259593467,0.5857512612541707,0.80611039962811,0.5597530081695427,0.31332343015485214,0.6384403875119976
NE_China_Wind/H,long,chronos_t5_512,,,,,,,4.565076041035354,,,0,16,,0,0.0,0.324674678812385,0.049758828851150835,0.22306687080593307,0,16,16,16,0.43758834456699935,0.028829816415071683,0.16979345221495346,0,16,16,16,0.5299248349424561,0.04385434812359552,0.2094142978012617,0,16,16,16,1.2093893444249582,1.2047298019180017,1.0976018412511896,0,16,16,16,0.8320146073807821,0.2874932764381162,0.5361839949477383,0,16,16,16,1.1461175482576544,0.3451722523407116,0.587513618855522,0,16,16,16,0.5988308974138814,0.09689374125498962,0.31127759517027503,0,16,16,16,0.5988308974138814,0.09689374125498962,0.31127759517027503,0,16,16,16,1.3310720643183538,0.6787319478156216,0.861048457841826,0.44138377974027243,0.19481964101780933,0.5085545972185149
NE_China_Wind/H,long,chronos_bolt_512,,,,,,,0.09007603768259287,,,0,16,,0,0.0,0.29338580127394515,0.05033315616756477,0.22435052076508485,0,16,16,16,0.40374620046090315,0.024558921453162845,0.15671286307499727,0,16,16,16,0.4997808694938487,0.04360488376191774,0.2088178243395849,0,16,16,16,1.0832835571886648,0.9968362032833811,0.998416848457287,0,16,16,16,0.7583729325864323,0.30099811626446693,0.5486329522225829,0,16,16,16,1.0639248023680525,0.2987765421206162,0.5466045573544153,0,16,16,16,0.5603856368143962,0.10254374018360808,0.3202245152757797,0,16,16,16,0.5603856368143962,0.10254374018360808,0.3202245152757797,0,16,16,16,1.3310720643183538,0.6787319478156216,0.7992991746189879,0.4106498603697563,0.16863330782170033,0.440198141670177
NE_China_Wind/H,long,chronos_bolt_max,,,,,,,0.301698824390769,,,0,16,,0,0.0,0.35106010456494086,0.05264602158231756,0.22944720870456795,0,16,16,16,0.4530731136675015,0.025512436168909317,0.15972612863557833,0,16,16,16,0.5547592838754156,0.04330224151897691,0.20809190642352457,0,16,16,16,1.0508513526926322,0.8306146806345485,0.9113806453038974,0,16,16,16,0.8280017513999345,0.24968224911550388,0.4996821480856644,0,16,16,16,1.2605794159420194,0.666162271514605,0.8161876447941399,0,16,16,16,0.6125341777667588,0.09400845722397672,0.30660798623645913,0,16,16,16,0.6125341777667588,0.09400845722397672,0.30660798623645913,0,16,16,16,1.3310720643183538,0.6787319478156216,0.947040697295053,0.6131806584131958,0.3759905198520403,0.981480647343226
NE_China_Wind/H,long,chronos2_max,,,,,,,0.07413864694535732,,,0,16,,0,0.0,0.32159509332523484,0.054410862118667316,0.23326136010635648,0,16,16,16,0.4365320577879694,0.028569857362846694,0.16902620318414152,0,16,16,16,0.5253232729669857,0.04563055220448867,0.21361308996521883,0,16,16,16,1.1978937624108181,1.168256706455098,1.0808592445157224,0,16,16,16,0.7967294482945612,0.27544283177075307,0.5248264777721805,0,16,16,16,1.1842643598823355,0.5407574952728402,0.7353621524615203,0,16,16,16,0.6048207558572622,0.10898822582343456,0.3301336484265646,0,16,16,16,0.6048207558572622,0.10898822582343456,0.3301336484265646,0,16,16,16,1.3310720643183538,0.6787319478156216,0.889707170354297,0.5524585574095882,0.30521045765508326,0.7967173153012354
NE_China_Wind/H,long,tsrag,all,False,False,t5,24,chronos_bolt_max,1.3668408785015345,,,0,16,,56.12995497882366,0.0,0.2995926307759718,0.041985097173780156,0.20490265292030788,0,16,16,16,0.4212405349304996,0.019676885441121336,0.1402743221018064,0,16,16,16,0.5168361725268469,0.03247300154377125,0.1802026679707358,0,16,16,16,1.133655757870827,0.6883391073579022,0.8296620440624617,0,16,16,16,0.8154428882826529,0.3283421094677888,0.5730114392119836,0,16,16,16,1.1188140251289174,0.2829670572398638,0.5319464796761643,0,16,16,16,0.5924119483795015,0.10277607951222002,0.32058708569157934,0,16,16,16,0.5924119483795015,0.10277607951222002,0.32058708569157934,0,16,16,16,1.3310720643183538,0.6787319478156216,0.8405360274027429,0.3996376258926114,0.15971023202908283,0.416905463416807
NE_China_Wind/H,long,bayes_mixture,,,,,,chronos_bolt_max,1.4410202465951443,0.3333333333333333,4,0,16,,0,0.0,0.30648477563558585,0.047916290615008836,0.21889789997852616,0,16,16,16,0.42720701907711334,0.024460223223072616,0.1563976445573034,0,16,16,16,0.516673801621844,0.03953295835321724,0.19882896759078453,0,16,16,16,1.1590812663099557,0.9300368515833465,0.9643841825659245,0,16,16,16,0.7959300891646561,0.28604243793451295,0.5348293540322118,0,16,16,16,1.1503273538787062,0.41756580861279535,0.6461933213929059,0,16,16,16,0.5953429143929896,0.10442272295531738,0.3231450494055531,0,16,16,16,0.5953429143929896,0.10442272295531738,0.3231450494055531,0,16,16,16,1.3310720643183538,0.6787319478156216,0.8642111758748333,0.4854683219002297,0.23567949156862508,0.6152146071164866
Australia_Solar/H,short,chronos_t5_512,,,,,,,14.335616622120142,,,0,312,,0,0.0,68848675307.11127,7.488383004937861e+21,86535443634.02698,0,312,312,315,181641.00429446867,16801374600.70129,129620.11649702098,0,312,312,315,218144.10958807849,21261822759.135674,145814.3434615939,0,312,312,315,3940.4927825455566,274204707.7596745,16559.127626770514,0,312,312,315,0.8365341660816682,0.039759507112145515,0.19939786135298823,0,312,312,315,3.350774106177481,4.964688128995492,2.2281580125735005,0,312,312,315,0.8459104730406404,0.7705326271925312,0.8777998787836162,0,312,312,315,0.8459104730406404,0.7705326271925312,0.8777998787836162,0,312,312,315,1.235468758758717,0.9323109223171446,2.712147986278523,1.8034919918267658,3.2525833645832756,5.3251420852781255
Australia_Solar/H,short,chronos_bolt_512,,,,,,,0.1818729406222701,,,0,312,,0,0.0,25707114900.519558,4.3479564503780635e+21,65939035861.756905,0,312,312,315,80444.0003039265,7483362621.310349,86506.43109798456,0,312,312,315,105319.93492886773,14614826207.098623,120891.7954498924,0,312,312,315,94.83321756411809,223404.33464370156,472.65667735016876,0,312,312,315,0.5645072215417303,0.08089529012274453,0.28442097342274975,0,312,312,315,1.1014037065918758,0.6983229834083701,0.835657216452039,0,312,312,315,0.32883229913844136,0.2267722514562739,0.4762061018679558,0,312,312,315,0.32883229913844136,0.2267722514562739,0.4762061018679558,0,312,312,315,1.235468758758717,0.9323109223171446,0.8914864894669314,0.6763887880836655,0.45750179264528973,0.7490237073194143
Australia_Solar/H,short,chronos_bolt_max,,,,,,,0.3462932426482439,,,0,312,,0,0.0,24319664966.656097,3.5531415099129914e+21,59608233574.84259,0,312,312,315,79146.9305838539,6854805167.256302,82793.7507741756,0,312,312,315,103897.67832953396,13524937404.388784,116296.76437626622,0,312,312,315,84.32516738732049,374892.54130924615,612.2846897557101,0,312,312,315,0.5580477745805907,0.07461300064334929,0.27315380400673406,0,312,312,315,1.1027190805159282,0.6821077033832813,0.8258981192515704,0,312,312,315,0.33678537989806073,0.23777436425051002,0.487621127772895,0,312,312,315,0.33678537989806073,0.23777436425051002,0.487621127772895,0,312,312,315,1.235468758758717,0.9323109223171446,0.8925511654570989,0.6684896832853591,0.44687845665895976,0.7316311404868948
Australia_Solar/H,short,chronos2_max,,,,,,,1.4200324779376388,,,0,312,,0,0.0,25681173523.89352,4.1616416520771223e+21,64510787098.57075,0,312,312,315,80595.98859631617,7295914530.764048,85416.12570682452,0,312,312,315,105275.90727492292,14598156871.335348,120822.8325745401,0,312,312,315,201.88901380260765,620256.7118229956,787.5637827014366,0,312,312,315,0.5864106499114542,0.06576574147649603,0.2564483212588767,0,312,312,315,1.093029649033253,0.6515672617476693,0.8071971641102744,0,312,312,315,0.31792641374445324,0.212602977491296,0.461088904107761,0,312,312,315,0.31792641374445324,0.212602977491296,0.461088904107761,0,312,312,315,1.235468758758717,0.9323109223171446,0.884708448744124,0.6533529548098572,0.4268700835587714,0.6988733545331408
Australia_Solar/H,short,tsrag,all,False,False,t5,24,chronos_bolt_max,8.498762166127563,,,207,312,,199.37070552632213,0.6634615384615384,25811635978.14213,4.4860776651079654e+21,66978187980.17729,0,312,312,315,80391.19092181661,7538392877.90605,86823.91881219167,0,312,312,315,105247.1780583182,14734667488.902802,121386.43865318235,0,312,312,315,78.6472244900166,356488.19582084776,597.066324473963,0,312,312,315,0.5682603583832251,0.0815987518780613,0.28565495248299355,0,312,312,315,1.1125119046842131,0.7147201352078059,0.8454112225466408,0,312,312,315,0.34329678238976635,0.25269371512330874,0.5026864978525968,0,312,312,315,0.34329678238976635,0.25269371512330874,0.5026864978525968,0,312,312,315,1.235468758758717,0.9323109223171446,0.9004775691794592,0.6842837720931371,0.46824428075001234,0.7666113504617713
Australia_Solar/H,short,bayes_mixture,,,,,,chronos_bolt_max,9.918853965587914,0.34579439252336447,105,0,312,,0,0.0,24262938452.888638,4.028012256872343e+21,63466623172.12365,0,312,312,315,76723.24020132862,7080557361.823095,84146.04780869446,0,312,312,315,101143.96619467507,14032836555.299063,118460.27416521989,0,312,312,315,141.80319460643165,380414.4425370359,616.7774659770215,0,312,312,315,0.5475027806164058,0.07136198668189826,0.2671366442139645,0,312,312,315,1.0423707628669006,0.6536300572302022,0.8084739063384805,0,312,312,315,0.3133125134541501,0.22285912601234004,0.4720795759322151,0,312,312,315,0.3133125134541501,0.22285912601234004,0.4720795759322151,0,312,312,315,1.235468758758717,0.9323109223171446,0.8437046711842207,0.6543863619431051,0.4282215106971325,0.7010859162796085
Australia_Solar/H,medium,chronos_t5_512,,,,,,,13.437744146212935,,,0,105,,0,0.0,91342721405.23874,9.211421707841299e+21,95976151766.16168,0,105,105,105,212199.47624817878,20828640846.99488,144321.31113246887,0,105,105,105,261743.67821736753,22832968318.481907,151105.81828136832,0,105,105,105,5033.652072372942,199613130.0480593,14128.451084533623,0,105,105,105,0.8732475946090995,0.026365695546442344,0.16237516911905694,0,105,105,105,3.921407662921664,6.492352388217791,2.548009495315469,0,105,105,105,0.900387222978256,0.4843142809994674,0.6959269221688922,0,105,105,105,0.900387222978256,0.4843142809994674,0.6959269221688922,0,105,105,105,1.3589947306642882,0.6875907422688505,2.885520873951326,1.874922277343916,3.5153335460804964,9.442175394617598
Australia_Solar/H,medium,chronos_bolt_512,,,,,,,0.30083656404167414,,,0,105,,0,0.0,27293687292.480503,2.1505381030526994e+21,46373894628.90409,0,105,105,105,84743.20165618895,4694164570.921425,68513.9735449742,0,105,105,105,124305.44437326014,11841843791.646835,108820.23613118488,0,105,105,105,59.315661890678946,24687.91212780121,157.12387510433038,0,105,105,105,0.5790807451799983,0.06180697285614588,0.2486100819680205,0,105,105,105,1.2044003048193626,0.4208240633273926,0.6487095369480802,0,105,105,105,0.30093253611959103,0.06613572943660027,0.25716867895721723,0,105,105,105,0.30093253611959103,0.06613572943660027,0.25716867895721723,0,105,105,105,1.3589947306642882,0.6875907422688505,0.886243542850708,0.47734514513605614,0.2278583875849625,0.6120269478015293
Australia_Solar/H,medium,chronos_bolt_max,,,,,,,1.0169951496645808,,,0,105,,0,0.0,25772971386.112785,1.7111848570894407e+21,41366470203.40799,0,105,105,105,82552.68674045341,4065849879.8603296,63764.01712455333,0,105,105,105,122263.73781914613,10824549800.603876,104041.0966907014,0,105,105,105,84.29845865775883,95054.02559382573,308.3083287779066,0,105,105,105,0.5704760659751474,0.05724277242368374,0.23925461839572448,0,105,105,105,1.1872985757691956,0.4203066466163078,0.6483106096743348,0,105,105,105,0.3011727705833534,0.08065976931165324,0.2840066360345357,0,105,105,105,0.3011727705833534,0.08065976931165324,0.2840066360345357,0,105,105,105,1.3589947306642882,0.6875907422688505,0.8736594403046978,0.477051599278413,0.22757822837409158,0.6112744409987508
Australia_Solar/H,medium,chronos2_max,,,,,,,0.47067530173808336,,,0,105,,0,0.0,28984571827.29034,2.72602066766241e+21,52211307852.44141,0,105,105,105,86466.60842613976,5519381377.016135,74292.53917464481,0,105,105,105,125407.87515777374,13257436675.702574,115140.94265595784,0,105,105,105,221.11306113770814,243934.2965191251,493.8970505268533,0,105,105,105,0.6062467754569734,0.05353750834247019,0.23138173727083602,0,105,105,105,1.204338828113628,0.42673560509656594,0.6532500326035705,0,105,105,105,0.28927515678517035,0.056257911157822166,0.23718750211135106,0,105,105,105,0.28927515678517035,0.056257911157822166,0.23718750211135106,0,105,105,105,1.3589947306642882,0.6875907422688505,0.8861983059529134,0.48068621449639937,0.23105923680687845,0.6206244192416871
Australia_Solar/H,medium,tsrag,all,False,False,t5,24,chronos_bolt_max,4.292270228266716,,,70,105,,198.48469277843833,0.6666666666666666,27560578801.690254,2.37158464784285e+21,48698918343.663956,0,105,105,105,83925.58334678673,4718344287.862049,68690.20518139431,0,105,105,105,123951.25435061203,12196665346.600138,110438.51387355835,0,105,105,105,77.48529480015495,88881.22831478003,298.12954954982246,0,105,105,105,0.5791388084660889,0.06240875055462605,0.2498174344488912,0,105,105,105,1.198197735599768,0.44928488219563784,0.6702871639794677,0,105,105,105,0.3047016161169667,0.08341544121507012,0.2888173146040073,0,105,105,105,0.3047016161169667,0.08341544121507012,0.2888173146040073,0,105,105,105,1.3589947306642882,0.6875907422688505,0.8816794565598343,0.49322278361728866,0.24326871427918675,0.6534190392283754
Australia_Solar/H,medium,bayes_mixture,,,,,,chronos_bolt_max,4.763005861081183,0.35135135135135137,35,0,105,,0,0.0,26770147061.491333,2.1802813370908426e+21,46693482811.746254,0,105,105,105,81814.62616150921,4925785333.998716,70183.93928812144,0,105,105,105,120947.45299750366,12141860674.907969,110190.11151145991,0,105,105,105,152.81323574072786,134335.7601747342,366.5184308799957,0,105,105,105,0.5586921271736928,0.05884241879171359,0.24257456336498595,0,105,105,105,1.143111421206006,0.41542788561824534,0.644536954424062,0,105,105,105,0.28093421196071844,0.06346971976710462,0.2519319744834002,0,105,105,105,0.28093421196071844,0.06346971976710462,0.2519319744834002,0,105,105,105,1.3589947306642882,0.6875907422688505,0.8411448517149462,0.4742748002481267,0.22493658615040044,0.6041789978839062
Australia_Solar/H,long,chronos_t5_512,,,,,,,12.703063796274364,,,0,45,,0,0.0,93766526687.14233,7.541257013730962e+21,86840411178.9607,0,45,45,45,216133.96168740749,16324233159.903738,127766.32247937536,0,45,45,45,272448.59456432617,19538290007.065727,139779.4334194617,0,45,45,45,5386.343273388099,120284693.54173866,10967.437874988791,0,45,45,45,0.8876821644923335,0.017596270836603152,0.1326509360562644,0,45,45,45,4.0940771002539735,6.072494204020618,2.4642431300544634,0,45,45,45,0.9061454217346883,0.385039392306918,0.6205154247131316,0,45,45,45,0.9061454217346883,0.385039392306918,0.6205154247131316,0,45,45,45,1.2762842341465261,0.42093784470046247,3.20780982066409,1.9307949311952022,3.727969066329085,14.426106562933962
Australia_Solar/H,long,chronos_bolt_512,,,,,,,0.23798375949263573,,,0,45,,0,0.0,25750113645.67511,1.0986281195916064e+21,33145559575.78038,0,45,45,45,83375.44020281172,3082489282.6698804,55520.17005260233,0,45,45,45,129366.53268801009,9014413865.957127,94944.26715688065,0,45,45,45,87.94573425115041,23376.386905499046,152.89338411291394,0,45,45,45,0.5933291883436185,0.05808001994895319,0.24099796669049553,0,45,45,45,1.2498315239719093,0.5064851244110019,0.7116776829513498,0,45,45,45,0.2858951531492315,0.03785400726141175,0.19456106306610207,0,45,45,45,0.2858951531492315,0.03785400726141175,0.19456106306610207,0,45,45,45,1.2762842341465261,0.42093784470046247,0.9792736527907467,0.5576169194217628,0.3109366288254167,1.203230193691457
Australia_Solar/H,long,chronos_bolt_max,,,,,,,0.8168310830369592,,,0,45,,0,0.0,24593358585.49946,1.0561558990732574e+21,32498552261.18938,0,45,45,45,81252.48253323635,3011817075.9798875,54880.02438027781,0,45,45,45,125718.30377010306,8788266682.667555,93745.75554481149,0,45,45,45,118.68767078295585,61825.34679813555,248.6470325544537,0,45,45,45,0.579181381812328,0.044642505489305706,0.21128773151630387,0,45,45,45,1.201433095397955,0.36127101246397625,0.6010582438199947,0,45,45,45,0.27576046943906285,0.031291681180829284,0.17689454819419756,0,45,45,45,0.27576046943906285,0.031291681180829284,0.17689454819419756,0,45,45,45,1.2762842341465261,0.42093784470046247,0.9413522969680611,0.47094387577539343,0.2217881341303492,0.8582526304353916
Australia_Solar/H,long,chronos2_max,,,,,,,0.2047616159543395,,,0,45,,0,0.0,29006791996.918022,2.370366616643833e+21,48686411005.98639,0,45,45,45,84644.99149393811,3769041378.147741,61392.518910269035,0,45,45,45,131066.97296448784,11828240594.844229,108757.71510492591,0,45,45,45,237.38041428251725,175894.1674519755,419.397386081477,0,45,45,45,0.6057823098350776,0.04271299903481947,0.20667123417355274,0,45,45,45,1.2377371271489037,0.33103247713121764,0.5753542188349866,0,45,45,45,0.2750675196656235,0.02173583789202131,0.14743079017634447,0,45,45,45,0.2750675196656235,0.02173583789202131,0.14743079017634447,0,45,45,45,1.2762842341465261,0.42093784470046247,0.9697973962489637,0.4508041417746856,0.20322437424121081,0.7864165251446539
Australia_Solar/H,long,tsrag,all,False,False,t5,24,chronos_bolt_max,2.6030450705438852,,,30,45,,197.5000651217997,0.6666666666666666,26160203945.720303,1.2894946482935172e+21,35909534225.51617,0,45,45,45,81045.27308304438,3031966930.716538,55063.29930831005,0,45,45,45,128404.05462915593,9672602700.513039,98349.39095140874,0,45,45,45,123.32789698670499,65046.854710636246,255.04284877376242,0,45,45,45,0.5894584731378055,0.05049579447101578,0.22471269316844517,0,45,45,45,1.1998648797071005,0.3644901402297332,0.6037301882709968,0,45,45,45,0.27582987655101987,0.031754583877402674,0.17819815901799513,0,45,45,45,0.27582987655101987,0.031754583877402674,0.17819815901799513,0,45,45,45,1.2762842341465261,0.42093784470046247,0.9401235615117282,0.4730374097856986,0.2237643910567629,0.8659001437352415
Australia_Solar/H,long,bayes_mixture,,,,,,chronos_bolt_max,2.807863268069923,0.35294117647058826,15,0,45,,0,0.0,26475937241.025444,1.5812149902578515e+21,39764494090.304375,0,45,45,45,80046.91666857309,3356989736.9882073,57939.53518098163,0,45,45,45,126676.60500537629,10428974985.337309,102122.35301508338,0,45,45,45,138.50616678802072,69541.92376611449,263.70802749653734,0,45,45,45,0.556149431475651,0.04945331138433525,0.2223810049989325,0,45,45,45,1.1685848946983144,0.33600155568548346,0.5796564117522409,0,45,45,45,0.26248062859426496,0.024234209388122003,0.15567340616856176,0,45,45,45,0.26248062859426496,0.024234209388122003,0.15567340616856176,0,45,45,45,1.2762842341465261,0.42093784470046247,0.9156149260746512,0.45417501544228306,0.20627494465199805,0.7982213049163605
epf_electricity_price/H,short,chronos_t5_512,,,,,,,23.62125081848353,,,0,525,,0,0.0,160.4158650700959,394044.66303494043,627.7297691164092,0,525,525,525,6.495528086332937,59.0783789696888,7.6862460908878525,0,525,525,525,8.187307989496285,93.38385295522617,9.663532115910112,0,525,525,525,1.2746931370563435,316.6813098776675,17.79554185400567,0,525,525,525,0.16327246380288632,0.04556262511156513,0.21345403512598474,0,525,525,525,1.0270833160886188,1.149954792440912,1.0723594511360974,0,525,525,525,0.1664734997948475,0.0719140485251034,0.2681679483553234,0,525,525,525,0.1664734997948475,0.0719140485251034,0.2681679483553234,0,525,525,525,1.4287668259022852,1.4925386582068707,0.7188599969347707,0.7505489571112405,0.5633237370207707,0.770469016743903
epf_electricity_price/H,short,chronos_bolt_512,,,,,,,0.3033581702038646,,,0,525,,0,0.0,125.44485854759782,117921.16779242332,343.39651686122755,0,525,525,525,6.21505464765258,37.581495144308334,6.1303747963977155,0,525,525,525,7.806042766585181,64.51055487384099,8.031846292966579,0,525,525,525,1.1764853218194276,207.04437308477029,14.389036558601493,0,525,525,525,0.15957237541041738,0.0396371311579216,0.19909076110638987,0,525,525,525,0.9712647264074903,0.6884370864171285,0.8297210895337833,0,525,525,525,0.16049837032669617,0.058640364302853375,0.24215772608540362,0,525,525,525,0.16049837032669617,0.058640364302853375,0.24215772608540362,0,525,525,525,1.4287668259022852,1.4925386582068707,0.6797923277607764,0.5807253321477446,0.33724191139810833,0.4612524323116788
epf_electricity_price/H,short,chronos_bolt_max,,,,,,,0.574447994120419,,,0,525,,0,0.0,126.75291962264178,116463.2504156684,341.26712472148324,0,525,525,525,6.288675473247552,38.95291995810317,6.241227440023571,0,525,525,525,7.881861495505533,64.62917898830905,8.039227511913632,0,525,525,525,1.1943407526963736,184.15946275237638,13.570536568329802,0,525,525,525,0.1605383389285713,0.041923358164809056,0.20475194300618751,0,525,525,525,0.9865224271113764,0.7351560207599491,0.8574123983008113,0,525,525,525,0.16310838148751453,0.060464332685216934,0.24589496270809805,0,525,525,525,0.16310838148751453,0.060464332685216934,0.24589496270809805,0,525,525,525,1.4287668259022852,1.4925386582068707,0.6904712576094244,0.6001065973514216,0.36012792818470124,0.4925540901186186
epf_electricity_price/H,short,chronos2_max,,,,,,,2.349977895617485,,,0,525,,0,0.0,124.52746277868515,138984.74056507568,372.806572588354,0,525,525,525,6.070351277643312,38.547988499201374,6.208702642195177,0,525,525,525,7.63091536500279,66.2965934708495,8.142272009141521,0,525,525,525,1.24069673050265,204.32993249788183,14.29440213852548,0,525,525,525,0.15777923234782346,0.04167795779854786,0.20415180087020507,0,525,525,525,0.9582914661162995,0.7793896490773699,0.8828304758431088,0,525,525,525,0.16096609026496347,0.07099199020427588,0.26644322135170917,0,525,525,525,0.16096609026496347,0.07099199020427588,0.26644322135170917,0,525,525,525,1.4287668259022852,1.4925386582068707,0.6707122875078834,0.6178968183178453,0.3817964780873163,0.5221905943888415
epf_electricity_price/H,short,tsrag,all,False,False,t5,168,chronos_bolt_max,20.037137622013688,,,0,525,,456.5938316453248,0.0,124.72130865283874,118651.6145833833,344.45843665583703,0,525,525,525,6.160324062194735,37.61715855441294,6.133282852959982,0,525,525,525,7.755948337288081,64.56657404215701,8.035332851982986,0,525,525,525,1.0978695753639833,166.21018990172865,12.892253096403618,0,525,525,525,0.15589538204137024,0.03665306698002435,0.19144990723430594,0,525,525,525,0.9606227571238842,0.6692181285007133,0.818057533735075,0,525,525,525,0.15852602926827322,0.05859786353372928,0.24206995586757413,0,525,525,525,0.15852602926827322,0.05859786353372928,0.24206995586757413,0,525,525,525,1.4287668259022852,1.4925386582068707,0.6723439680349789,0.5725619596594852,0.32782719764911,0.44837574210956044
epf_electricity_price/H,short,bayes_mixture,,,,,,chronos_bolt_max,22.387195508927107,0.45351043643263755,525,0,525,,0,0.0,121.6924223235767,125478.79236472026,354.2298580931882,0,525,525,525,6.019981198361927,37.23278852240003,6.101867625768362,0,525,525,525,7.574475099770978,64.31974928652613,8.019959431725708,0,525,525,525,1.1603188670357114,186.09442392087695,13.641643006649783,0,525,525,525,0.1547736018793564,0.038538827978414285,0.19631308662036334,0,525,525,525,0.943819243457658,0.7050714668197907,0.8396853379807169,0,525,525,525,0.15731266078952968,0.06424187983196487,0.2534598189693287,0,525,525,525,0.15731266078952968,0.06424187983196487,0.2534598189693287,0,525,525,525,1.4287668259022852,1.4925386582068707,0.660583117095838,0.5876993521671701,0.3453905285377114,0.4723974571398107
epf_electricity_price/H,medium,chronos_t5_512,,,,,,,22.013202626258135,,,0,175,,0,0.0,240.67600726529878,539035.26718309,734.1902118545916,0,175,175,175,8.379853132689991,80.70597146849211,8.983650230752092,0,175,175,175,10.856366132224661,122.81532166838413,11.082207436624895,0,175,175,175,1.7627073686910213,132.32164328921897,11.503114503873244,0,175,175,175,0.20721092605700342,0.05650250699085436,0.23770255991649386,0,175,175,175,1.345190200405999,1.585597737627521,1.2592052007625767,0,175,175,175,0.20596258556589903,0.08132052077717307,0.28516753107107595,0,175,175,175,0.20596258556589903,0.08132052077717307,0.28516753107107595,0,175,175,175,1.8635230783637327,2.1638735496972785,0.7218532552798562,0.6757121579992572,0.45658692046801314,0.7327589626710594
epf_electricity_price/H,medium,chronos_bolt_512,,,,,,,0.47924578562378883,,,0,175,,0,0.0,189.47702536316947,199842.76549357185,447.03776741296906,0,175,175,175,7.748101466032011,44.57864829418615,6.676724368594689,0,175,175,175,10.165857414969867,86.13236838167161,9.28075257625542,0,175,175,175,1.6609614559317294,93.18154537680813,9.653058861149047,0,175,175,175,0.19461358613010013,0.03946744898350431,0.19866416129615405,0,175,175,175,1.22743631347131,0.7995248527063644,0.8941615361367119,0,175,175,175,0.1894713952923139,0.043981715471155654,0.20971818106963366,0,175,175,175,0.1894713952923139,0.043981715471155654,0.20971818106963366,0,175,175,175,1.8635230783637327,2.1638735496972785,0.658664401703606,0.47982316211604464,0.2302302669030401,0.36948778860863485
epf_electricity_price/H,medium,chronos_bolt_max,,,,,,,1.6963661843910813,,,0,175,,0,0.0,196.4116934828032,213583.72322822787,462.15119087613294,0,175,175,175,7.848836937772612,49.060784860033664,7.004340430050046,0,175,175,175,10.306023966894012,90.19756347660937,9.497239781989785,0,175,175,175,1.6921039265189575,89.254211710569,9.447444718577028,0,175,175,175,0.19447806580513674,0.044774549664024145,0.2115999755766152,0,175,175,175,1.2501886179440798,0.9315273139145087,0.9651566266231139,0,175,175,175,0.19352433843137412,0.053903466386370266,0.23217120059639237,0,175,175,175,0.19352433843137412,0.053903466386370266,0.23217120059639237,0,175,175,175,1.8635230783637327,2.1638735496972785,0.6708736974922835,0.5179204045439405,0.26824154544295903,0.4304906421379509
epf_electricity_price/H,medium,chronos2_max,,,,,,,0.7901788121089339,,,0,175,,0,0.0,191.36193632322264,237833.41460560434,487.68167343627374,0,175,175,175,7.6054819220954935,47.54335925405735,6.895169269427499,0,175,175,175,10.009415365080082,91.17354037252136,9.548483668757116,0,175,175,175,1.7642300675270426,97.23753093777545,9.860909234841149,0,175,175,175,0.19026082958254417,0.042080098650565285,0.20513434293302837,0,175,175,175,1.2097578854073123,0.8923251901211837,0.9446296576548842,0,175,175,175,0.18774633240231278,0.05195767844666729,0.22794226998665099,0,175,175,175,0.18774633240231278,0.05195767844666729,0.22794226998665099,0,175,175,175,1.8635230783637327,2.1638735496972785,0.6491778392514145,0.5069052638104792,0.25695294647877154,0.4123739995093605
epf_electricity_price/H,medium,tsrag,all,False,False,t5,168,chronos_bolt_max,15.012031802907586,,,0,175,,455.0971590336412,0.0,189.17850981506686,210757.53596280183,459.0833649380054,0,175,175,175,7.69610629082554,44.4245346436621,6.665173264339202,0,175,175,175,10.127931767544867,86.60350792702233,9.3061005758063,0,175,175,175,1.6543134806682773,81.23703167953003,9.01315880696274,0,175,175,175,0.19113540423936626,0.036777313952061914,0.1917741222168985,0,175,175,175,1.2167505131362333,0.7904915678389641,0.8890959272423669,0,175,175,175,0.1883347150149449,0.04534865746791909,0.21295224222327197,0,175,175,175,0.1883347150149449,0.04534865746791909,0.21295224222327197,0,175,175,175,1.8635230783637327,2.1638735496972785,0.6529302090557427,0.4771048652764944,0.2276290524705019,0.3653131986153037
epf_electricity_price/H,medium,bayes_mixture,,,,,,chronos_bolt_max,15.802287266589701,0.384180790960452,175,0,175,,0,0.0,186.8445982542695,223124.02445208043,472.36005806172943,0,175,175,175,7.538916997190505,45.05662264419257,6.712423008436862,0,175,175,175,9.942274194933333,87.99578208703227,9.380606701436335,0,175,175,175,1.7188962479731578,90.74663941889476,9.526103055231701,0,175,175,175,0.18813199899599733,0.03879348560203887,0.1969606194193115,0,175,175,175,1.1953648719414633,0.8106365220114886,0.9003535538950733,0,175,175,175,0.1852952246961428,0.04791008856955706,0.21888373299438463,0,175,175,175,0.1852952246961428,0.04791008856955706,0.21888373299438463,0,175,175,175,1.8635230783637327,2.1638735496972785,0.6414542893619831,0.483145910210905,0.23342997055352388,0.37462287115848103
epf_electricity_price/H,long,chronos_t5_512,,,,,,,20.59655201714486,,,0,75,,0,0.0,281.9217119999291,357357.83133429615,597.7941379223254,0,75,75,75,9.469496940299063,68.28093450148238,8.263227850028242,0,75,75,75,12.948057193288744,114.26952691925266,10.689692554945285,0,75,75,75,1.8211701673938017,53.938858387896474,7.344307890325437,0,75,75,75,0.23174531706687815,0.06208851396378939,0.24917566888400117,0,75,75,75,1.5273473112006393,1.2367778542305994,1.1121051453125281,0,75,75,75,0.22113628753312048,0.04910274235661802,0.22159138601628453,0,75,75,75,0.22113628753312048,0.04910274235661802,0.22159138601628453,0,75,75,75,1.9954916176600113,2.061898174629208,0.765399011293099,0.5573088533524508,0.3105931580250236,0.599824894094496
epf_electricity_price/H,long,chronos_bolt_512,,,,,,,0.37894333340227604,,,0,75,,0,0.0,217.17406235926384,107849.67344718176,328.40474029340953,0,75,75,75,8.628594643283222,30.495708739658113,5.522291982470513,0,75,75,75,11.986339582697461,73.50172576752384,8.573314747956232,0,75,75,75,1.6455886691054635,36.612193895854126,6.050801095380192,0,75,75,75,0.21606527535351697,0.03305293478152126,0.18180466105554408,0,75,75,75,1.4208430272143524,0.7993981093604458,0.8940906605934578,0,75,75,75,0.2025247258978307,0.020960275005748263,0.14477663832866222,0,75,75,75,0.2025247258978307,0.020960275005748263,0.14477663832866222,0,75,75,75,1.9954916176600113,2.061898174629208,0.7120265575860882,0.44805533267130543,0.2007535811351942,0.38770009072063016
epf_electricity_price/H,long,chronos_bolt_max,,,,,,,1.3766664061695337,,,0,75,,0,0.0,241.94964547808098,140442.18850128865,374.7561720656361,0,75,75,75,9.073592090463592,44.40600847262092,6.663783345264229,0,75,75,75,12.408978384027929,87.96690094280862,9.37906716805081,0,75,75,75,1.6788746580362244,34.1305230883664,5.842133436371203,0,75,75,75,0.22504991745155972,0.04958947901464351,0.2226869529510957,0,75,75,75,1.46963057387781,0.941841083164487,0.9704849731780946,0,75,75,75,0.21501340294900204,0.034716739619986815,0.18632428617865898,0,75,75,75,0.21501340294900204,0.034716739619986815,0.18632428617865898,0,75,75,75,1.9954916176600113,2.061898174629208,0.7364754433802905,0.48633878718875395,0.23652541592422813,0.45678350888198377
epf_electricity_price/H,long,chronos2_max,,,,,,,0.3368587829172611,,,0,75,,0,0.0,221.42789469045093,134922.87255933083,367.3184892696403,0,75,75,75,8.508772644248037,35.67542539913093,5.972890874537298,0,75,75,75,11.78022180618233,82.65426888759723,9.091439318809604,0,75,75,75,1.785462904333318,38.27653021042906,6.186802907029532,0,75,75,75,0.2087930383926543,0.03687825259447682,0.1920371125446246,0,75,75,75,1.3994283932806775,0.8817085515103845,0.938993371387884,0,75,75,75,0.20003318747956889,0.027521663274424613,0.16589654388933064,0,75,75,75,0.20003318747956889,0.027521663274424613,0.16589654388933064,0,75,75,75,1.9954916176600113,2.061898174629208,0.7012950497490438,0.47055741205717666,0.22142427804194756,0.4276198322300481
epf_electricity_price/H,long,tsrag,all,False,False,t5,168,chronos_bolt_max,10.308935580775142,,,0,75,,454.41500143893063,0.0,211.52730155832174,103148.28481219681,321.16706682379004,0,75,75,75,8.507048861950873,27.31656763598185,5.2265253884375085,0,75,75,75,11.86324985295709,70.79060448463535,8.413715260491964,0,75,75,75,1.5304398058498854,29.24998051168305,5.408325111500145,0,75,75,75,0.20987538134854397,0.02371148659278776,0.15398534538321418,0,75,75,75,1.4028034515395897,0.7829954121268751,0.8848702798302557,0,75,75,75,0.19841430613553554,0.017415491093385756,0.13196776535724833,0,75,75,75,0.19841430613553554,0.017415491093385756,0.13196776535724833,0,75,75,75,1.9954916176600113,2.061898174629208,0.7029863914861091,0.4434347265602087,0.19663435671952711,0.37974494655522034
epf_electricity_price/H,long,bayes_mixture,,,,,,chronos_bolt_max,10.645868243649602,0.35064935064935066,75,0,75,,0,0.0,212.71117370786965,116011.28402860604,340.6042924400778,0,75,75,75,8.40050248175741,30.70156699792813,5.5408994755299545,0,75,75,75,11.675853477788184,76.38561927309121,8.73988668536905,0,75,75,75,1.6929825822437081,34.85981051325879,5.90421972095033,0,75,75,75,0.20727020399218438,0.03188278794021514,0.17855751997665945,0,75,75,75,1.3851643771993853,0.8175634284391659,0.9041921413279181,0,75,75,75,0.19660811680118886,0.021912004912885412,0.14802704115426144,0,75,75,75,0.19660811680118886,0.021912004912885412,0.14802704115426144,0,75,75,75,1.9954916176600113,2.061898174629208,0.6941469284765432,0.4531174840955774,0.20531545439310583,0.3965100888583834
OpenElectricity_NEM/5T,short,chronos_t5_512,,,,,,,75.4779737573117,,,0,1680,,0,0.0,37885.51617418456,13774156407.753458,117363.35206423451,0,1680,1680,1680,95.14971485018337,18751.918385432822,136.937644150295,0,1680,1680,1680,112.6556076934389,25194.230229406552,158.7269045543526,0,1680,1680,1680,5.158799463682067,2174.2902524947035,46.62928535260543,0,1680,1680,1680,0.20292912118369053,0.11826661678590482,0.3438991375184079,0,1680,1680,1680,0.6108917116485023,0.45048258915037104,0.6711799975791674,0,1680,1680,1680,0.195602531865493,0.11233292075507058,0.3351610370479698,0,1680,1680,1680,0.195602531865493,0.11233292075507058,0.3351610370479698,0,1680,1680,1680,1.021668339182264,0.8538266760641295,0.597935443646473,0.6569450885757847,0.4315768494038456,0.5276042571391105
OpenElectricity_NEM/5T,short,chronos_bolt_512,,,,,,,0.9501775223761797,,,0,1680,,0,0.0,32692.103916275362,8292443187.807012,91062.85295227144,0,1680,1680,1680,90.68275327059551,15833.943382965626,125.83299798926204,0,1680,1680,1680,106.56852124568427,21335.25419578351,146.0659241431194,0,1680,1680,1680,5.057560078886364,2180.697724218102,46.697941327408664,0,1680,1680,1680,0.19685101622235338,0.10871929609332137,0.3297260925272997,0,1680,1680,1680,0.5854332438997738,0.37352690828243074,0.6111684778213211,0,1680,1680,1680,0.19231121830485037,0.11581384740276686,0.3403143361699105,0,1680,1680,1680,0.19231121830485037,0.11581384740276686,0.3403143361699105,0,1680,1680,1680,1.021668339182264,0.8538266760641295,0.5730169189429423,0.5982063399463822,0.3578508251520466,0.4374739262121341
OpenElectricity_NEM/5T,short,chronos_bolt_max,,,,,,,1.8217974826693535,,,0,1680,,0,0.0,14827.22947882307,1898638395.2255812,43573.36795825612,0,1680,1680,1680,64.8011844928989,7224.888771040632,84.9993457094855,0,1680,1680,1680,75.21632676484074,9169.733666827771,95.75872632208394,0,1680,1680,1680,3.86444822129814,1212.5815498634256,34.82214166106711,0,1680,1680,1680,0.17719947939066927,0.0988269948081768,0.31436761094008525,0,1680,1680,1680,0.4592765389405014,0.23749256457100082,0.4873320885915484,0,1680,1680,1680,0.16867088915808578,0.09310593034795174,0.3051326438582928,0,1680,1680,1680,0.16867088915808578,0.09310593034795174,0.3051326438582928,0,1680,1680,1680,1.021668339182264,0.8538266760641295,0.4495358438024056,0.4769963694691816,0.22752553648678006,0.27815079011792687
OpenElectricity_NEM/5T,short,chronos2_max,,,,,,,7.526373154483736,,,0,1680,,0,0.0,9329.74899787895,1029982873.9259464,32093.34625628724,0,1680,1680,1680,49.682184668612344,4424.241055077768,66.51496865426434,0,1680,1680,1680,58.891893138092755,5861.493920490414,76.56039394158323,0,1680,1680,1680,3.5202071258188687,1076.3940603708743,32.808444955085484,0,1680,1680,1680,0.156727353047054,0.07949416009740919,0.2819470874072105,0,1680,1680,1680,0.3869694150316232,0.16630542773862075,0.4078056249472544,0,1680,1680,1680,0.14866503345862211,0.07401778886145628,0.2720621047875949,0,1680,1680,1680,0.14866503345862211,0.07401778886145628,0.2720621047875949,0,1680,1680,1680,1.021668339182264,0.8538266760641295,0.3787622657871053,0.3991565651076739,0.1593259634685567,0.19477656578409577
OpenElectricity_NEM/5T,short,tsrag,all,False,False,t5,2016,chronos_bolt_max,90.37714871391654,,,0,1680,,757.4858920946717,0.0,31366.200572653648,7569766192.987485,87004.40329654289,0,1680,1680,1680,88.84729013820262,15180.646511951178,123.20976630101681,0,1680,1680,1680,104.41016312463606,20464.71840894054,143.0549489145361,0,1680,1680,1680,4.907702475502793,2088.37877154207,45.698783042243804,0,1680,1680,1680,0.19217567886631737,0.10442021812014232,0.3231411736689435,0,1680,1680,1680,0.5661066458605167,0.33886540555150063,0.5821214697565282,0,1680,1680,1680,0.18751665245354215,0.11077523923357877,0.3328291442070222,0,1680,1680,1680,0.18751665245354215,0.11077523923357877,0.3328291442070222,0,1680,1680,1680,1.021668339182264,0.8538266760641295,0.5541002144723642,0.5697753834893758,0.3246439876304653,0.39687844740757316
OpenElectricity_NEM/5T,short,bayes_mixture,,,,,,chronos_bolt_max,97.90370787214488,0.17058823529411765,168,0,1680,,0,0.0,9637.330856186562,998800633.5668114,31603.807263790408,0,1680,1680,1680,50.745995340682725,4509.36945952296,67.15183883947601,0,1680,1680,1680,60.17950027018747,6015.758603417067,77.5613215682731,0,1680,1680,1680,3.6893889003509046,1186.5962476620466,34.44700636720188,0,1680,1680,1680,0.15726295478102617,0.08171839277567086,0.2858642908368775,0,1680,1680,1680,0.3893407715549996,0.17169315767858145,0.4143587306653275,0,1680,1680,1680,0.14936437105085124,0.07658154234999306,0.2767337029528443,0,1680,1680,1680,0.14936437105085124,0.07658154234999306,0.2767337029528443,0,1680,1680,1680,1.021668339182264,0.8538266760641295,0.3810833287313426,0.40557068744733465,0.16448758251650364,0.20108666371263137
OpenElectricity_NEM/5T,medium,chronos_t5_512,,,,,,,66.33945906814188,,,0,420,,0,0.0,342603.4025586742,701483499527.1449,837546.1178509187,0,420,420,420,266.1716612329152,151023.78601337943,388.617789110817,0,420,420,420,335.90483902224463,229771.3416801141,479.3447002733149,0,420,420,420,6.920773448313219,1578.0541545129,39.72472976009906,0,420,420,420,0.3150027529872895,0.13541812940269987,0.3679920235585275,0,420,420,420,1.2468458468395933,0.647535581844794,0.8046959561503922,0,420,420,420,0.3105677310563759,0.12208343389134275,0.3494043987864817,0,420,420,420,0.3105677310563759,0.12208343389134275,0.3494043987864817,0,420,420,420,1.0220753966761364,0.5621339027558641,1.219915723335506,0.7873156508485794,0.619865934071122,1.1519240854718917
OpenElectricity_NEM/5T,medium,chronos_bolt_512,,,,,,,1.1445142291486263,,,0,420,,0,0.0,191224.25329014965,219353414334.2428,468351.80616097,0,420,420,420,206.13906339816342,81609.36567150244,285.6735298754549,0,420,420,420,260.04337001071093,123601.69900362211,351.5703329401133,0,420,420,420,7.283160494940921,1471.1269231763245,38.35527242995837,0,420,420,420,0.2983210351999786,0.12199533179460577,0.34927830135095106,0,420,420,420,1.0746730101117732,0.4553535636866175,0.6747989061095294,0,420,420,420,0.3006721224982608,0.14492277882516855,0.3806872454196076,0,420,420,420,0.3006721224982608,0.14492277882516855,0.3806872454196076,0,420,420,420,1.0220753966761364,0.5621339027558641,1.0514615786728534,0.6602241951073518,0.43589598780515043,0.8100446556492048
OpenElectricity_NEM/5T,medium,chronos_bolt_max,,,,,,,4.02302435785532,,,0,420,,0,0.0,64592.18211589202,42364195497.58852,205825.64344023928,0,420,420,420,121.2492701768502,30876.627100191683,175.71746384520716,0,420,420,420,148.68946126509593,42483.626224587555,206.11556521667052,0,420,420,420,6.168825656269275,1018.8877382528749,31.920020962600805,0,420,420,420,0.23853791309117908,0.09744073825040915,0.312154990750443,0,420,420,420,0.7173457193842074,0.20993906679000857,0.4581910810895478,0,420,420,420,0.24111157527797256,0.14538680795001224,0.3812962207392203,0,420,420,420,0.24111157527797256,0.14538680795001224,0.3812962207392203,0,420,420,420,1.0220753966761364,0.5621339027558641,0.7018520568219017,0.44829479564777563,0.20096822380488089,0.3734680754190084
OpenElectricity_NEM/5T,medium,chronos2_max,,,,,,,1.8908886834979057,,,0,420,,0,0.0,33266.195434096626,11273252029.42616,106175.5717169734,0,420,420,420,87.01240594672319,14610.326249152591,120.87318250609847,0,420,420,420,109.41582489458101,21294.37269673501,145.92591509644546,0,420,420,420,4.805303589975643,659.0197482452766,25.671379944313017,0,420,420,420,0.21195288653863406,0.08379047520494344,0.28946584462582703,0,420,420,420,0.5803601222516079,0.1538225300991719,0.3922021546335154,0,420,420,420,0.20512730961064893,0.11347682688199671,0.3368632168729568,0,420,420,420,0.20512730961064893,0.11347682688199671,0.3368632168729568,0,420,420,420,1.0220753966761364,0.5621339027558641,0.5678251566753111,0.3837311375550036,0.14724958592925708,0.27364037170691224
OpenElectricity_NEM/5T,medium,tsrag,all,False,False,t5,2016,chronos_bolt_max,50.278723783791065,,,0,420,,751.9235120955855,0.0,188839.22955732522,226334570191.77023,475746.329667156,0,420,420,420,201.28963338537176,80979.83063833366,284.56955325251096,0,420,420,420,254.9396828022071,123844.98769003527,351.91616571285164,0,420,420,420,6.778877283059757,1302.345772947537,36.0880281110999,0,420,420,420,0.29400636247705997,0.12299765722882704,0.3507102183125365,0,420,420,420,1.0273859753879002,0.3989638039682245,0.6316358159321117,0,420,420,420,0.2902757277115163,0.13753157627963214,0.3708524993574024,0,420,420,420,0.2902757277115163,0.13753157627963214,0.3708524993574024,0,420,420,420,1.0220753966761364,0.5621339027558641,1.0051958776515257,0.6179933672077788,0.38191580191280844,0.709730905772277
OpenElectricity_NEM/5T,medium,bayes_mixture,,,,,,chronos_bolt_max,52.16979207098484,0.045454545454545456,42,0,420,,0,0.0,33120.63889298484,11300527345.861637,106303.93852469267,0,420,420,420,87.26226746287762,14616.999852590345,120.90078516118224,0,420,420,420,109.57429261450507,21114.113291015667,145.3069622936756,0,420,420,420,4.84869300855411,664.5567051110219,25.778997364347237,0,420,420,420,0.21154644497667144,0.08367067693266128,0.2892588407165134,0,420,420,420,0.5813565441848563,0.15397878059150807,0.39240130044574023,0,420,420,420,0.20512980499303274,0.11277603423539377,0.33582143206679615,0,420,420,420,0.20512980499303274,0.11277603423539377,0.33582143206679615,0,420,420,420,1.0220753966761364,0.5621339027558641,0.5688000572907538,0.3839259820966807,0.1473991597289008,0.273918331267028
OpenElectricity_NEM/5T,long,chronos_t5_512,,,,,,,65.1564260777086,,,0,140,,0,0.0,558931.1983793755,1192589534009.6626,1092057.4774294908,0,140,140,140,383.0794801962676,235214.8517779086,484.9895378025268,0,140,140,140,468.1319191177543,339783.7046825039,582.909688272981,0,140,140,140,5.942222807029229,375.64637457864893,19.38159886538386,0,140,140,140,0.47600858500209153,0.23290056294142414,0.48259772372175996,0,140,140,140,1.7936088164384598,1.2103419987708695,1.1001554430037919,0,140,140,140,0.37933694180586475,0.09115322980774565,0.3019159316891801,0,140,140,140,0.37933694180586475,0.09115322980774565,0.3019159316891801,0,140,140,140,1.0224745372877215,0.21617743752963614,1.7541843351877457,1.075973437854141,1.1577188389676591,5.598835903515331
OpenElectricity_NEM/5T,long,chronos_bolt_512,,,,,,,1.3013941580429673,,,0,140,,0,0.0,300735.9045539505,302125083287.3409,549659.0609526426,0,140,140,140,278.26634296787984,108954.92058848633,330.0832025239793,0,140,140,140,353.6102232803487,175695.7145455724,419.1607263873518,0,140,140,140,6.744635575990897,438.4042133456019,20.938104339829856,0,140,140,140,0.4115975042640048,0.1757166576785212,0.41918570786528636,0,140,140,140,1.4373416507755694,0.37248389521367065,0.6103145870890443,0,140,140,140,0.3550414292620184,0.11921789821426612,0.3452794494525646,0,140,140,140,0.3550414292620184,0.11921789821426612,0.3452794494525646,0,140,140,140,1.0224745372877215,0.21617743752963614,1.4057481124061533,0.5968995459857632,0.35628906799801024,1.7230470463070697
OpenElectricity_NEM/5T,long,chronos_bolt_max,,,,,,,4.947149693034589,,,0,140,,0,0.0,83413.22258774318,29028451516.395992,170377.3797086808,0,140,140,140,147.8149952270183,30176.031077325537,173.71249545535156,0,140,140,140,189.01128254296788,47687.95765920555,218.37572589279594,0,140,140,140,5.185988579414303,278.9544611446841,16.701929862883635,0,140,140,140,0.30213682590089475,0.11944339202956396,0.3456058333268754,0,140,140,140,0.8973124139723339,0.17835870919373825,0.4223253594016564,0,140,140,140,0.2678993420684068,0.09666789620115286,0.3109146123956751,0,140,140,140,0.2678993420684068,0.09666789620115286,0.3109146123956751,0,140,140,140,1.0224745372877215,0.21617743752963614,0.8775890071087732,0.4130424220850941,0.17060404244192107,0.8250570051709802
OpenElectricity_NEM/5T,long,chronos2_max,,,,,,,0.7411938486620784,,,0,140,,0,0.0,47413.418073872854,11039697628.260284,105069.96539573184,0,140,140,140,108.88047137777376,15837.125492232539,125.84564153053748,0,140,140,140,144.01646595000332,26672.67560914439,163.31771370290605,0,140,140,140,4.95061926573941,281.4359154362785,16.776051842918182,0,140,140,140,0.26052707109300244,0.09673888165393318,0.3110287473111339,0,140,140,140,0.7347155204160645,0.15236335329959294,0.39033748641347904,0,140,140,140,0.23330685309934884,0.09522073990245393,0.3085785797855288,0,140,140,140,0.23330685309934884,0.09522073990245393,0.3085785797855288,0,140,140,140,1.0224745372877215,0.21617743752963614,0.7185660802517545,0.3817576596566523,0.1457389107065244,0.7048069171358606
OpenElectricity_NEM/5T,long,tsrag,all,False,False,t5,2016,chronos_bolt_max,44.16037290357053,,,0,140,,747.4895539041609,0.0,308073.49043774785,335916840164.40625,579583.333235529,0,140,140,140,283.22284166301665,116466.88450588637,341.2724490870694,0,140,140,140,354.77224715835234,182210.14308396084,426.8608005942462,0,140,140,140,6.697371179294517,501.74230521023213,22.399605023531823,0,140,140,140,0.4264887580893661,0.19145754677906104,0.4375586209630214,0,140,140,140,1.4600845919478684,0.41870307320753936,0.6470726954581991,0,140,140,140,0.35771136259426334,0.11233783337055836,0.33516836570678676,0,140,140,140,0.35771136259426334,0.11233783337055836,0.33516836570678676,0,140,140,140,1.0224745372877215,0.21617743752963614,1.4279911515654737,0.6328496914697394,0.4004987319933444,1.9368490902300506
OpenElectricity_NEM/5T,long,bayes_mixture,,,,,,chronos_bolt_max,44.901749855838716,0.0625,14,0,140,,0,0.0,47331.25301402972,11055716364.32709,105146.16666491979,0,140,140,140,108.68025637000903,15808.604454851982,125.73227292486199,0,140,140,140,144.0791991944828,26572.437373506258,163.01054374949572,0,140,140,140,4.977685535843755,281.6087786641572,16.781203135179467,0,140,140,140,0.2630300238282615,0.0997452504002887,0.3158247146761771,0,140,140,140,0.7372703859392141,0.1548820736404549,0.3935505985771777,0,140,140,140,0.23424091643546432,0.09400247888925543,0.3065982369310943,0,140,140,140,0.23424091643546432,0.09400247888925543,0.3065982369310943,0,140,140,140,1.0224745372877215,0.21617743752963614,0.7210647884640166,0.3849001458961845,0.1481481223109041,0.7164580883665153
EWELD_Load/15T,short,chronos_t5_512,,,,,,,25.182154837064445,,,0,560,,0,0.0,1598.6225044319465,18087798.943698723,4252.975304854088,0,560,560,560,15.052934049784094,772.517857087684,27.794205458830515,0,560,560,560,19.216005108751602,1229.3676520923789,35.06233951253651,0,560,560,560,0.38938689591621295,0.9148857844528517,0.9564966201993877,0,560,560,560,0.3057882911010727,0.14873401612289178,0.38566049333953273,0,560,560,560,0.6625563299425539,0.3818898869133484,0.6179723997990108,0,560,560,560,0.27503934699095683,0.21598345702604138,0.46474020379782227,0,560,560,560,0.27503934699095683,0.21598345702604138,0.46474020379782227,0,560,560,560,0.9109076791493171,0.6284262662910528,0.7273583757261824,0.678413865580896,0.460245373012414,0.6076924333020762
EWELD_Load/15T,short,chronos_bolt_512,,,,,,,0.3209217181429267,,,0,560,,0,0.0,1359.2056097164348,13889276.884492384,3726.8320172087692,0,560,560,560,14.558269786666191,692.9268818742567,26.32350436158257,0,560,560,560,17.942699028583508,1037.2651612861032,32.206601206679714,0,560,560,560,0.38723010557172505,0.5378144836170605,0.7333583596149024,0,560,560,560,0.31843128180496644,0.13744078803065185,0.37073007435417465,0,560,560,560,0.6343085166167726,0.32933406749980754,0.5738763521001781,0,560,560,560,0.47368285830599266,4.691896253547047,2.1660785427927234,0,560,560,560,0.47368285830599266,4.691896253547047,2.1660785427927234,0,560,560,560,0.9109076791493171,0.6284262662910528,0.6963477541534655,0.6300049557559032,0.3969062442769976,0.5240615887103579
EWELD_Load/15T,short,chronos_bolt_max,,,,,,,0.6118186470121145,,,0,560,,0,0.0,1147.2520480974295,8669743.145684,2944.4427563944932,0,560,560,560,13.172979256042854,565.4403650044609,23.77898999126037,0,560,560,560,16.502812114326506,874.909240416668,29.578864758754147,0,560,560,560,0.3457377652198128,0.48735823454431165,0.698110474455377,0,560,560,560,0.2953328789994396,0.13166644435297065,0.3628587112816373,0,560,560,560,0.5701567473339969,0.25426672342791057,0.5042486722123426,0,560,560,560,0.38237972733586706,2.397664979295149,1.548439530396699,0,560,560,560,0.38237972733586706,2.397664979295149,1.548439530396699,0,560,560,560,0.9109076791493171,0.6284262662910528,0.6259215509813878,0.553567264558855,0.30643671639117337,0.4046086821427481
EWELD_Load/15T,short,chronos2_max,,,,,,,2.5177053418010473,,,0,560,,0,0.0,1113.6207289177771,8318535.417160626,2884.187132826271,0,560,560,560,12.498335190332451,536.4622520597073,23.161654778096217,0,560,560,560,16.00538865725956,857.4482628478441,29.282217519304172,0,560,560,560,0.3237747020549812,0.5327022406575455,0.7298645358267145,0,560,560,560,0.276482144511312,0.12590546000964334,0.35483159387185825,0,560,560,560,0.5334183586079014,0.22454725606505918,0.4738641747009993,0,560,560,560,0.33334602620470166,0.882163885322338,0.9392357985736798,0,560,560,560,0.33334602620470166,0.882163885322338,0.9392357985736798,0,560,560,560,0.9109076791493171,0.6284262662910528,0.5855899240042116,0.5202109780691868,0.2706194617037,0.35731678974898406
EWELD_Load/15T,short,tsrag,all,False,False,t5,672,chronos_bolt_max,20.785474406555295,,,0,560,,351.81243628636,0.0,1271.9906342318266,10994452.46706686,3315.7883628281916,0,560,560,560,14.18066468331741,647.8929486557154,25.453741348880627,0,560,560,560,17.44721423957715,967.5853495101226,31.106033972689648,0,560,560,560,0.3981043760976148,0.5524533923117003,0.7432720849807964,0,560,560,560,0.31661524139255803,0.13504811679849646,0.3674889342531234,0,560,560,560,0.6145055507521586,0.2902525842904161,0.5387509482965354,0,560,560,560,0.5348039936177332,10.331451256609805,3.2142574969360815,0,560,560,560,0.5348039936177332,10.331451256609805,3.2142574969360815,0,560,560,560,0.9109076791493171,0.6284262662910528,0.6746079375750087,0.5914440734539275,0.34980609202377483,0.4618721397555126
EWELD_Load/15T,short,bayes_mixture,,,,,,chronos_bolt_max,23.30325754918158,0.15517241379310345,56,0,560,,0,0.0,1098.9105476694856,8108119.07177584,2847.475912413631,0,560,560,560,12.503867804179368,534.2620807798122,23.11410999324465,0,560,560,560,15.92329340108329,845.3592749325029,29.075062767473142,0,560,560,560,0.3233825520951125,0.5183539400369778,0.7199680132040435,0,560,560,560,0.27524670718483935,0.124408924897143,0.3527164936562267,0,560,560,560,0.5335589526363836,0.22201641379902434,0.4711861774278023,0,560,560,560,0.34159077184362274,1.3063342299585596,1.142949793279897,0,560,560,560,0.34159077184362274,1.3063342299585596,1.142949793279897,0,560,560,560,0.9109076791493171,0.6284262662910528,0.5857442689852678,0.5172710563466058,0.2675693457339333,0.3532895197225866
EWELD_Load/15T,medium,chronos_t5_512,,,,,,,22.189665557816625,,,0,140,,0,0.0,1830.7276742262536,20789323.243278995,4559.531033261973,0,140,140,140,17.3292195196277,799.944604881305,28.28329197390758,0,140,140,140,23.14729087290877,1294.930599471208,35.985144149651646,0,140,140,140,0.4946587571250121,0.4963731242876926,0.7045375251096939,0,140,140,140,0.3699549171427465,0.10332305478590685,0.3214390374330829,0,140,140,140,0.8743040389268838,0.3911426821607283,0.6254140086060819,0,140,140,140,0.2851338866240286,0.04082980411693473,0.20206386148179672,0,140,140,140,0.2851338866240286,0.04082980411693473,0.20206386148179672,0,140,140,140,0.9107484734313388,0.24043824963022473,0.959984083896241,0.6867033290209865,0.47156146208850536,1.6267905907744513
EWELD_Load/15T,medium,chronos_bolt_512,,,,,,,0.38738048262894154,,,0,140,,0,0.0,1623.6498867939588,15878087.57328495,3984.731806945726,0,140,140,140,16.54179072072064,695.4998023520592,26.37233024122175,0,140,140,140,21.66649072349336,1154.2130665227346,33.97371140341801,0,140,140,140,0.45234171871653794,0.34137388861573204,0.5842721015209712,0,140,140,140,0.3518959845832811,0.10346908578074292,0.32166610915783916,0,140,140,140,0.7630007010894063,0.26375776558201075,0.5135735250010565,0,140,140,140,0.2500808167510274,0.034548044747371755,0.18587104332674242,0,140,140,140,0.2500808167510274,0.034548044747371755,0.18587104332674242,0,140,140,140,0.9107484734313388,0.24043824963022473,0.8377732418421987,0.5639027019898427,0.3179862573114454,1.0969875466472145
EWELD_Load/15T,medium,chronos_bolt_max,,,,,,,1.3450794434174895,,,0,140,,0,0.0,1284.3564645884173,7943423.464525126,2818.4079663038715,0,140,140,140,14.833582197666347,557.1127727679446,23.603236489260212,0,140,140,140,19.555315608514253,901.9460960398163,30.03241741917917,0,140,140,140,0.3850340673256225,0.28056887888924065,0.5296875294824682,0,140,140,140,0.32116148275549017,0.08644126105680192,0.29400894723936877,0,140,140,140,0.6761916524906441,0.1749847434709049,0.4183117778295334,0,140,140,140,0.22551074249984387,0.03037274957983272,0.17427779428209642,0,140,140,140,0.22551074249984387,0.03037274957983272,0.17427779428209642,0,140,140,140,0.9107484734313388,0.24043824963022473,0.7424570803210049,0.4593054943627856,0.2109615371518429,0.727774152989459
EWELD_Load/15T,medium,chronos2_max,,,,,,,0.6388777708634734,,,0,140,,0,0.0,1200.0988457514152,6678577.059808746,2584.294305958349,0,140,140,140,13.960417413653895,502.4599319497955,22.4156180363111,0,140,140,140,19.004162030253475,838.9406712792876,28.964472570362602,0,140,140,140,0.36899147970974394,0.2745877271497046,0.524011189908865,0,140,140,140,0.30300368473400857,0.07854653006337796,0.28026153868017273,0,140,140,140,0.6378522468638873,0.13543957711274532,0.3680211639467835,0,140,140,140,0.21443874305481778,0.025660363458930142,0.16018852474172468,0,140,140,140,0.21443874305481778,0.025660363458930142,0.16018852474172468,0,140,140,140,0.9107484734313388,0.24043824963022473,0.7003604897197502,0.40408650102945093,0.16328590031422444,0.5633029574996525
EWELD_Load/15T,medium,tsrag,all,False,False,t5,672,chronos_bolt_max,12.622121976688504,,,0,140,,349.0021582581103,0.0,1552.9403504957234,13039424.482431874,3611.014328749178,0,140,140,140,16.287777695148474,670.1675433065686,25.887594390104475,0,140,140,140,21.30819693547969,1098.9010938545373,33.149677130471986,0,140,140,140,0.45027211912827964,0.324013945616982,0.5692222286743395,0,140,140,140,0.3457812560516895,0.09427961775976364,0.30704986200902884,0,140,140,140,0.7458326689722787,0.22885367836140175,0.4783865365595083,0,140,140,140,0.24486824308768423,0.031649705817859544,0.1779036419465873,0,140,140,140,0.24486824308768423,0.031649705817859544,0.1779036419465873,0,140,140,140,0.9107484734313388,0.24043824963022473,0.818922776957591,0.5252674591450455,0.27590590363669204,0.9518189336071148
EWELD_Load/15T,medium,bayes_mixture,,,,,,chronos_bolt_max,13.2610750971362,0.125,14,0,140,,0,0.0,1182.5885520684933,6640774.166831449,2576.969958465067,0,140,140,140,13.963357519954885,501.6886686705801,22.398407726233135,0,140,140,140,18.83845936858616,827.7010006866216,28.76979319853762,0,140,140,140,0.3723290784836141,0.27544030361499,0.5248240692031855,0,140,140,140,0.3034496419463389,0.07807332433115796,0.27941604164964823,0,140,140,140,0.6395834287994603,0.1356435162048966,0.3682981349462641,0,140,140,140,0.21470074843302334,0.025572264328575324,0.15991330253789185,0,140,140,140,0.21470074843302334,0.025572264328575324,0.15991330253789185,0,140,140,140,0.9107484734313388,0.24043824963022473,0.7022613240182152,0.4043906146322298,0.16353176920263263,0.5641511548745083
EWELD_Load/15T,long,chronos_t5_512,,,,,,,22.317367668263614,,,0,20,,0,0.0,1819.7997370857272,17090971.991782714,4134.122880585762,0,20,20,20,17.8111042880698,719.59254416554,26.825222164327734,0,20,20,20,24.283412436946108,1230.1156175028987,35.073004112891425,0,20,20,20,0.7012110977582516,0.5735438762825524,0.7573267962264061,0,20,20,20,0.4289435695188465,0.10690354306164376,0.3269610727007785,0,20,20,20,1.0492562165549941,0.45084104161545363,0.6714469760267401,0,20,20,20,0.3408129572124957,0.048014237629895526,0.21912151338902242,0,20,20,20,0.3408129572124957,0.048014237629895526,0.21912151338902242,0,20,20,20,0.9730884442803625,0.237943187485963,1.078274254228721,0.6900163905690009,0.476122619253872,1.8947423810654387
EWELD_Load/15T,long,chronos_bolt_512,,,,,,,0.5033772457391024,,,0,20,,0,0.0,1442.0635841811522,9729174.20217652,3119.1624199737535,0,20,20,20,16.44424928989084,601.4145288833964,24.52375437985376,0,20,20,20,21.78900441868691,967.3028706235949,31.101493061002632,0,20,20,20,0.5967448119100107,0.2655861002471409,0.5153504635169556,0,20,20,20,0.39113344458671906,0.08081388617682707,0.2842778327214893,0,20,20,20,0.848802386474308,0.20069724483538467,0.4479924606903387,0,20,20,20,0.2714501065161635,0.02068863093251589,0.14383543003208873,0,20,20,20,0.2714501065161635,0.02068863093251589,0.14383543003208873,0,20,20,20,0.9730884442803625,0.237943187485963,0.8722767097517339,0.46038205809919663,0.2119516394196521,0.8434670769770386
EWELD_Load/15T,long,chronos_bolt_max,,,,,,,1.760542033240199,,,0,20,,0,0.0,1397.14834838844,9508426.576370548,3083.57366968434,0,20,20,20,15.850343052852187,597.4704920296186,24.443209527998132,0,20,20,20,21.14400603108201,950.0793573460072,30.82335733410634,0,20,20,20,0.47483561457367757,0.12247061312016114,0.349958016225034,0,20,20,20,0.36474982285759994,0.08323666455507639,0.28850765077390306,0,20,20,20,0.7765424340476196,0.22742617609138324,0.47689220594530923,0,20,20,20,0.24261093029058198,0.01997051229363461,0.14131706299536023,0,20,20,20,0.24261093029058198,0.01997051229363461,0.14131706299536023,0,20,20,20,0.9730884442803625,0.237943187485963,0.7980183493206556,0.4900810494137457,0.24017943499447825,0.9558003256756398
EWELD_Load/15T,long,chronos2_max,,,,,,,0.09153799992054701,,,0,20,,0,0.0,1323.3334294279196,7851800.350999592,2802.1064132183833,0,20,20,20,15.111050563662625,529.7429727639059,23.016145914637963,0,20,20,20,21.0552916048615,880.0081248621684,29.66493089259047,0,20,20,20,0.3823781963367166,0.07725352642366673,0.2779451860055625,0,20,20,20,0.3302443019402501,0.07471922568092687,0.273348176655574,0,20,20,20,0.7570063801041875,0.21066182431796032,0.45897911098214517,0,20,20,20,0.22796577855276387,0.01650912813414179,0.1284878520878211,0,20,20,20,0.22796577855276387,0.01650912813414179,0.1284878520878211,0,20,20,20,0.9730884442803625,0.237943187485963,0.7779420098488825,0.4716725531784302,0.22247499742185906,0.8853450546063141
EWELD_Load/15T,long,tsrag,all,False,False,t5,672,chronos_bolt_max,10.980732886120677,,,0,20,,338.371892478317,0.0,1445.1291584751466,9424942.932121828,3070.0069921942895,0,20,20,20,16.641864362716056,601.5028067001524,24.525554156841235,0,20,20,20,21.910844994898348,965.0440300846843,31.065157815222577,0,20,20,20,0.5969955129679192,0.23069883969288693,0.4803111904722676,0,20,20,20,0.3888253037949385,0.07989700586497703,0.28266058420829926,0,20,20,20,0.8455181935607323,0.20250032620431693,0.4500003624490951,0,20,20,20,0.26553442080705253,0.019799626096573087,0.14071114418045605,0,20,20,20,0.26553442080705253,0.019799626096573087,0.14071114418045605,0,20,20,20,0.9730884442803625,0.237943187485963,0.8689016898006908,0.4624454900210928,0.21385583124084864,0.8510448579926797
EWELD_Load/15T,long,bayes_mixture,,,,,,chronos_bolt_max,11.072352238930762,0.25,2,0,20,,0,0.0,1295.2850060631438,7753572.827607172,2784.5238062561384,0,20,20,20,15.08374316948466,528.2362372377665,22.98339046437158,0,20,20,20,20.715968998284488,866.1336345252599,29.430148394550443,0,20,20,20,0.4235949024318192,0.09166264028456048,0.30275838598552557,0,20,20,20,0.3421712144237622,0.07435978030323384,0.2726898976919274,0,20,20,20,0.7568914433236933,0.20207089296034203,0.449522961549621,0,20,20,20,0.23011234324633806,0.016902435481602245,0.13000936689947476,0,20,20,20,0.23011234324633806,0.016902435481602245,0.13000936689947476,0,20,20,20,0.9730884442803625,0.237943187485963,0.7778238943978464,0.4619548862098153,0.21340231689312336,0.8492400858178082
SG_Carpark/15T,short,chronos_t5_512,,,,,,,515.9948269734159,,,0,14868,,0,0.0,296.6263437818363,4423933.379965222,2103.3148551667728,0,14868,14868,14868,7.138728061872385,102.14225317240505,10.106545066065111,0,14868,14868,14868,9.075837878186551,214.2555105907105,14.637469405286916,0,14868,14868,14868,0.04513289015122878,0.038035546651907566,0.19502704082231154,0,14811,14868,14868,0.0549091026836649,0.030889690259422634,0.17575463083350787,0,14868,14868,14868,0.49458494555475924,0.323692968141157,0.5689402149094024,0,14868,14868,14868,0.04413319090945817,0.017482117285885647,0.13221995797112343,0,14811,14868,14868,0.04413319090945817,0.017482117285885647,0.13221995797112343,0,14811,14868,14868,0.9420673883040124,1.3572945477146132,0.5249995400489894,0.6039273007142892,0.36472818454804756,0.23848395227563912
SG_Carpark/15T,short,chronos_bolt_512,,,,,,,8.328464093618095,,,0,14868,,0,0.0,254.30377425490232,3464430.336057956,1861.2980245135263,0,14868,14868,14868,6.8069849098366015,95.2549231387386,9.759862864750641,0,14868,14868,14868,8.478180565333124,182.42422855651003,13.506451368013362,0,14868,14868,14868,0.043767088295859305,0.039867464534388906,0.19966838641705129,0,14811,14868,14868,0.05200966983962638,0.028007850952615536,0.1673554628705485,0,14868,14868,14868,0.4678130975734285,0.29405733369310694,0.5422705355199625,0,14868,14868,14868,0.04306296448772241,0.02076511089850359,0.14410104405764584,0,14811,14868,14868,0.04306296448772241,0.02076511089850359,0.14410104405764584,0,14811,14868,14868,0.9420673883040124,1.3572945477146132,0.4965813522274922,0.5756175643615079,0.3313355804014747,0.2166496094662983
SG_Carpark/15T,short,chronos_bolt_max,,,,,,,16.265478021465242,,,0,14868,,0,0.0,220.1617645928805,3333242.8301479807,1825.7170728642434,0,14868,14868,14868,5.951468878468035,80.4024857266449,8.96674331776286,0,14868,14868,14868,7.433850664729763,164.8996288873773,12.841325044066805,0,14868,14868,14868,0.03748259358606557,0.028809007025734905,0.16973216261432275,0,14811,14868,14868,0.047423833207873495,0.027515788407612863,0.1658788365271859,0,14868,14868,14868,0.4072201716031196,0.23075247909577104,0.48036702540429543,0,14868,14868,14868,0.03701160839574202,0.01250909545931157,0.11184406760893296,0,14811,14868,14868,0.03701160839574202,0.01250909545931157,0.11184406760893296,0,14811,14868,14868,0.9420673883040124,1.3572945477146132,0.43226225284820763,0.5099072862177003,0.26000544053789976,0.17000914022995794
SG_Carpark/15T,short,chronos2_max,,,,,,,66.56731977593154,,,0,14868,,0,0.0,201.95111625041497,3224729.256560561,1795.7531168177213,0,14868,14868,14868,5.318737259867782,65.5611636382512,8.096984848587232,0,14868,14868,14868,6.8016608599313875,155.68852579689238,12.477520819333156,0,14868,14868,14868,0.03334784508596264,0.025468992210164732,0.1595900755378126,0,14811,14868,14868,0.044083205383451576,0.026384672050458344,0.16243359274010516,0,14868,14868,14868,0.37005611753661344,0.19724649268276562,0.44412441126644414,0,14868,14868,14868,0.03286258801157257,0.00750437369379099,0.08662778823097696,0,14811,14868,14868,0.03286258801157257,0.00750437369379099,0.08662778823097696,0,14811,14868,14868,0.9420673883040124,1.3572945477146132,0.3928127882685962,0.47143592568891873,0.2222518320301677,0.1453232778506961
SG_Carpark/15T,short,tsrag,all,False,False,t5,672,chronos_bolt_max,9983.721349159256,,,13103,14868,,9402.162117421627,0.881288673661555,224.14703742871086,3339462.5726250964,1827.4196487465863,0,14868,14868,14868,6.062808468084441,81.2190229137675,9.012159725269383,0,14868,14868,14868,7.594733870796288,166.46705486049044,12.902211239182625,0,14868,14868,14868,0.03820081555940336,0.029186288796856575,0.17083995082198009,0,14811,14868,14868,0.048016795800216526,0.027588431390422316,0.16609765618581834,0,14868,14868,14868,0.41424144101584975,0.23145409363707536,0.4810967611999434,0,14868,14868,14868,0.0377263959632542,0.01269251546187821,0.11266106453375191,0,14811,14868,14868,0.0377263959632542,0.01269251546187821,0.11266106453375191,0,14811,14868,14868,0.9420673883040124,1.3572945477146132,0.4397152965475235,0.5106818972537129,0.26079600018265187,0.17052606158832168
SG_Carpark/15T,short,bayes_mixture,,,,,,chronos_bolt_max,10050.289984957315,0.37666442501681235,14868,0,14868,,0,0.0,200.7274331879507,3117191.9977272265,1765.5571352202755,0,14868,14868,14868,5.426899022210401,68.17028913224082,8.256530090312808,0,14868,14868,14868,6.895481687601325,153.1797654839055,12.376581332658283,0,14868,14868,14868,0.034098828066745926,0.026059689864707032,0.16143013926992392,0,14811,14868,14868,0.044536116448260325,0.0263988510763889,0.16247723248624374,0,14868,14868,14868,0.37580224176207094,0.20022390546902738,0.4474638593998708,0,14868,14868,14868,0.033637517602845356,0.008543601856406883,0.09243160637145112,0,14811,14868,14868,0.033637517602845356,0.008543601856406883,0.09243160637145112,0,14811,14868,14868,0.9420673883040124,1.3572945477146132,0.3989122714868851,0.47498073381505357,0.22560669749548679,0.1475169157690647
SG_Carpark/15T,medium,chronos_t5_512,,,,,,,395.09157358668745,,,0,2478,,0,0.0,728.5621477296758,6821261.792039153,2611.7545428388084,0,2478,2478,2478,13.156465803663766,215.07729020106544,14.665513635773738,0,2478,2478,2478,17.751337919223687,413.45214980720704,20.333522808584032,0,2478,2478,2478,0.08251757507174469,0.14830358528301615,0.3851020452854232,0,2472,2478,2478,0.08286667846727828,0.03167205580192599,0.1779664457192029,0,2478,2478,2478,0.8696308932184038,0.44817281713583873,0.6694571062703262,0,2478,2478,2478,0.07313541886634228,0.042522138510653444,0.20620896806553649,0,2472,2478,2478,0.07313541886634228,0.042522138510653444,0.20620896806553649,0,2472,2478,2478,0.9472441633805834,0.6915537435383057,0.9180641347156064,0.706741864611893,0.4994840631950953,0.6480665043367148
SG_Carpark/15T,medium,chronos_bolt_512,,,,,,,6.643833023495972,,,0,2478,,0,0.0,565.5901252374514,6059663.553585884,2461.6383880630974,0,2478,2478,2478,11.067464947454718,189.98794956652424,13.783611629994667,0,2478,2478,2478,14.887117091055192,343.9638699546638,18.546262964669292,0,2478,2478,2478,0.07153421519424617,0.13546686254802387,0.36805823255026354,0,2472,2478,2478,0.07026994104556075,0.024420895660911757,0.15627186458512535,0,2478,2478,2478,0.7315965781497206,0.3855806810315459,0.6209514321036275,0,2478,2478,2478,0.060772401038162,0.027204867800846043,0.1649389820535038,0,2472,2478,2478,0.060772401038162,0.027204867800846043,0.1649389820535038,0,2472,2478,2478,0.9472441633805834,0.6915537435383057,0.7723421335622207,0.6555347143945841,0.429725761776389,0.5575570729452473
SG_Carpark/15T,medium,chronos_bolt_max,,,,,,,23.75448342040181,,,0,2478,,0,0.0,468.24389600405743,6463484.125428533,2542.338318443974,0,2478,2478,2478,9.227887735254063,171.25372130940366,13.086394511453628,0,2478,2478,2478,12.456673840867195,313.07517282631227,17.693930395090636,0,2478,2478,2478,0.05344690637007133,0.01202434443121117,0.10965557182018236,0,2472,2478,2478,0.06144527312326187,0.023047005150852097,0.1518124011760966,0,2478,2478,2478,0.6110573650229993,0.34438824752608516,0.5868460168784356,0,2478,2478,2478,0.049489975373011176,0.008335920724446886,0.0913012635424444,0,2472,2478,2478,0.049489975373011176,0.008335920724446886,0.0913012635424444,0,2472,2478,2478,0.9472441633805834,0.6915537435383057,0.6450896069311424,0.6195298314471143,0.3838172120528899,0.4979920226648433
SG_Carpark/15T,medium,chronos2_max,,,,,,,11.162067441269755,,,0,2478,,0,0.0,435.7240078109521,13113947.52258625,3621.318478480766,0,2478,2478,2478,7.885397776609275,165.07685801046753,12.848223924358866,0,2478,2478,2478,10.920030186196657,316.476948543506,17.789799002335748,0,2478,2478,2478,0.04526023768113162,0.009181710130237226,0.09582124049623458,0,2472,2478,2478,0.05471511428134933,0.021414639115847164,0.14633741529713842,0,2478,2478,2478,0.5286342032168719,0.2977978547918027,0.5457085804637881,0,2478,2478,2478,0.04298576389413451,0.007939328418970507,0.08910290914987291,0,2472,2478,2478,0.04298576389413451,0.007939328418970507,0.08910290914987291,0,2472,2478,2478,0.9472441633805834,0.6915537435383057,0.5580759677950926,0.5761012857722234,0.331892691468409,0.43062141962840444
SG_Carpark/15T,medium,tsrag,all,False,False,t5,672,chronos_bolt_max,4720.510157419369,,,2477,2478,,9296.73367026262,0.9995964487489911,468.24746597546215,6463480.953549116,2542.3376946324647,0,2478,2478,2478,9.2281810721375,171.2504544233943,13.08626969091629,0,2478,2478,2478,12.45703975985664,313.0696263968129,17.693773661851022,0,2478,2478,2478,0.05345123153983392,0.012024342656848954,0.1096555637295662,0,2472,2478,2478,0.06144962051714197,0.023046938667118495,0.1518121822091972,0,2478,2478,2478,0.6110853338777809,0.34437358380110017,0.586833523072004,0,2478,2478,2478,0.04949436692186915,0.00833596606514013,0.09130151184476701,0,2472,2478,2478,0.04949436692186915,0.00833596606514013,0.09130151184476701,0,2472,2478,2478,0.9472441633805834,0.6915537435383057,0.645119133483918,0.619516641810361,0.3838008694799871,0.4979708186367804
SG_Carpark/15T,medium,bayes_mixture,,,,,,chronos_bolt_max,4731.674060670659,0.36935483870967745,2478,0,2478,,0,0.0,416.74701082382757,6902397.66081194,2627.2414546082246,0,2478,2478,2478,8.121970200669967,152.48223083539486,12.348369561824542,0,2478,2478,2478,11.16459365700112,292.09885929787794,17.090899897251692,0,2478,2478,2478,0.04684868595805682,0.009582177856357168,0.09788859921542022,0,2472,2478,2478,0.05579006327109635,0.021627856221371627,0.1470641228218889,0,2478,2478,2478,0.5431001608079946,0.2913461629429202,0.5397649145164218,0,2478,2478,2478,0.04412765740889642,0.00784786363023255,0.08858816868088283,0,2472,2478,2478,0.04412765740889642,0.00784786363023255,0.08858816868088283,0,2472,2478,2478,0.9472441633805834,0.6915537435383057,0.5733475927365393,0.5698265931669355,0.32470234628023625,0.42129214925836395
SG_Carpark/15T,long,chronos_t5_512,,,,,,,385.7949219746515,,,0,354,,0,0.0,1612.542576086839,11690718.509923536,3419.169271902685,0,354,354,354,22.703524968007557,359.7851891011017,18.968004352095182,0,354,354,354,30.67926715514994,671.325142909777,25.909942935286,0,354,354,354,0.12104356639362189,0.023962612039090888,0.15479861769115022,0,354,354,354,0.13024350418418304,0.04380353348087948,0.2092929370066737,0,354,354,354,1.4546971683380607,0.6760075477893892,0.8221967816705373,0,354,354,354,0.11536797882829009,0.017052253951846896,0.13058427911447418,0,354,354,354,0.11536797882829009,0.017052253951846896,0.13058427911447418,0,354,354,354,1.307891992764626,0.6407367954972765,1.1122456413722035,0.6286427214318939,0.3951916712092977,1.0550471777802912
SG_Carpark/15T,long,chronos_bolt_512,,,,,,,7.9675368424504995,,,0,354,,0,0.0,946.2521432969514,8227098.00143938,2868.2918264080768,0,354,354,354,15.35967075927791,258.9237737944861,16.0911085321828,0,354,354,354,21.01733475954181,504.52378290230683,22.461606863764374,0,354,354,354,0.09219580726885049,0.02155853343524649,0.14682824467808123,0,354,354,354,0.08691240894264465,0.02181340655892715,0.14769362396165636,0,354,354,354,0.991245164938321,0.5842028653542919,0.7643316461813496,0,354,354,354,0.0796498386061108,0.01957480182606415,0.13990997757867074,0,354,354,354,0.0796498386061108,0.01957480182606415,0.13990997757867074,0,354,354,354,1.307891992764626,0.6407367954972765,0.757895277608531,0.5843996678699004,0.34152297180644997,0.9117673114135602
SG_Carpark/15T,long,chronos_bolt_max,,,,,,,30.64267013594508,,,0,354,,0,0.0,999.9016022499579,9632108.955620954,3103.5639119600796,0,354,354,354,15.07633105056,319.5475228573625,17.8758922254908,0,354,354,354,20.436288776457097,582.2597032952115,24.130058087273877,0,354,354,354,0.08323954942959412,0.01673679270527533,0.12937075676239718,0,354,354,354,0.08644911841124868,0.02571948562628377,0.16037295790214687,0,354,354,354,0.9706198084737081,0.8124723741412055,0.9013724946664423,0,354,354,354,0.07944653786054323,0.026575534312243396,0.16302004267035203,0,354,354,354,0.07944653786054323,0.026575534312243396,0.16302004267035203,0,354,354,354,1.307891992764626,0.6407367954972765,0.7421253542672198,0.6891796108951768,0.4749685360736273,1.26802827596415
SG_Carpark/15T,long,chronos2_max,,,,,,,1.8507722709327936,,,0,354,,0,0.0,738.5260643341793,9697808.389113829,3114.1304386800866,0,354,354,354,10.87601644079771,238.51833357970258,15.444038771632975,0,354,354,354,15.645914456121847,493.73142516589655,22.220068072935703,0,354,354,354,0.06316077560150546,0.013788791435384393,0.11742568473457753,0,354,354,354,0.06713208758362772,0.019616291808217085,0.14005817294330625,0,354,354,354,0.7260138613023388,0.6670445148235639,0.8167279319476981,0,354,354,354,0.062605616131994,0.031111319127942398,0.1763840104089438,0,354,354,354,0.062605616131994,0.031111319127942398,0.1763840104089438,0,354,354,354,1.307891992764626,0.6407367954972765,0.5551023060915669,0.624461298383895,0.38995191317929995,1.0410585430884611
SG_Carpark/15T,long,tsrag,all,False,False,t5,672,chronos_bolt_max,155.43982649967074,,,354,354,,8913.961294582114,1.0,999.9016022499579,9632108.955620954,3103.5639119600796,0,354,354,354,15.07633105056,319.5475228573625,17.8758922254908,0,354,354,354,20.436288776457097,582.2597032952115,24.130058087273877,0,354,354,354,0.08323954942959412,0.01673679270527533,0.12937075676239718,0,354,354,354,0.08644911841124868,0.02571948562628377,0.16037295790214687,0,354,354,354,0.9706198084737081,0.8124723741412055,0.9013724946664423,0,354,354,354,0.07944653786054323,0.026575534312243396,0.16302004267035203,0,354,354,354,0.07944653786054323,0.026575534312243396,0.16302004267035203,0,354,354,354,1.307891992764626,0.6407367954972765,0.7421253542672198,0.6891796108951768,0.4749685360736273,1.26802827596415
SG_Carpark/15T,long,bayes_mixture,,,,,,chronos_bolt_max,157.29181992076337,0.2303370786516854,354,0,354,,0,0.0,739.4165577831609,9027081.923868226,3004.5102635651333,0,354,354,354,11.365952909399116,238.94289003694612,15.457777655178836,0,354,354,354,16.06881612193498,481.2097062226033,21.936492568836144,0,354,354,354,0.06546260009760112,0.01401130564848989,0.11836936110535484,0,354,354,354,0.06907758325939393,0.02014626598232786,0.1419375425401182,0,354,354,354,0.7527935450203769,0.658744792465679,0.8116309459758659,0,354,354,354,0.06444954548408227,0.029677734365547895,0.1722722681267879,0,354,354,354,0.06444954548408227,0.029677734365547895,0.1722722681267879,0,354,354,354,1.307891992764626,0.6407367954972765,0.57557776114916,0.6205641983175063,0.38509992423344935,1.0281051394191065
Finland_Traffic/15T,short,chronos_t5_512,,,,,,,6.368078985251486,,,0,186,,0,0.0,1812.3518523034284,15257243.495237254,3906.052162380484,0,186,186,186,24.880871008000067,647.5588383844834,25.447177414882056,0,186,186,186,30.063516509390524,908.5368273930313,30.14194465181421,0,186,186,186,0.29789861122333294,0.13513450644390296,0.367606455933384,0,186,186,186,0.2541922638452036,0.04520834697967828,0.21262254579342774,0,186,186,186,0.6047017052479969,0.38274489867800654,0.618663801008275,0,186,186,186,0.28148657875811517,0.16021701370430846,0.4002711752103922,0,186,186,186,0.28148657875811517,0.16021701370430846,0.4002711752103922,0,186,186,186,0.7821655158923493,0.5444992622161519,0.7731122031864456,0.7909627673913238,0.6256220993993414,0.7029300592992666
Finland_Traffic/15T,short,chronos_bolt_512,,,,,,,0.10754689387977123,,,0,186,,0,0.0,1741.0508138616406,12825317.30290378,3581.2452168071068,0,186,186,186,25.00211081709913,639.4221347947107,25.2867976381888,0,186,186,186,29.84149759803896,850.5358349678756,29.163947520318228,0,186,186,186,0.29310956291950324,0.14415112905426714,0.3796723970138824,0,186,186,186,0.25408946020610496,0.044533993762810524,0.21103078866082675,0,186,186,186,0.6072395016517017,0.37634387885304854,0.6134687268745234,0,186,186,186,0.2773791658435802,0.17956293479068736,0.4237486693674534,0,186,186,186,0.2773791658435802,0.17956293479068736,0.4237486693674534,0,186,186,186,0.7821655158923493,0.5444992622161519,0.7763567803918334,0.7843208558928032,0.6151592049884195,0.6911742677507062
Finland_Traffic/15T,short,chronos_bolt_max,,,,,,,0.20413182489573956,,,0,186,,0,0.0,886.2000687175247,2970164.6162712714,1723.4165533240277,0,186,186,186,18.316198041362146,279.80948442541035,16.727506820366578,0,186,186,186,22.284551184551752,389.5988472206177,19.73825846473335,0,186,186,186,0.22849015437307088,0.07755543089472088,0.27848775717205393,0,186,186,186,0.2033806226083718,0.026747726457913214,0.16354732176930692,0,186,186,186,0.4453276439781981,0.16583567809582486,0.40722926969438833,0,186,186,186,0.21085750671767178,0.08088198796157671,0.284397587826579,0,186,186,186,0.21085750671767178,0.08088198796157671,0.284397587826579,0,186,186,186,0.7821655158923493,0.5444992622161519,0.5693521830480305,0.5206433439216412,0.2710694915699084,0.30456547805200235
Finland_Traffic/15T,short,chronos2_max,,,,,,,0.8439097004011273,,,0,186,,0,0.0,835.9955175882504,4619664.760964328,2149.3405409483926,0,186,186,186,16.53521594693584,293.19845856032543,17.12303882376973,0,186,186,186,20.303570247735237,423.76055278353095,20.585445168456545,0,186,186,186,0.26124266993014855,0.3053556122333533,0.5525899132569769,0,186,186,186,0.184825472234345,0.03172499235498736,0.17811510984469386,0,186,186,186,0.40220358603870454,0.17414767554965171,0.41731004726659976,0,186,186,186,0.231416162749924,0.33282511884705634,0.5769099746468737,0,186,186,186,0.231416162749924,0.33282511884705634,0.5769099746468737,0,186,186,186,0.7821655158923493,0.5444992622161519,0.5142179984499092,0.5335316359357817,0.2846560065443115,0.3198308751436282
Finland_Traffic/15T,short,tsrag,all,False,False,t5,672,chronos_bolt_max,3.791528368368745,,,0,186,,61.30896454490721,0.0,1573.2990223050965,9786989.557307133,3128.4164616155463,0,186,186,186,24.21009191902735,545.8104683579695,23.362586936338396,0,186,186,186,28.915865263475258,737.1717583696412,27.150907137140763,0,186,186,186,0.2988069094643745,0.1291738746420614,0.35940767192988715,0,186,186,186,0.25044770740125794,0.03960022898311701,0.1989980627622214,0,186,186,186,0.5880162097796966,0.3212456571448291,0.5667853713221868,0,186,186,186,0.2734623973759635,0.1536210436244614,0.3919452048749435,0,186,186,186,0.2734623973759635,0.1536210436244614,0.3919452048749435,0,186,186,186,0.7821655158923493,0.5444992622161519,0.7517797676222615,0.7246361029807844,0.5250974817431779,0.589983640817686
Finland_Traffic/15T,short,bayes_mixture,,,,,,chronos_bolt_max,4.6382109662517905,0.1043956043956044,180,0,186,,0,0.0,795.0022686499184,3895374.110748382,1973.6702132697808,0,186,186,186,16.32401154102177,269.0556494575168,16.402915882778792,0,186,186,186,20.13547395708025,389.5649571736617,19.7373999598139,0,186,186,186,0.2564534481058018,0.2661345876915263,0.5158823389994334,0,186,186,186,0.18425328605546126,0.030604111864515608,0.1749403094330052,0,186,186,186,0.39704598412327513,0.1597243240752576,0.3996552565340003,0,186,186,186,0.2272270628157526,0.28902816842716317,0.5376134005278915,0,186,186,186,0.2272270628157526,0.28902816842716317,0.5376134005278915,0,186,186,186,0.7821655158923493,0.5444992622161519,0.5076239952490071,0.5109599546562028,0.2610800752622689,0.29334167217264523
Finland_Traffic/15T,medium,chronos_t5_512,,,,,,,4.88133817538619,,,0,31,,0,0.0,2179.2344256638,2485097.924939839,1576.4193366423285,0,31,31,31,30.03109127956052,126.481753838612,11.246410709137916,0,31,31,31,43.300725942542904,304.281558512592,17.443668149577714,0,31,31,31,0.31856146060588353,0.03196637393393444,0.17879142578416463,0,31,31,31,0.2762106256384894,0.00973141726818719,0.09864794609208644,0,31,31,31,0.7294294641011038,0.07457177049702539,0.27307832300829993,0,31,31,31,0.2374489433042256,0.010443656576777644,0.10219421009420075,0,31,31,31,0.2374489433042256,0.010443656576777644,0.10219421009420075,0,31,31,31,0.7819762468379376,0.17085736839439175,0.9328025845422846,0.34921562401996414,0.12195155205965297,0.4364562745979479
Finland_Traffic/15T,medium,chronos_bolt_512,,,,,,,0.08428551629185677,,,0,31,,0,0.0,2614.3405532085117,4923941.576395539,2218.9956233385274,0,31,31,31,32.95001479246283,250.7926184218386,15.836433260738941,0,31,31,31,46.216745560075104,478.35298304379035,21.8712821536322,0,31,31,31,0.3598778667405275,0.06429847341974758,0.25357143652183617,0,31,31,31,0.2945043708269693,0.015776933457799916,0.12560626360894553,0,31,31,31,0.800205807596358,0.14739828664484142,0.38392484504762314,0,31,31,31,0.26282812494662333,0.020038678726576605,0.14155804013399098,0,31,31,31,0.26282812494662333,0.020038678726576605,0.14155804013399098,0,31,31,31,0.7819762468379376,0.17085736839439175,1.0233121668748058,0.4909674003527507,0.24104898820913817,0.8626978633113469
Finland_Traffic/15T,medium,chronos_bolt_max,,,,,,,0.28596535604447126,,,0,31,,0,0.0,1548.3611578446782,3295680.626557809,1815.4009547639355,0,31,31,31,24.548236744378197,173.45645456887652,13.170286806629404,0,31,31,31,34.5191248850738,356.79117501335725,18.888916724189272,0,31,31,31,0.2860449829395482,0.0459234244514864,0.2142975138714549,0,31,31,31,0.24097921317383314,0.010323967860856837,0.10160692821287748,0,31,31,31,0.5966518606321104,0.1027778598032888,0.32058986229026143,0,31,31,31,0.1971022824190526,0.01598368005336567,0.1264265796949584,0,31,31,31,0.1971022824190526,0.01598368005336567,0.1264265796949584,0,31,31,31,0.7819762468379376,0.17085736839439175,0.763005095160857,0.4099739136407589,0.16807860986592046,0.6015418636558046
Finland_Traffic/15T,medium,chronos2_max,,,,,,,0.1396475536748767,,,0,31,,0,0.0,1455.013466950967,5589239.5311951125,2364.157256020655,0,31,31,31,22.036227874858408,253.0156932413621,15.90646702575283,0,31,31,31,30.93163185080367,498.2476179973153,22.321460928830696,0,31,31,31,0.3024467653454347,0.09570360723711507,0.3093599961810109,0,31,31,31,0.2170720208253297,0.015321870704698431,0.12378154428144138,0,31,31,31,0.535810728486409,0.15019403239247248,0.3875487484078261,0,31,31,31,0.1781646694407519,0.021897605579655775,0.14797839565171592,0,31,31,31,0.1781646694407519,0.021897605579655775,0.14797839565171592,0,31,31,31,0.7819762468379376,0.17085736839439175,0.6852007725977055,0.4956016886381774,0.24562103378101288,0.8790609021074123
Finland_Traffic/15T,medium,tsrag,all,False,False,t5,672,chronos_bolt_max,1.5396358966827393,,,0,31,,60.68243025802076,0.0,2484.9134620284885,4271949.182861113,2066.869416015708,0,31,31,31,32.251732421177685,227.38268828237943,15.079213781970843,0,31,31,31,45.28317970054975,434.3470982362081,20.84099561528211,0,31,31,31,0.35958346425219445,0.060033476248206145,0.24501729785508236,0,31,31,31,0.2926787123096529,0.01534168807575711,0.1238615681951311,0,31,31,31,0.7832457569594121,0.13367909182983195,0.3656215144515322,0,31,31,31,0.25676060090318203,0.018113880988539176,0.13458781887131976,0,31,31,31,0.25676060090318203,0.018113880988539176,0.13458781887131976,0,31,31,31,0.7819762468379376,0.17085736839439175,1.001623463790119,0.46756089578166715,0.218613191264155,0.7824016785817466
Finland_Traffic/15T,medium,bayes_mixture,,,,,,chronos_bolt_max,1.67932419013232,0.09375,30,0,31,,0,0.0,1403.170388052761,4964694.383733172,2228.159416139961,0,31,31,31,21.852502223785205,237.18944142967212,15.400955860909157,0,31,31,31,30.621228686449527,465.5107417849216,21.575697944328976,0,31,31,31,0.29952136520953426,0.089048780014811,0.29841042209482393,0,31,31,31,0.21757684892834725,0.0147592266234579,0.12148755748412221,0,31,31,31,0.5313309439269462,0.1407609664515815,0.3751812448025374,0,31,31,31,0.17647597451253652,0.02060933646011793,0.143559522359605,0,31,31,31,0.17647597451253652,0.02060933646011793,0.143559522359605,0,31,31,31,0.7819762468379376,0.17085736839439175,0.679471973829741,0.47978598623634744,0.2301945925887846,0.8238507228243244
Finland_Traffic/15T,long,chronos_t5_512,,,,,,,6.737496162764728,,,0,4,,0,0.0,3627.0001284226046,501640.11721638957,708.2655696957106,0,4,4,4,39.07231189523424,15.886278102643379,3.985759413542591,0,4,4,4,59.94229844479659,33.920985577540364,5.824172522989026,0,4,4,4,0.34864587691200555,0.003464175969206639,0.05885725077852889,0,4,4,4,0.3301779077749242,0.00039768426900169964,0.019942022690833033,0,4,4,4,0.9466206714573264,0.00928507676230671,0.09635910316263176,0,4,4,4,0.2981114993666952,0.0008677064305415465,0.029456857105630712,0,4,4,4,0.2981114993666952,0.0008677064305415465,0.029456857105630712,0,4,4,4,0.9356216079721509,0.018781384922048106,1.0117558886963018,0.10298939479548651,0.010606815440340586,0.49437657557439457
Finland_Traffic/15T,long,chronos_bolt_512,,,,,,,0.19371023774147034,,,0,4,,0,0.0,2298.8016941727224,202086.23349453232,449.5400243521508,0,4,4,4,31.62564770522572,19.492615556452222,4.4150442304072355,0,4,4,4,47.720968540302295,21.510855748201053,4.6379797054537715,0,4,4,4,0.4244838162819139,0.031226605164351592,0.1767105123198719,0,4,4,4,0.28875164064243586,0.004224994193696561,0.06499995533611204,0,4,4,4,0.7665330424740098,0.011996056734234737,0.1095265115587762,0,4,4,4,0.24231546690242273,0.0016823312890857228,0.041016232019600765,0,4,4,4,0.24231546690242273,0.0016823312890857228,0.041016232019600765,0,4,4,4,0.9356216079721509,0.018781384922048106,0.8192767631087309,0.11706282820483588,0.013703705747314918,0.6387205620897615
Finland_Traffic/15T,long,chronos_bolt_max,,,,,,,0.387695319019258,,,0,4,,0,0.0,1905.4599112883616,1989491.2538178153,1410.4932661369976,0,4,4,4,26.23309159704617,92.32066938760087,9.608364553221369,0,4,4,4,41.05464596245414,219.9759561859099,14.831586435237124,0,4,4,4,0.3630821020998822,0.060293116264352686,0.24554656638681122,0,4,4,4,0.24598306160995176,0.00651623871411132,0.08072322289224657,0,4,4,4,0.6364014052199654,0.05577700255943535,0.23617155323924038,0,4,4,4,0.20248158764718804,0.006752438003562006,0.08217321950344897,0,4,4,4,0.20248158764718804,0.006752438003562006,0.08217321950344897,0,4,4,4,0.9356216079721509,0.018781384922048106,0.6801910086271843,0.2524220809212757,0.06371690693662707,2.969802428891004
Finland_Traffic/15T,long,chronos2_max,,,,,,,0.02538432367146015,,,0,4,,0,0.0,1830.3234995740288,2685388.800088611,1638.715594631543,0,4,4,4,24.423499212378545,136.14426465342729,11.668087446253875,0,4,4,4,38.66784972988518,335.1208968410477,18.306307569825425,0,4,4,4,0.3722354115602905,0.0762653323508157,0.27616178655059376,0,4,4,4,0.23293730070743984,0.01039853474288423,0.10197320600473553,0,4,4,4,0.592638224850232,0.08176974491536582,0.2859540958184824,0,4,4,4,0.18906701311483226,0.009568008132146541,0.09781619565361628,0,4,4,4,0.18906701311483226,0.009568008132146541,0.09781619565361628,0,4,4,4,0.9356216079721509,0.018781384922048106,0.6334165647741988,0.30563006816212174,0.09340973856478317,4.353765457379745
Finland_Traffic/15T,long,tsrag,all,False,False,t5,672,chronos_bolt_max,1.2358606923371553,,,0,4,,59.09427238069475,0.0,2289.5881822695815,189884.31050886487,435.75716919961843,0,4,4,4,31.95459217542694,18.29910701411157,4.277745552754578,0,4,4,4,47.63401953048264,20.588365639179933,4.537440428168719,0,4,4,4,0.42998475524713997,0.02761543241744121,0.16617891688611167,0,4,4,4,0.29764378507715694,0.003952904874831458,0.06287213114593347,0,4,4,4,0.7744664032232743,0.011230749267941466,0.10597522950171642,0,4,4,4,0.24473301825494823,0.0015600330024351467,0.03949725309986945,0,4,4,4,0.24473301825494823,0.0015600330024351467,0.03949725309986945,0,4,4,4,0.9356216079721509,0.018781384922048106,0.8277560037351409,0.1132671889989856,0.012829456103731922,0.5979723707572442
Finland_Traffic/15T,long,bayes_mixture,,,,,,chronos_bolt_max,1.2612870875746012,0.16666666666666666,4,0,4,,0,0.0,1671.1127755526625,2095055.1515072458,1447.4305342596742,0,4,4,4,23.634334423712318,119.63151920414265,10.937619448679985,0,4,4,4,37.23908886175542,284.36303629894576,16.863067226899908,0,4,4,4,0.36698705162002665,0.06793341890090306,0.2606404015130867,0,4,4,4,0.2328172172448807,0.009998269638029716,0.09999134781584713,0,4,4,4,0.5734643280948117,0.07189528224127396,0.2681329562759378,0,4,4,4,0.1828288244651115,0.008431655314471275,0.09182404540462849,0,4,4,4,0.1828288244651115,0.008431655314471275,0.09182404540462849,0,4,4,4,0.9356216079721509,0.018781384922048106,0.6129233476530409,0.2865826889751769,0.08212963762024296,3.8280074946376104
Port_Activity/D,short,chronos_t5_512,,,,,,,125.93944262247533,,,0,2376,,0,0.0,1245946436.2306347,1.0097125203767806e+19,3177597394.8516207,0,2376,2376,2376,17103.38021439388,369550019.7934081,19223.68382473578,0,2376,2376,2376,24354.87990733754,652786260.929801,25549.68220800018,0,2376,2376,2376,1.358952020266987,38.957026564734115,6.241556421657511,0,2376,2376,2376,1.3063407189434946,0.31033618833825416,0.5570782605148528,0,2376,2376,2376,0.738176333167743,0.08069776988092932,0.2840735290042515,0,2376,2376,2376,0.8094795467304724,0.048613078364434605,0.22048373718810782,0,2376,2376,2376,0.8094795467304724,0.048613078364434605,0.22048373718810782,0,2376,2376,2376,0.9536286637709488,0.36546784286960077,0.7740710417079545,0.2978869446739731,0.0887366318071947,0.2208067589402725
Port_Activity/D,short,chronos_bolt_512,,,,,,,1.3442768109962344,,,0,2376,,0,0.0,957545350.534752,5.722127778483038e+18,2392096941.698442,0,2376,2376,2376,15498.729540305243,301480170.9514672,17363.184355165595,0,2376,2376,2376,21289.437230989075,504305212.9225283,22456.740923885824,0,2376,2376,2376,2.6727206449010112,78.27938127840204,8.847563578658367,0,2376,2376,2376,0.949612965613003,0.15057442950660022,0.3880392113003533,0,2376,2376,2376,0.6631260886549746,0.053977030427084426,0.23232957286381867,0,2376,2376,2376,0.7424678327473095,0.05695453461187667,0.2386514919540137,0,2376,2376,2376,0.7424678327473095,0.05695453461187667,0.2386514919540137,0,2376,2376,2376,0.9536286637709488,0.36546784286960077,0.6953713891450837,0.243626876676624,0.05935405503920695,0.147692968013997
Port_Activity/D,short,chronos_bolt_max,,,,,,,2.642794132232666,,,0,2376,,0,0.0,957024307.0049856,5.719010375162879e+18,2391445248.2051263,0,2376,2376,2376,15456.328360649559,299873996.8083945,17316.87029484238,0,2376,2376,2376,21287.824982580514,503852814.5160067,22446.66600001004,0,2376,2376,2376,2.6430221376723515,76.1942372142427,8.728931046482307,0,2376,2376,2376,0.9476363372777221,0.14680833680878227,0.38315576050580563,0,2376,2376,2376,0.6620004590700727,0.05548669367823273,0.23555613699972397,0,2376,2376,2376,0.7474776438482187,0.10296381792896431,0.32087975618440673,0,2376,2376,2376,0.7474776438482187,0.10296381792896431,0.32087975618440673,0,2376,2376,2376,0.9536286637709488,0.36546784286960077,0.6941910244731045,0.24701033635908198,0.06101410626822683,0.15182373705593144
Port_Activity/D,short,chronos2_max,,,,,,,3.0104255247861147,,,0,2376,,0,0.0,949152198.7170815,5.54736743433423e+18,2355285000.6600537,0,2376,2376,2376,15412.239789617188,297576333.5837538,17250.400968781967,0,2376,2376,2376,21205.548863153712,499476896.129482,22348.979755896733,0,2376,2376,2376,2.735598523560908,88.78200443752164,9.422420306774775,0,2376,2376,2376,0.9460094728094527,0.15585846929156574,0.3947891453568167,0,2376,2376,2376,0.6583469204075546,0.05304420918341465,0.2303132848608926,0,2376,2376,2376,0.7443422687280103,0.0982853333064581,0.31350491751559195,0,2376,2376,2376,0.7443422687280103,0.0982853333064581,0.31350491751559195,0,2376,2376,2376,0.9536286637709488,0.36546784286960077,0.690359828116159,0.24151254425402982,0.05832830903205471,0.1451405649452471
Port_Activity/D,short,tsrag,all,False,False,t5,7,chronos_bolt_max,155.19051925092936,,,0,2376,,533.1778946761042,0.0,954526809.4769702,5.704516797582931e+18,2388413029.101736,0,2376,2376,2376,15481.640841787063,300380661.149622,17331.49333293649,0,2376,2376,2376,21245.36978763389,503161072.06366336,22431.252128752494,0,2376,2376,2376,2.728650368154329,82.13610009918271,9.062896893332876,0,2376,2376,2376,0.9442286767082014,0.14629957947228006,0.3824912802565309,0,2376,2376,2376,0.6625431870455387,0.053599700765324124,0.23151609180643173,0,2376,2376,2376,0.7438628806203292,0.061699187373108914,0.24839321120575925,0,2376,2376,2376,0.7438628806203292,0.061699187373108914,0.24839321120575925,0,2376,2376,2376,0.9536286637709488,0.36546784286960077,0.6947601432465692,0.24277383912826614,0.05893913696507725,0.14666051148157663
Port_Activity/D,short,bayes_mixture,,,,,,chronos_bolt_max,158.20123628899455,0.42474916387959866,297,0,2376,,0,0.0,947735867.9389665,5.571992597764505e+18,2360506851.8783216,0,2376,2376,2376,15400.984105829019,297276031.5063948,17241.694565975668,0,2376,2376,2376,21178.256819362316,499217306.0321001,22343.171351267483,0,2376,2376,2376,2.7266445393948366,85.00368157726487,9.219744116691356,0,2376,2376,2376,0.9410425304315024,0.14947788019749028,0.3866236932696835,0,2376,2376,2376,0.6580670110461776,0.05290378217375384,0.23000822196989795,0,2376,2376,2376,0.7417912099280632,0.07738559291760407,0.2781826610657179,0,2376,2376,2376,0.7417912099280632,0.07738559291760407,0.2781826610657179,0,2376,2376,2376,0.9536286637709488,0.36546784286960077,0.6900663078267518,0.24119264731449327,0.05817389311857354,0.14475632591464402
Port_Activity/W,short,chronos_t5_512,,,,,,,14.702222840860486,,,0,792,,0,0.0,6609358668.787736,2.4771996581102027e+20,15739122142.324846,0,792,792,792,45369.37342423067,2327170142.7297983,48240.75188810596,0,792,792,792,55977.24511644753,3475906697.960887,58956.82062290068,0,792,792,792,0.5244890146724221,0.6889448543717533,0.8300270202660593,0,792,792,792,0.3613676856657039,0.04764558075307387,0.21827867681721425,0,792,792,792,0.7987038952253647,0.12594273394752503,0.3548841134053834,0,792,792,792,0.3402361987150746,0.038300958823779804,0.19570630757280105,0,792,792,792,0.3402361987150746,0.038300958823779804,0.19570630757280105,0,792,792,792,0.9755398949343401,0.21474218187417846,0.8187301199805083,0.3637822658490756,0.13233753694628753,0.5864834419039165
Port_Activity/W,short,chronos_bolt_512,,,,,,,0.4081292049959302,,,0,792,,0,0.0,5952594008.428568,2.0665223502571133e+20,14375403821.309206,0,792,792,792,43928.421080416636,2070985630.8086667,45508.08313705013,0,792,792,792,53759.659899904436,3062492975.8751755,55339.79558938735,0,792,792,792,0.690252327788263,2.6728256756777515,1.6348778779094637,0,792,792,792,0.34112264734269976,0.034320871922522166,0.18525893209916267,0,792,792,792,0.7834238254070143,0.09430867481748093,0.3070971748770752,0,792,792,792,0.3434128392896591,0.05865624425818086,0.2421905123207366,0,792,792,792,0.3434128392896591,0.05865624425818086,0.2421905123207366,0,792,792,792,0.9755398949343401,0.21474218187417846,0.8030669268115822,0.3147971461461807,0.09909724322177985,0.4391716336045155
Port_Activity/W,short,chronos_bolt_max,,,,,,,0.4072033576667309,,,0,792,,0,0.0,5952594008.428568,2.0665223502571133e+20,14375403821.309206,0,792,792,792,43928.421080416636,2070985630.8086667,45508.08313705013,0,792,792,792,53759.659899904436,3062492975.8751755,55339.79558938735,0,792,792,792,0.690252327788263,2.6728256756777515,1.6348778779094637,0,792,792,792,0.34112264734269976,0.034320871922522166,0.18525893209916267,0,792,792,792,0.7834238254070143,0.09430867481748093,0.3070971748770752,0,792,792,792,0.3434128392896591,0.05865624425818086,0.2421905123207366,0,792,792,792,0.3434128392896591,0.05865624425818086,0.2421905123207366,0,792,792,792,0.9755398949343401,0.21474218187417846,0.8030669268115822,0.3147971461461807,0.09909724322177985,0.4391716336045155
Port_Activity/W,short,chronos2_max,,,,,,,0.35781078040599823,,,0,792,,0,0.0,5957653682.046382,2.155484184057719e+20,14681567300.72685,0,792,792,792,43832.3427231825,2091557405.980637,45733.54792688445,0,792,792,792,53649.411018542436,3079394379.4098787,55492.291171025536,0,792,792,792,0.6273764359557795,1.8166104575248878,1.3478169228515005,0,792,792,792,0.3413357647852143,0.03623684395737281,0.19035977505075174,0,792,792,792,0.7792197527237514,0.10257008422228216,0.3202656463348546,0,792,792,792,0.33705066284327156,0.04689953457075792,0.2165630036981338,0,792,792,792,0.33705066284327156,0.04689953457075792,0.2165630036981338,0,792,792,792,0.9755398949343401,0.21474218187417846,0.7987574437190985,0.3282957959975696,0.10777812966967781,0.4776429266346
Port_Activity/W,short,tsrag,all,False,False,t5,1,chronos_bolt_max,0.003612179309129715,,,792,792,,1.8861695639789104,1.0,5952594008.428568,2.0665223502571133e+20,14375403821.309206,0,792,792,792,43928.421080416636,2070985630.8086667,45508.08313705013,0,792,792,792,53759.659899904436,3062492975.8751755,55339.79558938735,0,792,792,792,0.690252327788263,2.6728256756777515,1.6348778779094637,0,792,792,792,0.34112264734269976,0.034320871922522166,0.18525893209916267,0,792,792,792,0.7834238254070143,0.09430867481748093,0.3070971748770752,0,792,792,792,0.3434128392896591,0.05865624425818086,0.2421905123207366,0,792,792,792,0.3434128392896591,0.05865624425818086,0.2421905123207366,0,792,792,792,0.9755398949343401,0.21474218187417846,0.8030669268115822,0.3147971461461807,0.09909724322177985,0.4391716336045155
Port_Activity/W,short,bayes_mixture,,,,,,chronos_bolt_max,0.3614938501268625,0.5148514851485149,99,0,792,,0,0.0,5889198338.018504,2.068836926235921e+20,14383452041.27271,0,792,792,792,43604.79596645886,2051042698.8264778,45288.43890913527,0,792,792,792,53419.58100376352,3035546703.400852,55095.79569623123,0,792,792,792,0.6569526533657924,2.0257594817952596,1.423291776760921,0,792,792,792,0.3392439759391207,0.033703775240926645,0.18358587974276955,0,792,792,792,0.7767244964525067,0.09576927467225634,0.3094661123164479,0,792,792,792,0.33795753883640284,0.04990748326414928,0.22339982825452057,0,792,792,792,0.33795753883640284,0.04990748326414928,0.22339982825452057,0,792,792,792,0.9755398949343401,0.21474218187417846,0.7961996228814252,0.31722548090898617,0.10063200573793754,0.4459732775201538
ECDC_COVID/D,short,chronos_t5_512,,,,,,,2.4669951451942325,,,0,45,,0,0.0,47547.76018616139,8900044577.464766,94340.04758036094,0,45,45,45,118.3651656260314,18815.995627124652,137.17140965640272,0,45,45,45,141.58140562646184,27502.46576699667,165.83867391834954,0,45,45,45,0.6170159274285786,0.9771247969039297,0.9884962300909041,0,45,45,45,0.33374794475848624,0.06359068912080143,0.2521719435639132,0,45,45,45,3.510603040034045,10.473359956441943,3.236257090597399,0,45,45,45,0.4240609218687211,0.24171211222583852,0.4916422604148656,0,45,45,45,0.4240609218687211,0.24171211222583852,0.4916422604148656,0,45,45,45,3.5426548068444346,9.46457225161981,0.9909526136307536,0.9135118342167933,0.8345038712541302,1.1065856626166581
ECDC_COVID/D,short,chronos_bolt_512,,,,,,,0.033558351919054985,,,0,45,,0,0.0,48966.02917746056,8438497255.096372,91861.29356315624,0,45,45,45,126.3400206643564,20003.23784917163,141.43280329955857,0,45,45,45,146.51871372206767,27498.295706691333,165.82610080048116,0,45,45,45,0.5444386426568675,0.5336632823634422,0.7305226090706859,0,45,45,45,0.33876159703628683,0.04246682231601823,0.20607479786722643,0,45,45,45,3.631515596829732,8.186170276606024,2.8611484191852097,0,45,45,45,0.4045120980112946,0.16390619122016523,0.40485329592355457,0,45,45,45,0.4045120980112946,0.16390619122016523,0.40485329592355457,0,45,45,45,3.5426548068444346,9.46457225161981,1.0250831071132356,0.8076283395315429,0.6522635348144772,0.8649276543063006
ECDC_COVID/D,short,chronos_bolt_max,,,,,,,0.044054189696908,,,0,45,,0,0.0,60312.630124948555,13870635742.982265,117773.66319760232,0,45,45,45,134.35653454957185,26062.615839133465,161.43920168017885,0,45,45,45,156.9351411141338,35683.99160843546,188.90206883048015,0,45,45,45,0.5012846139176935,0.29935906706020043,0.5471371556202342,0,45,45,45,0.33783558779851164,0.06424324702935004,0.2534625160242635,0,45,45,45,3.5290621766358514,8.225052165836116,2.867935174622348,0,45,45,45,0.37571909602999654,0.09307515530451703,0.3050822107310045,0,45,45,45,0.37571909602999654,0.09307515530451703,0.3050822107310045,0,45,45,45,3.5426548068444346,9.46457225161981,0.9961631513794903,0.8095440653945387,0.6553615938155172,0.8690358050178595
ECDC_COVID/D,short,chronos2_max,,,,,,,0.03896748833358288,,,0,45,,0,0.0,50053.23146680869,9739719116.147102,98690.01528091432,0,45,45,45,122.22056964309128,21600.753332608612,146.97194743422506,0,45,45,45,143.29367443144497,29520.154334743744,171.81430189231554,0,45,45,45,0.5302899882462946,0.6188673554051178,0.7866812285831649,0,45,45,45,0.3390622127980602,0.07244067711689472,0.2691480579846244,0,45,45,45,3.251070446576679,7.726188262284575,2.77960217698227,0,45,45,45,0.4029230196850213,0.3007366167811176,0.5483945812835113,0,45,45,45,0.4029230196850213,0.3007366167811176,0.5483945812835113,0,45,45,45,3.5426548068444346,9.46457225161981,0.9176932622099075,0.7846099404356469,0.6156127586304294,0.8163272525033849
ECDC_COVID/D,short,tsrag,all,False,False,t5,7,chronos_bolt_max,0.7519407626241446,,,12,45,,9.201613439247012,0.26666666666666666,49437.622379661065,9076236854.293924,95269.2859965578,0,45,45,45,125.7090532924511,20496.159462234224,143.16479826491644,0,45,45,45,145.74017942619437,28197.422480481713,167.92088160941066,0,45,45,45,0.5444278978203049,0.6480198608741485,0.804996807990037,0,45,45,45,0.330048896741664,0.04724866477611807,0.21736757986442704,0,45,45,45,3.4154077046680715,7.607827743526981,2.758229095547899,0,45,45,45,0.4047239419919309,0.2437057766269342,0.4936656526708479,0,45,45,45,0.4047239419919309,0.2437057766269342,0.4936656526708479,0,45,45,45,3.5426548068444346,9.46457225161981,0.9640814278798712,0.7785768712827963,0.606181944496508,0.8038216140433544
ECDC_COVID/D,short,bayes_mixture,,,,,,chronos_bolt_max,0.790945541113615,0.5454545454545454,9,0,45,,0,0.0,47495.78562268624,7491681592.927728,86554.50070867331,0,45,45,45,120.03622370455004,20127.315123545624,141.87076909478438,0,45,45,45,140.44358774492716,27771.38428401919,166.6474850815913,0,45,45,45,0.5215145036180914,0.6262342912086247,0.7913496643132065,0,45,45,45,0.31905835828117235,0.055680801511304334,0.23596779761506512,0,45,45,45,3.1672983001992083,7.245171637202706,2.6916856497746364,0,45,45,45,0.3874581734933207,0.2654653975222667,0.5152333427897177,0,45,45,45,0.3874581734933207,0.2654653975222667,0.5152333427897177,0,45,45,45,3.5426548068444346,9.46457225161981,0.8940465478262136,0.7597933743288452,0.5772859716740127,0.7655043930762676
ECDC_COVID/W,short,chronos_t5_512,,,,,,,0.7919649602845311,,,0,64,,0,0.0,1048965.713933119,8422882084458.73,2902220.1991679976,0,64,64,64,434.5182914998753,490322.40781518025,700.2302534275282,0,64,64,64,532.8438368212811,765043.1594946949,874.6674565197306,0,64,64,64,1.1669293841132313,14.110811876599632,3.7564360604966556,0,64,64,64,0.4977211276986758,0.09851083941329725,0.3138643646757262,0,64,64,64,1.2894959785659164,0.9726636511835426,0.9862371171191756,0,64,64,64,0.6239504350580637,0.6509332480363395,0.8068043430946189,0,64,64,64,0.6239504350580637,0.6509332480363395,0.8068043430946189,0,64,64,64,1.5433643330513203,2.5262185251337717,0.8355097697615627,0.639017694007045,0.4083436132540814,0.3850275189997812
ECDC_COVID/W,short,chronos_bolt_512,,,,,,,0.033070165663957596,,,0,64,,0,0.0,3144297.4610785577,282495863974013.94,16807613.27416876,0,64,64,64,570.0965636512708,2445681.9683480305,1563.867631338417,0,64,64,64,646.405047112934,2726457.9761454826,1651.198951109612,0,64,64,64,0.9024173614479438,3.2273162693935604,1.796473286579447,0,64,64,64,0.5311723514576381,0.08153974291903479,0.28555164667540406,0,64,64,64,1.3582147439686962,1.1631087018763218,1.0784751744367238,0,64,64,64,0.5989302813469102,0.3223611905702999,0.5677686065381741,0,64,64,64,0.5989302813469102,0.3223611905702999,0.5677686065381741,0,64,64,64,1.5433643330513203,2.5262185251337717,0.88003507330212,0.6987819734725347,0.4882962464501701,0.46041492068257683
ECDC_COVID/W,short,chronos_bolt_max,,,,,,,0.03271783608943224,,,0,64,,0,0.0,3144297.4610785577,282495863974013.94,16807613.27416876,0,64,64,64,570.0965636512708,2445681.9683480305,1563.867631338417,0,64,64,64,646.405047112934,2726457.9761454826,1651.198951109612,0,64,64,64,0.9024173614479438,3.2273162693935604,1.796473286579447,0,64,64,64,0.5311723514576381,0.08153974291903479,0.28555164667540406,0,64,64,64,1.3582147439686962,1.1631087018763218,1.0784751744367238,0,64,64,64,0.5989302813469102,0.3223611905702999,0.5677686065381741,0,64,64,64,0.5989302813469102,0.3223611905702999,0.5677686065381741,0,64,64,64,1.5433643330513203,2.5262185251337717,0.88003507330212,0.6987819734725347,0.4882962464501701,0.46041492068257683
ECDC_COVID/W,short,chronos2_max,,,,,,,0.029206433333456516,,,0,64,,0,0.0,2437816.6919022244,112109982196194.14,10588200.13959852,0,64,64,64,573.4415654017553,1682820.4232270098,1297.235685304336,0,64,64,64,668.2329692673163,1991281.3906864102,1411.1277017642344,0,64,64,64,1.0930906512230083,5.1687492762506855,2.27348834970639,0,64,64,64,0.5418502671679852,0.07619611116818858,0.27603643087134094,0,64,64,64,1.4613552982384173,1.173802374119505,1.0834216049717234,0,64,64,64,0.6585358566347299,0.289617998369612,0.5381616842266012,0,64,64,64,0.6585358566347299,0.289617998369612,0.5381616842266012,0,64,64,64,1.5433643330513203,2.5262185251337717,0.9468634637611675,0.7019869396811421,0.49278566348289554,0.4646479955875346
ECDC_COVID/W,short,tsrag,all,False,False,t5,1,chronos_bolt_max,0.0004111044108867645,,,64,64,,0.16050450317561626,1.0,3144297.4610785577,282495863974013.94,16807613.27416876,0,64,64,64,570.0965636512708,2445681.9683480305,1563.867631338417,0,64,64,64,646.405047112934,2726457.9761454826,1651.198951109612,0,64,64,64,0.9024173614479438,3.2273162693935604,1.796473286579447,0,64,64,64,0.5311723514576381,0.08153974291903479,0.28555164667540406,0,64,64,64,1.3582147439686962,1.1631087018763218,1.0784751744367238,0,64,64,64,0.5989302813469102,0.3223611905702999,0.5677686065381741,0,64,64,64,0.5989302813469102,0.3223611905702999,0.5677686065381741,0,64,64,64,1.5433643330513203,2.5262185251337717,0.88003507330212,0.6987819734725347,0.4882962464501701,0.46041492068257683
ECDC_COVID/W,short,bayes_mixture,,,,,,chronos_bolt_max,0.029651147313416004,0.5,16,0,64,,0,0.0,2629800.567447445,179236438313708.4,13387921.358960412,0,64,64,64,542.2644646103541,1972036.786747254,1404.2922725512856,0,64,64,64,623.8651211381491,2240592.878074727,1496.8610082685457,0,64,64,64,0.9727794843528794,4.10654933331506,2.0264622703902138,0,64,64,64,0.5118429184911941,0.07555059164149694,0.2748646787812085,0,64,64,64,1.3283252271059975,1.055971667853183,1.0276048208592556,0,64,64,64,0.6047939343693061,0.28625889702296586,0.5350316785228384,0,64,64,64,0.6047939343693061,0.28625889702296586,0.5350316785228384,0,64,64,64,1.5433643330513203,2.5262185251337717,0.8606686047226594,0.665821283317868,0.44331798131905287,0.41800487857528706
Global_Influenza/W,short,chronos_t5_512,,,,,,,3.434172125533223,,,0,237,,0,0.0,3198602.0969726364,307051235725321.06,17522877.495586194,0,237,237,240,516.7777464280372,1921114.2963769254,1386.0426748036748,0,237,237,240,629.9287048669336,2801791.923757304,1673.8554070639746,0,237,237,240,0.8001580684573228,4.727072408606386,2.174183158937256,0,237,237,240,0.5035590973279428,0.15184846650415565,0.3896773877249688,0,237,237,240,3.398558431492511,26.65903040468076,5.163238364116144,0,237,237,240,0.5265944077565531,0.39810455076019635,0.6309552684304937,0,237,237,240,0.5265944077565531,0.39810455076019635,0.6309552684304937,0,237,237,240,4.230835072275004,30.38882579215142,0.8032831281378782,1.220382802901312,1.489334185617263,0.8772642479514967
Global_Influenza/W,short,chronos_bolt_512,,,,,,,0.13051567785441875,,,0,237,,0,0.0,4573334.869083739,704216505922483.6,26537077.946196027,0,237,237,240,530.6044281008095,2595009.851239438,1610.903427036965,0,237,237,240,658.5584722751661,4139635.607678339,2034.6094484392672,0,237,237,240,0.7361607994532525,1.611828603924352,1.269578120449605,0,237,237,240,0.517202770452054,0.17667064953796285,0.4203220783375088,0,237,237,240,2.8883878965894034,14.148267072123593,3.761418226164646,0,237,237,240,0.5297510361441881,0.3388807182345675,0.5821346220888838,0,237,237,240,0.5297510361441881,0.3388807182345675,0.5821346220888838,0,237,237,240,4.230835072275004,30.38882579215142,0.6826992419338767,0.889048653967515,0.7904075091214503,0.46557465460800046
Global_Influenza/W,short,chronos_bolt_max,,,,,,,0.13079119380563498,,,0,237,,0,0.0,4573334.869083739,704216505922483.6,26537077.946196027,0,237,237,240,530.6044281008095,2595009.851239438,1610.903427036965,0,237,237,240,658.5584722751661,4139635.607678339,2034.6094484392672,0,237,237,240,0.7361607994532525,1.611828603924352,1.269578120449605,0,237,237,240,0.517202770452054,0.17667064953796285,0.4203220783375088,0,237,237,240,2.8883878965894034,14.148267072123593,3.761418226164646,0,237,237,240,0.5297510361441881,0.3388807182345675,0.5821346220888838,0,237,237,240,0.5297510361441881,0.3388807182345675,0.5821346220888838,0,237,237,240,4.230835072275004,30.38882579215142,0.6826992419338767,0.889048653967515,0.7904075091214503,0.46557465460800046
Global_Influenza/W,short,chronos2_max,,,,,,,0.11525120213627815,,,0,237,,0,0.0,2518067.0851864414,168140874184994.94,12966914.597736616,0,237,237,240,440.60131082049236,1296900.603828199,1138.815438878574,0,237,237,240,557.9440714628468,2206765.4983059024,1485.518595745574,0,237,237,240,0.6219173853976008,1.0208003274781654,1.0103466372875032,0,237,237,240,0.4610399675485857,0.13344348538824197,0.36529917244395993,0,237,237,240,2.7027385121311647,11.723270405207838,3.4239261681887707,0,237,237,240,0.46117523239062136,0.1733722679557243,0.4163799562367578,0,237,237,240,0.46117523239062136,0.1733722679557243,0.4163799562367578,0,237,237,240,4.230835072275004,30.38882579215142,0.6388191612200682,0.8092790453180341,0.6549325731908687,0.38577569549382296
Global_Influenza/W,short,tsrag,all,False,False,t5,1,chronos_bolt_max,0.00115915946662426,,,237,237,,0.5524660311639309,1.0,4573334.869083739,704216505922483.6,26537077.946196027,0,237,237,240,530.6044281008095,2595009.851239438,1610.903427036965,0,237,237,240,658.5584722751661,4139635.607678339,2034.6094484392672,0,237,237,240,0.7361607994532525,1.611828603924352,1.269578120449605,0,237,237,240,0.517202770452054,0.17667064953796285,0.4203220783375088,0,237,237,240,2.8883878965894034,14.148267072123593,3.761418226164646,0,237,237,240,0.5297510361441881,0.3388807182345675,0.5821346220888838,0,237,237,240,0.5297510361441881,0.3388807182345675,0.5821346220888838,0,237,237,240,4.230835072275004,30.38882579215142,0.6826992419338767,0.889048653967515,0.7904075091214503,0.46557465460800046
Global_Influenza/W,short,bayes_mixture,,,,,,chronos_bolt_max,0.11645728349685669,0.47058823529411764,15,0,237,,0,0.0,2977822.39355348,254033384873309.3,15938424.792723693,0,237,237,240,455.1684837259627,1579164.227259424,1256.6480124758182,0,237,237,240,578.6706611214611,2642962.6595107308,1625.7191207311091,0,237,237,240,0.645382217662606,1.0223657430215,1.0111210328252005,0,237,237,240,0.46653941589235026,0.14364326664215735,0.37900299028128703,0,237,237,240,2.697475296768409,12.160836673621754,3.487239119077118,0,237,237,240,0.46814578422924746,0.19837859945355707,0.4453971255560111,0,237,237,240,0.46814578422924746,0.19837859945355707,0.4453971255560111,0,237,237,240,4.230835072275004,30.38882579215142,0.6375751478579672,0.8242436917310418,0.6793776633584167,0.40017461539308824
Crypto/D,short,chronos_t5_512,,,,,,,2.0250539677217603,,,0,36,,0,0.0,15297303.690736344,2042777561458405.8,45197096.82555292,0,36,36,36,1541.0736238691543,9505470.361630553,3083.0942836103072,0,36,36,36,1784.622709761898,12112425.474538445,3480.291004289504,0,36,36,36,0.10077139670628926,0.006303935000738148,0.07939732363712361,0,36,36,36,0.10059339359484505,0.005458994037291641,0.07388500549699946,0,36,36,36,6.752320002398594,33.354532915151324,5.775338337721117,0,36,36,36,0.10174432403229404,0.006228697083354666,0.07892209502639085,0,36,36,36,0.10174432403229404,0.006228697083354666,0.07892209502639085,0,36,36,36,6.169569272851417,27.688250742146593,1.0944556586975227,0.9361007360975628,0.8762845881223993,1.2046457259352832
Crypto/D,short,chronos_bolt_512,,,,,,,0.03275996074080467,,,0,36,,0,0.0,10862266.087052306,560887797490012.3,23683069.84936734,0,36,36,36,1462.824262717918,6180610.611166079,2486.0833878142703,0,36,36,36,1685.8348254424918,8020227.028377589,2832.000534671134,0,36,36,36,0.10298477890878342,0.005482548546248837,0.07404423371369871,0,36,36,36,0.10374710376178947,0.005354662128698459,0.07317555690733388,0,36,36,36,6.7631135126780775,23.015533709253397,4.797450751102443,0,36,36,36,0.10417339914257052,0.005562769475476968,0.07458397599670433,0,36,36,36,0.10417339914257052,0.005562769475476968,0.07458397599670433,0,36,36,36,6.169569272851417,27.688250742146593,1.0962051341960763,0.7775989763520693,0.6046601680237862,0.8312382722762451
Crypto/D,short,chronos_bolt_max,,,,,,,0.04910849407315254,,,0,36,,0,0.0,11710806.98584148,711560459266351.0,26675090.614023246,0,36,36,36,1443.1454758396853,6566325.617684313,2562.4842668169326,0,36,36,36,1686.364738528857,8866980.95448798,2977.7476310943443,0,36,36,36,0.09980656249373158,0.0060755490260378,0.07794580826470272,0,36,36,36,0.10079025498228304,0.005737360665984395,0.07574536729057689,0,36,36,36,6.650599570107343,27.456389385813903,5.23988448210587,0,36,36,36,0.10105632749241483,0.006138203237448049,0.07834668619315081,0,36,36,36,0.10105632749241483,0.006138203237448049,0.07834668619315081,0,36,36,36,6.169569272851417,27.688250742146593,1.077968213984184,0.8493112323356942,0.7213295693715757,0.9916260020002002
Crypto/D,short,chronos2_max,,,,,,,0.06738675944507122,,,0,36,,0,0.0,13407374.412148535,937945966272242.1,30625903.517647315,0,36,36,36,1476.1529061070196,7347244.943961037,2710.5801858570862,0,36,36,36,1767.7674423526537,10282372.681906495,3206.6138966059657,0,36,36,36,0.09323374442532523,0.005485458446234642,0.0740638808477833,0,36,36,36,0.09353008721922501,0.004821071924284882,0.0694339392824927,0,36,36,36,6.414713958414154,28.64651492574198,5.352243915008169,0,36,36,36,0.09450851023130627,0.005476627695676634,0.07400424106547296,0,36,36,36,0.09450851023130627,0.005476627695676634,0.07400424106547296,0,36,36,36,6.169569272851417,27.688250742146593,1.0397344895115244,0.8675231087136329,0.7525963441521659,1.034609054667969
Crypto/D,short,tsrag,all,False,False,t5,1,chronos_bolt_max,0.6368454378098249,,,0,36,,15.785868555307388,0.0,11356705.85960414,537612032359126.44,23186462.26484598,0,36,36,36,1467.4980231885556,6327349.878769401,2515.4224056347675,0,36,36,36,1705.9931568536456,8446293.208372671,2906.250713268329,0,36,36,36,0.09894835938321657,0.0047015079707684385,0.06856754312915432,0,36,36,36,0.10099657295585908,0.004825738889535259,0.0694675383868988,0,36,36,36,6.605930139133781,22.770145176578115,4.771807328107257,0,36,36,36,0.10053804156068033,0.0048313620307946625,0.06950799976114018,0,36,36,36,0.10053804156068033,0.0048313620307946625,0.06950799976114018,0,36,36,36,6.169569272851417,27.688250742146593,1.0707279304249855,0.7734425398390655,0.5982133624327044,0.8223757213350348
Crypto/D,short,bayes_mixture,,,,,,chronos_bolt_max,0.7042686771601439,0.2,3,0,36,,0,0.0,12697844.691747243,817607719655410.4,28593840.589459304,0,36,36,36,1453.2773146382085,6989463.875680809,2643.759420915755,0,36,36,36,1729.1080959455805,9708029.884282691,3115.771154029559,0,36,36,36,0.09336830608757624,0.005206992611087167,0.07215949425465208,0,36,36,36,0.09402153179549513,0.004715260253202446,0.06866775264418114,0,36,36,36,6.38250523554456,27.14213448108664,5.209811367130929,0,36,36,36,0.09469844603813148,0.005235966757725235,0.07235998036017724,0,36,36,36,0.09469844603813148,0.005235966757725235,0.07235998036017724,0,36,36,36,6.169569272851417,27.688250742146593,1.0345139106598813,0.8444368053465567,0.7130735182238984,0.9802762454679499
US_Term_Structure/B,short,chronos_t5_512,,,,,,,56.18834446184337,,,0,1400,,0,0.0,0.025347495547280233,0.0018976576459726203,0.0435621125058533,0,1400,1400,1400,0.10597322747190906,0.006747131327927373,0.0821409235882296,0,1400,1400,1400,0.12725436584120892,0.009153821921631994,0.09567560776724647,0,1400,1400,1400,0.9566398707054683,50.099808669934575,7.078121832091799,0,1400,1400,1400,0.2592631206391762,0.1611371039901113,0.4014188635205268,0,1400,1400,1400,1.5381640556921792,1.0334219172870962,1.0165736162654901,0,1400,1400,1400,0.2552867138716598,0.23130554339548715,0.48094234934707836,0,1400,1400,1400,0.2552867138716598,0.23130554339548715,0.48094234934707836,0,1400,1400,1400,1.7649879489699798,1.0333743744905457,0.871487001704362,0.5759663213897562,0.3317372033752481,1.0000460073306674
US_Term_Structure/B,short,chronos_bolt_512,,,,,,,0.7900462495163083,,,0,1400,,0,0.0,0.021312614026392444,0.0009961148652775362,0.03156128744645149,0,1400,1400,1400,0.10327976199927512,0.004672242735291671,0.06835380556554017,0,1400,1400,1400,0.12268059929183123,0.006262084583789586,0.07913333421377862,0,1400,1400,1400,1.0508914100382276,47.32801020790812,6.879535609901887,0,1400,1400,1400,0.2873074823711158,0.20479060823542677,0.45253796330852375,0,1400,1400,1400,1.5463522708432798,0.8014344738365422,0.8952287271063983,0,1400,1400,1400,0.29006776914166266,0.267907050496747,0.5175973826216155,0,1400,1400,1400,0.29006776914166266,0.267907050496747,0.5175973826216155,0,1400,1400,1400,1.7649879489699798,1.0333743744905457,0.8761262487631757,0.5072152065564188,0.25726726576207065,0.7755509461240995
US_Term_Structure/B,short,chronos_bolt_max,,,,,,,1.5141466418281198,,,0,1400,,0,0.0,0.023585601394673764,0.0013134119322169076,0.03624102554035837,0,1400,1400,1400,0.10597238482781166,0.00564755263197649,0.07515020047861809,0,1400,1400,1400,0.1262152137179864,0.007655321220796774,0.08749469252930016,0,1400,1400,1400,1.0101424768885874,40.7906303911657,6.386754292374625,0,1400,1400,1400,0.29061884770061125,0.21173563559913608,0.46014740638097273,0,1400,1400,1400,1.5723117469490717,0.8799786957542782,0.9380717966948363,0,1400,1400,1400,0.2842329865297217,0.24137702088164148,0.49130135444718803,0,1400,1400,1400,0.2842329865297217,0.24137702088164148,0.49130135444718803,0,1400,1400,1400,1.7649879489699798,1.0333743744905457,0.8908342676598154,0.5314890661107804,0.2824806273953095,0.8515584646543112
US_Term_Structure/B,short,chronos2_max,,,,,,,6.276560865342617,,,0,1400,,0,0.0,0.023067453831056888,0.0017369771771041415,0.04167705816278473,0,1400,1400,1400,0.10213048016521624,0.005657414946715996,0.07521578921154784,0,1400,1400,1400,0.1227249566872993,0.008006038837157397,0.08947647085774783,0,1400,1400,1400,0.9471594124297206,44.93332039421951,6.7032320856598355,0,1400,1400,1400,0.26915880201582293,0.18333723391918177,0.4281789741675574,0,1400,1400,1400,1.4983434000012559,0.9080575291623306,0.9529205261522761,0,1400,1400,1400,0.26049089851003343,0.22717049691137736,0.4766240624552828,0,1400,1400,1400,0.26049089851003343,0.22717049691137736,0.4766240624552828,0,1400,1400,1400,1.7649879489699798,1.0333743744905457,0.8489255696480343,0.5399020014320132,0.2914941711502936,0.8787304500462416
US_Term_Structure/B,short,tsrag,all,False,False,t5,1,chronos_bolt_max,77.79992619156837,,,1400,1400,,675.4149011597037,1.0,0.023585601394673764,0.0013134119322169076,0.03624102554035837,0,1400,1400,1400,0.10597238482781166,0.00564755263197649,0.07515020047861809,0,1400,1400,1400,0.1262152137179864,0.007655321220796774,0.08749469252930016,0,1400,1400,1400,1.0101424768885874,40.7906303911657,6.386754292374625,0,1400,1400,1400,0.29061884770061125,0.21173563559913608,0.46014740638097273,0,1400,1400,1400,1.5723117469490717,0.8799786957542782,0.9380717966948363,0,1400,1400,1400,0.2842329865297217,0.24137702088164148,0.49130135444718803,0,1400,1400,1400,0.2842329865297217,0.24137702088164148,0.49130135444718803,0,1400,1400,1400,1.7649879489699798,1.0333743744905457,0.8908342676598154,0.5314890661107804,0.2824806273953095,0.8515584646543112
US_Term_Structure/B,short,bayes_mixture,,,,,,chronos_bolt_max,84.07661543041468,0.7142857142857143,5,0,1400,,0,0.0,0.022318729119460215,0.0012442449109709675,0.035273855912998336,0,1400,1400,1400,0.10228510586909656,0.005252658882157475,0.07247522943846038,0,1400,1400,1400,0.12249103181077442,0.007314676245392067,0.08552588055899844,0,1400,1400,1400,0.9861828086464889,40.96584007543535,6.400456239631309,0,1400,1400,1400,0.28407478761725025,0.20550495472562846,0.45332654315143345,0,1400,1400,1400,1.519611064729132,0.8421546222926872,0.9176898290232312,0,1400,1400,1400,0.2746432691919526,0.22944384832559608,0.4790029731907685,0,1400,1400,1400,0.2746432691919526,0.22944384832559608,0.4790029731907685,0,1400,1400,1400,1.7649879489699798,1.0333743744905457,0.8609753203221325,0.5199411302262891,0.2703387789009909,0.8149559763448461
Oil_Price/B,short,chronos_t5_512,,,,,,,16.93400948960334,,,0,420,,0,0.0,3.128845084234227,156.9454023753859,12.52778521429011,0,420,420,420,0.6648496792003904,1.9825847333717015,1.4080428734139105,0,420,420,420,0.7757620555505876,2.527038317402154,1.5896661024888699,0,420,420,420,0.058570917971212826,0.0018804492576357762,0.04336414714526018,0,420,420,420,0.058056683931595784,0.0018781278281261248,0.04333737218759491,0,420,420,420,1.3991299769436263,0.9458671213924734,0.9725570016160869,0,420,420,420,0.058305874424307076,0.0019018055413221743,0.043609695496783445,0,420,420,420,0.058305874424307076,0.0019018055413221743,0.043609695496783445,0,420,420,420,1.5496690109476723,1.308977194348269,0.9028572985969523,0.6275901465057607,0.3938693919911222,0.7226001533689166
Oil_Price/B,short,chronos_bolt_512,,,,,,,0.24880787171423435,,,0,420,,0,0.0,3.1582609188094803,129.42390936049756,11.376462954736747,0,420,420,420,0.6813977875814172,1.9983793683966884,1.4136404664541435,0,420,420,420,0.7882292981292424,2.5369554923801623,1.5927823116735578,0,420,420,420,0.0603803425064938,0.002087762018828303,0.04569203452275137,0,420,420,420,0.06017314496590561,0.0020937651453268886,0.045757678539529174,0,420,420,420,1.4368159302639318,0.9309657381861419,0.9648656581027961,0,420,420,420,0.0602032833330261,0.0020982635440685475,0.045806806743851375,0,420,420,420,0.0602032833330261,0.0020982635440685475,0.045806806743851375,0,420,420,420,1.5496690109476723,1.308977194348269,0.9271760099179326,0.622626929548491,0.3876642933989816,0.7112161634333618
Oil_Price/B,short,chronos_bolt_max,,,,,,,0.46498194336891174,,,0,420,,0,0.0,3.1658608657563887,135.74641168162654,11.651026207232844,0,420,420,420,0.6828490788599484,2.030426799113184,1.424930454132125,0,420,420,420,0.7864371691179175,2.5473774447861843,1.5960505771391407,0,420,420,420,0.058957276349710784,0.001912908275387634,0.04373680687233161,0,420,420,420,0.05858939687451499,0.0018884835965128828,0.04345668644193759,0,420,420,420,1.4220399167619129,0.9656327391045836,0.982666138169309,0,420,420,420,0.058778754623806356,0.0019315444873346263,0.04394934001022798,0,420,420,420,0.058778754623806356,0.0019315444873346263,0.04394934001022798,0,420,420,420,1.5496690109476723,1.308977194348269,0.9176410618757163,0.6341135631075033,0.40210001091689357,0.7377002007933114
Oil_Price/B,short,chronos2_max,,,,,,,1.1294319666922092,,,0,420,,0,0.0,3.0767983394133465,109.87045117337244,10.481910664252602,0,420,420,420,0.6698824189678264,1.9521683152779739,1.3972001700822878,0,420,420,420,0.7766318252161922,2.4736413474747128,1.572781404860419,0,420,420,420,0.05722644024303948,0.0022327032258090637,0.04725148913853471,0,420,420,420,0.05626318623883386,0.0019927562762354404,0.04464029879195972,0,420,420,420,1.3665025171338467,1.0581466689313042,1.0286625632010258,0,420,420,420,0.056787668153709066,0.0021832631044702237,0.046725401062700615,0,420,420,420,0.056787668153709066,0.0021832631044702237,0.046725401062700615,0,420,420,420,1.5496690109476723,1.308977194348269,0.8818028285267101,0.6637950142475687,0.4406238209399298,0.8083767032000494
Oil_Price/B,short,tsrag,all,False,False,t5,1,chronos_bolt_max,9.832017473876476,,,420,420,,103.1555749066174,1.0,3.1658608657563887,135.74641168162654,11.651026207232844,0,420,420,420,0.6828490788599484,2.030426799113184,1.424930454132125,0,420,420,420,0.7864371691179175,2.5473774447861843,1.5960505771391407,0,420,420,420,0.058957276349710784,0.001912908275387634,0.04373680687233161,0,420,420,420,0.05858939687451499,0.0018884835965128828,0.04345668644193759,0,420,420,420,1.4220399167619129,0.9656327391045836,0.982666138169309,0,420,420,420,0.058778754623806356,0.0019315444873346263,0.04394934001022798,0,420,420,420,0.058778754623806356,0.0019315444873346263,0.04394934001022798,0,420,420,420,1.5496690109476723,1.308977194348269,0.9176410618757163,0.6341135631075033,0.40210001091689357,0.7377002007933114
Oil_Price/B,short,bayes_mixture,,,,,,chronos_bolt_max,10.96150641143322,0.42857142857142855,5,0,420,,0,0.0,3.0479244486122754,115.6913465252662,10.755991192134093,0,420,420,420,0.6668848741958191,1.9377115402122833,1.3920170761209374,0,420,420,420,0.7727168299608442,2.450833149307539,1.565513701411629,0,420,420,420,0.05706491689099495,0.002046404562513774,0.0452372033011964,0,420,420,420,0.056358644787945576,0.001905118619301126,0.04364766453432676,0,420,420,420,1.3675316102609567,0.9912883467554083,0.9956346452165113,0,420,420,420,0.056737715444220356,0.002027028035078115,0.045022528084039386,0,420,420,420,0.056737715444220356,0.002027028035078115,0.045022528084039386,0,420,420,420,1.5496690109476723,1.308977194348269,0.8824669013834556,0.6424821288822501,0.4127832859330681,0.7572999369549476
Job_Claims/W,short,chronos_t5_512,,,,,,,0.1448457706719637,,,0,8,,0,0.0,1243139022.8173006,2.3677810744329795e+18,1538759589.5502908,0,8,8,8,24004.347806490383,337562423.8635889,18372.87195469421,0,8,8,8,27675.99046752243,477178574.4589082,21844.417466687184,0,8,8,8,0.02692194131857075,8.404972933055512e-05,0.0091678639459012,0,8,8,8,0.027156857226216625,8.949526146820696e-05,0.009460193521710163,0,8,8,8,3.86308132099131,2.704204128830432,1.6444464505816028,0,8,8,8,0.02706926287092761,8.865442823423419e-05,0.009415648051739943,0,8,8,8,0.02706926287092761,8.865442823423419e-05,0.009415648051739943,0,8,8,8,2.721408984092651,1.8094438105119042,1.4195151642300121,0.6042628874211202,0.3651336371145094,1.494494669091379
Job_Claims/W,short,chronos_bolt_512,,,,,,,0.016346730291843414,,,0,8,,0,0.0,1472408115.295476,3.9629527669907164e+18,1990716646.5850222,0,8,8,8,25819.680889423078,546133042.1669424,23369.489557261244,0,8,8,8,29300.880879658856,613866494.9715178,24776.329328040458,0,8,8,8,0.02897254187481807,0.00012011476167850886,0.01095968802833862,0,8,8,8,0.02895986432922862,0.00012050512813180345,0.010977482777568064,0,8,8,8,4.146792423445997,5.5035734805555,2.345969624815185,0,8,8,8,0.028980384875262603,0.00012085686255284833,0.010993491827115183,0,8,8,8,0.028980384875262603,0.00012085686255284833,0.010993491827115183,0,8,8,8,2.721408984092651,1.8094438105119042,1.5237667133771828,0.8620422871122982,0.743116904769802,3.0415829707353557
Job_Claims/W,short,chronos_bolt_max,,,,,,,0.016273616813123226,,,0,8,,0,0.0,1472408115.295476,3.9629527669907164e+18,1990716646.5850222,0,8,8,8,25819.680889423078,546133042.1669424,23369.489557261244,0,8,8,8,29300.880879658856,613866494.9715178,24776.329328040458,0,8,8,8,0.02897254187481807,0.00012011476167850886,0.01095968802833862,0,8,8,8,0.02895986432922862,0.00012050512813180345,0.010977482777568064,0,8,8,8,4.146792423445997,5.5035734805555,2.345969624815185,0,8,8,8,0.028980384875262603,0.00012085686255284833,0.010993491827115183,0,8,8,8,0.028980384875262603,0.00012085686255284833,0.010993491827115183,0,8,8,8,2.721408984092651,1.8094438105119042,1.5237667133771828,0.8620422871122982,0.743116904769802,3.0415829707353557
Job_Claims/W,short,chronos2_max,,,,,,,0.014023498632013798,,,0,8,,0,0.0,773731279.695221,1.1326849368901952e+18,1064276720.0734005,0,8,8,8,18364.717998798078,237281168.14198655,15403.933528225398,0,8,8,8,21751.895720447388,300586312.26200354,17337.42519124462,0,8,8,8,0.024863744819462,0.00018881379028656115,0.013740953034144363,0,8,8,8,0.025186709060617214,0.0002011114657324056,0.014181377427189702,0,8,8,8,3.1948713277732175,2.3923974325292057,1.5467376741158165,0,8,8,8,0.025047318100689574,0.00019493912070160945,0.013962060045050996,0,8,8,8,0.025047318100689574,0.00019493912070160945,0.013962060045050996,0,8,8,8,2.721408984092651,1.8094438105119042,1.173976916534074,0.5683591415905892,0.32303211382959135,1.3221728238426922
Job_Claims/W,short,tsrag,all,False,False,t5,1,chronos_bolt_max,0.00017326325178146362,,,8,8,,0.05150425806641579,1.0,1472408115.295476,3.9629527669907164e+18,1990716646.5850222,0,8,8,8,25819.680889423078,546133042.1669424,23369.489557261244,0,8,8,8,29300.880879658856,613866494.9715178,24776.329328040458,0,8,8,8,0.02897254187481807,0.00012011476167850886,0.01095968802833862,0,8,8,8,0.02895986432922862,0.00012050512813180345,0.010977482777568064,0,8,8,8,4.146792423445997,5.5035734805555,2.345969624815185,0,8,8,8,0.028980384875262603,0.00012085686255284833,0.010993491827115183,0,8,8,8,0.028980384875262603,0.00012085686255284833,0.010993491827115183,0,8,8,8,2.721408984092651,1.8094438105119042,1.5237667133771828,0.8620422871122982,0.743116904769802,3.0415829707353557
Job_Claims/W,short,bayes_mixture,,,,,,chronos_bolt_max,0.014227661304175854,0.3333333333333333,1,0,8,,0,0.0,896977635.4993029,1.2535268493984097e+18,1119610132.7687285,0,8,8,8,20604.12755408654,267338174.05118126,16350.479321756327,0,8,8,8,24002.980225049032,320834575.81520796,17911.855733429966,0,8,8,8,0.025763176274914992,0.00013551388108711736,0.011641042955299039,0,8,8,8,0.025979667104814686,0.00014360859318904745,0.01198368028566548,0,8,8,8,3.4608673192256063,2.200641416512246,1.4834559031235968,0,8,8,8,0.025891216954877557,0.00013991347343852582,0.011828502586486838,0,8,8,8,0.025891216954877557,0.00013991347343852582,0.011828502586486838,0,8,8,8,2.721408984092651,1.8094438105119042,1.271718929222062,0.5451058300295124,0.2971403659321637,1.2161977087808378
Uncertainty_1M/M,short,chronos_t5_512,,,,,,,0.42682935390621424,,,0,21,,0,0.0,0.0019419564345726473,2.450554603556014e-06,0.0015654247358324238,0,21,21,21,0.03501641088061862,0.0003898206217124482,0.019743875549457057,0,21,21,21,0.039083036020709595,0.0004144727299765639,0.020358603340518325,0,21,21,21,0.042384991158557414,0.0005175911294198835,0.022750629209318224,0,21,21,21,0.0414235425178121,0.0004609437303772407,0.021469600144791722,0,21,21,21,0.41977387059814,0.06299987565930909,0.2509977602675153,0,21,21,21,0.04211466807845791,0.0004987133714661334,0.022331891354431522,0,21,21,21,0.04211466807845791,0.0004987133714661334,0.022331891354431522,0,21,21,21,0.9687122092330922,0.4634703206443205,0.4333318673979195,0.2591045698352709,0.06713517810952079,0.1359307659047641
Uncertainty_1M/M,short,chronos_bolt_512,,,,,,,0.016044565476477146,,,0,21,,0,0.0,0.002190823537245356,6.127490816699851e-06,0.0024753769039683334,0,21,21,21,0.0350861232432108,0.0006351272297955723,0.025201730690481802,0,21,21,21,0.038775040729334166,0.0006873197536838332,0.026216783816552198,0,21,21,21,0.04394255892076539,0.0009898024327990528,0.03146112573953851,0,21,21,21,0.042515101850724366,0.0008759586222643079,0.029596598153576837,0,21,21,21,0.4314074208124786,0.10326381524590086,0.32134687682611895,0,21,21,21,0.04353950597439139,0.0009561902688990493,0.030922326382389946,0,21,21,21,0.04353950597439139,0.0009561902688990493,0.030922326382389946,0,21,21,21,0.9687122092330922,0.4634703206443205,0.4453411619060879,0.33172584567765706,0.11004203669055672,0.22280566984816333
Uncertainty_1M/M,short,chronos_bolt_max,,,,,,,0.018686367198824883,,,0,21,,0,0.0,0.0020881491334825636,6.5408761821171605e-06,0.0025575136719316206,0,21,21,21,0.03408136632707384,0.0006380113771490307,0.02525888709244789,0,21,21,21,0.03743059221481292,0.000687099899930949,0.026212590484935842,0,21,21,21,0.04226615488896818,0.0008999959487818403,0.029999932479621357,0,21,21,21,0.04105182377728552,0.0008029484526803424,0.028336345083308512,0,21,21,21,0.4150857018112084,0.09057733152940857,0.30096068103559404,0,21,21,21,0.041911285949484185,0.0008731006176317354,0.029548276051772213,0,21,21,21,0.041911285949484185,0.0008731006176317354,0.029548276051772213,0,21,21,21,0.9687122092330922,0.4634703206443205,0.4284922785682886,0.3106812097205401,0.09652281407341821,0.1954328626771336
Uncertainty_1M/M,short,chronos2_max,,,,,,,0.015107273124158382,,,0,21,,0,0.0,0.0012477290280550617,1.2582743194962173e-06,0.0011217282734674282,0,21,21,21,0.02684780198430258,0.000263029774001994,0.016218192686054574,0,21,21,21,0.030450287802284853,0.0003205090008130841,0.017902765172259957,0,21,21,21,0.03325843157678499,0.0003974944278220067,0.019937262295059637,0,21,21,21,0.032782336826419366,0.0003708718543497978,0.019258033501627258,0,21,21,21,0.33200175598340054,0.05384977296827724,0.23205553854255934,0,21,21,21,0.03302068266022921,0.00038480913711419284,0.019616552630729815,0,21,21,21,0.03302068266022921,0.00038480913711419284,0.019616552630729815,0,21,21,21,0.9687122092330922,0.4634703206443205,0.3427248596838053,0.2395505459008022,0.057384464041372325,0.11618817984593882
Uncertainty_1M/M,short,tsrag,all,False,False,t5,12,chronos_bolt_max,0.3297553788870573,,,0,21,,1.1183817815035582,0.0,0.0020536592082351993,5.923830306065794e-06,0.002433892007888968,0,21,21,21,0.03338230365798587,0.0006002167823595071,0.02449932207959043,0,21,21,21,0.037307988437908626,0.0006617732069520755,0.025724953001941043,0,21,21,21,0.04147245322538405,0.000915211831245803,0.030252468184361468,0,21,21,21,0.04030393256565955,0.0008139400459728282,0.0285296345222442,0,21,21,21,0.4070849935898743,0.09131744967909813,0.3021877722196882,0,21,21,21,0.04112843134301838,0.0008858571389928336,0.02976335228083076,0,21,21,21,0.04112843134301838,0.0008858571389928336,0.02976335228083076,0,21,21,21,0.9687122092330922,0.4634703206443205,0.4202331607982462,0.3119479339059053,0.09731151346816307,0.1970297678439211
Uncertainty_1M/M,short,bayes_mixture,,,,,,chronos_bolt_max,0.3448941307142377,0.6,3,0,21,,0,0.0,0.0016379074108319816,2.85218988596324e-06,0.001688842765316902,0,21,21,21,0.030374815539708215,0.00041540629893594983,0.02038151856304995,0,21,21,21,0.03412363371848895,0.00047348503267838647,0.02175971122690709,0,21,21,21,0.0376786909260635,0.0006332459141573511,0.025164377881389224,0,21,21,21,0.03683169707929323,0.0005732255760936824,0.023942129731786235,0,21,21,21,0.3721084813651999,0.07014657491787743,0.26485198681127053,0,21,21,21,0.0373671952184739,0.0006119398513229161,0.02473741804075187,0,21,21,21,0.0373671952184739,0.0006119398513229161,0.02473741804075187,0,21,21,21,0.9687122092330922,0.4634703206443205,0.38412696548935815,0.27340626481929853,0.0747509856424404,0.151350737670449
Housing_Inventory/M,short,chronos_t5_512,,,,,,,0.13496689405292273,,,0,12,,0,0.0,3685822280.4719596,4.121225551748144e+19,6419677212.873046,0,12,12,12,29471.90091437764,2161296451.77177,46489.74566258424,0,12,12,12,32673.96867687081,2618234051.3748245,51168.68232986682,0,12,12,12,0.05612025705818805,0.0022498726768769638,0.047432822779979726,0,12,12,12,0.05722112098246526,0.0023709780329294445,0.04869268972781689,0,12,12,12,0.5097337652223708,0.062031876297391736,0.2490619928800694,0,12,12,12,0.056662561187315684,0.002362894902574287,0.048609617387655776,0,12,12,12,0.056662561187315684,0.002362894902574287,0.048609617387655776,0,12,12,12,0.6840076077319015,0.15831152058175027,0.7452165143492998,0.364121670672543,0.13258459105336384,0.3918342522985191
Housing_Inventory/M,short,chronos_bolt_512,,,,,,,0.01602717489004135,,,0,12,,0,0.0,5481882559.140271,1.9223561478366396e+20,13864905869.989307,0,12,12,12,30275.87769940164,3768971359.585705,61391.94865440993,0,12,12,12,33075.91555109983,4387866369.596784,66240.97198559804,0,12,12,12,0.06936359858208149,0.007367149635675328,0.08583210142875058,0,12,12,12,0.06580518749661188,0.005552820329500953,0.07451724853683846,0,12,12,12,0.5280441169302251,0.09959870743503756,0.31559262893014084,0,12,12,12,0.06936614569553343,0.007443252718053832,0.08627428769948688,0,12,12,12,0.06936614569553343,0.007443252718053832,0.08627428769948688,0,12,12,12,0.6840076077319015,0.15831152058175027,0.7719857366516212,0.46138760060960926,0.2128785179962923,0.6291311401030092
Housing_Inventory/M,short,chronos_bolt_max,,,,,,,0.015998274087905884,,,0,12,,0,0.0,5481882559.140271,1.9223561478366396e+20,13864905869.989307,0,12,12,12,30275.87769940164,3768971359.585705,61391.94865440993,0,12,12,12,33075.91555109983,4387866369.596784,66240.97198559804,0,12,12,12,0.06936359858208149,0.007367149635675328,0.08583210142875058,0,12,12,12,0.06580518749661188,0.005552820329500953,0.07451724853683846,0,12,12,12,0.5280441169302251,0.09959870743503756,0.31559262893014084,0,12,12,12,0.06936614569553343,0.007443252718053832,0.08627428769948688,0,12,12,12,0.06936614569553343,0.007443252718053832,0.08627428769948688,0,12,12,12,0.6840076077319015,0.15831152058175027,0.7719857366516212,0.46138760060960926,0.2128785179962923,0.6291311401030092
Housing_Inventory/M,short,chronos2_max,,,,,,,0.014048589393496513,,,0,12,,0,0.0,4419964406.479045,6.295109011849874e+19,7934172302.042522,0,12,12,12,31923.693666855488,2585350900.267982,50846.34598737634,0,12,12,12,35589.26110233687,3153368900.668737,56154.865333902606,0,12,12,12,0.06811449468188992,0.0034319912046067596,0.05858319899601557,0,12,12,12,0.0690356207493675,0.0034998940310237633,0.05915990222290571,0,12,12,12,0.5629531221029819,0.06722648808526925,0.2592807129064352,0,12,12,12,0.06868400575190355,0.0034865528740606875,0.05904703950293094,0,12,12,12,0.06868400575190355,0.0034865528740606875,0.05904703950293094,0,12,12,12,0.6840076077319015,0.15831152058175027,0.8230217262782737,0.37906115367076576,0.14368735822221188,0.4246468471670971
Housing_Inventory/M,short,tsrag,all,False,False,t5,12,chronos_bolt_max,0.00021277368068695068,,,12,12,,0.049748923629522324,1.0,5481882559.140271,1.9223561478366396e+20,13864905869.989307,0,12,12,12,30275.87769940164,3768971359.585705,61391.94865440993,0,12,12,12,33075.91555109983,4387866369.596784,66240.97198559804,0,12,12,12,0.06936359858208149,0.007367149635675328,0.08583210142875058,0,12,12,12,0.06580518749661188,0.005552820329500953,0.07451724853683846,0,12,12,12,0.5280441169302251,0.09959870743503756,0.31559262893014084,0,12,12,12,0.06936614569553343,0.007443252718053832,0.08627428769948688,0,12,12,12,0.06936614569553343,0.007443252718053832,0.08627428769948688,0,12,12,12,0.6840076077319015,0.15831152058175027,0.7719857366516212,0.46138760060960926,0.2128785179962923,0.6291311401030092
Housing_Inventory/M,short,bayes_mixture,,,,,,chronos_bolt_max,0.0142928846180439,0.3333333333333333,1,0,12,,0,0.0,4270240958.3564687,7.492773781813764e+19,8656080973.404629,0,12,12,12,30149.542586882915,2616368294.4306893,51150.447646435015,0,12,12,12,33333.95489602645,3159088409.3461432,56205.768470381605,0,12,12,12,0.06642672991684592,0.0040686413081981315,0.0637859021116589,0,12,12,12,0.06576569048297147,0.003638763069304194,0.060322160681661546,0,12,12,12,0.5371010929919399,0.057511073522170296,0.23981466494393186,0,12,12,12,0.06682842315477588,0.004098471160244782,0.0640193030284209,0,12,12,12,0.06682842315477588,0.004098471160244782,0.0640193030284209,0,12,12,12,0.6840076077319015,0.15831152058175027,0.7852267824518964,0.3506023357534465,0.12292199783577243,0.3632778796567255
JOLTS/M,short,chronos_t5_512,,,,,,,0.5034022014588118,,,0,30,,0,0.0,490775.6352617927,2390365023081.639,1546080.5357683147,0,30,30,30,381.8790313720703,179688.31494401125,423.89658519975274,0,30,30,30,450.8102544804853,287545.7497170327,536.2329248722357,0,30,30,30,0.09006993438710062,0.002549964136173283,0.05049716958576276,0,30,30,30,0.09070249475560907,0.002984606901516061,0.054631555913373556,0,30,30,30,1.191565601162273,0.5448728378551847,0.7381550229153662,0,30,30,30,0.09061486161192837,0.0027845020481155973,0.05276838113980376,0,30,30,30,0.09061486161192837,0.0027845020481155973,0.05276838113980376,0,30,30,30,1.68559441428069,0.8877843622848538,0.7069112184206907,0.4379197134622484,0.19177367543885773,0.6137445769520743
JOLTS/M,short,chronos_bolt_512,,,,,,,0.016781987622380257,,,0,30,,0,0.0,420672.39178786793,1533537640213.4075,1238360.8683309592,0,30,30,30,347.0063452826606,146665.5937846129,382.96944236402584,0,30,30,30,419.17835934612475,244961.89484375904,494.9362533132515,0,30,30,30,0.08196744387232066,0.002177319535726275,0.04666175667210007,0,30,30,30,0.08092489491509897,0.0022797358321685435,0.047746579271907466,0,30,30,30,1.0554442345222514,0.4012982953487707,0.63348109312652,0,30,30,30,0.08162143771577575,0.0022960018697382955,0.04791661371318194,0,30,30,30,0.08162143771577575,0.0022960018697382955,0.04791661371318194,0,30,30,30,1.68559441428069,0.8877843622848538,0.6261555126074925,0.3758205934710881,0.14124111847696086,0.4520222617077484
JOLTS/M,short,chronos_bolt_max,,,,,,,0.01659434102475643,,,0,30,,0,0.0,420672.39178786793,1533537640213.4075,1238360.8683309592,0,30,30,30,347.0063452826606,146665.5937846129,382.96944236402584,0,30,30,30,419.17835934612475,244961.89484375904,494.9362533132515,0,30,30,30,0.08196744387232066,0.002177319535726275,0.04666175667210007,0,30,30,30,0.08092489491509897,0.0022797358321685435,0.047746579271907466,0,30,30,30,1.0554442345222514,0.4012982953487707,0.63348109312652,0,30,30,30,0.08162143771577575,0.0022960018697382955,0.04791661371318194,0,30,30,30,0.08162143771577575,0.0022960018697382955,0.04791661371318194,0,30,30,30,1.68559441428069,0.8877843622848538,0.6261555126074925,0.3758205934710881,0.14124111847696086,0.4520222617077484
JOLTS/M,short,chronos2_max,,,,,,,0.015073263086378574,,,0,30,,0,0.0,434621.66999853315,2606839173723.5737,1614570.894610569,0,30,30,30,326.87805133395716,178034.7194393875,421.9416066701499,0,30,30,30,391.41417898336846,281416.6104893089,530.4871445089965,0,30,30,30,0.0783358296225989,0.0026537203976167148,0.05151427372696537,0,30,30,30,0.07875980218731762,0.0030813150559449985,0.055509594269324274,0,30,30,30,1.034014653679809,0.5590876720932934,0.7477216541556713,0,30,30,30,0.07841091593831297,0.002878568911261858,0.05365229642113987,0,30,30,30,0.07841091593831297,0.002878568911261858,0.05365229642113987,0,30,30,30,1.68559441428069,0.8877843622848538,0.6134421453461354,0.4435952372770254,0.19677673453486047,0.6297561613434963
JOLTS/M,short,tsrag,all,False,False,t5,12,chronos_bolt_max,0.00027452409267425537,,,30,30,,0.08562651090323925,1.0,420672.39178786793,1533537640213.4075,1238360.8683309592,0,30,30,30,347.0063452826606,146665.5937846129,382.96944236402584,0,30,30,30,419.17835934612475,244961.89484375904,494.9362533132515,0,30,30,30,0.08196744387232066,0.002177319535726275,0.04666175667210007,0,30,30,30,0.08092489491509897,0.0022797358321685435,0.047746579271907466,0,30,30,30,1.0554442345222514,0.4012982953487707,0.63348109312652,0,30,30,30,0.08162143771577575,0.0022960018697382955,0.04791661371318194,0,30,30,30,0.08162143771577575,0.0022960018697382955,0.04791661371318194,0,30,30,30,1.68559441428069,0.8877843622848538,0.6261555126074925,0.3758205934710881,0.14124111847696086,0.4520222617077484
JOLTS/M,short,bayes_mixture,,,,,,chronos_bolt_max,0.015379359014332294,0.3333333333333333,1,0,30,,0,0.0,413132.0965961955,2184146616542.2432,1477885.8604581894,0,30,30,30,324.99864696926545,162262.82776777362,402.8186040487376,0,30,30,30,388.57150953768104,262144.2785718034,512.0002720427045,0,30,30,30,0.07755050066491642,0.0024577856628057314,0.04957605937149232,0,30,30,30,0.0775196443728151,0.0027718851530081747,0.05264869564393951,0,30,30,30,1.0180667615983046,0.502203603526343,0.7086632511470755,0,30,30,30,0.07749266651276579,0.002658033457558622,0.05155611949670594,0,30,30,30,0.07749266651276579,0.002658033457558622,0.05155611949670594,0,30,30,30,1.68559441428069,0.8877843622848538,0.6039808586057483,0.4204233504472606,0.1767557936013001,0.5656819660957334
US_Labor/M,short,chronos_t5_512,,,,,,,1.533670388162136,,,0,70,,0,0.0,837244.5234740647,8833733874469.18,2972159.799618651,0,70,70,70,399.67865707590465,536123.6408809857,732.20464412689,0,70,70,70,449.4043697115711,635280.2359582104,797.0446888087332,0,70,70,70,0.06593640176823817,0.014981799937493115,0.1224001631432455,0,70,70,70,0.0611470496428945,0.0086480560208491,0.09299492470478751,0,70,70,70,0.9411503611520932,1.3560995913777927,1.164516891838754,0,70,70,70,0.06495848733072904,0.013581894041419493,0.11654138338555749,0,70,70,70,0.06495848733072904,0.013581894041419493,0.11654138338555749,0,70,70,70,1.7726043654315742,2.936809552255237,0.5309421433828818,0.65695251266925,0.43158660390244113,0.46175945945708863
US_Labor/M,short,chronos_bolt_512,,,,,,,0.04872730653733015,,,0,70,,0,0.0,761910.2891620336,4918037134153.502,2217664.793009417,0,70,70,70,392.4605100407487,489233.78240784525,699.4524875985825,0,70,70,70,438.02439851338886,570044.9154690173,755.013188937132,0,70,70,70,0.07247639714276792,0.012996942308628773,0.1140041328576678,0,70,70,70,0.06868342742540598,0.0103810485378668,0.10188743071579928,0,70,70,70,0.9463635926579014,0.9329902464258639,0.9659142024144091,0,70,70,70,0.07125312678879617,0.012210014446659905,0.11049893414264186,0,70,70,70,0.07125312678879617,0.012210014446659905,0.11049893414264186,0,70,70,70,1.7726043654315742,2.936809552255237,0.5338831445490044,0.5449124583303386,0.29692958724361307,0.3176883723050415
US_Labor/M,short,chronos_bolt_max,,,,,,,0.048685649409890175,,,0,70,,0,0.0,761910.2891620336,4918037134153.502,2217664.793009417,0,70,70,70,392.4605100407487,489233.78240784525,699.4524875985825,0,70,70,70,438.02439851338886,570044.9154690173,755.013188937132,0,70,70,70,0.07247639714276792,0.012996942308628773,0.1140041328576678,0,70,70,70,0.06868342742540598,0.0103810485378668,0.10188743071579928,0,70,70,70,0.9463635926579014,0.9329902464258639,0.9659142024144091,0,70,70,70,0.07125312678879617,0.012210014446659905,0.11049893414264186,0,70,70,70,0.07125312678879617,0.012210014446659905,0.11049893414264186,0,70,70,70,1.7726043654315742,2.936809552255237,0.5338831445490044,0.5449124583303386,0.29692958724361307,0.3176883723050415
US_Labor/M,short,chronos2_max,,,,,,,0.0426049642264843,,,0,70,,0,0.0,473194.79251714476,1072427480573.667,1035580.7455595469,0,70,70,70,338.29492250311944,263311.6758880631,513.1390414771255,0,70,70,70,383.6732935008628,325989.59637134545,570.9549862916914,0,70,70,70,0.06213533360745738,0.010345579471121203,0.10171322171242637,0,70,70,70,0.059538295005400525,0.007252389078897459,0.0851609598284182,0,70,70,70,0.8665250903494667,1.012928233739117,1.0064433584355936,0,70,70,70,0.062215060146647426,0.010129528959960674,0.1006455610544284,0,70,70,70,0.062215060146647426,0.010129528959960674,0.1006455610544284,0,70,70,70,1.7726043654315742,2.936809552255237,0.4888429179392744,0.5677766443898811,0.3223703179146335,0.34490770195202763
US_Labor/M,short,tsrag,all,False,False,t5,12,chronos_bolt_max,0.0004489179700613022,,,70,70,,0.166271660476923,1.0,761910.2891620336,4918037134153.502,2217664.793009417,0,70,70,70,392.4605100407487,489233.78240784525,699.4524875985825,0,70,70,70,438.02439851338886,570044.9154690173,755.013188937132,0,70,70,70,0.07247639714276792,0.012996942308628773,0.1140041328576678,0,70,70,70,0.06868342742540598,0.0103810485378668,0.10188743071579928,0,70,70,70,0.9463635926579014,0.9329902464258639,0.9659142024144091,0,70,70,70,0.07125312678879617,0.012210014446659905,0.11049893414264186,0,70,70,70,0.07125312678879617,0.012210014446659905,0.11049893414264186,0,70,70,70,1.7726043654315742,2.936809552255237,0.5338831445490044,0.5449124583303386,0.29692958724361307,0.3176883723050415
US_Labor/M,short,bayes_mixture,,,,,,chronos_bolt_max,0.04308776184916496,0.6666666666666666,1,0,70,,0,0.0,588150.9176407807,2531295900594.301,1591004.6827694445,0,70,70,70,355.7702840646109,362533.1008718523,602.10721708999,0,70,70,70,398.5771216182156,429287.1957633188,655.2001188669907,0,70,70,70,0.0669536972649411,0.011246830239167945,0.10605107372944389,0,70,70,70,0.0636075560360975,0.00853541470744683,0.0923873081513193,0,70,70,70,0.8864376294559038,0.9218513058162959,0.960130879524399,0,70,70,70,0.06629829234522124,0.010686902489415185,0.10337747573536116,0,70,70,70,0.06629829234522124,0.010686902489415185,0.10337747573536116,0,70,70,70,1.7726043654315742,2.936809552255237,0.5000764111511616,0.5416498448544873,0.2933845544308901,0.3138955010236831
Vehicle_Supply/M,short,chronos_t5_512,,,,,,,0.6318059237673879,,,0,30,,0,0.0,1784.9566121272048,44954338.937020235,6704.799694026678,0,30,30,30,19.32821135611998,839.3291108410896,28.97117724292697,0,30,30,30,22.869679892329422,1261.9343537495881,35.52371537085596,0,30,30,30,0.22824495718102256,0.03145136905179897,0.1773453383988397,0,30,30,30,0.20391072723584897,0.017900352700977864,0.13379219970154413,0,30,30,30,0.7643135813794056,0.3923336488415053,0.6263654275592685,0,30,30,30,0.2100085913678885,0.0221853875852109,0.14894760013243216,0,30,30,30,0.2100085913678885,0.0221853875852109,0.14894760013243216,0,30,30,30,1.1123545370322176,0.6181637851735725,0.6871132862177273,0.5630987304015705,0.3170801801798606,0.634675887283405
Vehicle_Supply/M,short,chronos_bolt_512,,,,,,,0.017181172035634518,,,0,30,,0,0.0,2397.0628049497664,62892811.73760572,7930.498832835531,0,30,30,30,22.197684844086563,1089.742239451004,33.011244136672644,0,30,30,30,26.82370896167515,1677.5514424891148,40.95792282927828,0,30,30,30,0.24361770564880972,0.028059885890226465,0.1675108530520529,0,30,30,30,0.24288932920411319,0.02951256477085924,0.17179221394131702,0,30,30,30,0.8110848101719922,0.3833260252804347,0.6191332855536316,0,30,30,30,0.22705990494382386,0.019781325517017233,0.1406461002552763,0,30,30,30,0.22705990494382386,0.019781325517017233,0.1406461002552763,0,30,30,30,1.1123545370322176,0.6181637851735725,0.7291603379763986,0.5565970784867661,0.3098003077800032,0.6201043064546423
Vehicle_Supply/M,short,chronos_bolt_max,,,,,,,0.01718616858124733,,,0,30,,0,0.0,2397.0628049497664,62892811.73760572,7930.498832835531,0,30,30,30,22.197684844086563,1089.742239451004,33.011244136672644,0,30,30,30,26.82370896167515,1677.5514424891148,40.95792282927828,0,30,30,30,0.24361770564880972,0.028059885890226465,0.1675108530520529,0,30,30,30,0.24288932920411319,0.02951256477085924,0.17179221394131702,0,30,30,30,0.8110848101719922,0.3833260252804347,0.6191332855536316,0,30,30,30,0.22705990494382386,0.019781325517017233,0.1406461002552763,0,30,30,30,0.22705990494382386,0.019781325517017233,0.1406461002552763,0,30,30,30,1.1123545370322176,0.6181637851735725,0.7291603379763986,0.5565970784867661,0.3098003077800032,0.6201043064546423
Vehicle_Supply/M,short,chronos2_max,,,,,,,0.014803900383412838,,,0,30,,0,0.0,2704.5845256896746,111251664.45069887,10547.590457099615,0,30,30,30,22.320214236858817,1316.8796003219866,36.2888357531898,0,30,30,30,26.449546098524493,2005.0060368717027,44.77729376449299,0,30,30,30,0.2518154982675453,0.047900815941989534,0.21886255034150895,0,30,30,30,0.2108841765257098,0.01770456708478383,0.13305851000512456,0,30,30,30,0.8042213643237469,0.37092591119758705,0.6090368717882252,0,30,30,30,0.23086322532073528,0.033668880594671144,0.1834908188293658,0,30,30,30,0.23086322532073528,0.033668880594671144,0.1834908188293658,0,30,30,30,1.1123545370322176,0.6181637851735725,0.7229901416767933,0.5475204635863191,0.2997786580457778,0.6000447132201958
Vehicle_Supply/M,short,tsrag,all,False,False,t5,12,chronos_bolt_max,0.00026083551347255707,,,30,30,,0.07834380306303501,1.0,2397.0628049497664,62892811.73760572,7930.498832835531,0,30,30,30,22.197684844086563,1089.742239451004,33.011244136672644,0,30,30,30,26.82370896167515,1677.5514424891148,40.95792282927828,0,30,30,30,0.24361770564880972,0.028059885890226465,0.1675108530520529,0,30,30,30,0.24288932920411319,0.02951256477085924,0.17179221394131702,0,30,30,30,0.8110848101719922,0.3833260252804347,0.6191332855536316,0,30,30,30,0.22705990494382386,0.019781325517017233,0.1406461002552763,0,30,30,30,0.22705990494382386,0.019781325517017233,0.1406461002552763,0,30,30,30,1.1123545370322176,0.6181637851735725,0.7291603379763986,0.5565970784867661,0.3098003077800032,0.6201043064546423
Vehicle_Supply/M,short,bayes_mixture,,,,,,chronos_bolt_max,0.015097937546670437,0.3333333333333333,1,0,30,,0,0.0,2418.3810329479134,90999710.16747327,9539.376822805212,0,30,30,30,21.135811246103707,1156.9374743585852,34.01378359369309,0,30,30,30,25.0812794394068,1789.3104546303027,42.30024177980905,0,30,30,30,0.23909357450000804,0.035637255933876254,0.18877832485186496,0,30,30,30,0.2099328204918618,0.015917809847456936,0.1261658030032581,0,30,30,30,0.7878374535276218,0.3627658558830025,0.6023004697682067,0,30,30,30,0.21955119341984156,0.023250530542171147,0.15248124652615858,0,30,30,30,0.21955119341984156,0.023250530542171147,0.15248124652615858,0,30,30,30,1.1123545370322176,0.6181637851735725,0.7082611049797006,0.5414644789197834,0.2931837819318726,0.5868442386691133
Auto_Production_SF/M,short,chronos_t5_512,,,,,,,0.15026939008384943,,,0,5,,0,0.0,20.44628213374623,230.50934401187928,15.182534176213116,0,5,5,5,3.4634436289469397,1.34558532574518,1.1599936748729194,0,5,5,5,4.288908504094985,2.0515459772479625,1.4323218832538873,0,5,5,5,0.03530390558779674,0.00015997951636459315,0.012648300927974206,0,5,5,5,0.03512871593336122,0.00015221160919427385,0.01233740690721814,0,5,5,5,0.8727815105277392,0.08550111953008681,0.29240574469405833,0,5,5,5,0.034702714446335145,0.00013254186858224122,0.011512682944572096,0,5,5,5,0.034702714446335145,0.00013254186858224122,0.011512682944572096,0,5,5,5,0.9634651517903213,0.1698127796753019,0.9058776115627298,0.30349384630124593,0.09210851474272426,0.5035022669882269
Auto_Production_SF/M,short,chronos_bolt_512,,,,,,,0.015422746539115906,,,0,5,,0,0.0,26.3340193914269,59.86982153243904,7.737559145650458,0,5,5,5,4.089332326253255,0.6891971996818188,0.8301790166475053,0,5,5,5,5.05987522713225,0.7316820772802614,0.8553841694117686,0,5,5,5,0.041711810677266384,7.042307768668582e-05,0.008391845904607986,0,5,5,5,0.04140710859092778,6.90176152871124e-05,0.008307684110936839,0,5,5,5,1.0324059356330573,0.048479902987186275,0.2201815228105807,0,5,5,5,0.04100070720144536,6.83013187546871e-05,0.008264461189617088,0,5,5,5,0.04100070720144536,6.83013187546871e-05,0.008264461189617088,0,5,5,5,0.9634651517903213,0.1698127796753019,1.0715550362300386,0.22853086320915397,0.052226355439121054,0.2854903092681507
Auto_Production_SF/M,short,chronos_bolt_max,,,,,,,0.01525577437132597,,,0,5,,0,0.0,26.3340193914269,59.86982153243904,7.737559145650458,0,5,5,5,4.089332326253255,0.6891971996818188,0.8301790166475053,0,5,5,5,5.05987522713225,0.7316820772802614,0.8553841694117686,0,5,5,5,0.041711810677266384,7.042307768668582e-05,0.008391845904607986,0,5,5,5,0.04140710859092778,6.90176152871124e-05,0.008307684110936839,0,5,5,5,1.0324059356330573,0.048479902987186275,0.2201815228105807,0,5,5,5,0.04100070720144536,6.83013187546871e-05,0.008264461189617088,0,5,5,5,0.04100070720144536,6.83013187546871e-05,0.008264461189617088,0,5,5,5,0.9634651517903213,0.1698127796753019,1.0715550362300386,0.22853086320915397,0.052226355439121054,0.2854903092681507
Auto_Production_SF/M,short,chronos2_max,,,,,,,0.013986107893288136,,,0,5,,0,0.0,9.272225385080674,16.868751816615816,4.107158606216202,0,5,5,5,2.396277491251628,0.3061778047827991,0.5533333577354606,0,5,5,5,2.946289946860886,0.5916009341071521,0.769155988150097,0,5,5,5,0.02482838343331912,3.243561486231025e-05,0.005695227375821816,0,5,5,5,0.024547792209794826,3.0900975854931095e-05,0.00555886461923036,0,5,5,5,0.6043605475858413,0.01984350766160768,0.14086698570498227,0,5,5,5,0.024046073578777038,3.167300746312887e-05,0.005627877705061551,0,5,5,5,0.024046073578777038,3.167300746312887e-05,0.005627877705061551,0,5,5,5,0.9634651517903213,0.1698127796753019,0.6272780561526403,0.1462086983044708,0.02137698345988777,0.11685520783271051
Auto_Production_SF/M,short,tsrag,all,False,False,t5,12,chronos_bolt_max,0.00017052330076694489,,,5,5,,0.06168312765657902,1.0,26.3340193914269,59.86982153243904,7.737559145650458,0,5,5,5,4.089332326253255,0.6891971996818188,0.8301790166475053,0,5,5,5,5.05987522713225,0.7316820772802614,0.8553841694117686,0,5,5,5,0.041711810677266384,7.042307768668582e-05,0.008391845904607986,0,5,5,5,0.04140710859092778,6.90176152871124e-05,0.008307684110936839,0,5,5,5,1.0324059356330573,0.048479902987186275,0.2201815228105807,0,5,5,5,0.04100070720144536,6.83013187546871e-05,0.008264461189617088,0,5,5,5,0.04100070720144536,6.83013187546871e-05,0.008264461189617088,0,5,5,5,0.9634651517903213,0.1698127796753019,1.0715550362300386,0.22853086320915397,0.052226355439121054,0.2854903092681507
Auto_Production_SF/M,short,bayes_mixture,,,,,,chronos_bolt_max,0.01418894249945879,0.3333333333333333,1,0,5,,0,0.0,10.998033063702556,18.033563437871862,4.246594334036613,0,5,5,5,2.622970962524414,0.2548692709886947,0.5048457893146131,0,5,5,5,3.240878605800775,0.49473892616538134,0.7033768024077716,0,5,5,5,0.02708253762696512,2.749054548406719e-05,0.0052431427106333075,0,5,5,5,0.026792430381698384,2.6200577027480976e-05,0.005118649922340946,0,5,5,5,0.6616261421365782,0.016979208698773098,0.13030429271045946,0,5,5,5,0.026310210783213227,2.609205697618579e-05,0.005108038466592219,0,5,5,5,0.026310210783213227,2.609205697618579e-05,0.005108038466592219,0,5,5,5,0.9634651517903213,0.1698127796753019,0.6867151768874437,0.13524546525458303,0.018291335871928622,0.09998781441089977
Commodity_Production/M,short,chronos_t5_512,,,,,,,4.136025473475456,,,0,160,,0,0.0,55677.71544091586,78099325922.84178,279462.5662281834,0,160,160,160,69.13420822383196,37370.57328731957,193.31470013250302,0,160,160,160,81.05666897833102,49107.53185505312,221.60219280289877,0,160,160,160,0.20899907009239183,0.20511181489526406,0.452892718969144,0,160,160,160,0.17009094072784875,0.02324992443797044,0.15247925904191179,0,160,160,160,0.9563565710625491,0.3571529335901007,0.5976227351683507,0,160,160,160,0.1623395954832021,0.020480030260692266,0.14310845628645522,0,160,160,160,0.1623395954832021,0.020480030260692266,0.14310845628645522,0,160,160,160,1.220088634016739,0.5329512558073002,0.783841881973821,0.4898191151907343,0.23992276560623388,0.670141836984876
Commodity_Production/M,short,chronos_bolt_512,,,,,,,0.09047969337552786,,,0,160,,0,0.0,61084.9139561885,146132727503.30768,382273.10591160826,0,160,160,160,67.63053076372695,44517.739901320776,210.99227450625006,0,160,160,160,78.33741942871704,54948.16267343778,234.41024438671144,0,160,160,160,0.21407736131570415,0.2686138525400208,0.5182797049277743,0,160,160,160,0.1662089009898305,0.02336329120399417,0.15285055186028662,0,160,160,160,0.939033605534609,0.3232292703867674,0.5685325587745766,0,160,160,160,0.15974607879658928,0.020204975891123002,0.14214420808152192,0,160,160,160,0.15974607879658928,0.020204975891123002,0.14214420808152192,0,160,160,160,1.220088634016739,0.5329512558073002,0.7696437614070307,0.46597644050077813,0.21713404310177523,0.6064893681452133
Commodity_Production/M,short,chronos_bolt_max,,,,,,,0.09037982858717442,,,0,160,,0,0.0,61141.706563867,146126315944.2519,382264.7197221474,0,160,160,160,67.71337943834467,44546.59551605892,211.06064416669187,0,160,160,160,78.44782707768823,54987.64499065614,234.49444554329244,0,160,160,160,0.21401086179179937,0.2686283477683703,0.5182936887213371,0,160,160,160,0.1661381206652446,0.023370199021892784,0.1528731468306085,0,160,160,160,0.9385643443199687,0.32351660938914684,0.5687852049668195,0,160,160,160,0.15968064966342496,0.0202110207783264,0.142165469711623,0,160,160,160,0.15968064966342496,0.0202110207783264,0.142165469711623,0,160,160,160,1.220088634016739,0.5329512558073002,0.7692591490095728,0.4661835124996469,0.2173270673265084,0.6070285150169927
Commodity_Production/M,short,chronos2_max,,,,,,,0.07428913936018944,,,0,160,,0,0.0,58078.380522133724,115257596122.1916,339496.09146821056,0,160,160,160,65.79794937653836,41298.132093903034,203.2194185945404,0,160,160,160,76.80300542575466,52179.678879705214,228.42871728332497,0,160,160,160,0.20594102824510357,0.22571455589782055,0.47509426001354776,0,160,160,160,0.16379190970164498,0.026411618623097925,0.16251651800078024,0,160,160,160,0.9052349143352917,0.3567884393472308,0.5973177038622167,0,160,160,160,0.15718942849627082,0.024891905521259045,0.15777168795845167,0,160,160,160,0.15718942849627082,0.024891905521259045,0.15777168795845167,0,160,160,160,1.220088634016739,0.5329512558073002,0.7419419287229196,0.48956910769322176,0.23967791120753737,0.6694579203247721
Commodity_Production/M,short,tsrag,all,False,False,t5,12,chronos_bolt_max,0.17310659028589725,,,149,160,,0.48959063924849033,0.93125,61913.80251608764,146157289610.602,382305.230948521,0,160,160,160,68.95183745883308,45030.88496674551,212.20481843432657,0,160,160,160,79.71542966805349,55559.252788925274,235.71010328139369,0,160,160,160,0.21527707362359155,0.26846742211531516,0.5181384198409872,0,160,160,160,0.16683558170888052,0.023321937514860384,0.15271521703766258,0,160,160,160,0.9407029030871714,0.32122123209772246,0.5667638239140907,0,160,160,160,0.16055771279875292,0.02017147402894568,0.1420263145651033,0,160,160,160,0.16055771279875292,0.02017147402894568,0.1420263145651033,0,160,160,160,1.220088634016739,0.5329512558073002,0.771011938690239,0.46452676314851654,0.21578511368123798,0.6027215971395831
Commodity_Production/M,short,bayes_mixture,,,,,,chronos_bolt_max,0.24743559025228024,0.3235294117647059,32,0,160,,0,0.0,58137.34974275013,122828945745.14328,350469.6074485536,0,160,160,160,65.66943228477903,41761.83496618669,204.35712604699324,0,160,160,160,76.52027631427721,52281.99705553679,228.65256844290377,0,160,160,160,0.20503600767852279,0.2374419927896171,0.48728019946393997,0,160,160,160,0.16103269680962656,0.024890360277463084,0.15776679079408024,0,160,160,160,0.8994733560767447,0.34109191936073624,0.5840307520676769,0,160,160,160,0.1542484300332033,0.022377340620208328,0.14959057664240863,0,160,160,160,0.1542484300332033,0.022377340620208328,0.14959057664240863,0,160,160,160,1.220088634016739,0.5329512558073002,0.7372196830614886,0.4786789547780217,0.22913354174737935,0.6400058460206823
Commodity_Import/M,short,chronos_t5_512,,,,,,,1.1860899273306131,,,0,40,,0,0.0,1812018.7834287938,39878377248994.3,6314932.877631741,0,40,40,40,525.4419095546007,1036149.0091697924,1017.9140480265474,0,40,40,40,634.1934946820154,1409817.3947318061,1187.3573155254512,0,40,40,40,0.2789119804445311,0.12486183619192759,0.3533579434396906,0,40,40,40,0.22224858899401073,0.03022801330303531,0.17386205251013032,0,40,40,40,1.529785052783725,3.5647357388300485,1.8880507776090263,0,40,40,40,0.2296364693508819,0.04710067753509801,0.21702690509496284,0,40,40,40,0.2296364693508819,0.04710067753509801,0.21702690509496284,0,40,40,40,1.8336477254740147,4.658598925947419,0.8342851418683823,1.0296693041848852,1.0602188759805857,0.7651948140405945
Commodity_Import/M,short,chronos_bolt_512,,,,,,,0.03428769297897816,,,0,40,,0,0.0,1762407.6126929142,39500299041020.484,6284926.335369452,0,40,40,40,528.9152093519767,1010224.7033189256,1005.0993499743822,0,40,40,40,630.1233750499262,1365352.1449086044,1168.4828389448448,0,40,40,40,0.35109206569407486,0.29940234744120015,0.5471767058649337,0,40,40,40,0.24195050300302542,0.04300814351813472,0.20738404836952798,0,40,40,40,1.5000633777159194,2.540125982466248,1.593777268775737,0,40,40,40,0.27468111955992053,0.1119161596680254,0.33453872670891993,0,40,40,40,0.27468111955992053,0.1119161596680254,0.33453872670891993,0,40,40,40,1.8336477254740147,4.658598925947419,0.8180760987381801,0.8691840022672463,0.7554808297973085,0.5452553488385272
Commodity_Import/M,short,chronos_bolt_max,,,,,,,0.039853076450526714,,,0,40,,0,0.0,1702244.8149518755,34578470215569.383,5880346.096580488,0,40,40,40,527.9194751729568,956940.3596978681,978.2332849059411,0,40,40,40,630.6832558160352,1304483.445785161,1142.1398538642984,0,40,40,40,0.3500868829830016,0.29969661282115295,0.5474455341138084,0,40,40,40,0.23936795517412607,0.042574032718277324,0.2063347588708149,0,40,40,40,1.5321493241893407,2.9317838543401478,1.7122452669930637,0,40,40,40,0.2730571567320216,0.11194548243330135,0.3345825495050532,0,40,40,40,0.2730571567320216,0.11194548243330135,0.3345825495050532,0,40,40,40,1.8336477254740147,4.658598925947419,0.8355745233415901,0.9337918310074704,0.8719671836562842,0.6293273795283656
Commodity_Import/M,short,chronos2_max,,,,,,,0.034968435764312744,,,0,40,,0,0.0,1553827.1239439086,27580380466263.387,5251702.625459993,0,40,40,40,502.59708042144774,861428.623897062,928.1317923102634,0,40,40,40,607.3307926694723,1184976.4322193789,1088.5662277598817,0,40,40,40,0.3745001842443184,0.4591272158612837,0.677589267817373,0,40,40,40,0.23649936716854086,0.05316036671401383,0.2305653198423688,0,40,40,40,1.4590158266297066,2.565211636265142,1.6016278082829176,0,40,40,40,0.29540495210218615,0.23073590432687946,0.4803497729018714,0,40,40,40,0.29540495210218615,0.23073590432687946,0.4803497729018714,0,40,40,40,1.8336477254740147,4.658598925947419,0.7956903642724165,0.8734653805266125,0.7629417709784998,0.550640155343155
Commodity_Import/M,short,tsrag,all,False,False,t5,12,chronos_bolt_max,0.4039419796317816,,,17,40,,2.9464817475527525,0.425,1781484.1940805372,40789824758697.5,6386691.221493137,0,40,40,40,534.3738754888376,1024776.8850481486,1012.312641948202,0,40,40,40,634.6246317544189,1378735.770851105,1174.195797493376,0,40,40,40,0.34904724348887256,0.2999134076776995,0.5476435041865277,0,40,40,40,0.23957331662449471,0.0429512198967862,0.20724676088370164,0,40,40,40,1.563533763226878,3.4880089818879214,1.867621209423346,0,40,40,40,0.2729486341937042,0.11205785012540688,0.33475042961198254,0,40,40,40,0.2729486341937042,0.11205785012540688,0.33475042961198254,0,40,40,40,1.8336477254740147,4.658598925947419,0.8526903731318894,1.018527813972855,1.0373989078363228,0.7487248928986874
Commodity_Import/M,short,bayes_mixture,,,,,,chronos_bolt_max,0.4389436151832342,0.2,8,0,40,,0,0.0,1585879.7474356238,29858156413676.457,5464261.744616235,0,40,40,40,504.42456836402414,888379.3985887213,942.5388048185185,0,40,40,40,608.3773800421981,1215756.7108886146,1102.6135818538671,0,40,40,40,0.36667866788541603,0.4204375384326459,0.6484115501999066,0,40,40,40,0.23453403483516921,0.05115867326219067,0.22618283149299964,0,40,40,40,1.4671758739547718,2.7131709471374763,1.6471705883537007,0,40,40,40,0.28841144504479743,0.20235691646397194,0.4498409901998393,0,40,40,40,0.28841144504479743,0.20235691646397194,0.4498409901998393,0,40,40,40,1.8336477254740147,4.658598925947419,0.8001405360320742,0.8983026376715255,0.80694762884762,0.5824006295166736
WUI_Global/Q,short,chronos_t5_512,,,,,,,0.8154732408002019,,,0,75,,0,0.0,0.0710420128056925,0.011783903003470538,0.10855368719426595,0,75,75,75,0.18720890887841857,0.018146516592634873,0.13470900709542355,0,75,75,75,0.2191974847561859,0.022994475482254167,0.15163929399154485,0,75,75,75,0.7188115917893041,0.1589957545321302,0.3987427172151614,0,75,75,75,1.0858800017546812,0.3597016152652325,0.5997512945090093,0,75,75,75,1.2521451682141926,0.8036705812700495,0.8964767600278601,0,75,75,75,0.7467447273680093,0.18523417939654493,0.43038840527661165,0,75,75,75,0.7467447273680093,0.18523417939654493,0.43038840527661165,0,75,75,75,1.2752554228759418,0.6093761678421035,0.9818779404916145,0.7029781986781407,0.4941783478167634,1.3188415032966796
WUI_Global/Q,short,chronos_bolt_512,,,,,,,0.048847516998648643,,,0,75,,0,0.0,0.04857574085307379,0.005807718641558635,0.0762083895746304,0,75,75,75,0.14910565792272487,0.012254724159109796,0.11070105762416996,0,75,75,75,0.17693357309792682,0.017270251563874385,0.1314163291371144,0,75,75,75,0.5773365954903616,0.15595338280558438,0.39490933491826247,0,75,75,75,0.6599633743975549,0.13856112510949598,0.37223799525236,0,75,75,75,0.9984850204930568,0.5541302309513478,0.7443992416380795,0,75,75,75,0.6986482218096487,1.1517152122276075,1.0731799533291737,0,75,75,75,0.6986482218096487,1.1517152122276075,1.0731799533291737,0,75,75,75,1.2752554228759418,0.6093761678421035,0.7829686528533119,0.5837256037377349,0.340735580458983,0.9093401747456088
WUI_Global/Q,short,chronos_bolt_max,,,,,,,0.048508827574551105,,,0,75,,0,0.0,0.04857574085307379,0.005807718641558635,0.0762083895746304,0,75,75,75,0.14910565792272487,0.012254724159109796,0.11070105762416996,0,75,75,75,0.17693357309792682,0.017270251563874385,0.1314163291371144,0,75,75,75,0.5773365954903616,0.15595338280558438,0.39490933491826247,0,75,75,75,0.6599633743975549,0.13856112510949598,0.37223799525236,0,75,75,75,0.9984850204930568,0.5541302309513478,0.7443992416380795,0,75,75,75,0.6986482218096487,1.1517152122276075,1.0731799533291737,0,75,75,75,0.6986482218096487,1.1517152122276075,1.0731799533291737,0,75,75,75,1.2752554228759418,0.6093761678421035,0.7829686528533119,0.5837256037377349,0.340735580458983,0.9093401747456088
WUI_Global/Q,short,chronos2_max,,,,,,,0.0426397854462266,,,0,75,,0,0.0,0.04861412875083449,0.00635874165934227,0.07974171843735417,0,75,75,75,0.14795271040250857,0.012577329903375881,0.11214869550456609,0,75,75,75,0.17487974476735227,0.01803120362094022,0.13428031732513973,0,75,75,75,0.5793450432493951,0.17869542984721035,0.42272382219034016,0,75,75,75,0.643698896200641,0.13865313097386803,0.37236155947394467,0,75,75,75,0.9822384176089277,0.5065998744074424,0.7117582977440041,0,75,75,75,0.6727197417594889,0.7636983783726831,0.8738983798890366,0,75,75,75,0.6727197417594889,0.7636983783726831,0.8738983798890366,0,75,75,75,1.2752554228759418,0.6093761678421035,0.7702287714203909,0.558129991040426,0.311509086898786,0.831341790410662
WUI_Global/Q,short,tsrag,all,False,False,t5,4,chronos_bolt_max,0.00047084689140319824,,,75,75,,0.2858284041285515,1.0,0.04857574085307379,0.005807718641558635,0.0762083895746304,0,75,75,75,0.14910565792272487,0.012254724159109796,0.11070105762416996,0,75,75,75,0.17693357309792682,0.017270251563874385,0.1314163291371144,0,75,75,75,0.5773365954903616,0.15595338280558438,0.39490933491826247,0,75,75,75,0.6599633743975549,0.13856112510949598,0.37223799525236,0,75,75,75,0.9984850204930568,0.5541302309513478,0.7443992416380795,0,75,75,75,0.6986482218096487,1.1517152122276075,1.0731799533291737,0,75,75,75,0.6986482218096487,1.1517152122276075,1.0731799533291737,0,75,75,75,1.2752554228759418,0.6093761678421035,0.7829686528533119,0.5837256037377349,0.340735580458983,0.9093401747456088
WUI_Global/Q,short,bayes_mixture,,,,,,chronos_bolt_max,0.04314384330064058,0.2857142857142857,5,0,75,,0,0.0,0.04817600666157702,0.006110477497797642,0.07816954328763628,0,75,75,75,0.1473559113467733,0.012350075193367126,0.11113089216490223,0,75,75,75,0.1745650391876679,0.017703053754984984,0.13305282317555303,0,75,75,75,0.5755216882561017,0.1699492778567721,0.41224904833943776,0,75,75,75,0.6439357488781701,0.13676762016848434,0.36982106506861445,0,75,75,75,0.9814810002573392,0.5125536669125712,0.7159285347802329,0,75,75,75,0.6776927044865092,0.8646256912460875,0.9298525104800693,0,75,75,75,0.6776927044865092,0.8646256912460875,0.9298525104800693,0,75,75,75,1.2752554228759418,0.6093761678421035,0.7696348375793722,0.5614001100780883,0.31517008359568977,0.8411120978485327
Global_Price/Q,short,chronos_t5_512,,,,,,,1.7295832885429263,,,0,300,,0,0.0,1435175.9747414025,87001350940602.31,9327451.470825367,0,300,300,300,279.7823043914636,976059.9630070224,987.9574702420254,0,300,300,300,323.76839177970743,1330350.0032257843,1153.4079951282565,0,300,300,300,0.17709521329001982,0.02182646007082178,0.14773780853532986,0,300,300,300,0.1894293334302903,0.02879745146502802,0.1696981186254816,0,300,300,300,1.524856009863256,2.388480868330114,1.5454710829808864,0,300,300,300,0.17900858141030995,0.021518319388508345,0.14669123828132458,0,300,300,300,0.17900858141030995,0.021518319388508345,0.14669123828132458,0,300,300,300,1.8604859355497676,3.4498076767502495,0.8196009336736351,0.830681411479848,0.6900316073781525,0.6923518909263037
Global_Price/Q,short,chronos_bolt_512,,,,,,,0.16301272436976433,,,0,300,,0,0.0,1713971.9928864609,115594668845145.14,10751496.121244946,0,300,300,300,304.08169238666693,1293386.7423768728,1137.2716220748994,0,300,300,300,341.7312569615942,1597191.7409019098,1263.800514678606,0,300,300,300,0.1792991114968234,0.02585085136236727,0.1607819994973544,0,300,300,300,0.19047991232431125,0.03187126634112115,0.17852525407101694,0,300,300,300,1.568476814976055,3.5967816926180363,1.8965183080102435,0,300,300,300,0.17991196594822922,0.024014060242689445,0.15496470644211038,0,300,300,300,0.17991196594822922,0.024014060242689445,0.15496470644211038,0,300,300,300,1.8604859355497676,3.4498076767502495,0.8430468540535219,1.0193671834717892,1.0391094547392083,1.042603538990973
Global_Price/Q,short,chronos_bolt_max,,,,,,,0.1622524531558156,,,0,300,,0,0.0,1713971.9928864609,115594668845145.14,10751496.121244946,0,300,300,300,304.08169238666693,1293386.7423768728,1137.2716220748994,0,300,300,300,341.7312569615942,1597191.7409019098,1263.800514678606,0,300,300,300,0.1792991114968234,0.02585085136236727,0.1607819994973544,0,300,300,300,0.19047991232431125,0.03187126634112115,0.17852525407101694,0,300,300,300,1.568476814976055,3.5967816926180363,1.8965183080102435,0,300,300,300,0.17991196594822922,0.024014060242689445,0.15496470644211038,0,300,300,300,0.17991196594822922,0.024014060242689445,0.15496470644211038,0,300,300,300,1.8604859355497676,3.4498076767502495,0.8430468540535219,1.0193671834717892,1.0391094547392083,1.042603538990973
Global_Price/Q,short,chronos2_max,,,,,,,0.1427697641775012,,,0,300,,0,0.0,1781287.4871124974,124741029815789.7,11168752.384030621,0,300,300,300,313.4901023295522,1299867.5551547017,1140.1173427128901,0,300,300,300,353.65696494252023,1656214.2382601427,1286.93987359944,0,300,300,300,0.17981980541839293,0.024917056589542668,0.1578513750004816,0,300,300,300,0.19245751531827268,0.03308711145964068,0.1818986296255161,0,300,300,300,1.5800589854703866,3.226501806274669,1.7962465883821934,0,300,300,300,0.18101462084462389,0.023975414008177605,0.15483996256838092,0,300,300,300,0.18101462084462389,0.023975414008177605,0.15483996256838092,0,300,300,300,1.8604859355497676,3.4498076767502495,0.8492722010303637,0.9654717372810498,0.9321356754884885,0.9352700523044993
Global_Price/Q,short,tsrag,all,False,False,t5,4,chronos_bolt_max,0.001602616161108017,,,300,300,,0.7875349670648575,1.0,1713971.9928864609,115594668845145.14,10751496.121244946,0,300,300,300,304.08169238666693,1293386.7423768728,1137.2716220748994,0,300,300,300,341.7312569615942,1597191.7409019098,1263.800514678606,0,300,300,300,0.1792991114968234,0.02585085136236727,0.1607819994973544,0,300,300,300,0.19047991232431125,0.03187126634112115,0.17852525407101694,0,300,300,300,1.568476814976055,3.5967816926180363,1.8965183080102435,0,300,300,300,0.17991196594822922,0.024014060242689445,0.15496470644211038,0,300,300,300,0.17991196594822922,0.024014060242689445,0.15496470644211038,0,300,300,300,1.8604859355497676,3.4498076767502495,0.8430468540535219,1.0193671834717892,1.0391094547392083,1.042603538990973
Global_Price/Q,short,bayes_mixture,,,,,,chronos_bolt_max,0.1444110618904233,0.25,2,0,300,,0,0.0,1748579.6027839878,119166687312840.88,10916349.541529022,0,300,300,300,309.9852144308885,1287922.799478622,1134.866864208583,0,300,300,300,349.38566194905366,1626509.262008409,1275.346722271402,0,300,300,300,0.17869856825874114,0.024746361449981265,0.1573097627294036,0,300,300,300,0.1909868135109408,0.03257346706138047,0.18048120971829856,0,300,300,300,1.569725366615429,3.2756856026550856,1.8098855219751016,0,300,300,300,0.17973030891186043,0.023737193814153314,0.15406879571851437,0,300,300,300,0.17973030891186043,0.023737193814153314,0.15406879571851437,0,300,300,300,1.8604859355497676,3.4498076767502495,0.8437179430499593,0.9728025820524605,0.9463448636479341,0.9495270199354451
Vehicle_Sales/M,short,chronos_t5_512,,,,,,,1.4417066918686032,,,0,50,,0,0.0,2109.0376370562635,76369945.52696168,8738.989960342195,0,50,50,50,11.207287049442533,1425.9287375917247,37.76147160257032,0,50,50,50,13.303102117537176,1932.0651111066409,43.95526260991556,0,50,50,50,0.0781007716110296,0.0021514826610118123,0.046384077666930194,0,50,50,50,0.07931376174806683,0.002095847084665921,0.04578042250423123,0,50,50,50,0.7705054194437849,0.31438889974255235,0.5607039323409034,0,50,50,50,0.07872352365938513,0.002120769696042416,0.04605181533927209,0,50,50,50,0.07872352365938513,0.002120769696042416,0.04605181533927209,0,50,50,50,1.3003774304433904,0.8704781233070326,0.5925244482142891,0.4311855306114625,0.18592096180868842,0.36116806537096857
Vehicle_Sales/M,short,chronos_bolt_512,,,,,,,0.03357726149260998,,,0,50,,0,0.0,1787.2756657276948,50127889.03949321,7080.105157375363,0,50,50,50,10.9048487029473,1192.8631899106374,34.5378515531965,0,50,50,50,12.761156336559495,1624.4285546815822,40.30420021141199,0,50,50,50,0.08170818901583093,0.002999937395422556,0.054771684248547226,0,50,50,50,0.081493458201563,0.0027622491582078696,0.052557103784434976,0,50,50,50,0.7712553719071313,0.28741903368480914,0.5361147579434922,0,50,50,50,0.0817400041846738,0.002915159332025816,0.05399221547617597,0,50,50,50,0.0817400041846738,0.002915159332025816,0.05399221547617597,0,50,50,50,1.3003774304433904,0.8704781233070326,0.5931011672850673,0.412276271021324,0.1699717236472482,0.3301852464630309
Vehicle_Sales/M,short,chronos_bolt_max,,,,,,,0.03566357400268316,,,0,50,,0,0.0,1736.5519566021906,47431053.29077176,6887.020639635964,0,50,50,50,10.760528331597648,1140.4591604844777,33.7706849276777,0,50,50,50,12.664150801527903,1576.1712410783505,39.70102317419981,0,50,50,50,0.08231239726553272,0.002943979392852315,0.054258449967284496,0,50,50,50,0.08211117621661748,0.002669823933134463,0.05167033900734988,0,50,50,50,0.7724283399332624,0.2935391660574504,0.5417925489128199,0,50,50,50,0.0823783086199688,0.0028475386627476985,0.05336233374532732,0,50,50,50,0.0823783086199688,0.0028475386627476985,0.05336233374532732,0,50,50,50,1.3003774304433904,0.8704781233070326,0.5940031884972712,0.41664253487395936,0.17359100186619844,0.33721601749423186
Vehicle_Sales/M,short,chronos2_max,,,,,,,0.03018183633685112,,,0,50,,0,0.0,2666.5871549220083,108776084.26944846,10429.577377317282,0,50,50,50,13.731452990124623,1998.0704685262456,44.699781526605314,0,50,50,50,15.302665613318757,2432.415580048959,49.319525342900036,0,50,50,50,0.08987583231132547,0.004139593147175774,0.064339670089112,0,50,50,50,0.08854775932428519,0.0032524491799789173,0.05703024793895707,0,50,50,50,0.823606549639237,0.3387986393464666,0.5820641196178189,0,50,50,50,0.09000355489487522,0.00398403885467867,0.06311924314088906,0,50,50,50,0.09000355489487522,0.00398403885467867,0.06311924314088906,0,50,50,50,1.3003774304433904,0.8704781233070326,0.633359615722038,0.4476116748806938,0.20035621148949995,0.38920982650240193
Vehicle_Sales/M,short,tsrag,all,False,False,t5,12,chronos_bolt_max,0.1572540681809187,,,40,50,,0.27526719868183136,0.8,1734.467825306764,47397974.9566345,6884.618722676986,0,50,50,50,10.803754999289911,1145.3221848984756,33.84260901435461,0,50,50,50,12.660906782677971,1574.1692647471032,39.67580200508999,0,50,50,50,0.08237163609601646,0.002923013661400334,0.054064902306397766,0,50,50,50,0.08249945299321677,0.0026452415826142485,0.05143191210342319,0,50,50,50,0.7820492131777145,0.29981863630511574,0.547556970830539,0,50,50,50,0.08266765839848106,0.00282489387866099,0.05314973074871584,0,50,50,50,0.08266765839848106,0.00282489387866099,0.05314973074871584,0,50,50,50,1.3003774304433904,0.8704781233070326,0.601401712202171,0.4210754185758501,0.17730450812882736,0.344429834911962
Vehicle_Sales/M,short,bayes_mixture,,,,,,chronos_bolt_max,0.18747047521173954,0.3333333333333333,1,0,50,,0,0.0,2205.625974127126,72490370.72580296,8514.12771373574,0,50,50,50,12.579990414331359,1588.9554248297363,39.86170373716779,0,50,50,50,14.198385234606258,2004.0318308568408,44.76641409423856,0,50,50,50,0.08529407855781918,0.00340462774880445,0.05834918807322386,0,50,50,50,0.08450437540747556,0.0027291210627762054,0.05224099025455208,0,50,50,50,0.7976117335147472,0.31606491079291366,0.5621965054968892,0,50,50,50,0.08547170088306587,0.00326146174507695,0.05710920893408479,0,50,50,50,0.08547170088306587,0.00326146174507695,0.05710920893408479,0,50,50,50,1.3003774304433904,0.8704781233070326,0.6133694070980493,0.43233333056633927,0.18691210871858355,0.36309345672255583
Online_Retail_2_UCI/D,short,chronos_t5_512,,,,,,,0.40508124232292175,,,0,6,,0,0.0,471175542.9886031,2.5346858766662144e+17,503456639.31129307,0,6,6,6,12456.731877788503,36828335.80184895,6068.635415136499,0,6,6,6,19055.709536892133,108055477.03420143,10394.973642785317,0,6,6,6,0.3198387606573518,0.0022694154140677773,0.04763838173225217,0,6,6,6,0.6036465680083393,0.0060120054978477664,0.07753712335293184,0,6,6,6,0.7520695886569965,0.12849306335133273,0.35845929106571184,0,6,6,6,0.3447386900584088,0.005430080063435167,0.07368907696148166,0,6,6,6,0.3447386900584088,0.005430080063435167,0.07368907696148166,0,6,6,6,1.6232577008686375,0.7074258093720319,0.4633088068854065,0.22082710026503685,0.04876460821146465,0.1816346840178103
Online_Retail_2_UCI/D,short,chronos_bolt_512,,,,,,,0.01498430036008358,,,0,6,,0,0.0,308937070.07900053,9.407271631276525e+16,306712758.6403364,0,6,6,6,10222.15119357639,11177337.13057864,3343.252477839303,0,6,6,6,15879.56765122943,56776401.289028324,7535.011698002089,0,6,6,6,0.2667453988906826,0.0017616927842160832,0.041972524158264336,0,6,6,6,0.5251350840230045,0.0038867964495211374,0.062344177350584534,0,6,6,6,0.6180407247822134,0.0381001588639339,0.19519261990130132,0,6,6,6,0.2973560610300429,0.001625252680540741,0.04031442273604747,0,6,6,6,0.2973560610300429,0.001625252680540741,0.04031442273604747,0,6,6,6,1.6232577008686375,0.7074258093720319,0.38074097812780283,0.1202474627391879,0.014459452295212387,0.053857462307962255
Online_Retail_2_UCI/D,short,chronos_bolt_max,,,,,,,0.01574849057942629,,,0,6,,0,0.0,314035391.6254831,9.704472665093222e+16,311520026.08328766,0,6,6,6,10246.287516276041,11151982.946545392,3339.4584810333236,0,6,6,6,16013.371609913565,57607321.308297314,7589.948702613036,0,6,6,6,0.2655223021669263,0.00203388949759427,0.045098664033364336,0,6,6,6,0.5281324901417711,0.0040334709139812144,0.06350961276831417,0,6,6,6,0.6195295273705109,0.0379748628515638,0.19487140080464294,0,6,6,6,0.2985858327672311,0.0017273098652909272,0.04156091752224591,0,6,6,6,0.2985858327672311,0.0017273098652909272,0.04156091752224591,0,6,6,6,1.6232577008686375,0.7074258093720319,0.381658147710612,0.12004957727929667,0.014411901004937826,0.05368034689782288
Online_Retail_2_UCI/D,short,chronos2_max,,,,,,,0.013773946091532707,,,0,6,,0,0.0,308363502.1283924,7.427341504590421e+16,272531493.67716056,0,6,6,6,10064.980170355904,9131551.685875306,3021.8457415750568,0,6,6,6,16022.476943080272,51643734.7368535,7186.357543071003,0,6,6,6,0.30026555322648424,0.002872907821378426,0.053599513256917045,0,6,6,6,0.5429929573388731,0.004002014837295749,0.06326147988543858,0,6,6,6,0.6092702040045644,0.03236354353355056,0.17989870353493534,0,6,6,6,0.29596457723691355,0.0023063233654513795,0.048024195625240615,0,6,6,6,0.29596457723691355,0.0023063233654513795,0.048024195625240615,0,6,6,6,1.6232577008686375,0.7074258093720319,0.3753379415224901,0.11082572005582846,0.012282340225892857,0.045748321738895904
Online_Retail_2_UCI/D,short,tsrag,all,False,False,t5,7,chronos_bolt_max,0.07922225445508957,,,1,6,,0.2715700324624777,0.16666666666666666,307506480.77045953,9.29584224507991e+16,304890836.9413537,0,6,6,6,10222.414154730903,10740183.375252925,3277.221898995081,0,6,6,6,15858.74065669171,56006825.554252945,7483.770811178877,0,6,6,6,0.27100113311469415,0.0020634505766928646,0.045425219610838036,0,6,6,6,0.5283742747658638,0.0038041052958935517,0.061677429387852666,0,6,6,6,0.6181625662897857,0.03668552785169107,0.1915346648826031,0,6,6,6,0.29829431944521106,0.0017723483915079638,0.04209926830133707,0,6,6,6,0.29829431944521106,0.0017723483915079638,0.04209926830133707,0,6,6,6,1.6232577008686375,0.7074258093720319,0.3808160379950729,0.11799399736721353,0.013922583414693991,0.05185777415197234
Online_Retail_2_UCI/D,short,bayes_mixture,,,,,,chronos_bolt_max,0.0930287316441536,0.4,3,0,6,,0,0.0,303208056.6704332,7.917512724078773e+16,281380751.368653,0,6,6,6,9923.227162000869,9367914.979649704,3060.704980825448,0,6,6,6,15811.80617279686,53194842.22433635,7293.479431954021,0,6,6,6,0.2820705286464024,0.00206742857081562,0.04546898471283057,0,6,6,6,0.5323722764506199,0.0038899797432553726,0.06236970212575472,0,6,6,6,0.6004589904356707,0.03276748439074,0.18101791179532484,0,6,6,6,0.2905660634209933,0.0019826230158758356,0.04452665511663587,0,6,6,6,0.2905660634209933,0.0019826230158758356,0.04452665511663587,0,6,6,6,1.6232577008686375,0.7074258093720319,0.369909836321339,0.11151520285316284,0.012435640467382058,0.046319322756724214
Supply_Chain_Customer/D,short,chronos_t5_512,,,,,,,22.943060837686062,,,0,432,,0,0.0,42231615.09940395,4.7534986560928104e+16,218025197.07806274,0,432,432,432,1919.1382648331028,16820521.2199136,4101.2828748958045,0,432,432,432,2724.05324256414,34811149.03107974,5900.097374711687,0,432,432,432,0.4470522718247465,0.0637085487350791,0.2524055243751196,0,432,432,432,0.5185341719634907,0.11429384781383768,0.33807373132770563,0,432,432,432,0.7172572254639847,0.12217311351329012,0.34953270735839603,0,432,432,432,0.4297425699843697,0.049288774826985876,0.22201075385437047,0,432,432,432,0.4297425699843697,0.049288774826985876,0.22201075385437047,0,432,432,432,1.5244040426120686,0.7613944839464535,0.4705164808110607,0.22929138049218972,0.05257453716801412,0.1604596777219129
Supply_Chain_Customer/D,short,chronos_bolt_512,,,,,,,0.24898462370038033,,,0,432,,0,0.0,36615126.411118634,3.471352186368106e+16,186315651.15062413,0,432,432,432,1790.803658230069,15147856.26173049,3892.0246995272896,0,432,432,432,2492.7259373430193,30401443.812416,5513.750430733694,0,432,432,432,0.4372569885030855,0.06266534034609146,0.2503304622815439,0,432,432,432,0.4278803402152989,0.037109857786204244,0.19263919068093138,0,432,432,432,0.6324669171657017,0.056141304719132756,0.23694156393324653,0,432,432,432,0.37206954199858877,0.02088062410753344,0.14450129448393687,0,432,432,432,0.37206954199858877,0.02088062410753344,0.14450129448393687,0,432,432,432,1.5244040426120686,0.7613944839464535,0.41489454205459114,0.15543225897462645,0.02415918712995534,0.07373484560610634
Supply_Chain_Customer/D,short,chronos_bolt_max,,,,,,,0.47419791854918003,,,0,432,,0,0.0,32848612.097134132,2.695591913362648e+16,164182578.65445554,0,432,432,432,1710.8664792859997,13649711.936568,3694.5516556908497,0,432,432,432,2393.5512396031354,27119524.560528424,5207.640978459289,0,432,432,432,0.43128277517805325,0.06649811833871123,0.2578722907539917,0,432,432,432,0.42051333854588835,0.038356119537284836,0.19584718414438548,0,432,432,432,0.6131470452098579,0.056307616714307285,0.23729226012305435,0,432,432,432,0.3629746912002759,0.021388487205960732,0.14624803316954635,0,432,432,432,0.3629746912002759,0.021388487205960732,0.14624803316954635,0,432,432,432,1.5244040426120686,0.7613944839464535,0.4022208207734935,0.15566231359269667,0.024230755873031033,0.0739532763915679
Supply_Chain_Customer/D,short,chronos2_max,,,,,,,0.501437964849174,,,0,432,,0,0.0,29400552.932453986,2.4690814065328108e+16,157133109.3860492,0,432,432,432,1553.1126318372326,12266496.114394369,3502.355794946363,0,432,432,432,2207.4212316020576,24527844.43872644,4952.559382655239,0,432,432,432,0.407221779933094,0.07223934552240606,0.2687737813150793,0,432,432,432,0.3824923459710267,0.040266456990168384,0.20066503679058886,0,432,432,432,0.5576402428108197,0.05496880716030934,0.23445427520160372,0,432,432,432,0.3353558637994138,0.023671811447152268,0.15385646378086384,0,432,432,432,0.3353558637994138,0.023671811447152268,0.15385646378086384,0,432,432,432,1.5244040426120686,0.7613944839464535,0.3658086880006578,0.15380061233625827,0.023654628355008003,0.0721949112047614
Supply_Chain_Customer/D,short,tsrag,all,False,False,t5,7,chronos_bolt_max,11.148298816755414,,,0,432,,89.46941780857742,0.0,36072011.580364235,3.3096687646795356e+16,181924950.58895952,0,432,432,432,1785.6088928196166,15097296.127527965,3885.5239193097195,0,432,432,432,2477.798476832815,29932526.288569216,5471.062628828993,0,432,432,432,0.4408513619380205,0.06456004280678553,0.25408668364710796,0,432,432,432,0.42756776612408204,0.03713773240170118,0.19271152638516767,0,432,432,432,0.630168871230203,0.05522355990689957,0.23499693595215143,0,432,432,432,0.37144498316936525,0.021016020897548535,0.14496903427128338,0,432,432,432,0.37144498316936525,0.021016020897548535,0.14496903427128338,0,432,432,432,1.5244040426120686,0.7613944839464535,0.4133870375667646,0.15415659456628297,0.02376425564827335,0.07252949827094266
Supply_Chain_Customer/D,short,bayes_mixture,,,,,,chronos_bolt_max,11.649813572876155,0.2,3,0,432,,0,0.0,29621380.487572066,2.4904914358873904e+16,157812909.3543171,0,432,432,432,1563.0492670213732,12239057.638949879,3498.4364563258655,0,432,432,432,2219.6037464315586,24694739.69639906,4969.380212501259,0,432,432,432,0.4067334621957617,0.07015093809267466,0.26486022368916523,0,432,432,432,0.3845680962301184,0.03989713145513604,0.19974266308211683,0,432,432,432,0.5615199070781403,0.054770596772921024,0.2340311876073807,0,432,432,432,0.33691315643704295,0.023321175143032977,0.15271272096008562,0,432,432,432,0.33691315643704295,0.023321175143032977,0.15271272096008562,0,432,432,432,1.5244040426120686,0.7613944839464535,0.368353724722466,0.15352306938675386,0.023569332833930038,0.07193458572097151
Supply_Chain_Location/D,short,chronos_t5_512,,,,,,,32.6078427657485,,,0,612,,0,0.0,31545884.900831766,7119204443026333.0,84375378.18004926,0,612,612,612,2037.6088744653441,11518848.172373977,3393.942865219445,0,612,612,612,2881.708709565188,23241639.814047907,4820.958391652836,0,612,612,612,0.4870888847282653,0.04603350230112986,0.21455419432192385,0,612,612,612,0.4789761199083981,0.029137814639270346,0.17069802177901872,0,612,612,612,0.7343894654899905,0.10138233987119245,0.3184059356720481,0,612,612,612,0.4257288796228185,0.017892592299065986,0.13376319485966978,0,612,612,612,0.4257288796228185,0.017892592299065986,0.13376319485966978,0,612,612,612,1.4264456517338167,0.5773547972858538,0.5148387284137707,0.22321631061445066,0.049825521324326924,0.1755979864509502
Supply_Chain_Location/D,short,chronos_bolt_512,,,,,,,0.3557121455669403,,,0,612,,0,0.0,22049857.91339465,3433718069300306.0,58597935.70852395,0,612,612,612,1807.5323095050514,8887210.564221771,2981.142493109273,0,612,612,612,2443.019911454203,16081511.625632947,4010.1760093084376,0,612,612,612,0.5009570499912357,0.051853614254523776,0.227713886828458,0,612,612,612,0.4273079921997605,0.013697941460585903,0.11703820513228107,0,612,612,612,0.660236576741148,0.0596324841085861,0.24419763329849473,0,612,612,612,0.3857686421849753,0.010419823710181898,0.10207753773569334,0,612,612,612,0.3857686421849753,0.010419823710181898,0.10207753773569334,0,612,612,612,1.4264456517338167,0.5773547972858538,0.4628543512601713,0.1711930861170051,0.029307072734264323,0.10328568219908892
Supply_Chain_Location/D,short,chronos_bolt_max,,,,,,,0.6726052323356271,,,0,612,,0,0.0,21468139.975110214,3321808428996432.5,57635131.89883782,0,612,612,612,1791.9018099986388,8740284.87538894,2956.39727969516,0,612,612,612,2409.5008407370233,15662445.673597794,3957.580785479659,0,612,612,612,0.5008940026433495,0.05296787550222281,0.23014750813819995,0,612,612,612,0.4225154608481618,0.015358849684324539,0.12393082620689874,0,612,612,612,0.6500187660270202,0.05996015247229917,0.24486762234378634,0,612,612,612,0.38068952325121436,0.01122912847533874,0.10596758219068103,0,612,612,612,0.38068952325121436,0.01122912847533874,0.10596758219068103,0,612,612,612,1.4264456517338167,0.5773547972858538,0.4556912247143347,0.17166277736985952,0.029468109134333953,0.10385321600196618
Supply_Chain_Location/D,short,chronos2_max,,,,,,,0.7145795077085495,,,0,612,,0,0.0,19273968.335680302,2765927961447603.5,52592090.29357555,0,612,612,612,1714.7489390070918,8068879.908229407,2840.577389938427,0,612,612,612,2278.6412923126627,14081762.196647981,3752.5674140044416,0,612,612,612,0.486319032960139,0.06030573265292697,0.24557225546247477,0,612,612,612,0.3919893529305231,0.015499861792743643,0.12449844092495152,0,612,612,612,0.6095078929068667,0.054163901756584906,0.23273139400730813,0,612,612,612,0.35859797716690345,0.011858528705529446,0.10889687188128705,0,612,612,612,0.35859797716690345,0.011858528705529446,0.10889687188128705,0,612,612,612,1.4264456517338167,0.5773547972858538,0.4272913532780038,0.16315475722781847,0.026619474806068383,0.09381389400626708
Supply_Chain_Location/D,short,tsrag,all,False,False,t5,7,chronos_bolt_max,17.84837975539267,,,0,612,,126.63001112826169,0.0,21741563.31088841,3316009168196036.5,57584799.80164936,0,612,612,612,1803.0746842759365,8845354.508053422,2974.1140711232683,0,612,612,612,2427.2336484583816,15850100.126679828,3981.218422377731,0,612,612,612,0.5054299947404013,0.052694771324475836,0.22955341714833138,0,612,612,612,0.42718054062009875,0.013609140466285759,0.11665822074027085,0,612,612,612,0.6582833957953587,0.059180852937276325,0.24327115105839478,0,612,612,612,0.38485299388759064,0.010538629238697144,0.10265782599829953,0,612,612,612,0.38485299388759064,0.010538629238697144,0.10265782599829953,0,612,612,612,1.4264456517338167,0.5773547972858538,0.4614850870730533,0.1705435820584566,0.029085113381329523,0.10250344019913864
Supply_Chain_Location/D,short,bayes_mixture,,,,,,chronos_bolt_max,18.563054455444217,0.2,3,0,612,,0,0.0,19424327.06074077,2765832881220461.0,52591186.34543683,0,612,612,612,1718.4799747105521,8091483.772401389,2844.5533520047375,0,612,612,612,2289.041451249436,14184616.295202648,3766.246977456822,0,612,612,612,0.4848184483970157,0.05798294958102822,0.2407964899682473,0,612,612,612,0.3940851035299341,0.015286134697663456,0.1236371089020746,0,612,612,612,0.6125257885191571,0.05483167191676525,0.23416163630442383,0,612,612,612,0.3598459162454109,0.011599084743484572,0.10769904708717051,0,612,612,612,0.3598459162454109,0.011599084743484572,0.10769904708717051,0,612,612,612,1.4264456517338167,0.5773547972858538,0.4294070284238618,0.1641574188401815,0.02694765816027078,0.09497049678036636
azure2019_U/5T,short,chronos_t5_512,,,,,,,109.81643217243254,,,0,1404,,0,0.0,76.29712409442101,123782.3937501533,351.8272214456313,0,1404,1404,1404,2.4983519739025835,39.29892139308589,6.268885179446653,0,1404,1404,1404,3.5945872426400367,63.37606664947051,7.960908657274652,0,1404,1404,1404,0.390661008183607,9.849094165391103,3.138326650524305,0,1404,1404,1404,0.18361504840563445,0.04655096604666518,0.21575672885605487,0,1404,1404,1404,0.8344156467845051,4.649776253822664,2.156333984758081,0,1404,1404,1404,0.21348127516582932,0.10449470092333883,0.3232564012101521,0,1404,1404,1404,0.21348127516582932,0.10449470092333883,0.3232564012101521,0,1404,1404,1404,1.1130542641708217,1.2257899723905192,0.749663043073744,1.9373125409698317,3.7531798813989865,3.793289518231849
azure2019_U/5T,short,chronos_bolt_512,,,,,,,0.7912615370005369,,,0,1404,,0,0.0,71.17087676387358,98986.62416715601,314.62139813934465,0,1404,1404,1404,2.6127146914974344,39.80363148351593,6.309011926087629,0,1404,1404,1404,3.568337890604513,58.43784146234971,7.644464759703567,0,1404,1404,1404,0.4005103897727961,7.302214806680653,2.7022610545024426,0,1404,1404,1404,0.2013343030833874,0.04798280546958245,0.21904977851982058,0,1404,1404,1404,0.7997451732350664,1.2217361141271155,1.1053217242627214,0,1404,1404,1404,0.21912175762943994,0.06603412692303451,0.25697106242344586,0,1404,1404,1404,0.21912175762943994,0.06603412692303451,0.25697106242344586,0,1404,1404,1404,1.1130542641708217,1.2257899723905192,0.718514091342027,0.993052863497306,0.9861539897001991,0.9966928606411276
azure2019_U/5T,short,chronos_bolt_max,,,,,,,1.3283870304003358,,,0,1404,,0,0.0,71.66633843030867,95270.58788527382,308.6593395400078,0,1404,1404,1404,2.6217746966292816,39.94898135852943,6.320520655652462,0,1404,1404,1404,3.561675923590568,58.98080304562396,7.679896030912395,0,1404,1404,1404,0.40582478826662327,8.95935539960439,2.993218234543614,0,1404,1404,1404,0.20470792353059197,0.05016887493850869,0.22398409528024235,0,1404,1404,1404,0.7729739695312635,1.00251795117301,1.0012581840729242,0,1404,1404,1404,0.21844097618936803,0.06611565741463368,0.2571296509829889,0,1404,1404,1404,0.21844097618936803,0.06611565741463368,0.2571296509829889,0,1404,1404,1404,1.1130542641708217,1.2257899723905192,0.6944620710896754,0.8995591826053685,0.8092067230096388,0.8178545866368224
azure2019_U/5T,short,chronos2_max,,,,,,,1.3826237423345447,,,0,1404,,0,0.0,69.32595593440938,100140.58662801542,316.44997492181193,0,1404,1404,1404,2.390940124655217,37.53973323120871,6.126967702804439,0,1404,1404,1404,3.3254491072317243,58.267344169621104,7.633304930999488,0,1404,1404,1404,0.3706416022523872,13.043188114149988,3.6115354233552783,0,1404,1404,1404,0.16478849630614245,0.03637144504371433,0.19071299128196362,0,1404,1404,1404,0.6571249710943114,0.9113711721214492,0.9546576203652539,0,1404,1404,1404,0.17734112138766037,0.061158743898666816,0.247302939526943,0,1404,1404,1404,0.17734112138766037,0.061158743898666816,0.247302939526943,0,1404,1404,1404,1.1130542641708217,1.2257899723905192,0.5903799951602915,0.8576918943627906,0.7356353856556321,0.7434970040945149
azure2019_U/5T,short,tsrag,all,False,False,t5,2016,chronos_bolt_max,74.90180404670537,,,0,1404,,344.94128742069006,0.0,68.03392847143296,85188.38165720832,291.87048781472976,0,1404,1404,1404,2.594333529993456,37.58282125642607,6.130482954582459,0,1404,1404,1404,3.5385481052425867,55.51260577831705,7.450678209285182,0,1404,1404,1404,0.40247041430393143,7.520309339011935,2.742318241745829,0,1404,1404,1404,0.20171112305603237,0.04718732463038575,0.2172264363064168,0,1404,1404,1404,0.8028655670152167,1.2998094913620835,1.1400918784738725,0,1404,1404,1404,0.2198816951481766,0.06603212365306259,0.25696716454259794,0,1404,1404,1404,0.2198816951481766,0.06603212365306259,0.25696716454259794,0,1404,1404,1404,1.1130542641708217,1.2257899723905192,0.7213175429621282,1.0242913712056911,1.049172813126435,1.060385156216617
azure2019_U/5T,short,bayes_mixture,,,,,,chronos_bolt_max,76.28469282295555,0.22151898734177214,156,0,1404,,0,0.0,65.49690375618556,82648.5005707682,287.486522415866,0,1404,1404,1404,2.3926103817592423,35.232820324893204,5.935724077557278,0,1404,1404,1404,3.305488761719868,54.57064780232921,7.387194853415552,0,1404,1404,1404,0.3715294332998952,11.65796168425275,3.41437573858718,0,1404,1404,1404,0.16827828427102684,0.03574885860652494,0.1890736856533054,0,1404,1404,1404,0.6700323571176448,0.9221604790850668,0.9602918718207849,0,1404,1404,1404,0.18014534627679762,0.05731190258290128,0.2393990446574532,0,1404,1404,1404,0.18014534627679762,0.05731190258290128,0.2393990446574532,0,1404,1404,1404,1.1130542641708217,1.2257899723905192,0.6019763624164277,0.8627538681019848,0.7443442369249371,0.7522989254730823
Smart_Manufacturing/H,short,chronos_t5_512,,,,,,,108.56284830812365,,,0,2380,,0,0.0,81.18331545090861,6498.87382332582,80.6155929291959,0,2380,2380,2380,5.836250981242633,19.462781100350714,4.411664209836319,0,2380,2380,2380,7.199369939896099,29.352387919429074,5.417784410571269,0,2380,2380,2380,0.3403090613968066,7.090053073657449,2.6627153572354385,0,2380,2380,2380,0.22921840907089625,0.010696661119365366,0.10342466397994902,0,2380,2380,2380,0.7273891974873985,0.017130878312698015,0.13088498123428072,0,2380,2380,2380,0.22112880163273027,0.009508437845147183,0.09751121907322861,0,2380,2380,2380,0.22112880163273027,0.009508437845147183,0.09751121907322861,0,2380,2380,2380,0.9987212256449988,0.03817606606400739,0.7283205551355261,0.1310525678972648,0.0171747755524672,0.4487334625829638
Smart_Manufacturing/H,short,chronos_bolt_512,,,,,,,1.3414374999701977,,,0,2380,,0,0.0,79.38003313924878,6299.264566222453,79.36790639939076,0,2380,2380,2380,5.758412215721542,19.080746872890078,4.368151425132842,0,2380,2380,2380,7.110522589856814,28.820501638384755,5.368472933561717,0,2380,2380,2380,0.3428115031770359,8.225213213045494,2.867963251690212,0,2380,2380,2380,0.2266867588341243,0.010603670722779674,0.10297412647252549,0,2380,2380,2380,0.7172990280333037,0.01659814235975928,0.1288337780233091,0,2380,2380,2380,0.21857724067103693,0.009396213956368206,0.09693407015269814,0,2380,2380,2380,0.21857724067103693,0.009396213956368206,0.09693407015269814,0,2380,2380,2380,0.9987212256449988,0.03817606606400739,0.7182174661102795,0.1289987383016768,0.016640674483424496,0.4347787520047306
Smart_Manufacturing/H,short,chronos_bolt_max,,,,,,,2.260293153114617,,,0,2380,,0,0.0,79.16818244582817,6267.956560400617,79.17042730970078,0,2380,2380,2380,5.750882065382654,19.016741598698587,4.360818913770507,0,2380,2380,2380,7.101286036371468,28.739919075463767,5.360962513902122,0,2380,2380,2380,0.3446202837138888,7.910416185995385,2.812546210463996,0,2380,2380,2380,0.2263764829427266,0.010629292761076903,0.10309846148743881,0,2380,2380,2380,0.7166630904284058,0.01654023215224657,0.1286088338810619,0,2380,2380,2380,0.21857251175494954,0.009531672944292894,0.09763028702350973,0,2380,2380,2380,0.21857251175494954,0.009531672944292894,0.09763028702350973,0,2380,2380,2380,0.9987212256449988,0.03817606606400739,0.7175807142434237,0.12877350613831517,0.01658261588315469,0.43326182756794823
Smart_Manufacturing/H,short,chronos2_max,,,,,,,2.3485478907823563,,,0,2380,,0,0.0,78.346410771718,6128.697137514962,78.28599579436262,0,2380,2380,2380,5.716382621106908,18.806780667812564,4.3366785294523,0,2380,2380,2380,7.063471887891002,28.453775660691516,5.334208063123477,0,2380,2380,2380,0.33214663542685535,7.511352083739341,2.740684601288397,0,2380,2380,2380,0.2253441738779459,0.01041073795241212,0.10203302383254217,0,2380,2380,2380,0.711764239964518,0.016413019677485523,0.12811330796402662,0,2380,2380,2380,0.21652547040576103,0.009025231072449846,0.09500121616300418,0,2380,2380,2380,0.21652547040576103,0.009025231072449846,0.09500121616300418,0,2380,2380,2380,0.9987212256449988,0.03817606606400739,0.7126755912340234,0.1282773457440918,0.01645507743114926,0.4299295702696777
Smart_Manufacturing/H,short,tsrag,all,False,False,t5,168,chronos_bolt_max,102.27525597065687,,,2380,2380,,360.4797368198633,1.0,79.16818244582817,6267.956560400617,79.17042730970078,0,2380,2380,2380,5.750882065382654,19.016741598698587,4.360818913770507,0,2380,2380,2380,7.101286036371468,28.739919075463767,5.360962513902122,0,2380,2380,2380,0.3446202837138888,7.910416185995385,2.812546210463996,0,2380,2380,2380,0.2263764829427266,0.010629292761076903,0.10309846148743881,0,2380,2380,2380,0.7166630904284058,0.01654023215224657,0.1286088338810619,0,2380,2380,2380,0.21857251175494954,0.009531672944292894,0.09763028702350973,0,2380,2380,2380,0.21857251175494954,0.009531672944292894,0.09763028702350973,0,2380,2380,2380,0.9987212256449988,0.03817606606400739,0.7175807142434237,0.12877350613831517,0.01658261588315469,0.43326182756794823
Smart_Manufacturing/H,short,bayes_mixture,,,,,,chronos_bolt_max,104.62405963614583,0.3702928870292887,476,0,2380,,0,0.0,78.3747117959414,6134.979441958979,78.32610958013285,0,2380,2380,2380,5.718959820327251,18.815767858926858,4.337714589380779,0,2380,2380,2380,7.065137218979974,28.458547872925305,5.334655365899966,0,2380,2380,2380,0.33632660848887225,7.6578498785290545,2.767282038124964,0,2380,2380,2380,0.2253143615766597,0.01045552698628761,0.10225227130136333,0,2380,2380,2380,0.7121775367871777,0.01639381358500999,0.128038328577852,0,2380,2380,2380,0.21683414156633612,0.009167044948568435,0.09574468626805581,0,2380,2380,2380,0.21683414156633612,0.009167044948568435,0.09574468626805581,0,2380,2380,2380,0.9987212256449988,0.03817606606400739,0.7130894172467757,0.1282022703534329,0.016435822123774698,0.42942647777074566
Smart_Manufacturing/H,medium,chronos_t5_512,,,,,,,93.2738504530862,,,0,340,,0,0.0,80.72047685057844,5360.912060471006,73.21824950428005,0,340,340,340,5.824687079246552,18.018517546614785,4.2448224399396,0,340,340,340,7.26148380607793,27.99132978464641,5.2906833003541625,0,340,340,340,0.34661356920001574,1.261132696342472,1.1230016457434389,0,340,340,340,0.22944760444665774,0.00873670224222613,0.09347032813800393,0,340,340,340,0.7263793196533553,0.0031895084080208343,0.05647573291264872,0,340,340,340,0.21987309395137467,0.007397534494995393,0.08600892101983022,0,340,340,340,0.21987309395137467,0.007397534494995393,0.08600892101983022,0,340,340,340,1.0059162251273246,0.01326920601468509,0.7221071710632895,0.0561435748841811,0.003152101000775651,0.24036919801312837
Smart_Manufacturing/H,medium,chronos_bolt_512,,,,,,,1.6544299060478806,,,0,340,,0,0.0,79.02720489779423,5170.489952783731,71.90611902184494,0,340,340,340,5.7465081576987815,17.639932201119727,4.199991928696974,0,340,340,340,7.179066628261294,27.48820724477925,5.24291972518932,0,340,340,340,0.34821317451300604,1.4286191994013937,1.1952485931392656,0,340,340,340,0.22629853872559924,0.008466129064521623,0.09201157027527367,0,340,340,340,0.7154579136076449,0.002871281299694741,0.05358433819405388,0,340,340,340,0.2166978881491555,0.007133672811498079,0.08446107275839018,0,340,340,340,0.2166978881491555,0.007133672811498079,0.08446107275839018,0,340,340,340,1.0059162251273246,0.01326920601468509,0.7112499984947407,0.05326918569910869,0.0028376061450461256,0.21638682047117824
Smart_Manufacturing/H,medium,chronos_bolt_max,,,,,,,4.838204159401357,,,0,340,,0,0.0,78.68150661051773,5128.07982086799,71.6106124877311,0,340,340,340,5.73462231957,17.5620776814972,4.190713266437731,0,340,340,340,7.163304678200498,27.36857269778861,5.231498131299352,0,340,340,340,0.34614349357935686,1.373978228036445,1.1721681739564698,0,340,340,340,0.22588728008841907,0.008442276345725728,0.09188186080900695,0,340,340,340,0.7140192443571027,0.0028906793900687084,0.05376503873400175,0,340,340,340,0.21624715634374606,0.007108767371455978,0.08431350645926178,0,340,340,340,0.21624715634374606,0.007108767371455978,0.08431350645926178,0,340,340,340,1.0059162251273246,0.01326920601468509,0.7098197906756353,0.05344882346161222,0.002856776729430589,0.21784870827007888
Smart_Manufacturing/H,medium,chronos2_max,,,,,,,0.3401945363730192,,,0,340,,0,0.0,78.42242074699885,5099.4035692954685,71.41010831314757,0,340,340,340,5.719729277778396,17.488479635502085,4.181922959058677,0,340,340,340,7.149743315312612,27.303591272141453,5.225283846083527,0,340,340,340,0.3377001104346219,1.2948117102002739,1.1378979348782885,0,340,340,340,0.2253474299101565,0.008380738369085745,0.09154637277951402,0,340,340,340,0.7114699311903527,0.0028468098938495418,0.053355504812995086,0,340,340,340,0.2153353034092735,0.006978399479213771,0.08353681511294149,0,340,340,340,0.2153353034092735,0.006978399479213771,0.08353681511294149,0,340,340,340,1.0059162251273246,0.01326920601468509,0.7072854711139567,0.053041698185394684,0.002813421746390502,0.21454259514088217
Smart_Manufacturing/H,medium,tsrag,all,False,False,t5,168,chronos_bolt_max,40.38413121551275,,,340,340,,305.03685522824526,1.0,78.68150661051773,5128.07982086799,71.6106124877311,0,340,340,340,5.73462231957,17.5620776814972,4.190713266437731,0,340,340,340,7.163304678200498,27.36857269778861,5.231498131299352,0,340,340,340,0.34614349357935686,1.373978228036445,1.1721681739564698,0,340,340,340,0.22588728008841907,0.008442276345725728,0.09188186080900695,0,340,340,340,0.7140192443571027,0.0028906793900687084,0.05376503873400175,0,340,340,340,0.21624715634374606,0.007108767371455978,0.08431350645926178,0,340,340,340,0.21624715634374606,0.007108767371455978,0.08431350645926178,0,340,340,340,1.0059162251273246,0.01326920601468509,0.7098197906756353,0.05344882346161222,0.002856776729430589,0.21784870827007888
Smart_Manufacturing/H,medium,bayes_mixture,,,,,,chronos_bolt_max,40.72455631569028,0.34285714285714286,68,0,340,,0,0.0,78.37319129823756,5090.453009077662,71.34741066834634,0,340,340,340,5.719583386720946,17.481221887293984,4.1810551165099445,0,340,340,340,7.148056409313189,27.27848086751418,5.222880514382287,0,340,340,340,0.34036250101721527,1.3216639459631465,1.149636440777321,0,340,340,340,0.2253140360351589,0.008383680800187542,0.09156244208291707,0,340,340,340,0.7116062147896596,0.002845548446297778,0.05334368234662637,0,340,340,340,0.2154125755156411,0.0070033000877613195,0.08368572212606712,0,340,340,340,0.2154125755156411,0.0070033000877613195,0.08368572212606712,0,340,340,340,1.0059162251273246,0.01326920601468509,0.7074209531709139,0.05302994525202569,0.002812175093432842,0.21444752935093453
Smart_Manufacturing/H,long,chronos_t5_512,,,,,,,94.24809569306672,,,0,170,,0,0.0,80.4271169860729,5224.971462413882,72.28396407512446,0,170,170,170,5.807652348318372,17.79684072092455,4.218630194852892,0,170,170,170,7.255284764680461,27.78795996946852,5.271428645961977,0,170,170,170,0.3521499928903087,0.7371884042675609,0.8585967646500661,0,170,170,170,0.22861891774973328,0.00843147201625217,0.09182304730432425,0,170,170,170,0.7237455984278817,0.0016372598212237143,0.04046306737289839,0,170,170,170,0.2191324283695481,0.007151734226028297,0.08456792669817735,0,170,170,170,0.2191324283695481,0.007151734226028297,0.08456792669817735,0,170,170,170,1.0022363197581337,0.0120211297863795,0.7221306833128346,0.04037278092522451,0.0016299614396361722,0.13619849800463896
Smart_Manufacturing/H,long,chronos_bolt_512,,,,,,,1.963304502889514,,,0,170,,0,0.0,79.17439528775692,5093.917393192071,71.3716848140218,0,170,170,170,5.748129029912304,17.52137676794596,4.185854365353142,0,170,170,170,7.193962688159376,27.42129612912764,5.236534744382743,0,170,170,170,0.3521184772994581,0.7758781218090415,0.8808394415607429,0,170,170,170,0.2262319767975584,0.00828008224212609,0.09099495723459673,0,170,170,170,0.715238138678113,0.0016101458313180538,0.040126622475833346,0,170,170,170,0.21663060725818284,0.006973404303626523,0.08350691171170517,0,170,170,170,0.21663060725818284,0.006973404303626523,0.08350691171170517,0,170,170,170,1.0022363197581337,0.0120211297863795,0.7136422065114534,0.040037086747681395,0.001602968315241365,0.13394297041384778
Smart_Manufacturing/H,long,chronos_bolt_max,,,,,,,5.493476674892008,,,0,170,,0,0.0,78.74989163650326,5038.927080439973,70.98540047390007,0,170,170,170,5.734937808318057,17.437476612841287,4.175820471816442,0,170,170,170,7.174905953776311,27.27061619096851,5.222127554069176,0,170,170,170,0.34929795020415244,0.7462634943573524,0.863865437644864,0,170,170,170,0.22588396067116392,0.008274256544733037,0.09096294050179467,0,170,170,170,0.7137246909378747,0.0016086659726193993,0.040108178375730295,0,170,170,170,0.21619579002654501,0.006957586882640478,0.08341215068945577,0,170,170,170,0.21619579002654501,0.006957586882640478,0.08341215068945577,0,170,170,170,1.0022363197581337,0.0120211297863795,0.7121321357722453,0.04001868380244838,0.0016014950532803442,0.1338198656204588
Smart_Manufacturing/H,long,chronos2_max,,,,,,,0.1745714582502842,,,0,170,,0,0.0,78.42633816188345,4997.423768374803,70.69245906300617,0,170,170,170,5.719615516188359,17.352441615090243,4.165626197234966,0,170,170,170,7.15909003282382,27.17376806380609,5.21284644544668,0,170,170,170,0.34019900106692313,0.7014630096776696,0.8375338856892117,0,170,170,170,0.22527335860054387,0.008204113254802753,0.09057656018420412,0,170,170,170,0.711018864221271,0.0015747378581084557,0.03968296685113722,0,170,170,170,0.2151954503988929,0.006816109377414601,0.08255973217867535,0,170,170,170,0.2151954503988929,0.006816109377414601,0.08255973217867535,0,170,170,170,1.0022363197581337,0.0120211297863795,0.7094323466474043,0.039594421064997706,0.001567718179472334,0.13099749242310876
Smart_Manufacturing/H,long,tsrag,all,False,False,t5,168,chronos_bolt_max,6.529056882485747,,,170,170,,249.7144223190844,1.0,78.74989163650326,5038.927080439973,70.98540047390007,0,170,170,170,5.734937808318057,17.437476612841287,4.175820471816442,0,170,170,170,7.174905953776311,27.27061619096851,5.222127554069176,0,170,170,170,0.34929795020415244,0.7462634943573524,0.863865437644864,0,170,170,170,0.22588396067116392,0.008274256544733037,0.09096294050179467,0,170,170,170,0.7137246909378747,0.0016086659726193993,0.040108178375730295,0,170,170,170,0.21619579002654501,0.006957586882640478,0.08341215068945577,0,170,170,170,0.21619579002654501,0.006957586882640478,0.08341215068945577,0,170,170,170,1.0022363197581337,0.0120211297863795,0.7121321357722453,0.04001868380244838,0.0016014950532803442,0.1338198656204588
Smart_Manufacturing/H,long,bayes_mixture,,,,,,chronos_bolt_max,6.703869106248021,0.3611111111111111,34,0,170,,0,0.0,78.41147766958568,4994.706275675744,70.6732359219227,0,170,170,170,5.7200285769926165,17.351485966199768,4.165511489145093,0,170,170,170,7.158715740965078,27.164266609644507,5.211935015869298,0,170,170,170,0.34325951061967397,0.7174450288289572,0.8470212682270483,0,170,170,170,0.22528473451469105,0.008210447403586379,0.09061151915505213,0,170,170,170,0.7112932094771467,0.0015770738903055231,0.03971238963227374,0,170,170,170,0.21532784219241202,0.006845644105991299,0.08273840768344107,0,170,170,170,0.21532784219241202,0.006845644105991299,0.08273840768344107,0,170,170,170,1.0022363197581337,0.0120211297863795,0.7097060797485375,0.039623778194206136,0.0015700437983836456,0.13119181959855564
MetroPT-3/5T,short,chronos_t5_512,,,,,,,17.17903027497232,,,0,210,,0,0.0,4.394285866075634,54.185847483979174,7.361103686539076,0,210,210,216,1.2354081117211322,1.1610504848282373,1.0775205264069159,0,210,210,216,1.648529332495404,1.6766369059778927,1.2948501480781058,0,210,210,216,4.408693584592295,96.2817450887856,9.812326181328544,0,210,210,216,0.3700544769184857,0.17822124688737243,0.4221625834762863,0,210,210,216,0.6918698824985839,0.06045283865338163,0.2458715897646201,0,210,210,216,0.3438242697179036,0.16649505396919625,0.4080380545601063,0,210,210,216,0.3438242697179036,0.16649505396919625,0.4080380545601063,0,210,210,216,0.8726224746907574,0.07601067700804957,0.7928627815181714,0.2817616975218898,0.0793896541904169,0.7953203554150641
MetroPT-3/5T,short,chronos_bolt_512,,,,,,,0.13000786025077105,,,0,210,,0,0.0,3.9457864028861347,44.21512155356006,6.649445206448434,0,210,210,216,1.2196309317589245,1.02652498645385,1.0131756937737155,0,210,210,216,1.5693181419976472,1.483026972083186,1.2177959484590126,0,210,210,216,5.191412656093826,60.70587358255945,7.791397408845184,0,210,210,216,0.49769671785163394,0.44071247454195994,0.6638617887346431,0,210,210,216,0.6638292124726338,0.04548182789817455,0.21326468975940333,0,210,210,216,0.3414268236530661,0.16017514471983849,0.40021887101914433,0,210,210,216,0.3414268236530661,0.16017514471983849,0.40021887101914433,0,210,210,216,0.8726224746907574,0.07601067700804957,0.7607289884527483,0.24439513758224107,0.059728983273842545,0.5983610420067433
MetroPT-3/5T,short,chronos_bolt_max,,,,,,,0.2441584039479494,,,0,210,,0,0.0,3.5401920673050578,25.911505711320206,5.090334538251902,0,210,210,216,1.1858609894773398,0.8422265058663072,0.9177289936938394,0,210,210,216,1.5190307972217527,1.2327375043969044,1.1102871270067507,0,210,210,216,5.0637504975598295,56.59581229473505,7.5230188285511455,0,210,210,216,0.49721145968265446,0.4439479684512271,0.6662942056263337,0,210,210,216,0.6495314528462581,0.03972174723712026,0.19930315410730523,0,210,210,216,0.33943625421364576,0.15942103701450983,0.3992756403970944,0,210,210,216,0.33943625421364576,0.15942103701450983,0.3992756403970944,0,210,210,216,0.8726224746907574,0.07601067700804957,0.7443441713742717,0.22839562340854777,0.05216456079217918,0.5225811530781881
MetroPT-3/5T,short,chronos2_max,,,,,,,0.9779207613319159,,,0,210,,0,0.0,3.3005063837871482,23.65613749594369,4.86375754905029,0,210,210,216,1.10113026460437,0.7566572313392178,0.8698604665917504,0,210,210,216,1.465070756334571,1.154074062720397,1.0742783916287235,0,210,210,216,3.299696340247123,31.686210077141453,5.629050548462098,0,210,210,216,0.49052158907143845,0.4369277168017536,0.6610050807684866,0,210,210,216,0.6109562803683589,0.03872677790239598,0.19679120382373796,0,210,210,216,0.3141830536780711,0.13586300806174556,0.3685959957212579,0,210,210,216,0.3141830536780711,0.13586300806174556,0.3685959957212579,0,210,210,216,0.8726224746907574,0.07601067700804957,0.7001381446024199,0.22551700137390734,0.05085791790867893,0.5094912902603774
MetroPT-3/5T,short,tsrag,all,False,False,t5,288,chronos_bolt_max,6.489122148603201,,,174,210,,194.5310234464705,0.8285714285714286,3.537781335444564,25.47308349291255,5.04708663417942,0,210,210,216,1.1854334961835074,0.8368737233121476,0.9148080253868281,0,210,210,216,1.5199065290981741,1.2276654782493048,1.1080006670798104,0,210,210,216,5.061279147178001,56.58762220390913,7.522474473463444,0,210,210,216,0.49728226355526484,0.4441013832096428,0.6664093210704986,0,210,210,216,0.6489475510359908,0.03979623683116872,0.19948994167919526,0,210,210,216,0.3394396550489303,0.15954947417709045,0.39943644572959347,0,210,210,216,0.3394396550489303,0.15954947417709045,0.39943644572959347,0,210,210,216,0.8726224746907574,0.07601067700804957,0.7436750368662769,0.22860967653840353,0.05226238420699349,0.5235611416400656
MetroPT-3/5T,short,bayes_mixture,,,,,,chronos_bolt_max,7.467113472521305,0.48484848484848486,31,0,210,,0,0.0,3.3135856889359685,23.57256340610629,4.85515843264731,0,210,210,216,1.1269276851721957,0.7705573666236698,0.8778139703967293,0,210,210,216,1.4691706181638868,1.1551233836599109,1.074766664750964,0,210,210,216,4.128371951972637,40.66477555389853,6.376893879773955,0,210,210,216,0.49665999410510464,0.4526455293866303,0.6727893647989913,0,210,210,216,0.619624281959924,0.039260022671149544,0.19814142088707637,0,210,210,216,0.32323457991555526,0.14537649930089175,0.3812827025985991,0,210,210,216,0.32323457991555526,0.14537649930089175,0.3812827025985991,0,210,210,216,0.8726224746907574,0.07601067700804957,0.7100714225582012,0.22706431089491974,0.051558201282184773,0.5165066832254617
MetroPT-3/5T,medium,chronos_t5_512,,,,,,,17.920011596754193,,,0,36,,0,0.0,5.638649929666879,84.85002350618464,9.211407248959555,0,36,36,36,1.3951903255351614,1.6615656755756794,1.2890173294318736,0,36,36,36,1.8107182511482725,2.3599493446254214,1.536212662565122,0,36,36,36,2.3093886060495845,17.03773468143868,4.1276790913827925,0,36,36,36,0.4275096053931693,0.2484832816356457,0.49848097419625326,0,36,36,36,0.7492768836284776,0.0326890622539561,0.18080116773393942,0,36,36,36,0.3409995393081412,0.13941859175886231,0.37338799091409236,0,36,36,36,0.3409995393081412,0.13941859175886231,0.37338799091409236,0,36,36,36,0.8535683382965379,0.019695959012921885,0.8778171002966274,0.2118180345053138,0.0448668797416943,1.659683706313049
MetroPT-3/5T,medium,chronos_bolt_512,,,,,,,0.3811081936582923,,,0,36,,0,0.0,4.288166062992326,38.07994724973099,6.170895174100026,0,36,36,36,1.2590446392691608,1.0428673847352206,1.0212087860644465,0,36,36,36,1.6338882660088647,1.618575197190872,1.272232367608556,0,36,36,36,5.69065761463472,68.9864364142446,8.305807390870836,0,36,36,36,0.49343701652548394,0.4179884755817621,0.6465202824210251,0,36,36,36,0.7075038222546929,0.014501848962812976,0.12042362294339502,0,36,36,36,0.3429636472616082,0.152030997271262,0.38991152492746606,0,36,36,36,0.3429636472616082,0.152030997271262,0.38991152492746606,0,36,36,36,0.8535683382965379,0.019695959012921885,0.828877771716152,0.1410825794964746,0.01990429423737907,0.7362854965985043
MetroPT-3/5T,medium,chronos_bolt_max,,,,,,,1.306106686592102,,,0,36,,0,0.0,3.42389864128714,13.051976877679017,3.6127519812020057,0,36,36,36,1.2080724962763358,0.717262543867809,0.8469135397830223,0,36,36,36,1.5178429422659727,1.120051443900515,1.058324829105183,0,36,36,36,7.1320610195963745,118.55801856336572,10.888435083305852,0,36,36,36,0.4816858570670224,0.3924950240708038,0.6264942330706674,0,36,36,36,0.6855808121071627,0.013169563332856305,0.11475871789479135,0,36,36,36,0.34740817427048976,0.16131154795487465,0.40163608895973807,0,36,36,36,0.34740817427048976,0.16131154795487465,0.40163608895973807,0,36,36,36,0.8535683382965379,0.019695959012921885,0.803193817469112,0.13444584662525647,0.018075685674781985,0.6686429091478195
MetroPT-3/5T,medium,chronos2_max,,,,,,,0.18398885987699032,,,0,36,,0,0.0,3.3363269908202726,9.899268745439613,3.1463103383867925,0,36,36,36,1.1449867838097803,0.6279458867560036,0.7924303671339228,0,36,36,36,1.5181666633916873,1.0314969729864236,1.0156263943923591,0,36,36,36,3.0557840855711653,23.59688006064639,4.85766199530663,0,36,36,36,0.516735738641753,0.4877367859489436,0.6983815475432779,0,36,36,36,0.6476133076449523,0.014840901045298647,0.12182323688565597,0,36,36,36,0.3285878608477197,0.14187466744761235,0.3766625378871814,0,36,36,36,0.3285878608477197,0.14187466744761235,0.3766625378871814,0,36,36,36,0.8535683382965379,0.019695959012921885,0.758712898064367,0.14272230051172938,0.020369655063360387,0.753499793311004
MetroPT-3/5T,medium,tsrag,all,False,False,t5,288,chronos_bolt_max,2.2971701975911856,,,33,36,,190.98301115445793,0.9166666666666666,3.4331088182552243,13.046878934323763,3.612046363811484,0,36,36,36,1.205403460914032,0.7163930171894208,0.8464000337839199,0,36,36,36,1.5204811378168355,1.1212459277984452,1.0588890063639556,0,36,36,36,7.1319099518955245,118.5597036071702,10.88851246071612,0,36,36,36,0.4813417742332602,0.39269669767736615,0.6266551664810289,0,36,36,36,0.6841838890897898,0.013117488092323387,0.11453160302869854,0,36,36,36,0.3470688552148639,0.16142869938920984,0.4017819052535963,0,36,36,36,0.3470688552148639,0.16142869938920984,0.4017819052535963,0,36,36,36,0.8535683382965379,0.019695959012921885,0.8015572490132568,0.13417976966820103,0.018004210588211476,0.6659989535781135
MetroPT-3/5T,medium,bayes_mixture,,,,,,chronos_bolt_max,2.4812294598668814,0.625,6,0,36,,0,0.0,3.3106181956443215,10.804101982060011,3.286959382477978,0,36,36,36,1.1723720953412096,0.6610164102038438,0.8130291570441025,0,36,36,36,1.504193873202709,1.048018987463754,1.0237279850935765,0,36,36,36,5.600523642882838,63.59434429979083,7.974606215970217,0,36,36,36,0.4907827964786752,0.41936678948599587,0.6475853530508514,0,36,36,36,0.6657764673183594,0.013394071802250607,0.11573276028096197,0,36,36,36,0.338714959616111,0.1529803466392512,0.39112702110599723,0,36,36,36,0.338714959616111,0.1529803466392512,0.39112702110599723,0,36,36,36,0.8535683382965379,0.019695959012921885,0.7799919906202779,0.1355869882801994,0.01838383139089493,0.6800416163266377
MetroPT-3/5T,long,chronos_t5_512,,,,,,,17.37212163489312,,,0,18,,0,0.0,4.322568692027171,24.98611381934222,4.998611189054638,0,18,18,18,1.2782921696905887,0.9924704176011436,0.9962280951675393,0,18,18,18,1.6781532952956866,1.5063702095153995,1.2273427432935755,0,18,18,18,2.283974973118391,16.437151061180472,4.054275651849597,0,18,18,18,0.43984311612057425,0.25771245844786983,0.5076538766205473,0,18,18,18,0.7534907115442111,0.004114741252593288,0.06414624893626507,0,18,18,18,0.34147998487358877,0.13794393051093848,0.37140803775758335,0,18,18,18,0.34147998487358877,0.13794393051093848,0.37140803775758335,0,18,18,18,0.8686901704875118,0.022228105801810265,0.8673871734053922,0.07384249426958057,0.005452713959953041,0.18511434529244422
MetroPT-3/5T,long,chronos_bolt_512,,,,,,,0.32052456215023994,,,0,18,,0,0.0,3.6615775762131864,14.703739477148153,3.834545537237516,0,18,18,18,1.200279752230188,0.7321377302231037,0.8556504719937363,0,18,18,18,1.567266202196408,1.2052542276660347,1.0978407114267692,0,18,18,18,4.80631866215464,43.55790827995515,6.599841534457865,0,18,18,18,0.5026182366753362,0.43710638037442373,0.6611402123410917,0,18,18,18,0.6997858861619038,0.005472038087657231,0.07397322547825821,0,18,18,18,0.3414863877960081,0.1488579717953794,0.38582116556168794,0,18,18,18,0.3414863877960081,0.1488579717953794,0.38582116556168794,0,18,18,18,0.8686901704875118,0.022228105801810265,0.8055644117271198,0.08515490101234159,0.007251357166421696,0.2461765359786791
MetroPT-3/5T,long,chronos_bolt_max,,,,,,,1.2512985272333026,,,0,18,,0,0.0,3.3338741245136316,11.362706030919538,3.370861318850056,0,18,18,18,1.2067396596169604,0.6853748898469503,0.8278737161227854,0,18,18,18,1.5065311123917207,1.0642381319093963,1.0316191796924854,0,18,18,18,6.719462964135378,90.76131286437453,9.52687319451532,0,18,18,18,0.4851855380007255,0.39423888218366987,0.6278844497068469,0,18,18,18,0.6948385512866067,0.013009348763777396,0.11405853218316198,0,18,18,18,0.34845177968646907,0.15821061321774368,0.3977569775852382,0,18,18,18,0.34845177968646907,0.15821061321774368,0.3977569775852382,0,18,18,18,0.8686901704875118,0.022228105801810265,0.799869245552371,0.13129943915349238,0.017239542722021644,0.5852657387800407
MetroPT-3/5T,long,chronos2_max,,,,,,,0.08616922050714493,,,0,18,,0,0.0,3.413565852555847,10.266761904531144,3.2041788190628724,0,18,18,18,1.157730067156307,0.6509947589809342,0.8068424623065733,0,18,18,18,1.5336265522768149,1.0615554507073781,1.0303181308253184,0,18,18,18,3.0808544122415515,25.329662141666475,5.032858247722309,0,18,18,18,0.5202096564321884,0.49116567738836303,0.7008321321032327,0,18,18,18,0.6642965187537482,0.010570459258010236,0.10281273879247764,0,18,18,18,0.3314301181618797,0.14200427160050594,0.37683454141108924,0,18,18,18,0.3314301181618797,0.14200427160050594,0.37683454141108924,0,18,18,18,0.8686901704875118,0.022228105801810265,0.76471052778339,0.11835374945566471,0.014007610010214253,0.47554476086529035
MetroPT-3/5T,long,tsrag,all,False,False,t5,288,chronos_bolt_max,1.5126779358834028,,,18,18,,187.77862929739058,1.0,3.3338741245136316,11.362706030919538,3.370861318850056,0,18,18,18,1.2067396596169604,0.6853748898469503,0.8278737161227854,0,18,18,18,1.5065311123917207,1.0642381319093963,1.0316191796924854,0,18,18,18,6.719462964135378,90.76131286437453,9.52687319451532,0,18,18,18,0.4851855380007255,0.39423888218366987,0.6278844497068469,0,18,18,18,0.6948385512866067,0.013009348763777396,0.11405853218316198,0,18,18,18,0.34845177968646907,0.15821061321774368,0.3977569775852382,0,18,18,18,0.34845177968646907,0.15821061321774368,0.3977569775852382,0,18,18,18,0.8686901704875118,0.022228105801810265,0.799869245552371,0.13129943915349238,0.017239542722021644,0.5852657387800407
MetroPT-3/5T,long,bayes_mixture,,,,,,chronos_bolt_max,1.5989142078906298,0.4,3,0,18,,0,0.0,3.3226483653831753,10.320822906581112,3.212603758103559,0,18,18,18,1.1696567661394692,0.6548883725049384,0.8092517361766599,0,18,18,18,1.5101479626567897,1.0421014962667219,1.0208337260625366,0,18,18,18,4.534118767127513,38.548021417815896,6.2087052932005,0,18,18,18,0.5022696961918047,0.4431435166220674,0.665690255766199,0,18,18,18,0.6719522535904949,0.011585696151902653,0.10763687171180075,0,18,18,18,0.33708334326510786,0.1481163350348275,0.3848588507944536,0,18,18,18,0.33708334326510786,0.1481163350348275,0.3848588507944536,0,18,18,18,0.8686901704875118,0.022228105801810265,0.7735234913656189,0.12390709066201887,0.015352967116325762,0.521218328507286
