[2026-09-21 08:34:53 UTC] TS-RAG paths: project=/fssmall/home/h61084/codes/tsrag_time outputs=/scratch/users/h61084/codes/tsrag_time/outputs logs=/scratch/users/h61084/codes/tsrag_time/logs
[2026-09-21 08:34:54 UTC] resources allocation {"CUDA_VISIBLE_DEVICES": "0", "SLURM_CPUS_PER_TASK": "8", "SLURM_JOB_GPUS": "0,1,2,3", "SLURM_JOB_ID": "3506764", "SLURM_MEM_PER_CPU": "unset", "SLURM_MEM_PER_NODE": "80000", "SLURM_STEP_GPUS": "0", "SLURM_STEP_ID": "0", "cpu_count": 8, "host": "sean0010"}
[2026-09-21 08:34:54 UTC] resources RAM {"MemAvailable_MiB": 373164.84375, "MemTotal_MiB": 386622.859375}
[2026-09-21 08:34:54 UTC] resources nvidia_inventory {"columns": "index,uuid,name,driver,total_MiB,free_MiB,used_MiB", "devices": ["0, GPU-b685e237-38d4-4a6c-ace0-0c955a18e44a, NVIDIA H100 NVL, 560.35.05, 95830, 95350, 1"]}
[2026-09-21 08:35:00 UTC] resources torch {"cuda_available": true, "note": "visibility probe; CPU-only stages need not use an allocated GPU", "version": "2.9.1+cu128", "visible_gpu_count": 1}
[2026-09-21 08:35:00 UTC] resources cuda_device {"capability": "9.0", "free_MiB": 94825.125, "logical_index": 0, "name": "NVIDIA H100 NVL", "total_MiB": 95350.1875}
[2026-09-21 08:35:01 UTC] TS-RAG paths: project=/fssmall/home/h61084/codes/tsrag_time outputs=/scratch/users/h61084/codes/tsrag_time/outputs logs=/scratch/users/h61084/codes/tsrag_time/logs
[2026-09-21 08:35:01 UTC] Slurm=3506764 launch=selena_3506764 stages=prepare,vanilla,extract,predict,mix,evaluate,report mode=full

[2026-09-21 08:35:01 UTC] stage=prepare
[2026-09-21 10:35:04,122][datasets][INFO] - PyTorch version 2.9.1 available.
[2026-09-21 08:35:07 UTC] stage=prepare tasks=90 seed=0 device=cuda Slurm=3506764
[2026-09-21 08:35:07 UTC] prepare dataset=Water_Quality_Darwin/15T term=short H=16 validation=1440
TIME run allocation action=skip run=/fslarge/scratch/users/h61084/codes/tsrag_time/outputs/tsrag/data/shared/Water_Quality_Darwin/15T/short/run_0 source_launch=selena_3452080 launch_id=selena_3506764 slurm_job_id=3506764 launched_at=2026-09-21T08:35:07.183521+00:00
[2026-09-21 08:35:07 UTC] prepare dataset=Water_Quality_Darwin/15T term=medium H=96 validation=1440
TIME run allocation action=skip run=/fslarge/scratch/users/h61084/codes/tsrag_time/outputs/tsrag/data/shared/Water_Quality_Darwin/15T/medium/run_0 source_launch=selena_3452080 launch_id=selena_3506764 slurm_job_id=3506764 launched_at=2026-09-21T08:35:07.187747+00:00
[2026-09-21 08:35:07 UTC] prepare dataset=Water_Quality_Darwin/15T term=long H=288 validation=1440
TIME run allocation action=skip run=/fslarge/scratch/users/h61084/codes/tsrag_time/outputs/tsrag/data/shared/Water_Quality_Darwin/15T/long/run_0 source_launch=selena_3452080 launch_id=selena_3506764 slurm_job_id=3506764 launched_at=2026-09-21T08:35:07.191859+00:00
[2026-09-21 08:35:07 UTC] prepare dataset=current_velocity/5T term=short H=36 validation=4320
TIME run allocation action=skip run=/fslarge/scratch/users/h61084/codes/tsrag_time/outputs/tsrag/data/shared/current_velocity/5T/short/run_0 source_launch=selena_3452080 launch_id=selena_3506764 slurm_job_id=3506764 launched_at=2026-09-21T08:35:07.196341+00:00
[2026-09-21 08:35:07 UTC] prepare dataset=current_velocity/5T term=medium H=288 validation=4320
TIME run allocation action=skip run=/fslarge/scratch/users/h61084/codes/tsrag_time/outputs/tsrag/data/shared/current_velocity/5T/medium/run_0 source_launch=selena_3452080 launch_id=selena_3506764 slurm_job_id=3506764 launched_at=2026-09-21T08:35:07.200397+00:00
[2026-09-21 08:35:07 UTC] prepare dataset=current_velocity/5T term=long H=864 validation=4320
TIME run allocation action=skip run=/fslarge/scratch/users/h61084/codes/tsrag_time/outputs/tsrag/data/shared/current_velocity/5T/long/run_0 source_launch=selena_3452080 launch_id=selena_3506764 slurm_job_id=3506764 launched_at=2026-09-21T08:35:07.204587+00:00
[2026-09-21 08:35:07 UTC] prepare dataset=current_velocity/10T term=short H=18 validation=2160
TIME run allocation action=skip run=/fslarge/scratch/users/h61084/codes/tsrag_time/outputs/tsrag/data/shared/current_velocity/10T/short/run_0 source_launch=selena_3452080 launch_id=selena_3506764 slurm_job_id=3506764 launched_at=2026-09-21T08:35:07.208607+00:00
[2026-09-21 08:35:07 UTC] prepare dataset=current_velocity/10T term=medium H=144 validation=2160
TIME run allocation action=skip run=/fslarge/scratch/users/h61084/codes/tsrag_time/outputs/tsrag/data/shared/current_velocity/10T/medium/run_0 source_launch=selena_3452080 launch_id=selena_3506764 slurm_job_id=3506764 launched_at=2026-09-21T08:35:07.212436+00:00
[2026-09-21 08:35:07 UTC] prepare dataset=current_velocity/10T term=long H=432 validation=2160
TIME run allocation action=skip run=/fslarge/scratch/users/h61084/codes/tsrag_time/outputs/tsrag/data/shared/current_velocity/10T/long/run_0 source_launch=selena_3452080 launch_id=selena_3506764 slurm_job_id=3506764 launched_at=2026-09-21T08:35:07.216332+00:00
[2026-09-21 08:35:07 UTC] prepare dataset=current_velocity/15T term=short H=12 validation=1440
TIME run allocation action=skip run=/fslarge/scratch/users/h61084/codes/tsrag_time/outputs/tsrag/data/shared/current_velocity/15T/short/run_0 source_launch=selena_3452080 launch_id=selena_3506764 slurm_job_id=3506764 launched_at=2026-09-21T08:35:07.220303+00:00
[2026-09-21 08:35:07 UTC] prepare dataset=current_velocity/15T term=medium H=96 validation=1440
TIME run allocation action=skip run=/fslarge/scratch/users/h61084/codes/tsrag_time/outputs/tsrag/data/shared/current_velocity/15T/medium/run_0 source_launch=selena_3452080 launch_id=selena_3506764 slurm_job_id=3506764 launched_at=2026-09-21T08:35:07.224172+00:00
[2026-09-21 08:35:07 UTC] prepare dataset=current_velocity/15T term=long H=288 validation=1440
TIME run allocation action=skip run=/fslarge/scratch/users/h61084/codes/tsrag_time/outputs/tsrag/data/shared/current_velocity/15T/long/run_0 source_launch=selena_3452080 launch_id=selena_3506764 slurm_job_id=3506764 launched_at=2026-09-21T08:35:07.228032+00:00
[2026-09-21 08:35:07 UTC] prepare dataset=current_velocity/H term=short H=24 validation=672
TIME run allocation action=skip run=/fslarge/scratch/users/h61084/codes/tsrag_time/outputs/tsrag/data/shared/current_velocity/H/short/run_0 source_launch=selena_3452080 launch_id=selena_3506764 slurm_job_id=3506764 launched_at=2026-09-21T08:35:07.231946+00:00
[2026-09-21 08:35:07 UTC] prepare dataset=current_velocity/H term=medium H=168 validation=672
TIME run allocation action=skip run=/fslarge/scratch/users/h61084/codes/tsrag_time/outputs/tsrag/data/shared/current_velocity/H/medium/run_0 source_launch=selena_3452080 launch_id=selena_3506764 slurm_job_id=3506764 launched_at=2026-09-21T08:35:07.235548+00:00
[2026-09-21 08:35:07 UTC] prepare dataset=current_velocity/H term=long H=336 validation=672
TIME run allocation action=skip run=/fslarge/scratch/users/h61084/codes/tsrag_time/outputs/tsrag/data/shared/current_velocity/H/long/run_0 source_launch=selena_3452080 launch_id=selena_3506764 slurm_job_id=3506764 launched_at=2026-09-21T08:35:07.239311+00:00
[2026-09-21 08:35:07 UTC] prepare dataset=CPHL/15T term=short H=12 validation=1440
TIME run allocation action=skip run=/fslarge/scratch/users/h61084/codes/tsrag_time/outputs/tsrag/data/shared/CPHL/15T/short/run_0 source_launch=selena_3452080 launch_id=selena_3506764 slurm_job_id=3506764 launched_at=2026-09-21T08:35:07.243281+00:00
[2026-09-21 08:35:07 UTC] prepare dataset=CPHL/15T term=medium H=96 validation=1440
TIME run allocation action=skip run=/fslarge/scratch/users/h61084/codes/tsrag_time/outputs/tsrag/data/shared/CPHL/15T/medium/run_0 source_launch=selena_3452080 launch_id=selena_3506764 slurm_job_id=3506764 launched_at=2026-09-21T08:35:07.247178+00:00
[2026-09-21 08:35:07 UTC] prepare dataset=CPHL/15T term=long H=288 validation=1440
TIME run allocation action=skip run=/fslarge/scratch/users/h61084/codes/tsrag_time/outputs/tsrag/data/shared/CPHL/15T/long/run_0 source_launch=selena_3452080 launch_id=selena_3506764 slurm_job_id=3506764 launched_at=2026-09-21T08:35:07.251113+00:00
[2026-09-21 08:35:07 UTC] prepare dataset=CPHL/30T term=short H=12 validation=1440
TIME run allocation action=skip run=/fslarge/scratch/users/h61084/codes/tsrag_time/outputs/tsrag/data/shared/CPHL/30T/short/run_0 source_launch=selena_3452080 launch_id=selena_3506764 slurm_job_id=3506764 launched_at=2026-09-21T08:35:07.255143+00:00
[2026-09-21 08:35:07 UTC] prepare dataset=CPHL/30T term=medium H=48 validation=1440
TIME run allocation action=skip run=/fslarge/scratch/users/h61084/codes/tsrag_time/outputs/tsrag/data/shared/CPHL/30T/medium/run_0 source_launch=selena_3452080 launch_id=selena_3506764 slurm_job_id=3506764 launched_at=2026-09-21T08:35:07.259038+00:00
[2026-09-21 08:35:07 UTC] prepare dataset=CPHL/30T term=long H=144 validation=1440
TIME run allocation action=skip run=/fslarge/scratch/users/h61084/codes/tsrag_time/outputs/tsrag/data/shared/CPHL/30T/long/run_0 source_launch=selena_3452080 launch_id=selena_3506764 slurm_job_id=3506764 launched_at=2026-09-21T08:35:07.262867+00:00
[2026-09-21 08:35:07 UTC] prepare dataset=CPHL/H term=short H=24 validation=672
TIME run allocation action=skip run=/fslarge/scratch/users/h61084/codes/tsrag_time/outputs/tsrag/data/shared/CPHL/H/short/run_0 source_launch=selena_3452080 launch_id=selena_3506764 slurm_job_id=3506764 launched_at=2026-09-21T08:35:07.266855+00:00
[2026-09-21 08:35:07 UTC] prepare dataset=CPHL/H term=medium H=168 validation=672
TIME run allocation action=skip run=/fslarge/scratch/users/h61084/codes/tsrag_time/outputs/tsrag/data/shared/CPHL/H/medium/run_0 source_launch=selena_3452080 launch_id=selena_3506764 slurm_job_id=3506764 launched_at=2026-09-21T08:35:07.270686+00:00
[2026-09-21 08:35:07 UTC] prepare dataset=CPHL/H term=long H=336 validation=672
TIME run allocation action=skip run=/fslarge/scratch/users/h61084/codes/tsrag_time/outputs/tsrag/data/shared/CPHL/H/long/run_0 source_launch=selena_3452080 launch_id=selena_3506764 slurm_job_id=3506764 launched_at=2026-09-21T08:35:07.276902+00:00
[2026-09-21 08:35:07 UTC] prepare dataset=Coastal_T_S/15T term=short H=12 validation=1440
TIME run allocation action=skip run=/fslarge/scratch/users/h61084/codes/tsrag_time/outputs/tsrag/data/shared/Coastal_T_S/15T/short/run_0 source_launch=selena_3452080 launch_id=selena_3506764 slurm_job_id=3506764 launched_at=2026-09-21T08:35:07.281512+00:00
[2026-09-21 08:35:07 UTC] prepare dataset=Coastal_T_S/15T term=medium H=96 validation=1440
TIME run allocation action=skip run=/fslarge/scratch/users/h61084/codes/tsrag_time/outputs/tsrag/data/shared/Coastal_T_S/15T/medium/run_0 source_launch=selena_3452080 launch_id=selena_3506764 slurm_job_id=3506764 launched_at=2026-09-21T08:35:07.285396+00:00
[2026-09-21 08:35:07 UTC] prepare dataset=Coastal_T_S/15T term=long H=288 validation=1440
TIME run allocation action=skip run=/fslarge/scratch/users/h61084/codes/tsrag_time/outputs/tsrag/data/shared/Coastal_T_S/15T/long/run_0 source_launch=selena_3452080 launch_id=selena_3506764 slurm_job_id=3506764 launched_at=2026-09-21T08:35:07.289218+00:00
[2026-09-21 08:35:07 UTC] prepare dataset=Coastal_T_S/20T term=short H=9 validation=1080
TIME run allocation action=skip run=/fslarge/scratch/users/h61084/codes/tsrag_time/outputs/tsrag/data/shared/Coastal_T_S/20T/short/run_0 source_launch=selena_3452080 launch_id=selena_3506764 slurm_job_id=3506764 launched_at=2026-09-21T08:35:07.292924+00:00
[2026-09-21 08:35:07 UTC] prepare dataset=Coastal_T_S/20T term=medium H=72 validation=1080
TIME run allocation action=skip run=/fslarge/scratch/users/h61084/codes/tsrag_time/outputs/tsrag/data/shared/Coastal_T_S/20T/medium/run_0 source_launch=selena_3452080 launch_id=selena_3506764 slurm_job_id=3506764 launched_at=2026-09-21T08:35:07.296513+00:00
[2026-09-21 08:35:07 UTC] prepare dataset=Coastal_T_S/20T term=long H=216 validation=1080
TIME run allocation action=skip run=/fslarge/scratch/users/h61084/codes/tsrag_time/outputs/tsrag/data/shared/Coastal_T_S/20T/long/run_0 source_launch=selena_3452080 launch_id=selena_3506764 slurm_job_id=3506764 launched_at=2026-09-21T08:35:07.300153+00:00
[2026-09-21 08:35:07 UTC] prepare dataset=Coastal_T_S/H term=short H=24 validation=672
TIME run allocation action=skip run=/fslarge/scratch/users/h61084/codes/tsrag_time/outputs/tsrag/data/shared/Coastal_T_S/H/short/run_0 source_launch=selena_3452080 launch_id=selena_3506764 slurm_job_id=3506764 launched_at=2026-09-21T08:35:07.303848+00:00
[2026-09-21 08:35:07 UTC] prepare dataset=Coastal_T_S/H term=medium H=168 validation=672
TIME run allocation action=skip run=/fslarge/scratch/users/h61084/codes/tsrag_time/outputs/tsrag/data/shared/Coastal_T_S/H/medium/run_0 source_launch=selena_3452080 launch_id=selena_3506764 slurm_job_id=3506764 launched_at=2026-09-21T08:35:07.307648+00:00
[2026-09-21 08:35:07 UTC] prepare dataset=Coastal_T_S/H term=long H=336 validation=672
TIME run allocation action=skip run=/fslarge/scratch/users/h61084/codes/tsrag_time/outputs/tsrag/data/shared/Coastal_T_S/H/long/run_0 source_launch=selena_3452080 launch_id=selena_3506764 slurm_job_id=3506764 launched_at=2026-09-21T08:35:07.311655+00:00
[2026-09-21 08:35:07 UTC] prepare dataset=SG_Weather/D term=short H=3 validation=366
TIME run allocation action=skip run=/fslarge/scratch/users/h61084/codes/tsrag_time/outputs/tsrag/data/shared/SG_Weather/D/short/run_0 source_launch=selena_3452080 launch_id=selena_3506764 slurm_job_id=3506764 launched_at=2026-09-21T08:35:07.315643+00:00
[2026-09-21 08:35:07 UTC] prepare dataset=SG_Weather/D term=medium H=7 validation=366
TIME run allocation action=skip run=/fslarge/scratch/users/h61084/codes/tsrag_time/outputs/tsrag/data/shared/SG_Weather/D/medium/run_0 source_launch=selena_3452080 launch_id=selena_3506764 slurm_job_id=3506764 launched_at=2026-09-21T08:35:07.319330+00:00
[2026-09-21 08:35:07 UTC] prepare dataset=SG_Weather/D term=long H=14 validation=366
TIME run allocation action=skip run=/fslarge/scratch/users/h61084/codes/tsrag_time/outputs/tsrag/data/shared/SG_Weather/D/long/run_0 source_launch=selena_3452080 launch_id=selena_3506764 slurm_job_id=3506764 launched_at=2026-09-21T08:35:07.322999+00:00
[2026-09-21 08:35:07 UTC] prepare dataset=SG_PM25/H term=short H=24 validation=2160
TIME run allocation action=skip run=/fslarge/scratch/users/h61084/codes/tsrag_time/outputs/tsrag/data/shared/SG_PM25/H/short/run_0 source_launch=selena_3452080 launch_id=selena_3506764 slurm_job_id=3506764 launched_at=2026-09-21T08:35:07.327435+00:00
[2026-09-21 08:35:07 UTC] prepare dataset=SG_PM25/H term=medium H=72 validation=2160
TIME run allocation action=skip run=/fslarge/scratch/users/h61084/codes/tsrag_time/outputs/tsrag/data/shared/SG_PM25/H/medium/run_0 source_launch=selena_3452080 launch_id=selena_3506764 slurm_job_id=3506764 launched_at=2026-09-21T08:35:07.331190+00:00
[2026-09-21 08:35:07 UTC] prepare dataset=SG_PM25/H term=long H=168 validation=2160
TIME run allocation action=skip run=/fslarge/scratch/users/h61084/codes/tsrag_time/outputs/tsrag/data/shared/SG_PM25/H/long/run_0 source_launch=selena_3452080 launch_id=selena_3506764 slurm_job_id=3506764 launched_at=2026-09-21T08:35:07.334979+00:00
[2026-09-21 08:35:07 UTC] prepare dataset=NE_China_Wind/H term=short H=24 validation=720
TIME run allocation action=skip run=/fslarge/scratch/users/h61084/codes/tsrag_time/outputs/tsrag/data/shared/NE_China_Wind/H/short/run_0 source_launch=selena_3452080 launch_id=selena_3506764 slurm_job_id=3506764 launched_at=2026-09-21T08:35:07.339073+00:00
[2026-09-21 08:35:07 UTC] prepare dataset=NE_China_Wind/H term=medium H=72 validation=720
TIME run allocation action=skip run=/fslarge/scratch/users/h61084/codes/tsrag_time/outputs/tsrag/data/shared/NE_China_Wind/H/medium/run_0 source_launch=selena_3452080 launch_id=selena_3506764 slurm_job_id=3506764 launched_at=2026-09-21T08:35:07.342756+00:00
[2026-09-21 08:35:07 UTC] prepare dataset=NE_China_Wind/H term=long H=168 validation=720
TIME run allocation action=skip run=/fslarge/scratch/users/h61084/codes/tsrag_time/outputs/tsrag/data/shared/NE_China_Wind/H/long/run_0 source_launch=selena_3452080 launch_id=selena_3506764 slurm_job_id=3506764 launched_at=2026-09-21T08:35:07.346644+00:00
[2026-09-21 08:35:07 UTC] prepare dataset=Australia_Solar/H term=short H=24 validation=2520
TIME run allocation action=skip run=/fslarge/scratch/users/h61084/codes/tsrag_time/outputs/tsrag/data/shared/Australia_Solar/H/short/run_0 source_launch=selena_3452080 launch_id=selena_3506764 slurm_job_id=3506764 launched_at=2026-09-21T08:35:07.350696+00:00
[2026-09-21 08:35:07 UTC] prepare dataset=Australia_Solar/H term=medium H=72 validation=2520
TIME run allocation action=skip run=/fslarge/scratch/users/h61084/codes/tsrag_time/outputs/tsrag/data/shared/Australia_Solar/H/medium/run_0 source_launch=selena_3452080 launch_id=selena_3506764 slurm_job_id=3506764 launched_at=2026-09-21T08:35:07.354467+00:00
[2026-09-21 08:35:07 UTC] prepare dataset=Australia_Solar/H term=long H=168 validation=2520
TIME run allocation action=skip run=/fslarge/scratch/users/h61084/codes/tsrag_time/outputs/tsrag/data/shared/Australia_Solar/H/long/run_0 source_launch=selena_3452080 launch_id=selena_3506764 slurm_job_id=3506764 launched_at=2026-09-21T08:35:07.358342+00:00
[2026-09-21 08:35:07 UTC] prepare dataset=epf_electricity_price/H term=short H=24 validation=2520
TIME run allocation action=skip run=/fslarge/scratch/users/h61084/codes/tsrag_time/outputs/tsrag/data/shared/epf_electricity_price/H/short/run_0 source_launch=selena_3452080 launch_id=selena_3506764 slurm_job_id=3506764 launched_at=2026-09-21T08:35:07.362658+00:00
[2026-09-21 08:35:07 UTC] prepare dataset=epf_electricity_price/H term=medium H=72 validation=2520
TIME run allocation action=skip run=/fslarge/scratch/users/h61084/codes/tsrag_time/outputs/tsrag/data/shared/epf_electricity_price/H/medium/run_0 source_launch=selena_3452080 launch_id=selena_3506764 slurm_job_id=3506764 launched_at=2026-09-21T08:35:07.366446+00:00
[2026-09-21 08:35:07 UTC] prepare dataset=epf_electricity_price/H term=long H=168 validation=2520
TIME run allocation action=skip run=/fslarge/scratch/users/h61084/codes/tsrag_time/outputs/tsrag/data/shared/epf_electricity_price/H/long/run_0 source_launch=selena_3452080 launch_id=selena_3506764 slurm_job_id=3506764 launched_at=2026-09-21T08:35:07.370429+00:00
[2026-09-21 08:35:07 UTC] prepare dataset=OpenElectricity_NEM/5T term=short H=24 validation=4032
TIME run allocation action=skip run=/fslarge/scratch/users/h61084/codes/tsrag_time/outputs/tsrag/data/shared/OpenElectricity_NEM/5T/short/run_0 source_launch=selena_3452080 launch_id=selena_3506764 slurm_job_id=3506764 launched_at=2026-09-21T08:35:07.374394+00:00
[2026-09-21 08:35:07 UTC] prepare dataset=OpenElectricity_NEM/5T term=medium H=96 validation=4032
TIME run allocation action=skip run=/fslarge/scratch/users/h61084/codes/tsrag_time/outputs/tsrag/data/shared/OpenElectricity_NEM/5T/medium/run_0 source_launch=selena_3452080 launch_id=selena_3506764 slurm_job_id=3506764 launched_at=2026-09-21T08:35:07.378148+00:00
[2026-09-21 08:35:07 UTC] prepare dataset=OpenElectricity_NEM/5T term=long H=288 validation=4032
TIME run allocation action=skip run=/fslarge/scratch/users/h61084/codes/tsrag_time/outputs/tsrag/data/shared/OpenElectricity_NEM/5T/long/run_0 source_launch=selena_3452080 launch_id=selena_3506764 slurm_job_id=3506764 launched_at=2026-09-21T08:35:07.381816+00:00
[2026-09-21 08:35:07 UTC] prepare dataset=EWELD_Load/15T term=short H=24 validation=1344
TIME run allocation action=skip run=/fslarge/scratch/users/h61084/codes/tsrag_time/outputs/tsrag/data/shared/EWELD_Load/15T/short/run_0 source_launch=selena_3452080 launch_id=selena_3506764 slurm_job_id=3506764 launched_at=2026-09-21T08:35:07.385682+00:00
[2026-09-21 08:35:07 UTC] prepare dataset=EWELD_Load/15T term=medium H=96 validation=1344
TIME run allocation action=skip run=/fslarge/scratch/users/h61084/codes/tsrag_time/outputs/tsrag/data/shared/EWELD_Load/15T/medium/run_0 source_launch=selena_3452080 launch_id=selena_3506764 slurm_job_id=3506764 launched_at=2026-09-21T08:35:07.389355+00:00
[2026-09-21 08:35:07 UTC] prepare dataset=EWELD_Load/15T term=long H=672 validation=1344
TIME run allocation action=skip run=/fslarge/scratch/users/h61084/codes/tsrag_time/outputs/tsrag/data/shared/EWELD_Load/15T/long/run_0 source_launch=selena_3452080 launch_id=selena_3506764 slurm_job_id=3506764 launched_at=2026-09-21T08:35:07.393000+00:00
[2026-09-21 08:35:07 UTC] prepare dataset=SG_Carpark/15T term=short H=16 validation=672
TIME run allocation action=skip run=/fslarge/scratch/users/h61084/codes/tsrag_time/outputs/tsrag/data/shared/SG_Carpark/15T/short/run_0 source_launch=selena_3452080 launch_id=selena_3506764 slurm_job_id=3506764 launched_at=2026-09-21T08:35:07.396992+00:00
[2026-09-21 08:35:07 UTC] prepare dataset=SG_Carpark/15T term=medium H=96 validation=672
TIME run allocation action=skip run=/fslarge/scratch/users/h61084/codes/tsrag_time/outputs/tsrag/data/shared/SG_Carpark/15T/medium/run_0 source_launch=selena_3452080 launch_id=selena_3506764 slurm_job_id=3506764 launched_at=2026-09-21T08:35:07.400683+00:00
[2026-09-21 08:35:07 UTC] prepare dataset=SG_Carpark/15T term=long H=672 validation=672
TIME run allocation action=skip run=/fslarge/scratch/users/h61084/codes/tsrag_time/outputs/tsrag/data/shared/SG_Carpark/15T/long/run_0 source_launch=selena_3452080 launch_id=selena_3506764 slurm_job_id=3506764 launched_at=2026-09-21T08:35:07.404403+00:00
[2026-09-21 08:35:07 UTC] prepare dataset=Finland_Traffic/15T term=short H=16 validation=2880
TIME run allocation action=skip run=/fslarge/scratch/users/h61084/codes/tsrag_time/outputs/tsrag/data/shared/Finland_Traffic/15T/short/run_0 source_launch=selena_3452080 launch_id=selena_3506764 slurm_job_id=3506764 launched_at=2026-09-21T08:35:07.408324+00:00
[2026-09-21 08:35:07 UTC] prepare dataset=Finland_Traffic/15T term=medium H=96 validation=2880
TIME run allocation action=skip run=/fslarge/scratch/users/h61084/codes/tsrag_time/outputs/tsrag/data/shared/Finland_Traffic/15T/medium/run_0 source_launch=selena_3452080 launch_id=selena_3506764 slurm_job_id=3506764 launched_at=2026-09-21T08:35:07.412215+00:00
[2026-09-21 08:35:07 UTC] prepare dataset=Finland_Traffic/15T term=long H=672 validation=2880
TIME run allocation action=skip run=/fslarge/scratch/users/h61084/codes/tsrag_time/outputs/tsrag/data/shared/Finland_Traffic/15T/long/run_0 source_launch=selena_3452080 launch_id=selena_3506764 slurm_job_id=3506764 launched_at=2026-09-21T08:35:07.415876+00:00
[2026-09-21 08:35:07 UTC] prepare dataset=Port_Activity/D term=short H=30 validation=90
TIME run allocation action=skip run=/fslarge/scratch/users/h61084/codes/tsrag_time/outputs/tsrag/data/shared/Port_Activity/D/short/run_0 source_launch=selena_3452080 launch_id=selena_3506764 slurm_job_id=3506764 launched_at=2026-09-21T08:35:07.419802+00:00
[2026-09-21 08:35:07 UTC] prepare dataset=Port_Activity/W term=short H=13 validation=13
TIME run allocation action=skip run=/fslarge/scratch/users/h61084/codes/tsrag_time/outputs/tsrag/data/shared/Port_Activity/W/short/run_0 source_launch=selena_3452080 launch_id=selena_3506764 slurm_job_id=3506764 launched_at=2026-09-21T08:35:07.423724+00:00
[2026-09-21 08:35:07 UTC] prepare dataset=ECDC_COVID/D term=short H=30 validation=30
TIME run allocation action=skip run=/fslarge/scratch/users/h61084/codes/tsrag_time/outputs/tsrag/data/shared/ECDC_COVID/D/short/run_0 source_launch=selena_3452080 launch_id=selena_3506764 slurm_job_id=3506764 launched_at=2026-09-21T08:35:07.428706+00:00
[2026-09-21 08:35:07 UTC] prepare dataset=ECDC_COVID/W term=short H=13 validation=13
TIME run allocation action=skip run=/fslarge/scratch/users/h61084/codes/tsrag_time/outputs/tsrag/data/shared/ECDC_COVID/W/short/run_0 source_launch=selena_3452080 launch_id=selena_3506764 slurm_job_id=3506764 launched_at=2026-09-21T08:35:07.432503+00:00
[2026-09-21 08:35:07 UTC] prepare dataset=Global_Influenza/W term=short H=13 validation=13
TIME run allocation action=skip run=/fslarge/scratch/users/h61084/codes/tsrag_time/outputs/tsrag/data/shared/Global_Influenza/W/short/run_0 source_launch=selena_3452080 launch_id=selena_3506764 slurm_job_id=3506764 launched_at=2026-09-21T08:35:07.436491+00:00
[2026-09-21 08:35:07 UTC] prepare dataset=Crypto/D term=short H=30 validation=92
TIME run allocation action=skip run=/fslarge/scratch/users/h61084/codes/tsrag_time/outputs/tsrag/data/shared/Crypto/D/short/run_0 source_launch=selena_3452080 launch_id=selena_3506764 slurm_job_id=3506764 launched_at=2026-09-21T08:35:07.440542+00:00
[2026-09-21 08:35:07 UTC] prepare dataset=US_Term_Structure/B term=short H=20 validation=100
TIME run allocation action=skip run=/fslarge/scratch/users/h61084/codes/tsrag_time/outputs/tsrag/data/shared/US_Term_Structure/B/short/run_0 source_launch=selena_3452080 launch_id=selena_3506764 slurm_job_id=3506764 launched_at=2026-09-21T08:35:07.444575+00:00
[2026-09-21 08:35:07 UTC] prepare dataset=Oil_Price/B term=short H=20 validation=100
TIME run allocation action=skip run=/fslarge/scratch/users/h61084/codes/tsrag_time/outputs/tsrag/data/shared/Oil_Price/B/short/run_0 source_launch=selena_3452080 launch_id=selena_3506764 slurm_job_id=3506764 launched_at=2026-09-21T08:35:07.448731+00:00
[2026-09-21 08:35:07 UTC] prepare dataset=Job_Claims/W term=short H=13 validation=13
TIME run allocation action=skip run=/fslarge/scratch/users/h61084/codes/tsrag_time/outputs/tsrag/data/shared/Job_Claims/W/short/run_0 source_launch=selena_3452080 launch_id=selena_3506764 slurm_job_id=3506764 launched_at=2026-09-21T08:35:07.452684+00:00
[2026-09-21 08:35:07 UTC] prepare dataset=Uncertainty_1M/M term=short H=6 validation=18
TIME run allocation action=skip run=/fslarge/scratch/users/h61084/codes/tsrag_time/outputs/tsrag/data/shared/Uncertainty_1M/M/short/run_0 source_launch=selena_3452080 launch_id=selena_3506764 slurm_job_id=3506764 launched_at=2026-09-21T08:35:07.456722+00:00
[2026-09-21 08:35:07 UTC] prepare dataset=Housing_Inventory/M term=short H=12 validation=12
TIME run allocation action=skip run=/fslarge/scratch/users/h61084/codes/tsrag_time/outputs/tsrag/data/shared/Housing_Inventory/M/short/run_0 source_launch=selena_3452080 launch_id=selena_3506764 slurm_job_id=3506764 launched_at=2026-09-21T08:35:07.460651+00:00
[2026-09-21 08:35:07 UTC] prepare dataset=JOLTS/M term=short H=12 validation=12
TIME run allocation action=skip run=/fslarge/scratch/users/h61084/codes/tsrag_time/outputs/tsrag/data/shared/JOLTS/M/short/run_0 source_launch=selena_3452080 launch_id=selena_3506764 slurm_job_id=3506764 launched_at=2026-09-21T08:35:07.464620+00:00
[2026-09-21 08:35:07 UTC] prepare dataset=US_Labor/M term=short H=12 validation=12
TIME run allocation action=skip run=/fslarge/scratch/users/h61084/codes/tsrag_time/outputs/tsrag/data/shared/US_Labor/M/short/run_0 source_launch=selena_3452080 launch_id=selena_3506764 slurm_job_id=3506764 launched_at=2026-09-21T08:35:07.468604+00:00
[2026-09-21 08:35:07 UTC] prepare dataset=Vehicle_Supply/M term=short H=12 validation=12
TIME run allocation action=skip run=/fslarge/scratch/users/h61084/codes/tsrag_time/outputs/tsrag/data/shared/Vehicle_Supply/M/short/run_0 source_launch=selena_3452080 launch_id=selena_3506764 slurm_job_id=3506764 launched_at=2026-09-21T08:35:07.472493+00:00
[2026-09-21 08:35:07 UTC] prepare dataset=Auto_Production_SF/M term=short H=12 validation=12
TIME run allocation action=skip run=/fslarge/scratch/users/h61084/codes/tsrag_time/outputs/tsrag/data/shared/Auto_Production_SF/M/short/run_0 source_launch=selena_3452080 launch_id=selena_3506764 slurm_job_id=3506764 launched_at=2026-09-21T08:35:07.476586+00:00
[2026-09-21 08:35:07 UTC] prepare dataset=Commodity_Production/M term=short H=12 validation=12
TIME run allocation action=skip run=/fslarge/scratch/users/h61084/codes/tsrag_time/outputs/tsrag/data/shared/Commodity_Production/M/short/run_0 source_launch=selena_3452080 launch_id=selena_3506764 slurm_job_id=3506764 launched_at=2026-09-21T08:35:07.480491+00:00
[2026-09-21 08:35:07 UTC] prepare dataset=Commodity_Import/M term=short H=12 validation=12
TIME run allocation action=skip run=/fslarge/scratch/users/h61084/codes/tsrag_time/outputs/tsrag/data/shared/Commodity_Import/M/short/run_0 source_launch=selena_3452080 launch_id=selena_3506764 slurm_job_id=3506764 launched_at=2026-09-21T08:35:07.484460+00:00
[2026-09-21 08:35:07 UTC] prepare dataset=WUI_Global/Q term=short H=4 validation=20
TIME run allocation action=skip run=/fslarge/scratch/users/h61084/codes/tsrag_time/outputs/tsrag/data/shared/WUI_Global/Q/short/run_0 source_launch=selena_3452080 launch_id=selena_3506764 slurm_job_id=3506764 launched_at=2026-09-21T08:35:07.488728+00:00
[2026-09-21 08:35:07 UTC] prepare dataset=Global_Price/Q term=short H=4 validation=8
TIME run allocation action=skip run=/fslarge/scratch/users/h61084/codes/tsrag_time/outputs/tsrag/data/shared/Global_Price/Q/short/run_0 source_launch=selena_3452080 launch_id=selena_3506764 slurm_job_id=3506764 launched_at=2026-09-21T08:35:07.492714+00:00
[2026-09-21 08:35:07 UTC] prepare dataset=Vehicle_Sales/M term=short H=12 validation=12
TIME run allocation action=skip run=/fslarge/scratch/users/h61084/codes/tsrag_time/outputs/tsrag/data/shared/Vehicle_Sales/M/short/run_0 source_launch=selena_3452080 launch_id=selena_3506764 slurm_job_id=3506764 launched_at=2026-09-21T08:35:07.496691+00:00
[2026-09-21 08:35:07 UTC] prepare dataset=Online_Retail_2_UCI/D term=short H=30 validation=90
TIME run allocation action=skip run=/fslarge/scratch/users/h61084/codes/tsrag_time/outputs/tsrag/data/shared/Online_Retail_2_UCI/D/short/run_0 source_launch=selena_3452080 launch_id=selena_3506764 slurm_job_id=3506764 launched_at=2026-09-21T08:35:07.500674+00:00
[2026-09-21 08:35:07 UTC] prepare dataset=Supply_Chain_Customer/D term=short H=30 validation=90
TIME run allocation action=skip run=/fslarge/scratch/users/h61084/codes/tsrag_time/outputs/tsrag/data/shared/Supply_Chain_Customer/D/short/run_0 source_launch=selena_3452080 launch_id=selena_3506764 slurm_job_id=3506764 launched_at=2026-09-21T08:35:07.504530+00:00
[2026-09-21 08:35:07 UTC] prepare dataset=Supply_Chain_Location/D term=short H=30 validation=90
TIME run allocation action=skip run=/fslarge/scratch/users/h61084/codes/tsrag_time/outputs/tsrag/data/shared/Supply_Chain_Location/D/short/run_0 source_launch=selena_3452080 launch_id=selena_3506764 slurm_job_id=3506764 launched_at=2026-09-21T08:35:07.508556+00:00
[2026-09-21 08:35:07 UTC] prepare dataset=azure2019_U/5T term=short H=48 validation=96
TIME run allocation action=skip run=/fslarge/scratch/users/h61084/codes/tsrag_time/outputs/tsrag/data/shared/azure2019_U/5T/short/run_0 source_launch=selena_3452080 launch_id=selena_3506764 slurm_job_id=3506764 launched_at=2026-09-21T08:35:07.512598+00:00
[2026-09-21 08:35:07 UTC] prepare dataset=Smart_Manufacturing/H term=short H=24 validation=336
TIME run allocation action=skip run=/fslarge/scratch/users/h61084/codes/tsrag_time/outputs/tsrag/data/shared/Smart_Manufacturing/H/short/run_0 source_launch=selena_3452080 launch_id=selena_3506764 slurm_job_id=3506764 launched_at=2026-09-21T08:35:07.516551+00:00
[2026-09-21 08:35:07 UTC] prepare dataset=Smart_Manufacturing/H term=medium H=168 validation=336
TIME run allocation action=skip run=/fslarge/scratch/users/h61084/codes/tsrag_time/outputs/tsrag/data/shared/Smart_Manufacturing/H/medium/run_0 source_launch=selena_3452080 launch_id=selena_3506764 slurm_job_id=3506764 launched_at=2026-09-21T08:35:07.520407+00:00
[2026-09-21 08:35:07 UTC] prepare dataset=Smart_Manufacturing/H term=long H=336 validation=336
TIME run allocation action=skip run=/fslarge/scratch/users/h61084/codes/tsrag_time/outputs/tsrag/data/shared/Smart_Manufacturing/H/long/run_0 source_launch=selena_3452080 launch_id=selena_3506764 slurm_job_id=3506764 launched_at=2026-09-21T08:35:07.524186+00:00
[2026-09-21 08:35:07 UTC] prepare dataset=MetroPT-3/5T term=short H=48 validation=1728
TIME run allocation action=skip run=/fslarge/scratch/users/h61084/codes/tsrag_time/outputs/tsrag/data/shared/MetroPT-3/5T/short/run_0 source_launch=selena_3452080 launch_id=selena_3506764 slurm_job_id=3506764 launched_at=2026-09-21T08:35:07.528170+00:00
[2026-09-21 08:35:07 UTC] prepare dataset=MetroPT-3/5T term=medium H=288 validation=1728
TIME run allocation action=skip run=/fslarge/scratch/users/h61084/codes/tsrag_time/outputs/tsrag/data/shared/MetroPT-3/5T/medium/run_0 source_launch=selena_3452080 launch_id=selena_3506764 slurm_job_id=3506764 launched_at=2026-09-21T08:35:07.532155+00:00
[2026-09-21 08:35:07 UTC] prepare dataset=MetroPT-3/5T term=long H=576 validation=1728
TIME run allocation action=skip run=/fslarge/scratch/users/h61084/codes/tsrag_time/outputs/tsrag/data/shared/MetroPT-3/5T/long/run_0 source_launch=selena_3452080 launch_id=selena_3506764 slurm_job_id=3506764 launched_at=2026-09-21T08:35:07.535834+00:00

[2026-09-21 08:35:11 UTC] stage=vanilla
[2026-09-21 10:35:12,504][datasets][INFO] - PyTorch version 2.9.1 available.
[2026-09-21 08:35:14 UTC] stage=vanilla tasks=90 seed=0 device=cuda Slurm=3506764
TIME run allocation action=skip run=/fslarge/scratch/users/h61084/codes/tsrag_time/outputs/tsrag/predictions/chronos_bolt_512/Water_Quality_Darwin/15T/short/run_0 source_launch=selena_3452080 launch_id=selena_3506764 slurm_job_id=3506764 launched_at=2026-09-21T08:35:14.608038+00:00
TIME run allocation action=skip run=/fslarge/scratch/users/h61084/codes/tsrag_time/outputs/tsrag/predictions/chronos_bolt_512/Water_Quality_Darwin/15T/medium/run_0 source_launch=selena_3452080 launch_id=selena_3506764 slurm_job_id=3506764 launched_at=2026-09-21T08:35:14.616025+00:00
TIME run allocation action=skip run=/fslarge/scratch/users/h61084/codes/tsrag_time/outputs/tsrag/predictions/chronos_bolt_512/Water_Quality_Darwin/15T/long/run_0 source_launch=selena_3452080 launch_id=selena_3506764 slurm_job_id=3506764 launched_at=2026-09-21T08:35:14.623952+00:00
TIME run allocation action=skip run=/fslarge/scratch/users/h61084/codes/tsrag_time/outputs/tsrag/predictions/chronos_bolt_512/current_velocity/5T/short/run_0 source_launch=selena_3452080 launch_id=selena_3506764 slurm_job_id=3506764 launched_at=2026-09-21T08:35:14.631551+00:00
TIME run allocation action=skip run=/fslarge/scratch/users/h61084/codes/tsrag_time/outputs/tsrag/predictions/chronos_bolt_512/current_velocity/5T/medium/run_0 source_launch=selena_3452080 launch_id=selena_3506764 slurm_job_id=3506764 launched_at=2026-09-21T08:35:14.639124+00:00
TIME run allocation action=skip run=/fslarge/scratch/users/h61084/codes/tsrag_time/outputs/tsrag/predictions/chronos_bolt_512/current_velocity/5T/long/run_0 source_launch=selena_3452080 launch_id=selena_3506764 slurm_job_id=3506764 launched_at=2026-09-21T08:35:14.646694+00:00
TIME run allocation action=skip run=/fslarge/scratch/users/h61084/codes/tsrag_time/outputs/tsrag/predictions/chronos_bolt_512/current_velocity/10T/short/run_0 source_launch=selena_3452080 launch_id=selena_3506764 slurm_job_id=3506764 launched_at=2026-09-21T08:35:14.654215+00:00
TIME run allocation action=skip run=/fslarge/scratch/users/h61084/codes/tsrag_time/outputs/tsrag/predictions/chronos_bolt_512/current_velocity/10T/medium/run_0 source_launch=selena_3452080 launch_id=selena_3506764 slurm_job_id=3506764 launched_at=2026-09-21T08:35:14.661583+00:00
TIME run allocation action=skip run=/fslarge/scratch/users/h61084/codes/tsrag_time/outputs/tsrag/predictions/chronos_bolt_512/current_velocity/10T/long/run_0 source_launch=selena_3452080 launch_id=selena_3506764 slurm_job_id=3506764 launched_at=2026-09-21T08:35:14.669223+00:00
TIME run allocation action=skip run=/fslarge/scratch/users/h61084/codes/tsrag_time/outputs/tsrag/predictions/chronos_bolt_512/current_velocity/15T/short/run_0 source_launch=selena_3452080 launch_id=selena_3506764 slurm_job_id=3506764 launched_at=2026-09-21T08:35:14.676542+00:00
TIME run allocation action=skip run=/fslarge/scratch/users/h61084/codes/tsrag_time/outputs/tsrag/predictions/chronos_bolt_512/current_velocity/15T/medium/run_0 source_launch=selena_3452080 launch_id=selena_3506764 slurm_job_id=3506764 launched_at=2026-09-21T08:35:14.683963+00:00
TIME run allocation action=skip run=/fslarge/scratch/users/h61084/codes/tsrag_time/outputs/tsrag/predictions/chronos_bolt_512/current_velocity/15T/long/run_0 source_launch=selena_3452080 launch_id=selena_3506764 slurm_job_id=3506764 launched_at=2026-09-21T08:35:14.691310+00:00
TIME run allocation action=skip run=/fslarge/scratch/users/h61084/codes/tsrag_time/outputs/tsrag/predictions/chronos_bolt_512/current_velocity/H/short/run_0 source_launch=selena_3452080 launch_id=selena_3506764 slurm_job_id=3506764 launched_at=2026-09-21T08:35:14.698906+00:00
TIME run allocation action=skip run=/fslarge/scratch/users/h61084/codes/tsrag_time/outputs/tsrag/predictions/chronos_bolt_512/current_velocity/H/medium/run_0 source_launch=selena_3452080 launch_id=selena_3506764 slurm_job_id=3506764 launched_at=2026-09-21T08:35:14.706296+00:00
TIME run allocation action=skip run=/fslarge/scratch/users/h61084/codes/tsrag_time/outputs/tsrag/predictions/chronos_bolt_512/current_velocity/H/long/run_0 source_launch=selena_3452080 launch_id=selena_3506764 slurm_job_id=3506764 launched_at=2026-09-21T08:35:14.713930+00:00
TIME run allocation action=skip run=/fslarge/scratch/users/h61084/codes/tsrag_time/outputs/tsrag/predictions/chronos_bolt_512/CPHL/15T/short/run_0 source_launch=selena_3452080 launch_id=selena_3506764 slurm_job_id=3506764 launched_at=2026-09-21T08:35:14.721525+00:00
TIME run allocation action=skip run=/fslarge/scratch/users/h61084/codes/tsrag_time/outputs/tsrag/predictions/chronos_bolt_512/CPHL/15T/medium/run_0 source_launch=selena_3452080 launch_id=selena_3506764 slurm_job_id=3506764 launched_at=2026-09-21T08:35:14.728975+00:00
TIME run allocation action=skip run=/fslarge/scratch/users/h61084/codes/tsrag_time/outputs/tsrag/predictions/chronos_bolt_512/CPHL/15T/long/run_0 source_launch=selena_3452080 launch_id=selena_3506764 slurm_job_id=3506764 launched_at=2026-09-21T08:35:14.736280+00:00
TIME run allocation action=skip run=/fslarge/scratch/users/h61084/codes/tsrag_time/outputs/tsrag/predictions/chronos_bolt_512/CPHL/30T/short/run_0 source_launch=selena_3452080 launch_id=selena_3506764 slurm_job_id=3506764 launched_at=2026-09-21T08:35:14.743735+00:00
TIME run allocation action=skip run=/fslarge/scratch/users/h61084/codes/tsrag_time/outputs/tsrag/predictions/chronos_bolt_512/CPHL/30T/medium/run_0 source_launch=selena_3452080 launch_id=selena_3506764 slurm_job_id=3506764 launched_at=2026-09-21T08:35:14.751137+00:00
TIME run allocation action=skip run=/fslarge/scratch/users/h61084/codes/tsrag_time/outputs/tsrag/predictions/chronos_bolt_512/CPHL/30T/long/run_0 source_launch=selena_3452080 launch_id=selena_3506764 slurm_job_id=3506764 launched_at=2026-09-21T08:35:14.758675+00:00
TIME run allocation action=skip run=/fslarge/scratch/users/h61084/codes/tsrag_time/outputs/tsrag/predictions/chronos_bolt_512/CPHL/H/short/run_0 source_launch=selena_3452080 launch_id=selena_3506764 slurm_job_id=3506764 launched_at=2026-09-21T08:35:14.766080+00:00
TIME run allocation action=skip run=/fslarge/scratch/users/h61084/codes/tsrag_time/outputs/tsrag/predictions/chronos_bolt_512/CPHL/H/medium/run_0 source_launch=selena_3452080 launch_id=selena_3506764 slurm_job_id=3506764 launched_at=2026-09-21T08:35:14.773573+00:00
TIME run allocation action=skip run=/fslarge/scratch/users/h61084/codes/tsrag_time/outputs/tsrag/predictions/chronos_bolt_512/CPHL/H/long/run_0 source_launch=selena_3452080 launch_id=selena_3506764 slurm_job_id=3506764 launched_at=2026-09-21T08:35:14.780995+00:00
TIME run allocation action=skip run=/fslarge/scratch/users/h61084/codes/tsrag_time/outputs/tsrag/predictions/chronos_bolt_512/Coastal_T_S/15T/short/run_0 source_launch=selena_3452080 launch_id=selena_3506764 slurm_job_id=3506764 launched_at=2026-09-21T08:35:14.788479+00:00
TIME run allocation action=skip run=/fslarge/scratch/users/h61084/codes/tsrag_time/outputs/tsrag/predictions/chronos_bolt_512/Coastal_T_S/15T/medium/run_0 source_launch=selena_3452080 launch_id=selena_3506764 slurm_job_id=3506764 launched_at=2026-09-21T08:35:14.795841+00:00
TIME run allocation action=skip run=/fslarge/scratch/users/h61084/codes/tsrag_time/outputs/tsrag/predictions/chronos_bolt_512/Coastal_T_S/15T/long/run_0 source_launch=selena_3452080 launch_id=selena_3506764 slurm_job_id=3506764 launched_at=2026-09-21T08:35:14.803609+00:00
TIME run allocation action=skip run=/fslarge/scratch/users/h61084/codes/tsrag_time/outputs/tsrag/predictions/chronos_bolt_512/Coastal_T_S/20T/short/run_0 source_launch=selena_3452080 launch_id=selena_3506764 slurm_job_id=3506764 launched_at=2026-09-21T08:35:14.810961+00:00
TIME run allocation action=skip run=/fslarge/scratch/users/h61084/codes/tsrag_time/outputs/tsrag/predictions/chronos_bolt_512/Coastal_T_S/20T/medium/run_0 source_launch=selena_3452080 launch_id=selena_3506764 slurm_job_id=3506764 launched_at=2026-09-21T08:35:14.818335+00:00
TIME run allocation action=skip run=/fslarge/scratch/users/h61084/codes/tsrag_time/outputs/tsrag/predictions/chronos_bolt_512/Coastal_T_S/20T/long/run_0 source_launch=selena_3452080 launch_id=selena_3506764 slurm_job_id=3506764 launched_at=2026-09-21T08:35:14.825680+00:00
TIME run allocation action=skip run=/fslarge/scratch/users/h61084/codes/tsrag_time/outputs/tsrag/predictions/chronos_bolt_512/Coastal_T_S/H/short/run_0 source_launch=selena_3452080 launch_id=selena_3506764 slurm_job_id=3506764 launched_at=2026-09-21T08:35:14.833068+00:00
TIME run allocation action=skip run=/fslarge/scratch/users/h61084/codes/tsrag_time/outputs/tsrag/predictions/chronos_bolt_512/Coastal_T_S/H/medium/run_0 source_launch=selena_3452080 launch_id=selena_3506764 slurm_job_id=3506764 launched_at=2026-09-21T08:35:14.840289+00:00
TIME run allocation action=skip run=/fslarge/scratch/users/h61084/codes/tsrag_time/outputs/tsrag/predictions/chronos_bolt_512/Coastal_T_S/H/long/run_0 source_launch=selena_3452080 launch_id=selena_3506764 slurm_job_id=3506764 launched_at=2026-09-21T08:35:14.847715+00:00
TIME run allocation action=skip run=/fslarge/scratch/users/h61084/codes/tsrag_time/outputs/tsrag/predictions/chronos_bolt_512/SG_Weather/D/short/run_0 source_launch=selena_3452080 launch_id=selena_3506764 slurm_job_id=3506764 launched_at=2026-09-21T08:35:14.855063+00:00
TIME run allocation action=skip run=/fslarge/scratch/users/h61084/codes/tsrag_time/outputs/tsrag/predictions/chronos_bolt_512/SG_Weather/D/medium/run_0 source_launch=selena_3452080 launch_id=selena_3506764 slurm_job_id=3506764 launched_at=2026-09-21T08:35:14.862534+00:00
TIME run allocation action=skip run=/fslarge/scratch/users/h61084/codes/tsrag_time/outputs/tsrag/predictions/chronos_bolt_512/SG_Weather/D/long/run_0 source_launch=selena_3452080 launch_id=selena_3506764 slurm_job_id=3506764 launched_at=2026-09-21T08:35:14.870051+00:00
TIME run allocation action=skip run=/fslarge/scratch/users/h61084/codes/tsrag_time/outputs/tsrag/predictions/chronos_bolt_512/SG_PM25/H/short/run_0 source_launch=selena_3452080 launch_id=selena_3506764 slurm_job_id=3506764 launched_at=2026-09-21T08:35:14.877269+00:00
TIME run allocation action=skip run=/fslarge/scratch/users/h61084/codes/tsrag_time/outputs/tsrag/predictions/chronos_bolt_512/SG_PM25/H/medium/run_0 source_launch=selena_3452080 launch_id=selena_3506764 slurm_job_id=3506764 launched_at=2026-09-21T08:35:14.884262+00:00
TIME run allocation action=skip run=/fslarge/scratch/users/h61084/codes/tsrag_time/outputs/tsrag/predictions/chronos_bolt_512/SG_PM25/H/long/run_0 source_launch=selena_3452080 launch_id=selena_3506764 slurm_job_id=3506764 launched_at=2026-09-21T08:35:14.891398+00:00
TIME run allocation action=skip run=/fslarge/scratch/users/h61084/codes/tsrag_time/outputs/tsrag/predictions/chronos_bolt_512/NE_China_Wind/H/short/run_0 source_launch=selena_3452080 launch_id=selena_3506764 slurm_job_id=3506764 launched_at=2026-09-21T08:35:14.898965+00:00
TIME run allocation action=skip run=/fslarge/scratch/users/h61084/codes/tsrag_time/outputs/tsrag/predictions/chronos_bolt_512/NE_China_Wind/H/medium/run_0 source_launch=selena_3452080 launch_id=selena_3506764 slurm_job_id=3506764 launched_at=2026-09-21T08:35:14.906188+00:00
TIME run allocation action=skip run=/fslarge/scratch/users/h61084/codes/tsrag_time/outputs/tsrag/predictions/chronos_bolt_512/NE_China_Wind/H/long/run_0 source_launch=selena_3452080 launch_id=selena_3506764 slurm_job_id=3506764 launched_at=2026-09-21T08:35:14.913640+00:00
TIME run allocation action=skip run=/fslarge/scratch/users/h61084/codes/tsrag_time/outputs/tsrag/predictions/chronos_bolt_512/Australia_Solar/H/short/run_0 source_launch=selena_3452080 launch_id=selena_3506764 slurm_job_id=3506764 launched_at=2026-09-21T08:35:14.921192+00:00
TIME run allocation action=skip run=/fslarge/scratch/users/h61084/codes/tsrag_time/outputs/tsrag/predictions/chronos_bolt_512/Australia_Solar/H/medium/run_0 source_launch=selena_3452080 launch_id=selena_3506764 slurm_job_id=3506764 launched_at=2026-09-21T08:35:14.928581+00:00
TIME run allocation action=skip run=/fslarge/scratch/users/h61084/codes/tsrag_time/outputs/tsrag/predictions/chronos_bolt_512/Australia_Solar/H/long/run_0 source_launch=selena_3452080 launch_id=selena_3506764 slurm_job_id=3506764 launched_at=2026-09-21T08:35:14.936044+00:00
TIME run allocation action=skip run=/fslarge/scratch/users/h61084/codes/tsrag_time/outputs/tsrag/predictions/chronos_bolt_512/epf_electricity_price/H/short/run_0 source_launch=selena_3452080 launch_id=selena_3506764 slurm_job_id=3506764 launched_at=2026-09-21T08:35:14.943491+00:00
TIME run allocation action=skip run=/fslarge/scratch/users/h61084/codes/tsrag_time/outputs/tsrag/predictions/chronos_bolt_512/epf_electricity_price/H/medium/run_0 source_launch=selena_3452080 launch_id=selena_3506764 slurm_job_id=3506764 launched_at=2026-09-21T08:35:14.951000+00:00
TIME run allocation action=skip run=/fslarge/scratch/users/h61084/codes/tsrag_time/outputs/tsrag/predictions/chronos_bolt_512/epf_electricity_price/H/long/run_0 source_launch=selena_3452080 launch_id=selena_3506764 slurm_job_id=3506764 launched_at=2026-09-21T08:35:14.958325+00:00
TIME run allocation action=skip run=/fslarge/scratch/users/h61084/codes/tsrag_time/outputs/tsrag/predictions/chronos_bolt_512/OpenElectricity_NEM/5T/short/run_0 source_launch=selena_3452080 launch_id=selena_3506764 slurm_job_id=3506764 launched_at=2026-09-21T08:35:14.965766+00:00
TIME run allocation action=skip run=/fslarge/scratch/users/h61084/codes/tsrag_time/outputs/tsrag/predictions/chronos_bolt_512/OpenElectricity_NEM/5T/medium/run_0 source_launch=selena_3452080 launch_id=selena_3506764 slurm_job_id=3506764 launched_at=2026-09-21T08:35:14.973192+00:00
TIME run allocation action=skip run=/fslarge/scratch/users/h61084/codes/tsrag_time/outputs/tsrag/predictions/chronos_bolt_512/OpenElectricity_NEM/5T/long/run_0 source_launch=selena_3452080 launch_id=selena_3506764 slurm_job_id=3506764 launched_at=2026-09-21T08:35:14.980626+00:00
TIME run allocation action=skip run=/fslarge/scratch/users/h61084/codes/tsrag_time/outputs/tsrag/predictions/chronos_bolt_512/EWELD_Load/15T/short/run_0 source_launch=selena_3452080 launch_id=selena_3506764 slurm_job_id=3506764 launched_at=2026-09-21T08:35:14.988023+00:00
TIME run allocation action=skip run=/fslarge/scratch/users/h61084/codes/tsrag_time/outputs/tsrag/predictions/chronos_bolt_512/EWELD_Load/15T/medium/run_0 source_launch=selena_3452080 launch_id=selena_3506764 slurm_job_id=3506764 launched_at=2026-09-21T08:35:14.995447+00:00
TIME run allocation action=skip run=/fslarge/scratch/users/h61084/codes/tsrag_time/outputs/tsrag/predictions/chronos_bolt_512/EWELD_Load/15T/long/run_0 source_launch=selena_3452080 launch_id=selena_3506764 slurm_job_id=3506764 launched_at=2026-09-21T08:35:15.003159+00:00
TIME run allocation action=skip run=/fslarge/scratch/users/h61084/codes/tsrag_time/outputs/tsrag/predictions/chronos_bolt_512/SG_Carpark/15T/short/run_0 source_launch=selena_3452080 launch_id=selena_3506764 slurm_job_id=3506764 launched_at=2026-09-21T08:35:15.010703+00:00
TIME run allocation action=skip run=/fslarge/scratch/users/h61084/codes/tsrag_time/outputs/tsrag/predictions/chronos_bolt_512/SG_Carpark/15T/medium/run_0 source_launch=selena_3452080 launch_id=selena_3506764 slurm_job_id=3506764 launched_at=2026-09-21T08:35:15.018122+00:00
TIME run allocation action=skip run=/fslarge/scratch/users/h61084/codes/tsrag_time/outputs/tsrag/predictions/chronos_bolt_512/SG_Carpark/15T/long/run_0 source_launch=selena_3452080 launch_id=selena_3506764 slurm_job_id=3506764 launched_at=2026-09-21T08:35:15.025463+00:00
TIME run allocation action=skip run=/fslarge/scratch/users/h61084/codes/tsrag_time/outputs/tsrag/predictions/chronos_bolt_512/Finland_Traffic/15T/short/run_0 source_launch=selena_3452080 launch_id=selena_3506764 slurm_job_id=3506764 launched_at=2026-09-21T08:35:15.032900+00:00
TIME run allocation action=skip run=/fslarge/scratch/users/h61084/codes/tsrag_time/outputs/tsrag/predictions/chronos_bolt_512/Finland_Traffic/15T/medium/run_0 source_launch=selena_3452080 launch_id=selena_3506764 slurm_job_id=3506764 launched_at=2026-09-21T08:35:15.040189+00:00
TIME run allocation action=skip run=/fslarge/scratch/users/h61084/codes/tsrag_time/outputs/tsrag/predictions/chronos_bolt_512/Finland_Traffic/15T/long/run_0 source_launch=selena_3452080 launch_id=selena_3506764 slurm_job_id=3506764 launched_at=2026-09-21T08:35:15.047337+00:00
TIME run allocation action=skip run=/fslarge/scratch/users/h61084/codes/tsrag_time/outputs/tsrag/predictions/chronos_bolt_512/Port_Activity/D/short/run_0 source_launch=selena_3452080 launch_id=selena_3506764 slurm_job_id=3506764 launched_at=2026-09-21T08:35:15.054532+00:00
TIME run allocation action=skip run=/fslarge/scratch/users/h61084/codes/tsrag_time/outputs/tsrag/predictions/chronos_bolt_512/Port_Activity/W/short/run_0 source_launch=selena_3452080 launch_id=selena_3506764 slurm_job_id=3506764 launched_at=2026-09-21T08:35:15.061970+00:00
TIME run allocation action=skip run=/fslarge/scratch/users/h61084/codes/tsrag_time/outputs/tsrag/predictions/chronos_bolt_512/ECDC_COVID/D/short/run_0 source_launch=selena_3452080 launch_id=selena_3506764 slurm_job_id=3506764 launched_at=2026-09-21T08:35:15.069309+00:00
TIME run allocation action=skip run=/fslarge/scratch/users/h61084/codes/tsrag_time/outputs/tsrag/predictions/chronos_bolt_512/ECDC_COVID/W/short/run_0 source_launch=selena_3452080 launch_id=selena_3506764 slurm_job_id=3506764 launched_at=2026-09-21T08:35:15.076691+00:00
TIME run allocation action=skip run=/fslarge/scratch/users/h61084/codes/tsrag_time/outputs/tsrag/predictions/chronos_bolt_512/Global_Influenza/W/short/run_0 source_launch=selena_3452080 launch_id=selena_3506764 slurm_job_id=3506764 launched_at=2026-09-21T08:35:15.083962+00:00
TIME run allocation action=skip run=/fslarge/scratch/users/h61084/codes/tsrag_time/outputs/tsrag/predictions/chronos_bolt_512/Crypto/D/short/run_0 source_launch=selena_3452080 launch_id=selena_3506764 slurm_job_id=3506764 launched_at=2026-09-21T08:35:15.091315+00:00
TIME run allocation action=skip run=/fslarge/scratch/users/h61084/codes/tsrag_time/outputs/tsrag/predictions/chronos_bolt_512/US_Term_Structure/B/short/run_0 source_launch=selena_3452080 launch_id=selena_3506764 slurm_job_id=3506764 launched_at=2026-09-21T08:35:15.098672+00:00
TIME run allocation action=skip run=/fslarge/scratch/users/h61084/codes/tsrag_time/outputs/tsrag/predictions/chronos_bolt_512/Oil_Price/B/short/run_0 source_launch=selena_3452080 launch_id=selena_3506764 slurm_job_id=3506764 launched_at=2026-09-21T08:35:15.106086+00:00
TIME run allocation action=skip run=/fslarge/scratch/users/h61084/codes/tsrag_time/outputs/tsrag/predictions/chronos_bolt_512/Job_Claims/W/short/run_0 source_launch=selena_3452080 launch_id=selena_3506764 slurm_job_id=3506764 launched_at=2026-09-21T08:35:15.113412+00:00
TIME run allocation action=skip run=/fslarge/scratch/users/h61084/codes/tsrag_time/outputs/tsrag/predictions/chronos_bolt_512/Uncertainty_1M/M/short/run_0 source_launch=selena_3452080 launch_id=selena_3506764 slurm_job_id=3506764 launched_at=2026-09-21T08:35:15.120706+00:00
TIME run allocation action=skip run=/fslarge/scratch/users/h61084/codes/tsrag_time/outputs/tsrag/predictions/chronos_bolt_512/Housing_Inventory/M/short/run_0 source_launch=selena_3452080 launch_id=selena_3506764 slurm_job_id=3506764 launched_at=2026-09-21T08:35:15.127912+00:00
TIME run allocation action=skip run=/fslarge/scratch/users/h61084/codes/tsrag_time/outputs/tsrag/predictions/chronos_bolt_512/JOLTS/M/short/run_0 source_launch=selena_3452080 launch_id=selena_3506764 slurm_job_id=3506764 launched_at=2026-09-21T08:35:15.135154+00:00
TIME run allocation action=skip run=/fslarge/scratch/users/h61084/codes/tsrag_time/outputs/tsrag/predictions/chronos_bolt_512/US_Labor/M/short/run_0 source_launch=selena_3452080 launch_id=selena_3506764 slurm_job_id=3506764 launched_at=2026-09-21T08:35:15.142435+00:00
TIME run allocation action=skip run=/fslarge/scratch/users/h61084/codes/tsrag_time/outputs/tsrag/predictions/chronos_bolt_512/Vehicle_Supply/M/short/run_0 source_launch=selena_3452080 launch_id=selena_3506764 slurm_job_id=3506764 launched_at=2026-09-21T08:35:15.149857+00:00
TIME run allocation action=skip run=/fslarge/scratch/users/h61084/codes/tsrag_time/outputs/tsrag/predictions/chronos_bolt_512/Auto_Production_SF/M/short/run_0 source_launch=selena_3452080 launch_id=selena_3506764 slurm_job_id=3506764 launched_at=2026-09-21T08:35:15.157195+00:00
TIME run allocation action=skip run=/fslarge/scratch/users/h61084/codes/tsrag_time/outputs/tsrag/predictions/chronos_bolt_512/Commodity_Production/M/short/run_0 source_launch=selena_3452080 launch_id=selena_3506764 slurm_job_id=3506764 launched_at=2026-09-21T08:35:15.164461+00:00
TIME run allocation action=skip run=/fslarge/scratch/users/h61084/codes/tsrag_time/outputs/tsrag/predictions/chronos_bolt_512/Commodity_Import/M/short/run_0 source_launch=selena_3452080 launch_id=selena_3506764 slurm_job_id=3506764 launched_at=2026-09-21T08:35:15.171799+00:00
TIME run allocation action=skip run=/fslarge/scratch/users/h61084/codes/tsrag_time/outputs/tsrag/predictions/chronos_bolt_512/WUI_Global/Q/short/run_0 source_launch=selena_3452080 launch_id=selena_3506764 slurm_job_id=3506764 launched_at=2026-09-21T08:35:15.179190+00:00
TIME run allocation action=skip run=/fslarge/scratch/users/h61084/codes/tsrag_time/outputs/tsrag/predictions/chronos_bolt_512/Global_Price/Q/short/run_0 source_launch=selena_3452080 launch_id=selena_3506764 slurm_job_id=3506764 launched_at=2026-09-21T08:35:15.186735+00:00
TIME run allocation action=skip run=/fslarge/scratch/users/h61084/codes/tsrag_time/outputs/tsrag/predictions/chronos_bolt_512/Vehicle_Sales/M/short/run_0 source_launch=selena_3452080 launch_id=selena_3506764 slurm_job_id=3506764 launched_at=2026-09-21T08:35:15.194193+00:00
TIME run allocation action=skip run=/fslarge/scratch/users/h61084/codes/tsrag_time/outputs/tsrag/predictions/chronos_bolt_512/Online_Retail_2_UCI/D/short/run_0 source_launch=selena_3452080 launch_id=selena_3506764 slurm_job_id=3506764 launched_at=2026-09-21T08:35:15.201658+00:00
TIME run allocation action=skip run=/fslarge/scratch/users/h61084/codes/tsrag_time/outputs/tsrag/predictions/chronos_bolt_512/Supply_Chain_Customer/D/short/run_0 source_launch=selena_3452080 launch_id=selena_3506764 slurm_job_id=3506764 launched_at=2026-09-21T08:35:15.209234+00:00
TIME run allocation action=skip run=/fslarge/scratch/users/h61084/codes/tsrag_time/outputs/tsrag/predictions/chronos_bolt_512/Supply_Chain_Location/D/short/run_0 source_launch=selena_3452080 launch_id=selena_3506764 slurm_job_id=3506764 launched_at=2026-09-21T08:35:15.216490+00:00
TIME run allocation action=skip run=/fslarge/scratch/users/h61084/codes/tsrag_time/outputs/tsrag/predictions/chronos_bolt_512/azure2019_U/5T/short/run_0 source_launch=selena_3452080 launch_id=selena_3506764 slurm_job_id=3506764 launched_at=2026-09-21T08:35:15.223884+00:00
TIME run allocation action=skip run=/fslarge/scratch/users/h61084/codes/tsrag_time/outputs/tsrag/predictions/chronos_bolt_512/Smart_Manufacturing/H/short/run_0 source_launch=selena_3452080 launch_id=selena_3506764 slurm_job_id=3506764 launched_at=2026-09-21T08:35:15.231259+00:00
TIME run allocation action=skip run=/fslarge/scratch/users/h61084/codes/tsrag_time/outputs/tsrag/predictions/chronos_bolt_512/Smart_Manufacturing/H/medium/run_0 source_launch=selena_3452080 launch_id=selena_3506764 slurm_job_id=3506764 launched_at=2026-09-21T08:35:15.238779+00:00
TIME run allocation action=skip run=/fslarge/scratch/users/h61084/codes/tsrag_time/outputs/tsrag/predictions/chronos_bolt_512/Smart_Manufacturing/H/long/run_0 source_launch=selena_3452080 launch_id=selena_3506764 slurm_job_id=3506764 launched_at=2026-09-21T08:35:15.245986+00:00
TIME run allocation action=skip run=/fslarge/scratch/users/h61084/codes/tsrag_time/outputs/tsrag/predictions/chronos_bolt_512/MetroPT-3/5T/short/run_0 source_launch=selena_3452080 launch_id=selena_3506764 slurm_job_id=3506764 launched_at=2026-09-21T08:35:15.253189+00:00
TIME run allocation action=skip run=/fslarge/scratch/users/h61084/codes/tsrag_time/outputs/tsrag/predictions/chronos_bolt_512/MetroPT-3/5T/medium/run_0 source_launch=selena_3452080 launch_id=selena_3506764 slurm_job_id=3506764 launched_at=2026-09-21T08:35:15.260536+00:00
TIME run allocation action=skip run=/fslarge/scratch/users/h61084/codes/tsrag_time/outputs/tsrag/predictions/chronos_bolt_512/MetroPT-3/5T/long/run_0 source_launch=selena_3452080 launch_id=selena_3506764 slurm_job_id=3506764 launched_at=2026-09-21T08:35:15.267827+00:00
TIME run allocation action=skip run=/fslarge/scratch/users/h61084/codes/tsrag_time/outputs/tsrag/predictions/chronos_bolt_max/Water_Quality_Darwin/15T/short/run_0 source_launch=selena_3452080 launch_id=selena_3506764 slurm_job_id=3506764 launched_at=2026-09-21T08:35:15.274691+00:00
TIME run allocation action=skip run=/fslarge/scratch/users/h61084/codes/tsrag_time/outputs/tsrag/predictions/chronos_bolt_max/Water_Quality_Darwin/15T/medium/run_0 source_launch=selena_3452080 launch_id=selena_3506764 slurm_job_id=3506764 launched_at=2026-09-21T08:35:15.281552+00:00
TIME run allocation action=skip run=/fslarge/scratch/users/h61084/codes/tsrag_time/outputs/tsrag/predictions/chronos_bolt_max/Water_Quality_Darwin/15T/long/run_0 source_launch=selena_3452080 launch_id=selena_3506764 slurm_job_id=3506764 launched_at=2026-09-21T08:35:15.288596+00:00
TIME run allocation action=skip run=/fslarge/scratch/users/h61084/codes/tsrag_time/outputs/tsrag/predictions/chronos_bolt_max/current_velocity/5T/short/run_0 source_launch=selena_3452080 launch_id=selena_3506764 slurm_job_id=3506764 launched_at=2026-09-21T08:35:15.295605+00:00
TIME run allocation action=skip run=/fslarge/scratch/users/h61084/codes/tsrag_time/outputs/tsrag/predictions/chronos_bolt_max/current_velocity/5T/medium/run_0 source_launch=selena_3452080 launch_id=selena_3506764 slurm_job_id=3506764 launched_at=2026-09-21T08:35:15.302465+00:00
TIME run allocation action=skip run=/fslarge/scratch/users/h61084/codes/tsrag_time/outputs/tsrag/predictions/chronos_bolt_max/current_velocity/5T/long/run_0 source_launch=selena_3452080 launch_id=selena_3506764 slurm_job_id=3506764 launched_at=2026-09-21T08:35:15.309392+00:00
TIME run allocation action=skip run=/fslarge/scratch/users/h61084/codes/tsrag_time/outputs/tsrag/predictions/chronos_bolt_max/current_velocity/10T/short/run_0 source_launch=selena_3452080 launch_id=selena_3506764 slurm_job_id=3506764 launched_at=2026-09-21T08:35:15.316387+00:00
TIME run allocation action=skip run=/fslarge/scratch/users/h61084/codes/tsrag_time/outputs/tsrag/predictions/chronos_bolt_max/current_velocity/10T/medium/run_0 source_launch=selena_3452080 launch_id=selena_3506764 slurm_job_id=3506764 launched_at=2026-09-21T08:35:15.323280+00:00
TIME run allocation action=skip run=/fslarge/scratch/users/h61084/codes/tsrag_time/outputs/tsrag/predictions/chronos_bolt_max/current_velocity/10T/long/run_0 source_launch=selena_3452080 launch_id=selena_3506764 slurm_job_id=3506764 launched_at=2026-09-21T08:35:15.330118+00:00
TIME run allocation action=skip run=/fslarge/scratch/users/h61084/codes/tsrag_time/outputs/tsrag/predictions/chronos_bolt_max/current_velocity/15T/short/run_0 source_launch=selena_3452080 launch_id=selena_3506764 slurm_job_id=3506764 launched_at=2026-09-21T08:35:15.336955+00:00
TIME run allocation action=skip run=/fslarge/scratch/users/h61084/codes/tsrag_time/outputs/tsrag/predictions/chronos_bolt_max/current_velocity/15T/medium/run_0 source_launch=selena_3452080 launch_id=selena_3506764 slurm_job_id=3506764 launched_at=2026-09-21T08:35:15.343810+00:00
TIME run allocation action=skip run=/fslarge/scratch/users/h61084/codes/tsrag_time/outputs/tsrag/predictions/chronos_bolt_max/current_velocity/15T/long/run_0 source_launch=selena_3452080 launch_id=selena_3506764 slurm_job_id=3506764 launched_at=2026-09-21T08:35:15.350731+00:00
TIME run allocation action=skip run=/fslarge/scratch/users/h61084/codes/tsrag_time/outputs/tsrag/predictions/chronos_bolt_max/current_velocity/H/short/run_0 source_launch=selena_3452080 launch_id=selena_3506764 slurm_job_id=3506764 launched_at=2026-09-21T08:35:15.357459+00:00
TIME run allocation action=skip run=/fslarge/scratch/users/h61084/codes/tsrag_time/outputs/tsrag/predictions/chronos_bolt_max/current_velocity/H/medium/run_0 source_launch=selena_3452080 launch_id=selena_3506764 slurm_job_id=3506764 launched_at=2026-09-21T08:35:15.364510+00:00
TIME run allocation action=skip run=/fslarge/scratch/users/h61084/codes/tsrag_time/outputs/tsrag/predictions/chronos_bolt_max/current_velocity/H/long/run_0 source_launch=selena_3452080 launch_id=selena_3506764 slurm_job_id=3506764 launched_at=2026-09-21T08:35:15.371410+00:00
TIME run allocation action=skip run=/fslarge/scratch/users/h61084/codes/tsrag_time/outputs/tsrag/predictions/chronos_bolt_max/CPHL/15T/short/run_0 source_launch=selena_3452080 launch_id=selena_3506764 slurm_job_id=3506764 launched_at=2026-09-21T08:35:15.378335+00:00
TIME run allocation action=skip run=/fslarge/scratch/users/h61084/codes/tsrag_time/outputs/tsrag/predictions/chronos_bolt_max/CPHL/15T/medium/run_0 source_launch=selena_3452080 launch_id=selena_3506764 slurm_job_id=3506764 launched_at=2026-09-21T08:35:15.385289+00:00
TIME run allocation action=skip run=/fslarge/scratch/users/h61084/codes/tsrag_time/outputs/tsrag/predictions/chronos_bolt_max/CPHL/15T/long/run_0 source_launch=selena_3452080 launch_id=selena_3506764 slurm_job_id=3506764 launched_at=2026-09-21T08:35:15.392038+00:00
TIME run allocation action=skip run=/fslarge/scratch/users/h61084/codes/tsrag_time/outputs/tsrag/predictions/chronos_bolt_max/CPHL/30T/short/run_0 source_launch=selena_3452080 launch_id=selena_3506764 slurm_job_id=3506764 launched_at=2026-09-21T08:35:15.399033+00:00
TIME run allocation action=skip run=/fslarge/scratch/users/h61084/codes/tsrag_time/outputs/tsrag/predictions/chronos_bolt_max/CPHL/30T/medium/run_0 source_launch=selena_3452080 launch_id=selena_3506764 slurm_job_id=3506764 launched_at=2026-09-21T08:35:15.405951+00:00
TIME run allocation action=skip run=/fslarge/scratch/users/h61084/codes/tsrag_time/outputs/tsrag/predictions/chronos_bolt_max/CPHL/30T/long/run_0 source_launch=selena_3452080 launch_id=selena_3506764 slurm_job_id=3506764 launched_at=2026-09-21T08:35:15.412823+00:00
TIME run allocation action=skip run=/fslarge/scratch/users/h61084/codes/tsrag_time/outputs/tsrag/predictions/chronos_bolt_max/CPHL/H/short/run_0 source_launch=selena_3452080 launch_id=selena_3506764 slurm_job_id=3506764 launched_at=2026-09-21T08:35:15.419806+00:00
TIME run allocation action=skip run=/fslarge/scratch/users/h61084/codes/tsrag_time/outputs/tsrag/predictions/chronos_bolt_max/CPHL/H/medium/run_0 source_launch=selena_3452080 launch_id=selena_3506764 slurm_job_id=3506764 launched_at=2026-09-21T08:35:15.426715+00:00
TIME run allocation action=skip run=/fslarge/scratch/users/h61084/codes/tsrag_time/outputs/tsrag/predictions/chronos_bolt_max/CPHL/H/long/run_0 source_launch=selena_3452080 launch_id=selena_3506764 slurm_job_id=3506764 launched_at=2026-09-21T08:35:15.433552+00:00
TIME run allocation action=skip run=/fslarge/scratch/users/h61084/codes/tsrag_time/outputs/tsrag/predictions/chronos_bolt_max/Coastal_T_S/15T/short/run_0 source_launch=selena_3452080 launch_id=selena_3506764 slurm_job_id=3506764 launched_at=2026-09-21T08:35:15.440421+00:00
TIME run allocation action=skip run=/fslarge/scratch/users/h61084/codes/tsrag_time/outputs/tsrag/predictions/chronos_bolt_max/Coastal_T_S/15T/medium/run_0 source_launch=selena_3452080 launch_id=selena_3506764 slurm_job_id=3506764 launched_at=2026-09-21T08:35:15.447444+00:00
TIME run allocation action=skip run=/fslarge/scratch/users/h61084/codes/tsrag_time/outputs/tsrag/predictions/chronos_bolt_max/Coastal_T_S/15T/long/run_0 source_launch=selena_3452080 launch_id=selena_3506764 slurm_job_id=3506764 launched_at=2026-09-21T08:35:15.454332+00:00
TIME run allocation action=skip run=/fslarge/scratch/users/h61084/codes/tsrag_time/outputs/tsrag/predictions/chronos_bolt_max/Coastal_T_S/20T/short/run_0 source_launch=selena_3452080 launch_id=selena_3506764 slurm_job_id=3506764 launched_at=2026-09-21T08:35:15.461414+00:00
TIME run allocation action=skip run=/fslarge/scratch/users/h61084/codes/tsrag_time/outputs/tsrag/predictions/chronos_bolt_max/Coastal_T_S/20T/medium/run_0 source_launch=selena_3452080 launch_id=selena_3506764 slurm_job_id=3506764 launched_at=2026-09-21T08:35:15.468387+00:00
TIME run allocation action=skip run=/fslarge/scratch/users/h61084/codes/tsrag_time/outputs/tsrag/predictions/chronos_bolt_max/Coastal_T_S/20T/long/run_0 source_launch=selena_3452080 launch_id=selena_3506764 slurm_job_id=3506764 launched_at=2026-09-21T08:35:15.475177+00:00
TIME run allocation action=skip run=/fslarge/scratch/users/h61084/codes/tsrag_time/outputs/tsrag/predictions/chronos_bolt_max/Coastal_T_S/H/short/run_0 source_launch=selena_3452080 launch_id=selena_3506764 slurm_job_id=3506764 launched_at=2026-09-21T08:35:15.481992+00:00
TIME run allocation action=skip run=/fslarge/scratch/users/h61084/codes/tsrag_time/outputs/tsrag/predictions/chronos_bolt_max/Coastal_T_S/H/medium/run_0 source_launch=selena_3452080 launch_id=selena_3506764 slurm_job_id=3506764 launched_at=2026-09-21T08:35:15.488942+00:00
TIME run allocation action=skip run=/fslarge/scratch/users/h61084/codes/tsrag_time/outputs/tsrag/predictions/chronos_bolt_max/Coastal_T_S/H/long/run_0 source_launch=selena_3452080 launch_id=selena_3506764 slurm_job_id=3506764 launched_at=2026-09-21T08:35:15.495710+00:00
TIME run allocation action=skip run=/fslarge/scratch/users/h61084/codes/tsrag_time/outputs/tsrag/predictions/chronos_bolt_max/SG_Weather/D/short/run_0 source_launch=selena_3452080 launch_id=selena_3506764 slurm_job_id=3506764 launched_at=2026-09-21T08:35:15.502719+00:00
TIME run allocation action=skip run=/fslarge/scratch/users/h61084/codes/tsrag_time/outputs/tsrag/predictions/chronos_bolt_max/SG_Weather/D/medium/run_0 source_launch=selena_3452080 launch_id=selena_3506764 slurm_job_id=3506764 launched_at=2026-09-21T08:35:15.509536+00:00
TIME run allocation action=skip run=/fslarge/scratch/users/h61084/codes/tsrag_time/outputs/tsrag/predictions/chronos_bolt_max/SG_Weather/D/long/run_0 source_launch=selena_3452080 launch_id=selena_3506764 slurm_job_id=3506764 launched_at=2026-09-21T08:35:15.516318+00:00
TIME run allocation action=skip run=/fslarge/scratch/users/h61084/codes/tsrag_time/outputs/tsrag/predictions/chronos_bolt_max/SG_PM25/H/short/run_0 source_launch=selena_3452080 launch_id=selena_3506764 slurm_job_id=3506764 launched_at=2026-09-21T08:35:15.523064+00:00
TIME run allocation action=skip run=/fslarge/scratch/users/h61084/codes/tsrag_time/outputs/tsrag/predictions/chronos_bolt_max/SG_PM25/H/medium/run_0 source_launch=selena_3452080 launch_id=selena_3506764 slurm_job_id=3506764 launched_at=2026-09-21T08:35:15.529821+00:00
TIME run allocation action=skip run=/fslarge/scratch/users/h61084/codes/tsrag_time/outputs/tsrag/predictions/chronos_bolt_max/SG_PM25/H/long/run_0 source_launch=selena_3452080 launch_id=selena_3506764 slurm_job_id=3506764 launched_at=2026-09-21T08:35:15.536668+00:00
TIME run allocation action=skip run=/fslarge/scratch/users/h61084/codes/tsrag_time/outputs/tsrag/predictions/chronos_bolt_max/NE_China_Wind/H/short/run_0 source_launch=selena_3452080 launch_id=selena_3506764 slurm_job_id=3506764 launched_at=2026-09-21T08:35:15.543416+00:00
TIME run allocation action=skip run=/fslarge/scratch/users/h61084/codes/tsrag_time/outputs/tsrag/predictions/chronos_bolt_max/NE_China_Wind/H/medium/run_0 source_launch=selena_3452080 launch_id=selena_3506764 slurm_job_id=3506764 launched_at=2026-09-21T08:35:15.550305+00:00
TIME run allocation action=skip run=/fslarge/scratch/users/h61084/codes/tsrag_time/outputs/tsrag/predictions/chronos_bolt_max/NE_China_Wind/H/long/run_0 source_launch=selena_3452080 launch_id=selena_3506764 slurm_job_id=3506764 launched_at=2026-09-21T08:35:15.557107+00:00
TIME run allocation action=skip run=/fslarge/scratch/users/h61084/codes/tsrag_time/outputs/tsrag/predictions/chronos_bolt_max/Australia_Solar/H/short/run_0 source_launch=selena_3452080 launch_id=selena_3506764 slurm_job_id=3506764 launched_at=2026-09-21T08:35:15.563970+00:00
TIME run allocation action=skip run=/fslarge/scratch/users/h61084/codes/tsrag_time/outputs/tsrag/predictions/chronos_bolt_max/Australia_Solar/H/medium/run_0 source_launch=selena_3452080 launch_id=selena_3506764 slurm_job_id=3506764 launched_at=2026-09-21T08:35:15.570931+00:00
TIME run allocation action=skip run=/fslarge/scratch/users/h61084/codes/tsrag_time/outputs/tsrag/predictions/chronos_bolt_max/Australia_Solar/H/long/run_0 source_launch=selena_3452080 launch_id=selena_3506764 slurm_job_id=3506764 launched_at=2026-09-21T08:35:15.577733+00:00
TIME run allocation action=skip run=/fslarge/scratch/users/h61084/codes/tsrag_time/outputs/tsrag/predictions/chronos_bolt_max/epf_electricity_price/H/short/run_0 source_launch=selena_3452080 launch_id=selena_3506764 slurm_job_id=3506764 launched_at=2026-09-21T08:35:15.584617+00:00
TIME run allocation action=skip run=/fslarge/scratch/users/h61084/codes/tsrag_time/outputs/tsrag/predictions/chronos_bolt_max/epf_electricity_price/H/medium/run_0 source_launch=selena_3452080 launch_id=selena_3506764 slurm_job_id=3506764 launched_at=2026-09-21T08:35:15.591493+00:00
TIME run allocation action=skip run=/fslarge/scratch/users/h61084/codes/tsrag_time/outputs/tsrag/predictions/chronos_bolt_max/epf_electricity_price/H/long/run_0 source_launch=selena_3452080 launch_id=selena_3506764 slurm_job_id=3506764 launched_at=2026-09-21T08:35:15.598161+00:00
TIME run allocation action=skip run=/fslarge/scratch/users/h61084/codes/tsrag_time/outputs/tsrag/predictions/chronos_bolt_max/OpenElectricity_NEM/5T/short/run_0 source_launch=selena_3452080 launch_id=selena_3506764 slurm_job_id=3506764 launched_at=2026-09-21T08:35:15.604852+00:00
TIME run allocation action=skip run=/fslarge/scratch/users/h61084/codes/tsrag_time/outputs/tsrag/predictions/chronos_bolt_max/OpenElectricity_NEM/5T/medium/run_0 source_launch=selena_3452080 launch_id=selena_3506764 slurm_job_id=3506764 launched_at=2026-09-21T08:35:15.611806+00:00
TIME run allocation action=skip run=/fslarge/scratch/users/h61084/codes/tsrag_time/outputs/tsrag/predictions/chronos_bolt_max/OpenElectricity_NEM/5T/long/run_0 source_launch=selena_3452080 launch_id=selena_3506764 slurm_job_id=3506764 launched_at=2026-09-21T08:35:15.618730+00:00
TIME run allocation action=skip run=/fslarge/scratch/users/h61084/codes/tsrag_time/outputs/tsrag/predictions/chronos_bolt_max/EWELD_Load/15T/short/run_0 source_launch=selena_3452080 launch_id=selena_3506764 slurm_job_id=3506764 launched_at=2026-09-21T08:35:15.625749+00:00
TIME run allocation action=skip run=/fslarge/scratch/users/h61084/codes/tsrag_time/outputs/tsrag/predictions/chronos_bolt_max/EWELD_Load/15T/medium/run_0 source_launch=selena_3452080 launch_id=selena_3506764 slurm_job_id=3506764 launched_at=2026-09-21T08:35:15.632523+00:00
TIME run allocation action=skip run=/fslarge/scratch/users/h61084/codes/tsrag_time/outputs/tsrag/predictions/chronos_bolt_max/EWELD_Load/15T/long/run_0 source_launch=selena_3452080 launch_id=selena_3506764 slurm_job_id=3506764 launched_at=2026-09-21T08:35:15.639307+00:00
TIME run allocation action=skip run=/fslarge/scratch/users/h61084/codes/tsrag_time/outputs/tsrag/predictions/chronos_bolt_max/SG_Carpark/15T/short/run_0 source_launch=selena_3452080 launch_id=selena_3506764 slurm_job_id=3506764 launched_at=2026-09-21T08:35:15.646106+00:00
TIME run allocation action=skip run=/fslarge/scratch/users/h61084/codes/tsrag_time/outputs/tsrag/predictions/chronos_bolt_max/SG_Carpark/15T/medium/run_0 source_launch=selena_3452080 launch_id=selena_3506764 slurm_job_id=3506764 launched_at=2026-09-21T08:35:15.652939+00:00
TIME run allocation action=skip run=/fslarge/scratch/users/h61084/codes/tsrag_time/outputs/tsrag/predictions/chronos_bolt_max/SG_Carpark/15T/long/run_0 source_launch=selena_3452080 launch_id=selena_3506764 slurm_job_id=3506764 launched_at=2026-09-21T08:35:15.659755+00:00
TIME run allocation action=skip run=/fslarge/scratch/users/h61084/codes/tsrag_time/outputs/tsrag/predictions/chronos_bolt_max/Finland_Traffic/15T/short/run_0 source_launch=selena_3452080 launch_id=selena_3506764 slurm_job_id=3506764 launched_at=2026-09-21T08:35:15.666552+00:00
TIME run allocation action=skip run=/fslarge/scratch/users/h61084/codes/tsrag_time/outputs/tsrag/predictions/chronos_bolt_max/Finland_Traffic/15T/medium/run_0 source_launch=selena_3452080 launch_id=selena_3506764 slurm_job_id=3506764 launched_at=2026-09-21T08:35:15.673495+00:00
TIME run allocation action=skip run=/fslarge/scratch/users/h61084/codes/tsrag_time/outputs/tsrag/predictions/chronos_bolt_max/Finland_Traffic/15T/long/run_0 source_launch=selena_3452080 launch_id=selena_3506764 slurm_job_id=3506764 launched_at=2026-09-21T08:35:15.680339+00:00
TIME run allocation action=skip run=/fslarge/scratch/users/h61084/codes/tsrag_time/outputs/tsrag/predictions/chronos_bolt_max/Port_Activity/D/short/run_0 source_launch=selena_3452080 launch_id=selena_3506764 slurm_job_id=3506764 launched_at=2026-09-21T08:35:15.687134+00:00
TIME run allocation action=skip run=/fslarge/scratch/users/h61084/codes/tsrag_time/outputs/tsrag/predictions/chronos_bolt_max/Port_Activity/W/short/run_0 source_launch=selena_3452080 launch_id=selena_3506764 slurm_job_id=3506764 launched_at=2026-09-21T08:35:15.693947+00:00
TIME run allocation action=skip run=/fslarge/scratch/users/h61084/codes/tsrag_time/outputs/tsrag/predictions/chronos_bolt_max/ECDC_COVID/D/short/run_0 source_launch=selena_3452080 launch_id=selena_3506764 slurm_job_id=3506764 launched_at=2026-09-21T08:35:15.700743+00:00
TIME run allocation action=skip run=/fslarge/scratch/users/h61084/codes/tsrag_time/outputs/tsrag/predictions/chronos_bolt_max/ECDC_COVID/W/short/run_0 source_launch=selena_3452080 launch_id=selena_3506764 slurm_job_id=3506764 launched_at=2026-09-21T08:35:15.707654+00:00
TIME run allocation action=skip run=/fslarge/scratch/users/h61084/codes/tsrag_time/outputs/tsrag/predictions/chronos_bolt_max/Global_Influenza/W/short/run_0 source_launch=selena_3452080 launch_id=selena_3506764 slurm_job_id=3506764 launched_at=2026-09-21T08:35:15.714406+00:00
TIME run allocation action=skip run=/fslarge/scratch/users/h61084/codes/tsrag_time/outputs/tsrag/predictions/chronos_bolt_max/Crypto/D/short/run_0 source_launch=selena_3452080 launch_id=selena_3506764 slurm_job_id=3506764 launched_at=2026-09-21T08:35:15.721227+00:00
TIME run allocation action=skip run=/fslarge/scratch/users/h61084/codes/tsrag_time/outputs/tsrag/predictions/chronos_bolt_max/US_Term_Structure/B/short/run_0 source_launch=selena_3452080 launch_id=selena_3506764 slurm_job_id=3506764 launched_at=2026-09-21T08:35:15.728087+00:00
TIME run allocation action=skip run=/fslarge/scratch/users/h61084/codes/tsrag_time/outputs/tsrag/predictions/chronos_bolt_max/Oil_Price/B/short/run_0 source_launch=selena_3452080 launch_id=selena_3506764 slurm_job_id=3506764 launched_at=2026-09-21T08:35:15.734954+00:00
TIME run allocation action=skip run=/fslarge/scratch/users/h61084/codes/tsrag_time/outputs/tsrag/predictions/chronos_bolt_max/Job_Claims/W/short/run_0 source_launch=selena_3452080 launch_id=selena_3506764 slurm_job_id=3506764 launched_at=2026-09-21T08:35:15.741947+00:00
TIME run allocation action=skip run=/fslarge/scratch/users/h61084/codes/tsrag_time/outputs/tsrag/predictions/chronos_bolt_max/Uncertainty_1M/M/short/run_0 source_launch=selena_3452080 launch_id=selena_3506764 slurm_job_id=3506764 launched_at=2026-09-21T08:35:15.748963+00:00
TIME run allocation action=skip run=/fslarge/scratch/users/h61084/codes/tsrag_time/outputs/tsrag/predictions/chronos_bolt_max/Housing_Inventory/M/short/run_0 source_launch=selena_3452080 launch_id=selena_3506764 slurm_job_id=3506764 launched_at=2026-09-21T08:35:15.755800+00:00
TIME run allocation action=skip run=/fslarge/scratch/users/h61084/codes/tsrag_time/outputs/tsrag/predictions/chronos_bolt_max/JOLTS/M/short/run_0 source_launch=selena_3452080 launch_id=selena_3506764 slurm_job_id=3506764 launched_at=2026-09-21T08:35:15.762886+00:00
TIME run allocation action=skip run=/fslarge/scratch/users/h61084/codes/tsrag_time/outputs/tsrag/predictions/chronos_bolt_max/US_Labor/M/short/run_0 source_launch=selena_3452080 launch_id=selena_3506764 slurm_job_id=3506764 launched_at=2026-09-21T08:35:15.769956+00:00
TIME run allocation action=skip run=/fslarge/scratch/users/h61084/codes/tsrag_time/outputs/tsrag/predictions/chronos_bolt_max/Vehicle_Supply/M/short/run_0 source_launch=selena_3452080 launch_id=selena_3506764 slurm_job_id=3506764 launched_at=2026-09-21T08:35:15.776882+00:00
TIME run allocation action=skip run=/fslarge/scratch/users/h61084/codes/tsrag_time/outputs/tsrag/predictions/chronos_bolt_max/Auto_Production_SF/M/short/run_0 source_launch=selena_3452080 launch_id=selena_3506764 slurm_job_id=3506764 launched_at=2026-09-21T08:35:15.783888+00:00
TIME run allocation action=skip run=/fslarge/scratch/users/h61084/codes/tsrag_time/outputs/tsrag/predictions/chronos_bolt_max/Commodity_Production/M/short/run_0 source_launch=selena_3452080 launch_id=selena_3506764 slurm_job_id=3506764 launched_at=2026-09-21T08:35:15.790857+00:00
TIME run allocation action=skip run=/fslarge/scratch/users/h61084/codes/tsrag_time/outputs/tsrag/predictions/chronos_bolt_max/Commodity_Import/M/short/run_0 source_launch=selena_3452080 launch_id=selena_3506764 slurm_job_id=3506764 launched_at=2026-09-21T08:35:15.799411+00:00
TIME run allocation action=skip run=/fslarge/scratch/users/h61084/codes/tsrag_time/outputs/tsrag/predictions/chronos_bolt_max/WUI_Global/Q/short/run_0 source_launch=selena_3452080 launch_id=selena_3506764 slurm_job_id=3506764 launched_at=2026-09-21T08:35:15.806425+00:00
TIME run allocation action=skip run=/fslarge/scratch/users/h61084/codes/tsrag_time/outputs/tsrag/predictions/chronos_bolt_max/Global_Price/Q/short/run_0 source_launch=selena_3452080 launch_id=selena_3506764 slurm_job_id=3506764 launched_at=2026-09-21T08:35:15.813363+00:00
TIME run allocation action=skip run=/fslarge/scratch/users/h61084/codes/tsrag_time/outputs/tsrag/predictions/chronos_bolt_max/Vehicle_Sales/M/short/run_0 source_launch=selena_3452080 launch_id=selena_3506764 slurm_job_id=3506764 launched_at=2026-09-21T08:35:15.820328+00:00
TIME run allocation action=skip run=/fslarge/scratch/users/h61084/codes/tsrag_time/outputs/tsrag/predictions/chronos_bolt_max/Online_Retail_2_UCI/D/short/run_0 source_launch=selena_3452080 launch_id=selena_3506764 slurm_job_id=3506764 launched_at=2026-09-21T08:35:15.827246+00:00
TIME run allocation action=skip run=/fslarge/scratch/users/h61084/codes/tsrag_time/outputs/tsrag/predictions/chronos_bolt_max/Supply_Chain_Customer/D/short/run_0 source_launch=selena_3452080 launch_id=selena_3506764 slurm_job_id=3506764 launched_at=2026-09-21T08:35:15.834138+00:00
TIME run allocation action=skip run=/fslarge/scratch/users/h61084/codes/tsrag_time/outputs/tsrag/predictions/chronos_bolt_max/Supply_Chain_Location/D/short/run_0 source_launch=selena_3452080 launch_id=selena_3506764 slurm_job_id=3506764 launched_at=2026-09-21T08:35:15.841024+00:00
TIME run allocation action=skip run=/fslarge/scratch/users/h61084/codes/tsrag_time/outputs/tsrag/predictions/chronos_bolt_max/azure2019_U/5T/short/run_0 source_launch=selena_3452080 launch_id=selena_3506764 slurm_job_id=3506764 launched_at=2026-09-21T08:35:15.848019+00:00
TIME run allocation action=skip run=/fslarge/scratch/users/h61084/codes/tsrag_time/outputs/tsrag/predictions/chronos_bolt_max/Smart_Manufacturing/H/short/run_0 source_launch=selena_3452080 launch_id=selena_3506764 slurm_job_id=3506764 launched_at=2026-09-21T08:35:15.854857+00:00
TIME run allocation action=skip run=/fslarge/scratch/users/h61084/codes/tsrag_time/outputs/tsrag/predictions/chronos_bolt_max/Smart_Manufacturing/H/medium/run_0 source_launch=selena_3452080 launch_id=selena_3506764 slurm_job_id=3506764 launched_at=2026-09-21T08:35:15.861814+00:00
TIME run allocation action=skip run=/fslarge/scratch/users/h61084/codes/tsrag_time/outputs/tsrag/predictions/chronos_bolt_max/Smart_Manufacturing/H/long/run_0 source_launch=selena_3452080 launch_id=selena_3506764 slurm_job_id=3506764 launched_at=2026-09-21T08:35:15.868708+00:00
TIME run allocation action=skip run=/fslarge/scratch/users/h61084/codes/tsrag_time/outputs/tsrag/predictions/chronos_bolt_max/MetroPT-3/5T/short/run_0 source_launch=selena_3452080 launch_id=selena_3506764 slurm_job_id=3506764 launched_at=2026-09-21T08:35:15.875588+00:00
TIME run allocation action=skip run=/fslarge/scratch/users/h61084/codes/tsrag_time/outputs/tsrag/predictions/chronos_bolt_max/MetroPT-3/5T/medium/run_0 source_launch=selena_3452080 launch_id=selena_3506764 slurm_job_id=3506764 launched_at=2026-09-21T08:35:15.882566+00:00
TIME run allocation action=skip run=/fslarge/scratch/users/h61084/codes/tsrag_time/outputs/tsrag/predictions/chronos_bolt_max/MetroPT-3/5T/long/run_0 source_launch=selena_3452080 launch_id=selena_3506764 slurm_job_id=3506764 launched_at=2026-09-21T08:35:15.889552+00:00
TIME run allocation action=skip run=/fslarge/scratch/users/h61084/codes/tsrag_time/outputs/tsrag/predictions/chronos_t5_512/Water_Quality_Darwin/15T/short/run_0 source_launch=selena_3452080 launch_id=selena_3506764 slurm_job_id=3506764 launched_at=2026-09-21T08:35:15.896362+00:00
TIME run allocation action=skip run=/fslarge/scratch/users/h61084/codes/tsrag_time/outputs/tsrag/predictions/chronos_t5_512/Water_Quality_Darwin/15T/medium/run_0 source_launch=selena_3452080 launch_id=selena_3506764 slurm_job_id=3506764 launched_at=2026-09-21T08:35:15.903428+00:00
TIME run allocation action=skip run=/fslarge/scratch/users/h61084/codes/tsrag_time/outputs/tsrag/predictions/chronos_t5_512/Water_Quality_Darwin/15T/long/run_0 source_launch=selena_3452080 launch_id=selena_3506764 slurm_job_id=3506764 launched_at=2026-09-21T08:35:15.910267+00:00
TIME run allocation action=skip run=/fslarge/scratch/users/h61084/codes/tsrag_time/outputs/tsrag/predictions/chronos_t5_512/current_velocity/5T/short/run_0 source_launch=selena_3452080 launch_id=selena_3506764 slurm_job_id=3506764 launched_at=2026-09-21T08:35:15.917071+00:00
TIME run allocation action=skip run=/fslarge/scratch/users/h61084/codes/tsrag_time/outputs/tsrag/predictions/chronos_t5_512/current_velocity/5T/medium/run_0 source_launch=selena_3452080 launch_id=selena_3506764 slurm_job_id=3506764 launched_at=2026-09-21T08:35:15.923939+00:00
TIME run allocation action=skip run=/fslarge/scratch/users/h61084/codes/tsrag_time/outputs/tsrag/predictions/chronos_t5_512/current_velocity/5T/long/run_0 source_launch=selena_3452080 launch_id=selena_3506764 slurm_job_id=3506764 launched_at=2026-09-21T08:35:15.930852+00:00
TIME run allocation action=skip run=/fslarge/scratch/users/h61084/codes/tsrag_time/outputs/tsrag/predictions/chronos_t5_512/current_velocity/10T/short/run_0 source_launch=selena_3452080 launch_id=selena_3506764 slurm_job_id=3506764 launched_at=2026-09-21T08:35:15.937676+00:00
TIME run allocation action=skip run=/fslarge/scratch/users/h61084/codes/tsrag_time/outputs/tsrag/predictions/chronos_t5_512/current_velocity/10T/medium/run_0 source_launch=selena_3452080 launch_id=selena_3506764 slurm_job_id=3506764 launched_at=2026-09-21T08:35:15.944540+00:00
TIME run allocation action=skip run=/fslarge/scratch/users/h61084/codes/tsrag_time/outputs/tsrag/predictions/chronos_t5_512/current_velocity/10T/long/run_0 source_launch=selena_3452080 launch_id=selena_3506764 slurm_job_id=3506764 launched_at=2026-09-21T08:35:15.951491+00:00
TIME run allocation action=skip run=/fslarge/scratch/users/h61084/codes/tsrag_time/outputs/tsrag/predictions/chronos_t5_512/current_velocity/15T/short/run_0 source_launch=selena_3452080 launch_id=selena_3506764 slurm_job_id=3506764 launched_at=2026-09-21T08:35:15.958588+00:00
TIME run allocation action=skip run=/fslarge/scratch/users/h61084/codes/tsrag_time/outputs/tsrag/predictions/chronos_t5_512/current_velocity/15T/medium/run_0 source_launch=selena_3452080 launch_id=selena_3506764 slurm_job_id=3506764 launched_at=2026-09-21T08:35:15.965494+00:00
TIME run allocation action=skip run=/fslarge/scratch/users/h61084/codes/tsrag_time/outputs/tsrag/predictions/chronos_t5_512/current_velocity/15T/long/run_0 source_launch=selena_3452080 launch_id=selena_3506764 slurm_job_id=3506764 launched_at=2026-09-21T08:35:15.972480+00:00
TIME run allocation action=skip run=/fslarge/scratch/users/h61084/codes/tsrag_time/outputs/tsrag/predictions/chronos_t5_512/current_velocity/H/short/run_0 source_launch=selena_3452080 launch_id=selena_3506764 slurm_job_id=3506764 launched_at=2026-09-21T08:35:15.979561+00:00
TIME run allocation action=skip run=/fslarge/scratch/users/h61084/codes/tsrag_time/outputs/tsrag/predictions/chronos_t5_512/current_velocity/H/medium/run_0 source_launch=selena_3452080 launch_id=selena_3506764 slurm_job_id=3506764 launched_at=2026-09-21T08:35:15.986532+00:00
TIME run allocation action=skip run=/fslarge/scratch/users/h61084/codes/tsrag_time/outputs/tsrag/predictions/chronos_t5_512/current_velocity/H/long/run_0 source_launch=selena_3452080 launch_id=selena_3506764 slurm_job_id=3506764 launched_at=2026-09-21T08:35:15.993453+00:00
TIME run allocation action=skip run=/fslarge/scratch/users/h61084/codes/tsrag_time/outputs/tsrag/predictions/chronos_t5_512/CPHL/15T/short/run_0 source_launch=selena_3452080 launch_id=selena_3506764 slurm_job_id=3506764 launched_at=2026-09-21T08:35:16.000366+00:00
TIME run allocation action=skip run=/fslarge/scratch/users/h61084/codes/tsrag_time/outputs/tsrag/predictions/chronos_t5_512/CPHL/15T/medium/run_0 source_launch=selena_3452080 launch_id=selena_3506764 slurm_job_id=3506764 launched_at=2026-09-21T08:35:16.007301+00:00
TIME run allocation action=skip run=/fslarge/scratch/users/h61084/codes/tsrag_time/outputs/tsrag/predictions/chronos_t5_512/CPHL/15T/long/run_0 source_launch=selena_3452080 launch_id=selena_3506764 slurm_job_id=3506764 launched_at=2026-09-21T08:35:16.014210+00:00
TIME run allocation action=skip run=/fslarge/scratch/users/h61084/codes/tsrag_time/outputs/tsrag/predictions/chronos_t5_512/CPHL/30T/short/run_0 source_launch=selena_3452080 launch_id=selena_3506764 slurm_job_id=3506764 launched_at=2026-09-21T08:35:16.020974+00:00
TIME run allocation action=skip run=/fslarge/scratch/users/h61084/codes/tsrag_time/outputs/tsrag/predictions/chronos_t5_512/CPHL/30T/medium/run_0 source_launch=selena_3452080 launch_id=selena_3506764 slurm_job_id=3506764 launched_at=2026-09-21T08:35:16.027861+00:00
TIME run allocation action=skip run=/fslarge/scratch/users/h61084/codes/tsrag_time/outputs/tsrag/predictions/chronos_t5_512/CPHL/30T/long/run_0 source_launch=selena_3452080 launch_id=selena_3506764 slurm_job_id=3506764 launched_at=2026-09-21T08:35:16.034669+00:00
TIME run allocation action=skip run=/fslarge/scratch/users/h61084/codes/tsrag_time/outputs/tsrag/predictions/chronos_t5_512/CPHL/H/short/run_0 source_launch=selena_3452080 launch_id=selena_3506764 slurm_job_id=3506764 launched_at=2026-09-21T08:35:16.073751+00:00
TIME run allocation action=skip run=/fslarge/scratch/users/h61084/codes/tsrag_time/outputs/tsrag/predictions/chronos_t5_512/CPHL/H/medium/run_0 source_launch=selena_3452080 launch_id=selena_3506764 slurm_job_id=3506764 launched_at=2026-09-21T08:35:16.080938+00:00
TIME run allocation action=skip run=/fslarge/scratch/users/h61084/codes/tsrag_time/outputs/tsrag/predictions/chronos_t5_512/CPHL/H/long/run_0 source_launch=selena_3452080 launch_id=selena_3506764 slurm_job_id=3506764 launched_at=2026-09-21T08:35:16.087993+00:00
TIME run allocation action=skip run=/fslarge/scratch/users/h61084/codes/tsrag_time/outputs/tsrag/predictions/chronos_t5_512/Coastal_T_S/15T/short/run_0 source_launch=selena_3452080 launch_id=selena_3506764 slurm_job_id=3506764 launched_at=2026-09-21T08:35:16.094945+00:00
TIME run allocation action=skip run=/fslarge/scratch/users/h61084/codes/tsrag_time/outputs/tsrag/predictions/chronos_t5_512/Coastal_T_S/15T/medium/run_0 source_launch=selena_3452080 launch_id=selena_3506764 slurm_job_id=3506764 launched_at=2026-09-21T08:35:16.102010+00:00
TIME run allocation action=skip run=/fslarge/scratch/users/h61084/codes/tsrag_time/outputs/tsrag/predictions/chronos_t5_512/Coastal_T_S/15T/long/run_0 source_launch=selena_3452080 launch_id=selena_3506764 slurm_job_id=3506764 launched_at=2026-09-21T08:35:16.109096+00:00
TIME run allocation action=skip run=/fslarge/scratch/users/h61084/codes/tsrag_time/outputs/tsrag/predictions/chronos_t5_512/Coastal_T_S/20T/short/run_0 source_launch=selena_3452080 launch_id=selena_3506764 slurm_job_id=3506764 launched_at=2026-09-21T08:35:16.116087+00:00
TIME run allocation action=skip run=/fslarge/scratch/users/h61084/codes/tsrag_time/outputs/tsrag/predictions/chronos_t5_512/Coastal_T_S/20T/medium/run_0 source_launch=selena_3452080 launch_id=selena_3506764 slurm_job_id=3506764 launched_at=2026-09-21T08:35:16.123114+00:00
TIME run allocation action=skip run=/fslarge/scratch/users/h61084/codes/tsrag_time/outputs/tsrag/predictions/chronos_t5_512/Coastal_T_S/20T/long/run_0 source_launch=selena_3452080 launch_id=selena_3506764 slurm_job_id=3506764 launched_at=2026-09-21T08:35:16.129974+00:00
TIME run allocation action=skip run=/fslarge/scratch/users/h61084/codes/tsrag_time/outputs/tsrag/predictions/chronos_t5_512/Coastal_T_S/H/short/run_0 source_launch=selena_3452080 launch_id=selena_3506764 slurm_job_id=3506764 launched_at=2026-09-21T08:35:16.136720+00:00
TIME run allocation action=skip run=/fslarge/scratch/users/h61084/codes/tsrag_time/outputs/tsrag/predictions/chronos_t5_512/Coastal_T_S/H/medium/run_0 source_launch=selena_3452080 launch_id=selena_3506764 slurm_job_id=3506764 launched_at=2026-09-21T08:35:16.143754+00:00
TIME run allocation action=skip run=/fslarge/scratch/users/h61084/codes/tsrag_time/outputs/tsrag/predictions/chronos_t5_512/Coastal_T_S/H/long/run_0 source_launch=selena_3452080 launch_id=selena_3506764 slurm_job_id=3506764 launched_at=2026-09-21T08:35:16.150786+00:00
TIME run allocation action=skip run=/fslarge/scratch/users/h61084/codes/tsrag_time/outputs/tsrag/predictions/chronos_t5_512/SG_Weather/D/short/run_0 source_launch=selena_3452080 launch_id=selena_3506764 slurm_job_id=3506764 launched_at=2026-09-21T08:35:16.157647+00:00
TIME run allocation action=skip run=/fslarge/scratch/users/h61084/codes/tsrag_time/outputs/tsrag/predictions/chronos_t5_512/SG_Weather/D/medium/run_0 source_launch=selena_3452080 launch_id=selena_3506764 slurm_job_id=3506764 launched_at=2026-09-21T08:35:16.164496+00:00
TIME run allocation action=skip run=/fslarge/scratch/users/h61084/codes/tsrag_time/outputs/tsrag/predictions/chronos_t5_512/SG_Weather/D/long/run_0 source_launch=selena_3452080 launch_id=selena_3506764 slurm_job_id=3506764 launched_at=2026-09-21T08:35:16.171372+00:00
TIME run allocation action=skip run=/fslarge/scratch/users/h61084/codes/tsrag_time/outputs/tsrag/predictions/chronos_t5_512/SG_PM25/H/short/run_0 source_launch=selena_3452080 launch_id=selena_3506764 slurm_job_id=3506764 launched_at=2026-09-21T08:35:16.178304+00:00
TIME run allocation action=skip run=/fslarge/scratch/users/h61084/codes/tsrag_time/outputs/tsrag/predictions/chronos_t5_512/SG_PM25/H/medium/run_0 source_launch=selena_3452080 launch_id=selena_3506764 slurm_job_id=3506764 launched_at=2026-09-21T08:35:16.185231+00:00
TIME run allocation action=skip run=/fslarge/scratch/users/h61084/codes/tsrag_time/outputs/tsrag/predictions/chronos_t5_512/SG_PM25/H/long/run_0 source_launch=selena_3452080 launch_id=selena_3506764 slurm_job_id=3506764 launched_at=2026-09-21T08:35:16.193312+00:00
TIME run allocation action=skip run=/fslarge/scratch/users/h61084/codes/tsrag_time/outputs/tsrag/predictions/chronos_t5_512/NE_China_Wind/H/short/run_0 source_launch=selena_3452080 launch_id=selena_3506764 slurm_job_id=3506764 launched_at=2026-09-21T08:35:16.200200+00:00
TIME run allocation action=skip run=/fslarge/scratch/users/h61084/codes/tsrag_time/outputs/tsrag/predictions/chronos_t5_512/NE_China_Wind/H/medium/run_0 source_launch=selena_3452080 launch_id=selena_3506764 slurm_job_id=3506764 launched_at=2026-09-21T08:35:16.206936+00:00
TIME run allocation action=skip run=/fslarge/scratch/users/h61084/codes/tsrag_time/outputs/tsrag/predictions/chronos_t5_512/NE_China_Wind/H/long/run_0 source_launch=selena_3452080 launch_id=selena_3506764 slurm_job_id=3506764 launched_at=2026-09-21T08:35:16.213804+00:00
TIME run allocation action=skip run=/fslarge/scratch/users/h61084/codes/tsrag_time/outputs/tsrag/predictions/chronos_t5_512/Australia_Solar/H/short/run_0 source_launch=selena_3452080 launch_id=selena_3506764 slurm_job_id=3506764 launched_at=2026-09-21T08:35:16.220580+00:00
TIME run allocation action=skip run=/fslarge/scratch/users/h61084/codes/tsrag_time/outputs/tsrag/predictions/chronos_t5_512/Australia_Solar/H/medium/run_0 source_launch=selena_3452080 launch_id=selena_3506764 slurm_job_id=3506764 launched_at=2026-09-21T08:35:16.227448+00:00
TIME run allocation action=skip run=/fslarge/scratch/users/h61084/codes/tsrag_time/outputs/tsrag/predictions/chronos_t5_512/Australia_Solar/H/long/run_0 source_launch=selena_3452080 launch_id=selena_3506764 slurm_job_id=3506764 launched_at=2026-09-21T08:35:16.234319+00:00
TIME run allocation action=skip run=/fslarge/scratch/users/h61084/codes/tsrag_time/outputs/tsrag/predictions/chronos_t5_512/epf_electricity_price/H/short/run_0 source_launch=selena_3452080 launch_id=selena_3506764 slurm_job_id=3506764 launched_at=2026-09-21T08:35:16.241326+00:00
TIME run allocation action=skip run=/fslarge/scratch/users/h61084/codes/tsrag_time/outputs/tsrag/predictions/chronos_t5_512/epf_electricity_price/H/medium/run_0 source_launch=selena_3452080 launch_id=selena_3506764 slurm_job_id=3506764 launched_at=2026-09-21T08:35:16.248129+00:00
TIME run allocation action=skip run=/fslarge/scratch/users/h61084/codes/tsrag_time/outputs/tsrag/predictions/chronos_t5_512/epf_electricity_price/H/long/run_0 source_launch=selena_3452080 launch_id=selena_3506764 slurm_job_id=3506764 launched_at=2026-09-21T08:35:16.255074+00:00
TIME run allocation action=skip run=/fslarge/scratch/users/h61084/codes/tsrag_time/outputs/tsrag/predictions/chronos_t5_512/OpenElectricity_NEM/5T/short/run_0 source_launch=selena_3452080 launch_id=selena_3506764 slurm_job_id=3506764 launched_at=2026-09-21T08:35:16.261855+00:00
TIME run allocation action=skip run=/fslarge/scratch/users/h61084/codes/tsrag_time/outputs/tsrag/predictions/chronos_t5_512/OpenElectricity_NEM/5T/medium/run_0 source_launch=selena_3452080 launch_id=selena_3506764 slurm_job_id=3506764 launched_at=2026-09-21T08:35:16.268755+00:00
TIME run allocation action=skip run=/fslarge/scratch/users/h61084/codes/tsrag_time/outputs/tsrag/predictions/chronos_t5_512/OpenElectricity_NEM/5T/long/run_0 source_launch=selena_3452080 launch_id=selena_3506764 slurm_job_id=3506764 launched_at=2026-09-21T08:35:16.276371+00:00
TIME run allocation action=skip run=/fslarge/scratch/users/h61084/codes/tsrag_time/outputs/tsrag/predictions/chronos_t5_512/EWELD_Load/15T/short/run_0 source_launch=selena_3452080 launch_id=selena_3506764 slurm_job_id=3506764 launched_at=2026-09-21T08:35:16.283337+00:00
TIME run allocation action=skip run=/fslarge/scratch/users/h61084/codes/tsrag_time/outputs/tsrag/predictions/chronos_t5_512/EWELD_Load/15T/medium/run_0 source_launch=selena_3452080 launch_id=selena_3506764 slurm_job_id=3506764 launched_at=2026-09-21T08:35:16.290413+00:00
TIME run allocation action=skip run=/fslarge/scratch/users/h61084/codes/tsrag_time/outputs/tsrag/predictions/chronos_t5_512/EWELD_Load/15T/long/run_0 source_launch=selena_3452080 launch_id=selena_3506764 slurm_job_id=3506764 launched_at=2026-09-21T08:35:16.297234+00:00
TIME run allocation action=skip run=/fslarge/scratch/users/h61084/codes/tsrag_time/outputs/tsrag/predictions/chronos_t5_512/SG_Carpark/15T/short/run_0 source_launch=selena_3452080 launch_id=selena_3506764 slurm_job_id=3506764 launched_at=2026-09-21T08:35:16.304016+00:00
TIME run allocation action=skip run=/fslarge/scratch/users/h61084/codes/tsrag_time/outputs/tsrag/predictions/chronos_t5_512/SG_Carpark/15T/medium/run_0 source_launch=selena_3452080 launch_id=selena_3506764 slurm_job_id=3506764 launched_at=2026-09-21T08:35:16.310827+00:00
TIME run allocation action=skip run=/fslarge/scratch/users/h61084/codes/tsrag_time/outputs/tsrag/predictions/chronos_t5_512/SG_Carpark/15T/long/run_0 source_launch=selena_3452080 launch_id=selena_3506764 slurm_job_id=3506764 launched_at=2026-09-21T08:35:16.317738+00:00
TIME run allocation action=skip run=/fslarge/scratch/users/h61084/codes/tsrag_time/outputs/tsrag/predictions/chronos_t5_512/Finland_Traffic/15T/short/run_0 source_launch=selena_3452080 launch_id=selena_3506764 slurm_job_id=3506764 launched_at=2026-09-21T08:35:16.324745+00:00
TIME run allocation action=skip run=/fslarge/scratch/users/h61084/codes/tsrag_time/outputs/tsrag/predictions/chronos_t5_512/Finland_Traffic/15T/medium/run_0 source_launch=selena_3452080 launch_id=selena_3506764 slurm_job_id=3506764 launched_at=2026-09-21T08:35:16.331716+00:00
TIME run allocation action=skip run=/fslarge/scratch/users/h61084/codes/tsrag_time/outputs/tsrag/predictions/chronos_t5_512/Finland_Traffic/15T/long/run_0 source_launch=selena_3452080 launch_id=selena_3506764 slurm_job_id=3506764 launched_at=2026-09-21T08:35:16.340939+00:00
TIME run allocation action=skip run=/fslarge/scratch/users/h61084/codes/tsrag_time/outputs/tsrag/predictions/chronos_t5_512/Port_Activity/D/short/run_0 source_launch=selena_3452080 launch_id=selena_3506764 slurm_job_id=3506764 launched_at=2026-09-21T08:35:16.347685+00:00
TIME run allocation action=skip run=/fslarge/scratch/users/h61084/codes/tsrag_time/outputs/tsrag/predictions/chronos_t5_512/Port_Activity/W/short/run_0 source_launch=selena_3452080 launch_id=selena_3506764 slurm_job_id=3506764 launched_at=2026-09-21T08:35:16.354447+00:00
TIME run allocation action=skip run=/fslarge/scratch/users/h61084/codes/tsrag_time/outputs/tsrag/predictions/chronos_t5_512/ECDC_COVID/D/short/run_0 source_launch=selena_3452080 launch_id=selena_3506764 slurm_job_id=3506764 launched_at=2026-09-21T08:35:16.361207+00:00
TIME run allocation action=skip run=/fslarge/scratch/users/h61084/codes/tsrag_time/outputs/tsrag/predictions/chronos_t5_512/ECDC_COVID/W/short/run_0 source_launch=selena_3452080 launch_id=selena_3506764 slurm_job_id=3506764 launched_at=2026-09-21T08:35:16.368056+00:00
TIME run allocation action=skip run=/fslarge/scratch/users/h61084/codes/tsrag_time/outputs/tsrag/predictions/chronos_t5_512/Global_Influenza/W/short/run_0 source_launch=selena_3452080 launch_id=selena_3506764 slurm_job_id=3506764 launched_at=2026-09-21T08:35:16.375398+00:00
TIME run allocation action=skip run=/fslarge/scratch/users/h61084/codes/tsrag_time/outputs/tsrag/predictions/chronos_t5_512/Crypto/D/short/run_0 source_launch=selena_3452080 launch_id=selena_3506764 slurm_job_id=3506764 launched_at=2026-09-21T08:35:16.382282+00:00
TIME run allocation action=skip run=/fslarge/scratch/users/h61084/codes/tsrag_time/outputs/tsrag/predictions/chronos_t5_512/US_Term_Structure/B/short/run_0 source_launch=selena_3452080 launch_id=selena_3506764 slurm_job_id=3506764 launched_at=2026-09-21T08:35:16.389272+00:00
TIME run allocation action=skip run=/fslarge/scratch/users/h61084/codes/tsrag_time/outputs/tsrag/predictions/chronos_t5_512/Oil_Price/B/short/run_0 source_launch=selena_3452080 launch_id=selena_3506764 slurm_job_id=3506764 launched_at=2026-09-21T08:35:16.396100+00:00
TIME run allocation action=skip run=/fslarge/scratch/users/h61084/codes/tsrag_time/outputs/tsrag/predictions/chronos_t5_512/Job_Claims/W/short/run_0 source_launch=selena_3452080 launch_id=selena_3506764 slurm_job_id=3506764 launched_at=2026-09-21T08:35:16.402886+00:00
TIME run allocation action=skip run=/fslarge/scratch/users/h61084/codes/tsrag_time/outputs/tsrag/predictions/chronos_t5_512/Uncertainty_1M/M/short/run_0 source_launch=selena_3452080 launch_id=selena_3506764 slurm_job_id=3506764 launched_at=2026-09-21T08:35:16.409808+00:00
TIME run allocation action=skip run=/fslarge/scratch/users/h61084/codes/tsrag_time/outputs/tsrag/predictions/chronos_t5_512/Housing_Inventory/M/short/run_0 source_launch=selena_3452080 launch_id=selena_3506764 slurm_job_id=3506764 launched_at=2026-09-21T08:35:16.416676+00:00
TIME run allocation action=skip run=/fslarge/scratch/users/h61084/codes/tsrag_time/outputs/tsrag/predictions/chronos_t5_512/JOLTS/M/short/run_0 source_launch=selena_3452080 launch_id=selena_3506764 slurm_job_id=3506764 launched_at=2026-09-21T08:35:16.423671+00:00
TIME run allocation action=skip run=/fslarge/scratch/users/h61084/codes/tsrag_time/outputs/tsrag/predictions/chronos_t5_512/US_Labor/M/short/run_0 source_launch=selena_3452080 launch_id=selena_3506764 slurm_job_id=3506764 launched_at=2026-09-21T08:35:16.430637+00:00
TIME run allocation action=skip run=/fslarge/scratch/users/h61084/codes/tsrag_time/outputs/tsrag/predictions/chronos_t5_512/Vehicle_Supply/M/short/run_0 source_launch=selena_3452080 launch_id=selena_3506764 slurm_job_id=3506764 launched_at=2026-09-21T08:35:16.437602+00:00
TIME run allocation action=skip run=/fslarge/scratch/users/h61084/codes/tsrag_time/outputs/tsrag/predictions/chronos_t5_512/Auto_Production_SF/M/short/run_0 source_launch=selena_3452080 launch_id=selena_3506764 slurm_job_id=3506764 launched_at=2026-09-21T08:35:16.444437+00:00
TIME run allocation action=skip run=/fslarge/scratch/users/h61084/codes/tsrag_time/outputs/tsrag/predictions/chronos_t5_512/Commodity_Production/M/short/run_0 source_launch=selena_3452080 launch_id=selena_3506764 slurm_job_id=3506764 launched_at=2026-09-21T08:35:16.451536+00:00
TIME run allocation action=skip run=/fslarge/scratch/users/h61084/codes/tsrag_time/outputs/tsrag/predictions/chronos_t5_512/Commodity_Import/M/short/run_0 source_launch=selena_3452080 launch_id=selena_3506764 slurm_job_id=3506764 launched_at=2026-09-21T08:35:16.458638+00:00
TIME run allocation action=skip run=/fslarge/scratch/users/h61084/codes/tsrag_time/outputs/tsrag/predictions/chronos_t5_512/WUI_Global/Q/short/run_0 source_launch=selena_3452080 launch_id=selena_3506764 slurm_job_id=3506764 launched_at=2026-09-21T08:35:16.465505+00:00
TIME run allocation action=skip run=/fslarge/scratch/users/h61084/codes/tsrag_time/outputs/tsrag/predictions/chronos_t5_512/Global_Price/Q/short/run_0 source_launch=selena_3452080 launch_id=selena_3506764 slurm_job_id=3506764 launched_at=2026-09-21T08:35:16.472412+00:00
TIME run allocation action=skip run=/fslarge/scratch/users/h61084/codes/tsrag_time/outputs/tsrag/predictions/chronos_t5_512/Vehicle_Sales/M/short/run_0 source_launch=selena_3452080 launch_id=selena_3506764 slurm_job_id=3506764 launched_at=2026-09-21T08:35:16.479265+00:00
TIME run allocation action=skip run=/fslarge/scratch/users/h61084/codes/tsrag_time/outputs/tsrag/predictions/chronos_t5_512/Online_Retail_2_UCI/D/short/run_0 source_launch=selena_3452080 launch_id=selena_3506764 slurm_job_id=3506764 launched_at=2026-09-21T08:35:16.486375+00:00
TIME run allocation action=skip run=/fslarge/scratch/users/h61084/codes/tsrag_time/outputs/tsrag/predictions/chronos_t5_512/Supply_Chain_Customer/D/short/run_0 source_launch=selena_3452080 launch_id=selena_3506764 slurm_job_id=3506764 launched_at=2026-09-21T08:35:16.493142+00:00
TIME run allocation action=skip run=/fslarge/scratch/users/h61084/codes/tsrag_time/outputs/tsrag/predictions/chronos_t5_512/Supply_Chain_Location/D/short/run_0 source_launch=selena_3452080 launch_id=selena_3506764 slurm_job_id=3506764 launched_at=2026-09-21T08:35:16.500053+00:00
TIME run allocation action=skip run=/fslarge/scratch/users/h61084/codes/tsrag_time/outputs/tsrag/predictions/chronos_t5_512/azure2019_U/5T/short/run_0 source_launch=selena_3452080 launch_id=selena_3506764 slurm_job_id=3506764 launched_at=2026-09-21T08:35:16.506876+00:00
TIME run allocation action=skip run=/fslarge/scratch/users/h61084/codes/tsrag_time/outputs/tsrag/predictions/chronos_t5_512/Smart_Manufacturing/H/short/run_0 source_launch=selena_3452080 launch_id=selena_3506764 slurm_job_id=3506764 launched_at=2026-09-21T08:35:16.513946+00:00
TIME run allocation action=skip run=/fslarge/scratch/users/h61084/codes/tsrag_time/outputs/tsrag/predictions/chronos_t5_512/Smart_Manufacturing/H/medium/run_0 source_launch=selena_3452080 launch_id=selena_3506764 slurm_job_id=3506764 launched_at=2026-09-21T08:35:16.520843+00:00
TIME run allocation action=skip run=/fslarge/scratch/users/h61084/codes/tsrag_time/outputs/tsrag/predictions/chronos_t5_512/Smart_Manufacturing/H/long/run_0 source_launch=selena_3452080 launch_id=selena_3506764 slurm_job_id=3506764 launched_at=2026-09-21T08:35:16.527712+00:00
TIME run allocation action=skip run=/fslarge/scratch/users/h61084/codes/tsrag_time/outputs/tsrag/predictions/chronos_t5_512/MetroPT-3/5T/short/run_0 source_launch=selena_3452080 launch_id=selena_3506764 slurm_job_id=3506764 launched_at=2026-09-21T08:35:16.534676+00:00
TIME run allocation action=skip run=/fslarge/scratch/users/h61084/codes/tsrag_time/outputs/tsrag/predictions/chronos_t5_512/MetroPT-3/5T/medium/run_0 source_launch=selena_3452080 launch_id=selena_3506764 slurm_job_id=3506764 launched_at=2026-09-21T08:35:16.541653+00:00
TIME run allocation action=skip run=/fslarge/scratch/users/h61084/codes/tsrag_time/outputs/tsrag/predictions/chronos_t5_512/MetroPT-3/5T/long/run_0 source_launch=selena_3452080 launch_id=selena_3506764 slurm_job_id=3506764 launched_at=2026-09-21T08:35:16.548486+00:00
TIME run allocation action=skip run=/fslarge/scratch/users/h61084/codes/tsrag_time/outputs/tsrag/predictions/chronos2_max/Water_Quality_Darwin/15T/short/run_0 source_launch=selena_3452080 launch_id=selena_3506764 slurm_job_id=3506764 launched_at=2026-09-21T08:35:16.555170+00:00
TIME run allocation action=skip run=/fslarge/scratch/users/h61084/codes/tsrag_time/outputs/tsrag/predictions/chronos2_max/Water_Quality_Darwin/15T/medium/run_0 source_launch=selena_3452080 launch_id=selena_3506764 slurm_job_id=3506764 launched_at=2026-09-21T08:35:16.561811+00:00
TIME run allocation action=skip run=/fslarge/scratch/users/h61084/codes/tsrag_time/outputs/tsrag/predictions/chronos2_max/Water_Quality_Darwin/15T/long/run_0 source_launch=selena_3452080 launch_id=selena_3506764 slurm_job_id=3506764 launched_at=2026-09-21T08:35:16.569402+00:00
TIME run allocation action=skip run=/fslarge/scratch/users/h61084/codes/tsrag_time/outputs/tsrag/predictions/chronos2_max/current_velocity/5T/short/run_0 source_launch=selena_3452080 launch_id=selena_3506764 slurm_job_id=3506764 launched_at=2026-09-21T08:35:16.576196+00:00
TIME run allocation action=skip run=/fslarge/scratch/users/h61084/codes/tsrag_time/outputs/tsrag/predictions/chronos2_max/current_velocity/5T/medium/run_0 source_launch=selena_3452080 launch_id=selena_3506764 slurm_job_id=3506764 launched_at=2026-09-21T08:35:16.582985+00:00
TIME run allocation action=skip run=/fslarge/scratch/users/h61084/codes/tsrag_time/outputs/tsrag/predictions/chronos2_max/current_velocity/5T/long/run_0 source_launch=selena_3452080 launch_id=selena_3506764 slurm_job_id=3506764 launched_at=2026-09-21T08:35:16.589886+00:00
TIME run allocation action=skip run=/fslarge/scratch/users/h61084/codes/tsrag_time/outputs/tsrag/predictions/chronos2_max/current_velocity/10T/short/run_0 source_launch=selena_3452080 launch_id=selena_3506764 slurm_job_id=3506764 launched_at=2026-09-21T08:35:16.596958+00:00
TIME run allocation action=skip run=/fslarge/scratch/users/h61084/codes/tsrag_time/outputs/tsrag/predictions/chronos2_max/current_velocity/10T/medium/run_0 source_launch=selena_3452080 launch_id=selena_3506764 slurm_job_id=3506764 launched_at=2026-09-21T08:35:16.604110+00:00
TIME run allocation action=skip run=/fslarge/scratch/users/h61084/codes/tsrag_time/outputs/tsrag/predictions/chronos2_max/current_velocity/10T/long/run_0 source_launch=selena_3452080 launch_id=selena_3506764 slurm_job_id=3506764 launched_at=2026-09-21T08:35:16.611092+00:00
TIME run allocation action=skip run=/fslarge/scratch/users/h61084/codes/tsrag_time/outputs/tsrag/predictions/chronos2_max/current_velocity/15T/short/run_0 source_launch=selena_3452080 launch_id=selena_3506764 slurm_job_id=3506764 launched_at=2026-09-21T08:35:16.617985+00:00
TIME run allocation action=skip run=/fslarge/scratch/users/h61084/codes/tsrag_time/outputs/tsrag/predictions/chronos2_max/current_velocity/15T/medium/run_0 source_launch=selena_3452080 launch_id=selena_3506764 slurm_job_id=3506764 launched_at=2026-09-21T08:35:16.624925+00:00
TIME run allocation action=skip run=/fslarge/scratch/users/h61084/codes/tsrag_time/outputs/tsrag/predictions/chronos2_max/current_velocity/15T/long/run_0 source_launch=selena_3452080 launch_id=selena_3506764 slurm_job_id=3506764 launched_at=2026-09-21T08:35:16.631521+00:00
TIME run allocation action=skip run=/fslarge/scratch/users/h61084/codes/tsrag_time/outputs/tsrag/predictions/chronos2_max/current_velocity/H/short/run_0 source_launch=selena_3452080 launch_id=selena_3506764 slurm_job_id=3506764 launched_at=2026-09-21T08:35:16.638507+00:00
TIME run allocation action=skip run=/fslarge/scratch/users/h61084/codes/tsrag_time/outputs/tsrag/predictions/chronos2_max/current_velocity/H/medium/run_0 source_launch=selena_3452080 launch_id=selena_3506764 slurm_job_id=3506764 launched_at=2026-09-21T08:35:16.645527+00:00
TIME run allocation action=skip run=/fslarge/scratch/users/h61084/codes/tsrag_time/outputs/tsrag/predictions/chronos2_max/current_velocity/H/long/run_0 source_launch=selena_3452080 launch_id=selena_3506764 slurm_job_id=3506764 launched_at=2026-09-21T08:35:16.652520+00:00
TIME run allocation action=skip run=/fslarge/scratch/users/h61084/codes/tsrag_time/outputs/tsrag/predictions/chronos2_max/CPHL/15T/short/run_0 source_launch=selena_3452080 launch_id=selena_3506764 slurm_job_id=3506764 launched_at=2026-09-21T08:35:16.659389+00:00
TIME run allocation action=skip run=/fslarge/scratch/users/h61084/codes/tsrag_time/outputs/tsrag/predictions/chronos2_max/CPHL/15T/medium/run_0 source_launch=selena_3452080 launch_id=selena_3506764 slurm_job_id=3506764 launched_at=2026-09-21T08:35:16.666285+00:00
TIME run allocation action=skip run=/fslarge/scratch/users/h61084/codes/tsrag_time/outputs/tsrag/predictions/chronos2_max/CPHL/15T/long/run_0 source_launch=selena_3452080 launch_id=selena_3506764 slurm_job_id=3506764 launched_at=2026-09-21T08:35:16.673243+00:00
TIME run allocation action=skip run=/fslarge/scratch/users/h61084/codes/tsrag_time/outputs/tsrag/predictions/chronos2_max/CPHL/30T/short/run_0 source_launch=selena_3452080 launch_id=selena_3506764 slurm_job_id=3506764 launched_at=2026-09-21T08:35:16.680380+00:00
TIME run allocation action=skip run=/fslarge/scratch/users/h61084/codes/tsrag_time/outputs/tsrag/predictions/chronos2_max/CPHL/30T/medium/run_0 source_launch=selena_3452080 launch_id=selena_3506764 slurm_job_id=3506764 launched_at=2026-09-21T08:35:16.687336+00:00
TIME run allocation action=skip run=/fslarge/scratch/users/h61084/codes/tsrag_time/outputs/tsrag/predictions/chronos2_max/CPHL/30T/long/run_0 source_launch=selena_3452080 launch_id=selena_3506764 slurm_job_id=3506764 launched_at=2026-09-21T08:35:16.694201+00:00
TIME run allocation action=skip run=/fslarge/scratch/users/h61084/codes/tsrag_time/outputs/tsrag/predictions/chronos2_max/CPHL/H/short/run_0 source_launch=selena_3452080 launch_id=selena_3506764 slurm_job_id=3506764 launched_at=2026-09-21T08:35:16.701078+00:00
TIME run allocation action=skip run=/fslarge/scratch/users/h61084/codes/tsrag_time/outputs/tsrag/predictions/chronos2_max/CPHL/H/medium/run_0 source_launch=selena_3452080 launch_id=selena_3506764 slurm_job_id=3506764 launched_at=2026-09-21T08:35:16.708310+00:00
TIME run allocation action=skip run=/fslarge/scratch/users/h61084/codes/tsrag_time/outputs/tsrag/predictions/chronos2_max/CPHL/H/long/run_0 source_launch=selena_3452080 launch_id=selena_3506764 slurm_job_id=3506764 launched_at=2026-09-21T08:35:16.715393+00:00
TIME run allocation action=skip run=/fslarge/scratch/users/h61084/codes/tsrag_time/outputs/tsrag/predictions/chronos2_max/Coastal_T_S/15T/short/run_0 source_launch=selena_3452080 launch_id=selena_3506764 slurm_job_id=3506764 launched_at=2026-09-21T08:35:16.722542+00:00
TIME run allocation action=skip run=/fslarge/scratch/users/h61084/codes/tsrag_time/outputs/tsrag/predictions/chronos2_max/Coastal_T_S/15T/medium/run_0 source_launch=selena_3452080 launch_id=selena_3506764 slurm_job_id=3506764 launched_at=2026-09-21T08:35:16.729583+00:00
TIME run allocation action=skip run=/fslarge/scratch/users/h61084/codes/tsrag_time/outputs/tsrag/predictions/chronos2_max/Coastal_T_S/15T/long/run_0 source_launch=selena_3452080 launch_id=selena_3506764 slurm_job_id=3506764 launched_at=2026-09-21T08:35:16.736623+00:00
TIME run allocation action=skip run=/fslarge/scratch/users/h61084/codes/tsrag_time/outputs/tsrag/predictions/chronos2_max/Coastal_T_S/20T/short/run_0 source_launch=selena_3452080 launch_id=selena_3506764 slurm_job_id=3506764 launched_at=2026-09-21T08:35:16.743784+00:00
TIME run allocation action=skip run=/fslarge/scratch/users/h61084/codes/tsrag_time/outputs/tsrag/predictions/chronos2_max/Coastal_T_S/20T/medium/run_0 source_launch=selena_3452080 launch_id=selena_3506764 slurm_job_id=3506764 launched_at=2026-09-21T08:35:16.750800+00:00
TIME run allocation action=skip run=/fslarge/scratch/users/h61084/codes/tsrag_time/outputs/tsrag/predictions/chronos2_max/Coastal_T_S/20T/long/run_0 source_launch=selena_3452080 launch_id=selena_3506764 slurm_job_id=3506764 launched_at=2026-09-21T08:35:16.757638+00:00
TIME run allocation action=skip run=/fslarge/scratch/users/h61084/codes/tsrag_time/outputs/tsrag/predictions/chronos2_max/Coastal_T_S/H/short/run_0 source_launch=selena_3452080 launch_id=selena_3506764 slurm_job_id=3506764 launched_at=2026-09-21T08:35:16.764640+00:00
TIME run allocation action=skip run=/fslarge/scratch/users/h61084/codes/tsrag_time/outputs/tsrag/predictions/chronos2_max/Coastal_T_S/H/medium/run_0 source_launch=selena_3452080 launch_id=selena_3506764 slurm_job_id=3506764 launched_at=2026-09-21T08:35:16.771559+00:00
TIME run allocation action=skip run=/fslarge/scratch/users/h61084/codes/tsrag_time/outputs/tsrag/predictions/chronos2_max/Coastal_T_S/H/long/run_0 source_launch=selena_3452080 launch_id=selena_3506764 slurm_job_id=3506764 launched_at=2026-09-21T08:35:16.778516+00:00
TIME run allocation action=skip run=/fslarge/scratch/users/h61084/codes/tsrag_time/outputs/tsrag/predictions/chronos2_max/SG_Weather/D/short/run_0 source_launch=selena_3452080 launch_id=selena_3506764 slurm_job_id=3506764 launched_at=2026-09-21T08:35:16.785488+00:00
TIME run allocation action=skip run=/fslarge/scratch/users/h61084/codes/tsrag_time/outputs/tsrag/predictions/chronos2_max/SG_Weather/D/medium/run_0 source_launch=selena_3452080 launch_id=selena_3506764 slurm_job_id=3506764 launched_at=2026-09-21T08:35:16.792394+00:00
TIME run allocation action=skip run=/fslarge/scratch/users/h61084/codes/tsrag_time/outputs/tsrag/predictions/chronos2_max/SG_Weather/D/long/run_0 source_launch=selena_3452080 launch_id=selena_3506764 slurm_job_id=3506764 launched_at=2026-09-21T08:35:16.799340+00:00
TIME run allocation action=skip run=/fslarge/scratch/users/h61084/codes/tsrag_time/outputs/tsrag/predictions/chronos2_max/SG_PM25/H/short/run_0 source_launch=selena_3452080 launch_id=selena_3506764 slurm_job_id=3506764 launched_at=2026-09-21T08:35:16.806443+00:00
TIME run allocation action=skip run=/fslarge/scratch/users/h61084/codes/tsrag_time/outputs/tsrag/predictions/chronos2_max/SG_PM25/H/medium/run_0 source_launch=selena_3452080 launch_id=selena_3506764 slurm_job_id=3506764 launched_at=2026-09-21T08:35:16.813538+00:00
TIME run allocation action=skip run=/fslarge/scratch/users/h61084/codes/tsrag_time/outputs/tsrag/predictions/chronos2_max/SG_PM25/H/long/run_0 source_launch=selena_3452080 launch_id=selena_3506764 slurm_job_id=3506764 launched_at=2026-09-21T08:35:16.820637+00:00
TIME run allocation action=skip run=/fslarge/scratch/users/h61084/codes/tsrag_time/outputs/tsrag/predictions/chronos2_max/NE_China_Wind/H/short/run_0 source_launch=selena_3452080 launch_id=selena_3506764 slurm_job_id=3506764 launched_at=2026-09-21T08:35:16.827520+00:00
TIME run allocation action=skip run=/fslarge/scratch/users/h61084/codes/tsrag_time/outputs/tsrag/predictions/chronos2_max/NE_China_Wind/H/medium/run_0 source_launch=selena_3452080 launch_id=selena_3506764 slurm_job_id=3506764 launched_at=2026-09-21T08:35:16.834455+00:00
TIME run allocation action=skip run=/fslarge/scratch/users/h61084/codes/tsrag_time/outputs/tsrag/predictions/chronos2_max/NE_China_Wind/H/long/run_0 source_launch=selena_3452080 launch_id=selena_3506764 slurm_job_id=3506764 launched_at=2026-09-21T08:35:16.841333+00:00
TIME run allocation action=skip run=/fslarge/scratch/users/h61084/codes/tsrag_time/outputs/tsrag/predictions/chronos2_max/Australia_Solar/H/short/run_0 source_launch=selena_3452080 launch_id=selena_3506764 slurm_job_id=3506764 launched_at=2026-09-21T08:35:16.848541+00:00
TIME run allocation action=skip run=/fslarge/scratch/users/h61084/codes/tsrag_time/outputs/tsrag/predictions/chronos2_max/Australia_Solar/H/medium/run_0 source_launch=selena_3452080 launch_id=selena_3506764 slurm_job_id=3506764 launched_at=2026-09-21T08:35:16.855673+00:00
TIME run allocation action=skip run=/fslarge/scratch/users/h61084/codes/tsrag_time/outputs/tsrag/predictions/chronos2_max/Australia_Solar/H/long/run_0 source_launch=selena_3452080 launch_id=selena_3506764 slurm_job_id=3506764 launched_at=2026-09-21T08:35:16.862689+00:00
TIME run allocation action=skip run=/fslarge/scratch/users/h61084/codes/tsrag_time/outputs/tsrag/predictions/chronos2_max/epf_electricity_price/H/short/run_0 source_launch=selena_3452080 launch_id=selena_3506764 slurm_job_id=3506764 launched_at=2026-09-21T08:35:16.869801+00:00
TIME run allocation action=skip run=/fslarge/scratch/users/h61084/codes/tsrag_time/outputs/tsrag/predictions/chronos2_max/epf_electricity_price/H/medium/run_0 source_launch=selena_3452080 launch_id=selena_3506764 slurm_job_id=3506764 launched_at=2026-09-21T08:35:16.876874+00:00
TIME run allocation action=skip run=/fslarge/scratch/users/h61084/codes/tsrag_time/outputs/tsrag/predictions/chronos2_max/epf_electricity_price/H/long/run_0 source_launch=selena_3452080 launch_id=selena_3506764 slurm_job_id=3506764 launched_at=2026-09-21T08:35:16.884116+00:00
TIME run allocation action=skip run=/fslarge/scratch/users/h61084/codes/tsrag_time/outputs/tsrag/predictions/chronos2_max/OpenElectricity_NEM/5T/short/run_0 source_launch=selena_3452080 launch_id=selena_3506764 slurm_job_id=3506764 launched_at=2026-09-21T08:35:16.891153+00:00
TIME run allocation action=skip run=/fslarge/scratch/users/h61084/codes/tsrag_time/outputs/tsrag/predictions/chronos2_max/OpenElectricity_NEM/5T/medium/run_0 source_launch=selena_3452080 launch_id=selena_3506764 slurm_job_id=3506764 launched_at=2026-09-21T08:35:16.897957+00:00
TIME run allocation action=skip run=/fslarge/scratch/users/h61084/codes/tsrag_time/outputs/tsrag/predictions/chronos2_max/OpenElectricity_NEM/5T/long/run_0 source_launch=selena_3452080 launch_id=selena_3506764 slurm_job_id=3506764 launched_at=2026-09-21T08:35:16.905015+00:00
TIME run allocation action=skip run=/fslarge/scratch/users/h61084/codes/tsrag_time/outputs/tsrag/predictions/chronos2_max/EWELD_Load/15T/short/run_0 source_launch=selena_3452080 launch_id=selena_3506764 slurm_job_id=3506764 launched_at=2026-09-21T08:35:16.911913+00:00
TIME run allocation action=skip run=/fslarge/scratch/users/h61084/codes/tsrag_time/outputs/tsrag/predictions/chronos2_max/EWELD_Load/15T/medium/run_0 source_launch=selena_3452080 launch_id=selena_3506764 slurm_job_id=3506764 launched_at=2026-09-21T08:35:16.918934+00:00
TIME run allocation action=skip run=/fslarge/scratch/users/h61084/codes/tsrag_time/outputs/tsrag/predictions/chronos2_max/EWELD_Load/15T/long/run_0 source_launch=selena_3452080 launch_id=selena_3506764 slurm_job_id=3506764 launched_at=2026-09-21T08:35:16.925967+00:00
TIME run allocation action=skip run=/fslarge/scratch/users/h61084/codes/tsrag_time/outputs/tsrag/predictions/chronos2_max/SG_Carpark/15T/short/run_0 source_launch=selena_3452080 launch_id=selena_3506764 slurm_job_id=3506764 launched_at=2026-09-21T08:35:16.933023+00:00
TIME run allocation action=skip run=/fslarge/scratch/users/h61084/codes/tsrag_time/outputs/tsrag/predictions/chronos2_max/SG_Carpark/15T/medium/run_0 source_launch=selena_3452080 launch_id=selena_3506764 slurm_job_id=3506764 launched_at=2026-09-21T08:35:16.939946+00:00
TIME run allocation action=skip run=/fslarge/scratch/users/h61084/codes/tsrag_time/outputs/tsrag/predictions/chronos2_max/SG_Carpark/15T/long/run_0 source_launch=selena_3452080 launch_id=selena_3506764 slurm_job_id=3506764 launched_at=2026-09-21T08:35:16.946994+00:00
TIME run allocation action=skip run=/fslarge/scratch/users/h61084/codes/tsrag_time/outputs/tsrag/predictions/chronos2_max/Finland_Traffic/15T/short/run_0 source_launch=selena_3452080 launch_id=selena_3506764 slurm_job_id=3506764 launched_at=2026-09-21T08:35:16.954007+00:00
TIME run allocation action=skip run=/fslarge/scratch/users/h61084/codes/tsrag_time/outputs/tsrag/predictions/chronos2_max/Finland_Traffic/15T/medium/run_0 source_launch=selena_3452080 launch_id=selena_3506764 slurm_job_id=3506764 launched_at=2026-09-21T08:35:16.960967+00:00
TIME run allocation action=skip run=/fslarge/scratch/users/h61084/codes/tsrag_time/outputs/tsrag/predictions/chronos2_max/Finland_Traffic/15T/long/run_0 source_launch=selena_3452080 launch_id=selena_3506764 slurm_job_id=3506764 launched_at=2026-09-21T08:35:16.967952+00:00
TIME run allocation action=skip run=/fslarge/scratch/users/h61084/codes/tsrag_time/outputs/tsrag/predictions/chronos2_max/Port_Activity/D/short/run_0 source_launch=selena_3452080 launch_id=selena_3506764 slurm_job_id=3506764 launched_at=2026-09-21T08:35:16.974877+00:00
TIME run allocation action=skip run=/fslarge/scratch/users/h61084/codes/tsrag_time/outputs/tsrag/predictions/chronos2_max/Port_Activity/W/short/run_0 source_launch=selena_3452080 launch_id=selena_3506764 slurm_job_id=3506764 launched_at=2026-09-21T08:35:16.981839+00:00
TIME run allocation action=skip run=/fslarge/scratch/users/h61084/codes/tsrag_time/outputs/tsrag/predictions/chronos2_max/ECDC_COVID/D/short/run_0 source_launch=selena_3452080 launch_id=selena_3506764 slurm_job_id=3506764 launched_at=2026-09-21T08:35:16.988952+00:00
TIME run allocation action=skip run=/fslarge/scratch/users/h61084/codes/tsrag_time/outputs/tsrag/predictions/chronos2_max/ECDC_COVID/W/short/run_0 source_launch=selena_3452080 launch_id=selena_3506764 slurm_job_id=3506764 launched_at=2026-09-21T08:35:16.995958+00:00
TIME run allocation action=skip run=/fslarge/scratch/users/h61084/codes/tsrag_time/outputs/tsrag/predictions/chronos2_max/Global_Influenza/W/short/run_0 source_launch=selena_3452080 launch_id=selena_3506764 slurm_job_id=3506764 launched_at=2026-09-21T08:35:17.003073+00:00
TIME run allocation action=skip run=/fslarge/scratch/users/h61084/codes/tsrag_time/outputs/tsrag/predictions/chronos2_max/Crypto/D/short/run_0 source_launch=selena_3452080 launch_id=selena_3506764 slurm_job_id=3506764 launched_at=2026-09-21T08:35:17.010055+00:00
TIME run allocation action=skip run=/fslarge/scratch/users/h61084/codes/tsrag_time/outputs/tsrag/predictions/chronos2_max/US_Term_Structure/B/short/run_0 source_launch=selena_3452080 launch_id=selena_3506764 slurm_job_id=3506764 launched_at=2026-09-21T08:35:17.017091+00:00
TIME run allocation action=skip run=/fslarge/scratch/users/h61084/codes/tsrag_time/outputs/tsrag/predictions/chronos2_max/Oil_Price/B/short/run_0 source_launch=selena_3452080 launch_id=selena_3506764 slurm_job_id=3506764 launched_at=2026-09-21T08:35:17.024236+00:00
TIME run allocation action=skip run=/fslarge/scratch/users/h61084/codes/tsrag_time/outputs/tsrag/predictions/chronos2_max/Job_Claims/W/short/run_0 source_launch=selena_3452080 launch_id=selena_3506764 slurm_job_id=3506764 launched_at=2026-09-21T08:35:17.031322+00:00
TIME run allocation action=skip run=/fslarge/scratch/users/h61084/codes/tsrag_time/outputs/tsrag/predictions/chronos2_max/Uncertainty_1M/M/short/run_0 source_launch=selena_3452080 launch_id=selena_3506764 slurm_job_id=3506764 launched_at=2026-09-21T08:35:17.038266+00:00
TIME run allocation action=skip run=/fslarge/scratch/users/h61084/codes/tsrag_time/outputs/tsrag/predictions/chronos2_max/Housing_Inventory/M/short/run_0 source_launch=selena_3452080 launch_id=selena_3506764 slurm_job_id=3506764 launched_at=2026-09-21T08:35:17.045383+00:00
TIME run allocation action=skip run=/fslarge/scratch/users/h61084/codes/tsrag_time/outputs/tsrag/predictions/chronos2_max/JOLTS/M/short/run_0 source_launch=selena_3452080 launch_id=selena_3506764 slurm_job_id=3506764 launched_at=2026-09-21T08:35:17.052228+00:00
TIME run allocation action=skip run=/fslarge/scratch/users/h61084/codes/tsrag_time/outputs/tsrag/predictions/chronos2_max/US_Labor/M/short/run_0 source_launch=selena_3452080 launch_id=selena_3506764 slurm_job_id=3506764 launched_at=2026-09-21T08:35:17.059005+00:00
TIME run allocation action=skip run=/fslarge/scratch/users/h61084/codes/tsrag_time/outputs/tsrag/predictions/chronos2_max/Vehicle_Supply/M/short/run_0 source_launch=selena_3452080 launch_id=selena_3506764 slurm_job_id=3506764 launched_at=2026-09-21T08:35:17.065887+00:00
TIME run allocation action=skip run=/fslarge/scratch/users/h61084/codes/tsrag_time/outputs/tsrag/predictions/chronos2_max/Auto_Production_SF/M/short/run_0 source_launch=selena_3452080 launch_id=selena_3506764 slurm_job_id=3506764 launched_at=2026-09-21T08:35:17.072725+00:00
TIME run allocation action=skip run=/fslarge/scratch/users/h61084/codes/tsrag_time/outputs/tsrag/predictions/chronos2_max/Commodity_Production/M/short/run_0 source_launch=selena_3452080 launch_id=selena_3506764 slurm_job_id=3506764 launched_at=2026-09-21T08:35:17.079846+00:00
TIME run allocation action=skip run=/fslarge/scratch/users/h61084/codes/tsrag_time/outputs/tsrag/predictions/chronos2_max/Commodity_Import/M/short/run_0 source_launch=selena_3452080 launch_id=selena_3506764 slurm_job_id=3506764 launched_at=2026-09-21T08:35:17.086739+00:00
TIME run allocation action=skip run=/fslarge/scratch/users/h61084/codes/tsrag_time/outputs/tsrag/predictions/chronos2_max/WUI_Global/Q/short/run_0 source_launch=selena_3452080 launch_id=selena_3506764 slurm_job_id=3506764 launched_at=2026-09-21T08:35:17.093368+00:00
TIME run allocation action=skip run=/fslarge/scratch/users/h61084/codes/tsrag_time/outputs/tsrag/predictions/chronos2_max/Global_Price/Q/short/run_0 source_launch=selena_3452080 launch_id=selena_3506764 slurm_job_id=3506764 launched_at=2026-09-21T08:35:17.100339+00:00
TIME run allocation action=skip run=/fslarge/scratch/users/h61084/codes/tsrag_time/outputs/tsrag/predictions/chronos2_max/Vehicle_Sales/M/short/run_0 source_launch=selena_3452080 launch_id=selena_3506764 slurm_job_id=3506764 launched_at=2026-09-21T08:35:17.107328+00:00
TIME run allocation action=skip run=/fslarge/scratch/users/h61084/codes/tsrag_time/outputs/tsrag/predictions/chronos2_max/Online_Retail_2_UCI/D/short/run_0 source_launch=selena_3452080 launch_id=selena_3506764 slurm_job_id=3506764 launched_at=2026-09-21T08:35:17.114319+00:00
TIME run allocation action=skip run=/fslarge/scratch/users/h61084/codes/tsrag_time/outputs/tsrag/predictions/chronos2_max/Supply_Chain_Customer/D/short/run_0 source_launch=selena_3452080 launch_id=selena_3506764 slurm_job_id=3506764 launched_at=2026-09-21T08:35:17.121209+00:00
TIME run allocation action=skip run=/fslarge/scratch/users/h61084/codes/tsrag_time/outputs/tsrag/predictions/chronos2_max/Supply_Chain_Location/D/short/run_0 source_launch=selena_3452080 launch_id=selena_3506764 slurm_job_id=3506764 launched_at=2026-09-21T08:35:17.128323+00:00
TIME run allocation action=skip run=/fslarge/scratch/users/h61084/codes/tsrag_time/outputs/tsrag/predictions/chronos2_max/azure2019_U/5T/short/run_0 source_launch=selena_3452080 launch_id=selena_3506764 slurm_job_id=3506764 launched_at=2026-09-21T08:35:17.135342+00:00
TIME run allocation action=skip run=/fslarge/scratch/users/h61084/codes/tsrag_time/outputs/tsrag/predictions/chronos2_max/Smart_Manufacturing/H/short/run_0 source_launch=selena_3452080 launch_id=selena_3506764 slurm_job_id=3506764 launched_at=2026-09-21T08:35:17.142454+00:00
TIME run allocation action=skip run=/fslarge/scratch/users/h61084/codes/tsrag_time/outputs/tsrag/predictions/chronos2_max/Smart_Manufacturing/H/medium/run_0 source_launch=selena_3452080 launch_id=selena_3506764 slurm_job_id=3506764 launched_at=2026-09-21T08:35:17.149262+00:00
TIME run allocation action=skip run=/fslarge/scratch/users/h61084/codes/tsrag_time/outputs/tsrag/predictions/chronos2_max/Smart_Manufacturing/H/long/run_0 source_launch=selena_3452080 launch_id=selena_3506764 slurm_job_id=3506764 launched_at=2026-09-21T08:35:17.156246+00:00
TIME run allocation action=skip run=/fslarge/scratch/users/h61084/codes/tsrag_time/outputs/tsrag/predictions/chronos2_max/MetroPT-3/5T/short/run_0 source_launch=selena_3452080 launch_id=selena_3506764 slurm_job_id=3506764 launched_at=2026-09-21T08:35:17.163385+00:00
TIME run allocation action=skip run=/fslarge/scratch/users/h61084/codes/tsrag_time/outputs/tsrag/predictions/chronos2_max/MetroPT-3/5T/medium/run_0 source_launch=selena_3452080 launch_id=selena_3506764 slurm_job_id=3506764 launched_at=2026-09-21T08:35:17.170500+00:00
TIME run allocation action=skip run=/fslarge/scratch/users/h61084/codes/tsrag_time/outputs/tsrag/predictions/chronos2_max/MetroPT-3/5T/long/run_0 source_launch=selena_3452080 launch_id=selena_3506764 slurm_job_id=3506764 launched_at=2026-09-21T08:35:17.177448+00:00

[2026-09-21 08:35:19 UTC] stage=extract
[2026-09-21 10:35:20,705][datasets][INFO] - PyTorch version 2.9.1 available.
[2026-09-21 08:35:22 UTC] stage=extract tasks=90 seed=0 device=cuda Slurm=3506764
TIME run allocation action=skip run=/fslarge/scratch/users/h61084/codes/tsrag_time/outputs/tsrag/extractions/tsrag/Water_Quality_Darwin/15T/short/run_0 source_launch=selena_3452080 launch_id=selena_3506764 slurm_job_id=3506764 launched_at=2026-09-21T08:35:24.445240+00:00
TIME run allocation action=skip run=/fslarge/scratch/users/h61084/codes/tsrag_time/outputs/tsrag/extractions/tsrag/Water_Quality_Darwin/15T/medium/run_0 source_launch=selena_3452080 launch_id=selena_3506764 slurm_job_id=3506764 launched_at=2026-09-21T08:35:24.452833+00:00
TIME run allocation action=skip run=/fslarge/scratch/users/h61084/codes/tsrag_time/outputs/tsrag/extractions/tsrag/Water_Quality_Darwin/15T/long/run_0 source_launch=selena_3452080 launch_id=selena_3506764 slurm_job_id=3506764 launched_at=2026-09-21T08:35:24.460297+00:00
TIME run allocation action=skip run=/fslarge/scratch/users/h61084/codes/tsrag_time/outputs/tsrag/extractions/tsrag/current_velocity/5T/short/run_0 source_launch=selena_3452080 launch_id=selena_3506764 slurm_job_id=3506764 launched_at=2026-09-21T08:35:24.467796+00:00
TIME run allocation action=skip run=/fslarge/scratch/users/h61084/codes/tsrag_time/outputs/tsrag/extractions/tsrag/current_velocity/5T/medium/run_0 source_launch=selena_3452080 launch_id=selena_3506764 slurm_job_id=3506764 launched_at=2026-09-21T08:35:24.475109+00:00
TIME run allocation action=skip run=/fslarge/scratch/users/h61084/codes/tsrag_time/outputs/tsrag/extractions/tsrag/current_velocity/5T/long/run_0 source_launch=selena_3452080 launch_id=selena_3506764 slurm_job_id=3506764 launched_at=2026-09-21T08:35:24.482362+00:00
TIME run allocation action=skip run=/fslarge/scratch/users/h61084/codes/tsrag_time/outputs/tsrag/extractions/tsrag/current_velocity/10T/short/run_0 source_launch=selena_3452080 launch_id=selena_3506764 slurm_job_id=3506764 launched_at=2026-09-21T08:35:24.489634+00:00
TIME run allocation action=skip run=/fslarge/scratch/users/h61084/codes/tsrag_time/outputs/tsrag/extractions/tsrag/current_velocity/10T/medium/run_0 source_launch=selena_3452080 launch_id=selena_3506764 slurm_job_id=3506764 launched_at=2026-09-21T08:35:24.496915+00:00
TIME run allocation action=skip run=/fslarge/scratch/users/h61084/codes/tsrag_time/outputs/tsrag/extractions/tsrag/current_velocity/10T/long/run_0 source_launch=selena_3452080 launch_id=selena_3506764 slurm_job_id=3506764 launched_at=2026-09-21T08:35:24.504193+00:00
TIME run allocation action=skip run=/fslarge/scratch/users/h61084/codes/tsrag_time/outputs/tsrag/extractions/tsrag/current_velocity/15T/short/run_0 source_launch=selena_3452080 launch_id=selena_3506764 slurm_job_id=3506764 launched_at=2026-09-21T08:35:24.511400+00:00
TIME run allocation action=skip run=/fslarge/scratch/users/h61084/codes/tsrag_time/outputs/tsrag/extractions/tsrag/current_velocity/15T/medium/run_0 source_launch=selena_3452080 launch_id=selena_3506764 slurm_job_id=3506764 launched_at=2026-09-21T08:35:24.518577+00:00
TIME run allocation action=skip run=/fslarge/scratch/users/h61084/codes/tsrag_time/outputs/tsrag/extractions/tsrag/current_velocity/15T/long/run_0 source_launch=selena_3452080 launch_id=selena_3506764 slurm_job_id=3506764 launched_at=2026-09-21T08:35:24.525612+00:00
TIME run allocation action=skip run=/fslarge/scratch/users/h61084/codes/tsrag_time/outputs/tsrag/extractions/tsrag/current_velocity/H/short/run_0 source_launch=selena_3452080 launch_id=selena_3506764 slurm_job_id=3506764 launched_at=2026-09-21T08:35:24.532627+00:00
TIME run allocation action=skip run=/fslarge/scratch/users/h61084/codes/tsrag_time/outputs/tsrag/extractions/tsrag/current_velocity/H/medium/run_0 source_launch=selena_3452080 launch_id=selena_3506764 slurm_job_id=3506764 launched_at=2026-09-21T08:35:24.539763+00:00
TIME run allocation action=skip run=/fslarge/scratch/users/h61084/codes/tsrag_time/outputs/tsrag/extractions/tsrag/current_velocity/H/long/run_0 source_launch=selena_3452080 launch_id=selena_3506764 slurm_job_id=3506764 launched_at=2026-09-21T08:35:24.546999+00:00
TIME run allocation action=skip run=/fslarge/scratch/users/h61084/codes/tsrag_time/outputs/tsrag/extractions/tsrag/CPHL/15T/short/run_0 source_launch=selena_3452080 launch_id=selena_3506764 slurm_job_id=3506764 launched_at=2026-09-21T08:35:24.554044+00:00
TIME run allocation action=skip run=/fslarge/scratch/users/h61084/codes/tsrag_time/outputs/tsrag/extractions/tsrag/CPHL/15T/medium/run_0 source_launch=selena_3452080 launch_id=selena_3506764 slurm_job_id=3506764 launched_at=2026-09-21T08:35:24.561095+00:00
TIME run allocation action=skip run=/fslarge/scratch/users/h61084/codes/tsrag_time/outputs/tsrag/extractions/tsrag/CPHL/15T/long/run_0 source_launch=selena_3452080 launch_id=selena_3506764 slurm_job_id=3506764 launched_at=2026-09-21T08:35:24.568061+00:00
TIME run allocation action=skip run=/fslarge/scratch/users/h61084/codes/tsrag_time/outputs/tsrag/extractions/tsrag/CPHL/30T/short/run_0 source_launch=selena_3452080 launch_id=selena_3506764 slurm_job_id=3506764 launched_at=2026-09-21T08:35:24.575012+00:00
TIME run allocation action=skip run=/fslarge/scratch/users/h61084/codes/tsrag_time/outputs/tsrag/extractions/tsrag/CPHL/30T/medium/run_0 source_launch=selena_3452080 launch_id=selena_3506764 slurm_job_id=3506764 launched_at=2026-09-21T08:35:24.582002+00:00
TIME run allocation action=skip run=/fslarge/scratch/users/h61084/codes/tsrag_time/outputs/tsrag/extractions/tsrag/CPHL/30T/long/run_0 source_launch=selena_3452080 launch_id=selena_3506764 slurm_job_id=3506764 launched_at=2026-09-21T08:35:24.589097+00:00
TIME run allocation action=skip run=/fslarge/scratch/users/h61084/codes/tsrag_time/outputs/tsrag/extractions/tsrag/CPHL/H/short/run_0 source_launch=selena_3452080 launch_id=selena_3506764 slurm_job_id=3506764 launched_at=2026-09-21T08:35:24.596023+00:00
TIME run allocation action=skip run=/fslarge/scratch/users/h61084/codes/tsrag_time/outputs/tsrag/extractions/tsrag/CPHL/H/medium/run_0 source_launch=selena_3452080 launch_id=selena_3506764 slurm_job_id=3506764 launched_at=2026-09-21T08:35:24.602985+00:00
TIME run allocation action=skip run=/fslarge/scratch/users/h61084/codes/tsrag_time/outputs/tsrag/extractions/tsrag/CPHL/H/long/run_0 source_launch=selena_3452080 launch_id=selena_3506764 slurm_job_id=3506764 launched_at=2026-09-21T08:35:24.609982+00:00
TIME run allocation action=skip run=/fslarge/scratch/users/h61084/codes/tsrag_time/outputs/tsrag/extractions/tsrag/Coastal_T_S/15T/short/run_0 source_launch=selena_3452080 launch_id=selena_3506764 slurm_job_id=3506764 launched_at=2026-09-21T08:35:24.616978+00:00
TIME run allocation action=skip run=/fslarge/scratch/users/h61084/codes/tsrag_time/outputs/tsrag/extractions/tsrag/Coastal_T_S/15T/medium/run_0 source_launch=selena_3452080 launch_id=selena_3506764 slurm_job_id=3506764 launched_at=2026-09-21T08:35:24.623948+00:00
TIME run allocation action=skip run=/fslarge/scratch/users/h61084/codes/tsrag_time/outputs/tsrag/extractions/tsrag/Coastal_T_S/15T/long/run_0 source_launch=selena_3452080 launch_id=selena_3506764 slurm_job_id=3506764 launched_at=2026-09-21T08:35:24.630983+00:00
TIME run allocation action=skip run=/fslarge/scratch/users/h61084/codes/tsrag_time/outputs/tsrag/extractions/tsrag/Coastal_T_S/20T/short/run_0 source_launch=selena_3452080 launch_id=selena_3506764 slurm_job_id=3506764 launched_at=2026-09-21T08:35:24.638144+00:00
TIME run allocation action=skip run=/fslarge/scratch/users/h61084/codes/tsrag_time/outputs/tsrag/extractions/tsrag/Coastal_T_S/20T/medium/run_0 source_launch=selena_3452080 launch_id=selena_3506764 slurm_job_id=3506764 launched_at=2026-09-21T08:35:24.645293+00:00
TIME run allocation action=skip run=/fslarge/scratch/users/h61084/codes/tsrag_time/outputs/tsrag/extractions/tsrag/Coastal_T_S/20T/long/run_0 source_launch=selena_3452080 launch_id=selena_3506764 slurm_job_id=3506764 launched_at=2026-09-21T08:35:24.652466+00:00
TIME run allocation action=skip run=/fslarge/scratch/users/h61084/codes/tsrag_time/outputs/tsrag/extractions/tsrag/Coastal_T_S/H/short/run_0 source_launch=selena_3452080 launch_id=selena_3506764 slurm_job_id=3506764 launched_at=2026-09-21T08:35:24.659583+00:00
TIME run allocation action=skip run=/fslarge/scratch/users/h61084/codes/tsrag_time/outputs/tsrag/extractions/tsrag/Coastal_T_S/H/medium/run_0 source_launch=selena_3452080 launch_id=selena_3506764 slurm_job_id=3506764 launched_at=2026-09-21T08:35:24.666649+00:00
TIME run allocation action=skip run=/fslarge/scratch/users/h61084/codes/tsrag_time/outputs/tsrag/extractions/tsrag/Coastal_T_S/H/long/run_0 source_launch=selena_3452080 launch_id=selena_3506764 slurm_job_id=3506764 launched_at=2026-09-21T08:35:24.673693+00:00
TIME run allocation action=skip run=/fslarge/scratch/users/h61084/codes/tsrag_time/outputs/tsrag/extractions/tsrag/SG_Weather/D/short/run_0 source_launch=selena_3452080 launch_id=selena_3506764 slurm_job_id=3506764 launched_at=2026-09-21T08:35:24.680632+00:00
TIME run allocation action=skip run=/fslarge/scratch/users/h61084/codes/tsrag_time/outputs/tsrag/extractions/tsrag/SG_Weather/D/medium/run_0 source_launch=selena_3452080 launch_id=selena_3506764 slurm_job_id=3506764 launched_at=2026-09-21T08:35:24.687791+00:00
TIME run allocation action=skip run=/fslarge/scratch/users/h61084/codes/tsrag_time/outputs/tsrag/extractions/tsrag/SG_Weather/D/long/run_0 source_launch=selena_3452080 launch_id=selena_3506764 slurm_job_id=3506764 launched_at=2026-09-21T08:35:24.694882+00:00
TIME run allocation action=skip run=/fslarge/scratch/users/h61084/codes/tsrag_time/outputs/tsrag/extractions/tsrag/SG_PM25/H/short/run_0 source_launch=selena_3452080 launch_id=selena_3506764 slurm_job_id=3506764 launched_at=2026-09-21T08:35:24.701862+00:00
TIME run allocation action=skip run=/fslarge/scratch/users/h61084/codes/tsrag_time/outputs/tsrag/extractions/tsrag/SG_PM25/H/medium/run_0 source_launch=selena_3452080 launch_id=selena_3506764 slurm_job_id=3506764 launched_at=2026-09-21T08:35:24.708802+00:00
TIME run allocation action=skip run=/fslarge/scratch/users/h61084/codes/tsrag_time/outputs/tsrag/extractions/tsrag/SG_PM25/H/long/run_0 source_launch=selena_3452080 launch_id=selena_3506764 slurm_job_id=3506764 launched_at=2026-09-21T08:35:24.715727+00:00
TIME run allocation action=skip run=/fslarge/scratch/users/h61084/codes/tsrag_time/outputs/tsrag/extractions/tsrag/NE_China_Wind/H/short/run_0 source_launch=selena_3452080 launch_id=selena_3506764 slurm_job_id=3506764 launched_at=2026-09-21T08:35:24.722753+00:00
TIME run allocation action=skip run=/fslarge/scratch/users/h61084/codes/tsrag_time/outputs/tsrag/extractions/tsrag/NE_China_Wind/H/medium/run_0 source_launch=selena_3452080 launch_id=selena_3506764 slurm_job_id=3506764 launched_at=2026-09-21T08:35:24.729763+00:00
TIME run allocation action=skip run=/fslarge/scratch/users/h61084/codes/tsrag_time/outputs/tsrag/extractions/tsrag/NE_China_Wind/H/long/run_0 source_launch=selena_3452080 launch_id=selena_3506764 slurm_job_id=3506764 launched_at=2026-09-21T08:35:24.736679+00:00
TIME run allocation action=skip run=/fslarge/scratch/users/h61084/codes/tsrag_time/outputs/tsrag/extractions/tsrag/Australia_Solar/H/short/run_0 source_launch=selena_3452080 launch_id=selena_3506764 slurm_job_id=3506764 launched_at=2026-09-21T08:35:24.745146+00:00
TIME run allocation action=skip run=/fslarge/scratch/users/h61084/codes/tsrag_time/outputs/tsrag/extractions/tsrag/Australia_Solar/H/medium/run_0 source_launch=selena_3452080 launch_id=selena_3506764 slurm_job_id=3506764 launched_at=2026-09-21T08:35:24.752064+00:00
TIME run allocation action=skip run=/fslarge/scratch/users/h61084/codes/tsrag_time/outputs/tsrag/extractions/tsrag/Australia_Solar/H/long/run_0 source_launch=selena_3452080 launch_id=selena_3506764 slurm_job_id=3506764 launched_at=2026-09-21T08:35:24.759250+00:00
TIME run allocation action=skip run=/fslarge/scratch/users/h61084/codes/tsrag_time/outputs/tsrag/extractions/tsrag/epf_electricity_price/H/short/run_0 source_launch=selena_3452080 launch_id=selena_3506764 slurm_job_id=3506764 launched_at=2026-09-21T08:35:24.766260+00:00
TIME run allocation action=skip run=/fslarge/scratch/users/h61084/codes/tsrag_time/outputs/tsrag/extractions/tsrag/epf_electricity_price/H/medium/run_0 source_launch=selena_3452080 launch_id=selena_3506764 slurm_job_id=3506764 launched_at=2026-09-21T08:35:24.773564+00:00
TIME run allocation action=skip run=/fslarge/scratch/users/h61084/codes/tsrag_time/outputs/tsrag/extractions/tsrag/epf_electricity_price/H/long/run_0 source_launch=selena_3452080 launch_id=selena_3506764 slurm_job_id=3506764 launched_at=2026-09-21T08:35:24.780701+00:00
TIME run allocation action=skip run=/fslarge/scratch/users/h61084/codes/tsrag_time/outputs/tsrag/extractions/tsrag/OpenElectricity_NEM/5T/short/run_0 source_launch=selena_3452080 launch_id=selena_3506764 slurm_job_id=3506764 launched_at=2026-09-21T08:35:24.787730+00:00
TIME run allocation action=skip run=/fslarge/scratch/users/h61084/codes/tsrag_time/outputs/tsrag/extractions/tsrag/OpenElectricity_NEM/5T/medium/run_0 source_launch=selena_3452080 launch_id=selena_3506764 slurm_job_id=3506764 launched_at=2026-09-21T08:35:24.794948+00:00
TIME run allocation action=skip run=/fslarge/scratch/users/h61084/codes/tsrag_time/outputs/tsrag/extractions/tsrag/OpenElectricity_NEM/5T/long/run_0 source_launch=selena_3452080 launch_id=selena_3506764 slurm_job_id=3506764 launched_at=2026-09-21T08:35:24.801962+00:00
TIME run allocation action=skip run=/fslarge/scratch/users/h61084/codes/tsrag_time/outputs/tsrag/extractions/tsrag/EWELD_Load/15T/short/run_0 source_launch=selena_3452080 launch_id=selena_3506764 slurm_job_id=3506764 launched_at=2026-09-21T08:35:24.809320+00:00
TIME run allocation action=skip run=/fslarge/scratch/users/h61084/codes/tsrag_time/outputs/tsrag/extractions/tsrag/EWELD_Load/15T/medium/run_0 source_launch=selena_3452080 launch_id=selena_3506764 slurm_job_id=3506764 launched_at=2026-09-21T08:35:24.816327+00:00
TIME run allocation action=skip run=/fslarge/scratch/users/h61084/codes/tsrag_time/outputs/tsrag/extractions/tsrag/EWELD_Load/15T/long/run_0 source_launch=selena_3452080 launch_id=selena_3506764 slurm_job_id=3506764 launched_at=2026-09-21T08:35:24.823330+00:00
TIME run allocation action=skip run=/fslarge/scratch/users/h61084/codes/tsrag_time/outputs/tsrag/extractions/tsrag/SG_Carpark/15T/short/run_0 source_launch=selena_3452080 launch_id=selena_3506764 slurm_job_id=3506764 launched_at=2026-09-21T08:35:24.830330+00:00
TIME run allocation action=skip run=/fslarge/scratch/users/h61084/codes/tsrag_time/outputs/tsrag/extractions/tsrag/SG_Carpark/15T/medium/run_0 source_launch=selena_3452080 launch_id=selena_3506764 slurm_job_id=3506764 launched_at=2026-09-21T08:35:24.837376+00:00
TIME run allocation action=skip run=/fslarge/scratch/users/h61084/codes/tsrag_time/outputs/tsrag/extractions/tsrag/SG_Carpark/15T/long/run_0 source_launch=selena_3452080 launch_id=selena_3506764 slurm_job_id=3506764 launched_at=2026-09-21T08:35:24.844382+00:00
TIME run allocation action=skip run=/fslarge/scratch/users/h61084/codes/tsrag_time/outputs/tsrag/extractions/tsrag/Finland_Traffic/15T/short/run_0 source_launch=selena_3452080 launch_id=selena_3506764 slurm_job_id=3506764 launched_at=2026-09-21T08:35:24.851608+00:00
TIME run allocation action=skip run=/fslarge/scratch/users/h61084/codes/tsrag_time/outputs/tsrag/extractions/tsrag/Finland_Traffic/15T/medium/run_0 source_launch=selena_3452080 launch_id=selena_3506764 slurm_job_id=3506764 launched_at=2026-09-21T08:35:24.858652+00:00
TIME run allocation action=skip run=/fslarge/scratch/users/h61084/codes/tsrag_time/outputs/tsrag/extractions/tsrag/Finland_Traffic/15T/long/run_0 source_launch=selena_3452080 launch_id=selena_3506764 slurm_job_id=3506764 launched_at=2026-09-21T08:35:24.865823+00:00
TIME run allocation action=skip run=/fslarge/scratch/users/h61084/codes/tsrag_time/outputs/tsrag/extractions/tsrag/Port_Activity/D/short/run_0 source_launch=selena_3452080 launch_id=selena_3506764 slurm_job_id=3506764 launched_at=2026-09-21T08:35:24.872872+00:00
TIME run allocation action=skip run=/fslarge/scratch/users/h61084/codes/tsrag_time/outputs/tsrag/extractions/tsrag/Port_Activity/W/short/run_0 source_launch=selena_3452080 launch_id=selena_3506764 slurm_job_id=3506764 launched_at=2026-09-21T08:35:24.879938+00:00
TIME run allocation action=skip run=/fslarge/scratch/users/h61084/codes/tsrag_time/outputs/tsrag/extractions/tsrag/ECDC_COVID/D/short/run_0 source_launch=selena_3452080 launch_id=selena_3506764 slurm_job_id=3506764 launched_at=2026-09-21T08:35:24.886943+00:00
TIME run allocation action=skip run=/fslarge/scratch/users/h61084/codes/tsrag_time/outputs/tsrag/extractions/tsrag/ECDC_COVID/W/short/run_0 source_launch=selena_3452080 launch_id=selena_3506764 slurm_job_id=3506764 launched_at=2026-09-21T08:35:24.893956+00:00
TIME run allocation action=skip run=/fslarge/scratch/users/h61084/codes/tsrag_time/outputs/tsrag/extractions/tsrag/Global_Influenza/W/short/run_0 source_launch=selena_3452080 launch_id=selena_3506764 slurm_job_id=3506764 launched_at=2026-09-21T08:35:24.901046+00:00
TIME run allocation action=skip run=/fslarge/scratch/users/h61084/codes/tsrag_time/outputs/tsrag/extractions/tsrag/Crypto/D/short/run_0 source_launch=selena_3452080 launch_id=selena_3506764 slurm_job_id=3506764 launched_at=2026-09-21T08:35:24.907999+00:00
TIME run allocation action=skip run=/fslarge/scratch/users/h61084/codes/tsrag_time/outputs/tsrag/extractions/tsrag/US_Term_Structure/B/short/run_0 source_launch=selena_3452080 launch_id=selena_3506764 slurm_job_id=3506764 launched_at=2026-09-21T08:35:24.915019+00:00
TIME run allocation action=skip run=/fslarge/scratch/users/h61084/codes/tsrag_time/outputs/tsrag/extractions/tsrag/Oil_Price/B/short/run_0 source_launch=selena_3452080 launch_id=selena_3506764 slurm_job_id=3506764 launched_at=2026-09-21T08:35:24.922493+00:00
TIME run allocation action=skip run=/fslarge/scratch/users/h61084/codes/tsrag_time/outputs/tsrag/extractions/tsrag/Job_Claims/W/short/run_0 source_launch=selena_3452080 launch_id=selena_3506764 slurm_job_id=3506764 launched_at=2026-09-21T08:35:24.929803+00:00
TIME run allocation action=skip run=/fslarge/scratch/users/h61084/codes/tsrag_time/outputs/tsrag/extractions/tsrag/Uncertainty_1M/M/short/run_0 source_launch=selena_3452080 launch_id=selena_3506764 slurm_job_id=3506764 launched_at=2026-09-21T08:35:24.936726+00:00
TIME run allocation action=skip run=/fslarge/scratch/users/h61084/codes/tsrag_time/outputs/tsrag/extractions/tsrag/Housing_Inventory/M/short/run_0 source_launch=selena_3452080 launch_id=selena_3506764 slurm_job_id=3506764 launched_at=2026-09-21T08:35:24.943633+00:00
TIME run allocation action=skip run=/fslarge/scratch/users/h61084/codes/tsrag_time/outputs/tsrag/extractions/tsrag/JOLTS/M/short/run_0 source_launch=selena_3452080 launch_id=selena_3506764 slurm_job_id=3506764 launched_at=2026-09-21T08:35:24.950754+00:00
TIME run allocation action=skip run=/fslarge/scratch/users/h61084/codes/tsrag_time/outputs/tsrag/extractions/tsrag/US_Labor/M/short/run_0 source_launch=selena_3452080 launch_id=selena_3506764 slurm_job_id=3506764 launched_at=2026-09-21T08:35:24.957857+00:00
TIME run allocation action=skip run=/fslarge/scratch/users/h61084/codes/tsrag_time/outputs/tsrag/extractions/tsrag/Vehicle_Supply/M/short/run_0 source_launch=selena_3452080 launch_id=selena_3506764 slurm_job_id=3506764 launched_at=2026-09-21T08:35:24.964933+00:00
TIME run allocation action=skip run=/fslarge/scratch/users/h61084/codes/tsrag_time/outputs/tsrag/extractions/tsrag/Auto_Production_SF/M/short/run_0 source_launch=selena_3452080 launch_id=selena_3506764 slurm_job_id=3506764 launched_at=2026-09-21T08:35:24.972065+00:00
TIME run allocation action=skip run=/fslarge/scratch/users/h61084/codes/tsrag_time/outputs/tsrag/extractions/tsrag/Commodity_Production/M/short/run_0 source_launch=selena_3452080 launch_id=selena_3506764 slurm_job_id=3506764 launched_at=2026-09-21T08:35:24.978955+00:00
TIME run allocation action=skip run=/fslarge/scratch/users/h61084/codes/tsrag_time/outputs/tsrag/extractions/tsrag/Commodity_Import/M/short/run_0 source_launch=selena_3452080 launch_id=selena_3506764 slurm_job_id=3506764 launched_at=2026-09-21T08:35:24.985994+00:00
TIME run allocation action=skip run=/fslarge/scratch/users/h61084/codes/tsrag_time/outputs/tsrag/extractions/tsrag/WUI_Global/Q/short/run_0 source_launch=selena_3452080 launch_id=selena_3506764 slurm_job_id=3506764 launched_at=2026-09-21T08:35:24.993063+00:00
TIME run allocation action=skip run=/fslarge/scratch/users/h61084/codes/tsrag_time/outputs/tsrag/extractions/tsrag/Global_Price/Q/short/run_0 source_launch=selena_3452080 launch_id=selena_3506764 slurm_job_id=3506764 launched_at=2026-09-21T08:35:25.000128+00:00
TIME run allocation action=skip run=/fslarge/scratch/users/h61084/codes/tsrag_time/outputs/tsrag/extractions/tsrag/Vehicle_Sales/M/short/run_0 source_launch=selena_3452080 launch_id=selena_3506764 slurm_job_id=3506764 launched_at=2026-09-21T08:35:25.007315+00:00
TIME run allocation action=skip run=/fslarge/scratch/users/h61084/codes/tsrag_time/outputs/tsrag/extractions/tsrag/Online_Retail_2_UCI/D/short/run_0 source_launch=selena_3452080 launch_id=selena_3506764 slurm_job_id=3506764 launched_at=2026-09-21T08:35:25.014429+00:00
TIME run allocation action=skip run=/fslarge/scratch/users/h61084/codes/tsrag_time/outputs/tsrag/extractions/tsrag/Supply_Chain_Customer/D/short/run_0 source_launch=selena_3452080 launch_id=selena_3506764 slurm_job_id=3506764 launched_at=2026-09-21T08:35:25.021514+00:00
TIME run allocation action=skip run=/fslarge/scratch/users/h61084/codes/tsrag_time/outputs/tsrag/extractions/tsrag/Supply_Chain_Location/D/short/run_0 source_launch=selena_3452080 launch_id=selena_3506764 slurm_job_id=3506764 launched_at=2026-09-21T08:35:25.028648+00:00
TIME run allocation action=skip run=/fslarge/scratch/users/h61084/codes/tsrag_time/outputs/tsrag/extractions/tsrag/azure2019_U/5T/short/run_0 source_launch=selena_3452080 launch_id=selena_3506764 slurm_job_id=3506764 launched_at=2026-09-21T08:35:25.035628+00:00
TIME run allocation action=skip run=/fslarge/scratch/users/h61084/codes/tsrag_time/outputs/tsrag/extractions/tsrag/Smart_Manufacturing/H/short/run_0 source_launch=selena_3452080 launch_id=selena_3506764 slurm_job_id=3506764 launched_at=2026-09-21T08:35:25.042815+00:00
TIME run allocation action=skip run=/fslarge/scratch/users/h61084/codes/tsrag_time/outputs/tsrag/extractions/tsrag/Smart_Manufacturing/H/medium/run_0 source_launch=selena_3452080 launch_id=selena_3506764 slurm_job_id=3506764 launched_at=2026-09-21T08:35:25.049989+00:00
TIME run allocation action=skip run=/fslarge/scratch/users/h61084/codes/tsrag_time/outputs/tsrag/extractions/tsrag/Smart_Manufacturing/H/long/run_0 source_launch=selena_3452080 launch_id=selena_3506764 slurm_job_id=3506764 launched_at=2026-09-21T08:35:25.057126+00:00
TIME run allocation action=skip run=/fslarge/scratch/users/h61084/codes/tsrag_time/outputs/tsrag/extractions/tsrag/MetroPT-3/5T/short/run_0 source_launch=selena_3452080 launch_id=selena_3506764 slurm_job_id=3506764 launched_at=2026-09-21T08:35:25.064207+00:00
TIME run allocation action=skip run=/fslarge/scratch/users/h61084/codes/tsrag_time/outputs/tsrag/extractions/tsrag/MetroPT-3/5T/medium/run_0 source_launch=selena_3452080 launch_id=selena_3506764 slurm_job_id=3506764 launched_at=2026-09-21T08:35:25.071335+00:00
TIME run allocation action=skip run=/fslarge/scratch/users/h61084/codes/tsrag_time/outputs/tsrag/extractions/tsrag/MetroPT-3/5T/long/run_0 source_launch=selena_3452080 launch_id=selena_3506764 slurm_job_id=3506764 launched_at=2026-09-21T08:35:25.078343+00:00

[2026-09-21 08:35:27 UTC] stage=predict
[2026-09-21 10:35:28,683][datasets][INFO] - PyTorch version 2.9.1 available.
[2026-09-21 08:35:30 UTC] stage=predict tasks=90 seed=0 device=cuda Slurm=3506764
TIME run allocation action=skip run=/fslarge/scratch/users/h61084/codes/tsrag_time/outputs/tsrag/predictions/tsrag/Water_Quality_Darwin/15T/short/run_0 source_launch=selena_3452080 launch_id=selena_3506764 slurm_job_id=3506764 launched_at=2026-09-21T08:35:32.403155+00:00
TIME run allocation action=skip run=/fslarge/scratch/users/h61084/codes/tsrag_time/outputs/tsrag/predictions/tsrag/Water_Quality_Darwin/15T/medium/run_0 source_launch=selena_3452080 launch_id=selena_3506764 slurm_job_id=3506764 launched_at=2026-09-21T08:35:32.426972+00:00
TIME run allocation action=skip run=/fslarge/scratch/users/h61084/codes/tsrag_time/outputs/tsrag/predictions/tsrag/Water_Quality_Darwin/15T/long/run_0 source_launch=selena_3452080 launch_id=selena_3506764 slurm_job_id=3506764 launched_at=2026-09-21T08:35:32.450303+00:00
TIME run allocation action=skip run=/fslarge/scratch/users/h61084/codes/tsrag_time/outputs/tsrag/predictions/tsrag/current_velocity/5T/short/run_0 source_launch=selena_3452080 launch_id=selena_3506764 slurm_job_id=3506764 launched_at=2026-09-21T08:35:32.473782+00:00
TIME run allocation action=skip run=/fslarge/scratch/users/h61084/codes/tsrag_time/outputs/tsrag/predictions/tsrag/current_velocity/5T/medium/run_0 source_launch=selena_3452080 launch_id=selena_3506764 slurm_job_id=3506764 launched_at=2026-09-21T08:35:32.497469+00:00
TIME run allocation action=skip run=/fslarge/scratch/users/h61084/codes/tsrag_time/outputs/tsrag/predictions/tsrag/current_velocity/5T/long/run_0 source_launch=selena_3452080 launch_id=selena_3506764 slurm_job_id=3506764 launched_at=2026-09-21T08:35:32.521184+00:00
TIME run allocation action=skip run=/fslarge/scratch/users/h61084/codes/tsrag_time/outputs/tsrag/predictions/tsrag/current_velocity/10T/short/run_0 source_launch=selena_3452080 launch_id=selena_3506764 slurm_job_id=3506764 launched_at=2026-09-21T08:35:32.544084+00:00
TIME run allocation action=skip run=/fslarge/scratch/users/h61084/codes/tsrag_time/outputs/tsrag/predictions/tsrag/current_velocity/10T/medium/run_0 source_launch=selena_3452080 launch_id=selena_3506764 slurm_job_id=3506764 launched_at=2026-09-21T08:35:32.566860+00:00
TIME run allocation action=skip run=/fslarge/scratch/users/h61084/codes/tsrag_time/outputs/tsrag/predictions/tsrag/current_velocity/10T/long/run_0 source_launch=selena_3452080 launch_id=selena_3506764 slurm_job_id=3506764 launched_at=2026-09-21T08:35:32.589538+00:00
TIME run allocation action=skip run=/fslarge/scratch/users/h61084/codes/tsrag_time/outputs/tsrag/predictions/tsrag/current_velocity/15T/short/run_0 source_launch=selena_3452080 launch_id=selena_3506764 slurm_job_id=3506764 launched_at=2026-09-21T08:35:32.612494+00:00
TIME run allocation action=skip run=/fslarge/scratch/users/h61084/codes/tsrag_time/outputs/tsrag/predictions/tsrag/current_velocity/15T/medium/run_0 source_launch=selena_3452080 launch_id=selena_3506764 slurm_job_id=3506764 launched_at=2026-09-21T08:35:32.635733+00:00
TIME run allocation action=skip run=/fslarge/scratch/users/h61084/codes/tsrag_time/outputs/tsrag/predictions/tsrag/current_velocity/15T/long/run_0 source_launch=selena_3452080 launch_id=selena_3506764 slurm_job_id=3506764 launched_at=2026-09-21T08:35:32.658942+00:00
TIME run allocation action=skip run=/fslarge/scratch/users/h61084/codes/tsrag_time/outputs/tsrag/predictions/tsrag/current_velocity/H/short/run_0 source_launch=selena_3452080 launch_id=selena_3506764 slurm_job_id=3506764 launched_at=2026-09-21T08:35:32.681968+00:00
TIME run allocation action=skip run=/fslarge/scratch/users/h61084/codes/tsrag_time/outputs/tsrag/predictions/tsrag/current_velocity/H/medium/run_0 source_launch=selena_3452080 launch_id=selena_3506764 slurm_job_id=3506764 launched_at=2026-09-21T08:35:32.704489+00:00
TIME run allocation action=skip run=/fslarge/scratch/users/h61084/codes/tsrag_time/outputs/tsrag/predictions/tsrag/current_velocity/H/long/run_0 source_launch=selena_3452080 launch_id=selena_3506764 slurm_job_id=3506764 launched_at=2026-09-21T08:35:32.727638+00:00
TIME run allocation action=skip run=/fslarge/scratch/users/h61084/codes/tsrag_time/outputs/tsrag/predictions/tsrag/CPHL/15T/short/run_0 source_launch=selena_3452080 launch_id=selena_3506764 slurm_job_id=3506764 launched_at=2026-09-21T08:35:32.750536+00:00
TIME run allocation action=skip run=/fslarge/scratch/users/h61084/codes/tsrag_time/outputs/tsrag/predictions/tsrag/CPHL/15T/medium/run_0 source_launch=selena_3452080 launch_id=selena_3506764 slurm_job_id=3506764 launched_at=2026-09-21T08:35:32.773600+00:00
TIME run allocation action=skip run=/fslarge/scratch/users/h61084/codes/tsrag_time/outputs/tsrag/predictions/tsrag/CPHL/15T/long/run_0 source_launch=selena_3452080 launch_id=selena_3506764 slurm_job_id=3506764 launched_at=2026-09-21T08:35:32.796703+00:00
TIME run allocation action=skip run=/fslarge/scratch/users/h61084/codes/tsrag_time/outputs/tsrag/predictions/tsrag/CPHL/30T/short/run_0 source_launch=selena_3452080 launch_id=selena_3506764 slurm_job_id=3506764 launched_at=2026-09-21T08:35:32.819928+00:00
TIME run allocation action=skip run=/fslarge/scratch/users/h61084/codes/tsrag_time/outputs/tsrag/predictions/tsrag/CPHL/30T/medium/run_0 source_launch=selena_3452080 launch_id=selena_3506764 slurm_job_id=3506764 launched_at=2026-09-21T08:35:32.842872+00:00
TIME run allocation action=skip run=/fslarge/scratch/users/h61084/codes/tsrag_time/outputs/tsrag/predictions/tsrag/CPHL/30T/long/run_0 source_launch=selena_3452080 launch_id=selena_3506764 slurm_job_id=3506764 launched_at=2026-09-21T08:35:32.865889+00:00
TIME run allocation action=skip run=/fslarge/scratch/users/h61084/codes/tsrag_time/outputs/tsrag/predictions/tsrag/CPHL/H/short/run_0 source_launch=selena_3452080 launch_id=selena_3506764 slurm_job_id=3506764 launched_at=2026-09-21T08:35:32.888969+00:00
TIME run allocation action=skip run=/fslarge/scratch/users/h61084/codes/tsrag_time/outputs/tsrag/predictions/tsrag/CPHL/H/medium/run_0 source_launch=selena_3452080 launch_id=selena_3506764 slurm_job_id=3506764 launched_at=2026-09-21T08:35:32.912212+00:00
TIME run allocation action=skip run=/fslarge/scratch/users/h61084/codes/tsrag_time/outputs/tsrag/predictions/tsrag/CPHL/H/long/run_0 source_launch=selena_3452080 launch_id=selena_3506764 slurm_job_id=3506764 launched_at=2026-09-21T08:35:32.935142+00:00
TIME run allocation action=skip run=/fslarge/scratch/users/h61084/codes/tsrag_time/outputs/tsrag/predictions/tsrag/Coastal_T_S/15T/short/run_0 source_launch=selena_3452080 launch_id=selena_3506764 slurm_job_id=3506764 launched_at=2026-09-21T08:35:32.958123+00:00
TIME run allocation action=skip run=/fslarge/scratch/users/h61084/codes/tsrag_time/outputs/tsrag/predictions/tsrag/Coastal_T_S/15T/medium/run_0 source_launch=selena_3452080 launch_id=selena_3506764 slurm_job_id=3506764 launched_at=2026-09-21T08:35:32.981363+00:00
TIME run allocation action=skip run=/fslarge/scratch/users/h61084/codes/tsrag_time/outputs/tsrag/predictions/tsrag/Coastal_T_S/15T/long/run_0 source_launch=selena_3452080 launch_id=selena_3506764 slurm_job_id=3506764 launched_at=2026-09-21T08:35:33.004595+00:00
TIME run allocation action=skip run=/fslarge/scratch/users/h61084/codes/tsrag_time/outputs/tsrag/predictions/tsrag/Coastal_T_S/20T/short/run_0 source_launch=selena_3452080 launch_id=selena_3506764 slurm_job_id=3506764 launched_at=2026-09-21T08:35:33.028048+00:00
TIME run allocation action=skip run=/fslarge/scratch/users/h61084/codes/tsrag_time/outputs/tsrag/predictions/tsrag/Coastal_T_S/20T/medium/run_0 source_launch=selena_3452080 launch_id=selena_3506764 slurm_job_id=3506764 launched_at=2026-09-21T08:35:33.050923+00:00
TIME run allocation action=skip run=/fslarge/scratch/users/h61084/codes/tsrag_time/outputs/tsrag/predictions/tsrag/Coastal_T_S/20T/long/run_0 source_launch=selena_3452080 launch_id=selena_3506764 slurm_job_id=3506764 launched_at=2026-09-21T08:35:33.074287+00:00
TIME run allocation action=skip run=/fslarge/scratch/users/h61084/codes/tsrag_time/outputs/tsrag/predictions/tsrag/Coastal_T_S/H/short/run_0 source_launch=selena_3452080 launch_id=selena_3506764 slurm_job_id=3506764 launched_at=2026-09-21T08:35:33.100991+00:00
TIME run allocation action=skip run=/fslarge/scratch/users/h61084/codes/tsrag_time/outputs/tsrag/predictions/tsrag/Coastal_T_S/H/medium/run_0 source_launch=selena_3452080 launch_id=selena_3506764 slurm_job_id=3506764 launched_at=2026-09-21T08:35:33.131172+00:00
TIME run allocation action=skip run=/fslarge/scratch/users/h61084/codes/tsrag_time/outputs/tsrag/predictions/tsrag/Coastal_T_S/H/long/run_0 source_launch=selena_3452080 launch_id=selena_3506764 slurm_job_id=3506764 launched_at=2026-09-21T08:35:33.158320+00:00
TIME run allocation action=skip run=/fslarge/scratch/users/h61084/codes/tsrag_time/outputs/tsrag/predictions/tsrag/SG_Weather/D/short/run_0 source_launch=selena_3452080 launch_id=selena_3506764 slurm_job_id=3506764 launched_at=2026-09-21T08:35:33.181787+00:00
TIME run allocation action=skip run=/fslarge/scratch/users/h61084/codes/tsrag_time/outputs/tsrag/predictions/tsrag/SG_Weather/D/medium/run_0 source_launch=selena_3452080 launch_id=selena_3506764 slurm_job_id=3506764 launched_at=2026-09-21T08:35:33.204952+00:00
TIME run allocation action=skip run=/fslarge/scratch/users/h61084/codes/tsrag_time/outputs/tsrag/predictions/tsrag/SG_Weather/D/long/run_0 source_launch=selena_3452080 launch_id=selena_3506764 slurm_job_id=3506764 launched_at=2026-09-21T08:35:33.227732+00:00
TIME run allocation action=skip run=/fslarge/scratch/users/h61084/codes/tsrag_time/outputs/tsrag/predictions/tsrag/SG_PM25/H/short/run_0 source_launch=selena_3452080 launch_id=selena_3506764 slurm_job_id=3506764 launched_at=2026-09-21T08:35:33.250872+00:00
TIME run allocation action=skip run=/fslarge/scratch/users/h61084/codes/tsrag_time/outputs/tsrag/predictions/tsrag/SG_PM25/H/medium/run_0 source_launch=selena_3452080 launch_id=selena_3506764 slurm_job_id=3506764 launched_at=2026-09-21T08:35:33.273816+00:00
TIME run allocation action=skip run=/fslarge/scratch/users/h61084/codes/tsrag_time/outputs/tsrag/predictions/tsrag/SG_PM25/H/long/run_0 source_launch=selena_3452080 launch_id=selena_3506764 slurm_job_id=3506764 launched_at=2026-09-21T08:35:33.296991+00:00
TIME run allocation action=skip run=/fslarge/scratch/users/h61084/codes/tsrag_time/outputs/tsrag/predictions/tsrag/NE_China_Wind/H/short/run_0 source_launch=selena_3452080 launch_id=selena_3506764 slurm_job_id=3506764 launched_at=2026-09-21T08:35:33.320140+00:00
TIME run allocation action=skip run=/fslarge/scratch/users/h61084/codes/tsrag_time/outputs/tsrag/predictions/tsrag/NE_China_Wind/H/medium/run_0 source_launch=selena_3452080 launch_id=selena_3506764 slurm_job_id=3506764 launched_at=2026-09-21T08:35:33.343242+00:00
TIME run allocation action=skip run=/fslarge/scratch/users/h61084/codes/tsrag_time/outputs/tsrag/predictions/tsrag/NE_China_Wind/H/long/run_0 source_launch=selena_3452080 launch_id=selena_3506764 slurm_job_id=3506764 launched_at=2026-09-21T08:35:33.365762+00:00
TIME run allocation action=skip run=/fslarge/scratch/users/h61084/codes/tsrag_time/outputs/tsrag/predictions/tsrag/Australia_Solar/H/short/run_0 source_launch=selena_3452080 launch_id=selena_3506764 slurm_job_id=3506764 launched_at=2026-09-21T08:35:33.388983+00:00
TIME run allocation action=skip run=/fslarge/scratch/users/h61084/codes/tsrag_time/outputs/tsrag/predictions/tsrag/Australia_Solar/H/medium/run_0 source_launch=selena_3452080 launch_id=selena_3506764 slurm_job_id=3506764 launched_at=2026-09-21T08:35:33.411873+00:00
TIME run allocation action=skip run=/fslarge/scratch/users/h61084/codes/tsrag_time/outputs/tsrag/predictions/tsrag/Australia_Solar/H/long/run_0 source_launch=selena_3452080 launch_id=selena_3506764 slurm_job_id=3506764 launched_at=2026-09-21T08:35:33.435025+00:00
TIME run allocation action=skip run=/fslarge/scratch/users/h61084/codes/tsrag_time/outputs/tsrag/predictions/tsrag/epf_electricity_price/H/short/run_0 source_launch=selena_3452080 launch_id=selena_3506764 slurm_job_id=3506764 launched_at=2026-09-21T08:35:33.457991+00:00
TIME run allocation action=skip run=/fslarge/scratch/users/h61084/codes/tsrag_time/outputs/tsrag/predictions/tsrag/epf_electricity_price/H/medium/run_0 source_launch=selena_3452080 launch_id=selena_3506764 slurm_job_id=3506764 launched_at=2026-09-21T08:35:33.481027+00:00
TIME run allocation action=skip run=/fslarge/scratch/users/h61084/codes/tsrag_time/outputs/tsrag/predictions/tsrag/epf_electricity_price/H/long/run_0 source_launch=selena_3452080 launch_id=selena_3506764 slurm_job_id=3506764 launched_at=2026-09-21T08:35:33.503870+00:00
TIME run allocation action=skip run=/fslarge/scratch/users/h61084/codes/tsrag_time/outputs/tsrag/predictions/tsrag/OpenElectricity_NEM/5T/short/run_0 source_launch=selena_3452080 launch_id=selena_3506764 slurm_job_id=3506764 launched_at=2026-09-21T08:35:33.527105+00:00
TIME run allocation action=skip run=/fslarge/scratch/users/h61084/codes/tsrag_time/outputs/tsrag/predictions/tsrag/OpenElectricity_NEM/5T/medium/run_0 source_launch=selena_3452080 launch_id=selena_3506764 slurm_job_id=3506764 launched_at=2026-09-21T08:35:33.550080+00:00
TIME run allocation action=skip run=/fslarge/scratch/users/h61084/codes/tsrag_time/outputs/tsrag/predictions/tsrag/OpenElectricity_NEM/5T/long/run_0 source_launch=selena_3452080 launch_id=selena_3506764 slurm_job_id=3506764 launched_at=2026-09-21T08:35:33.572999+00:00
TIME run allocation action=skip run=/fslarge/scratch/users/h61084/codes/tsrag_time/outputs/tsrag/predictions/tsrag/EWELD_Load/15T/short/run_0 source_launch=selena_3452080 launch_id=selena_3506764 slurm_job_id=3506764 launched_at=2026-09-21T08:35:33.596187+00:00
TIME run allocation action=skip run=/fslarge/scratch/users/h61084/codes/tsrag_time/outputs/tsrag/predictions/tsrag/EWELD_Load/15T/medium/run_0 source_launch=selena_3452080 launch_id=selena_3506764 slurm_job_id=3506764 launched_at=2026-09-21T08:35:33.620134+00:00
TIME run allocation action=skip run=/fslarge/scratch/users/h61084/codes/tsrag_time/outputs/tsrag/predictions/tsrag/EWELD_Load/15T/long/run_0 source_launch=selena_3452080 launch_id=selena_3506764 slurm_job_id=3506764 launched_at=2026-09-21T08:35:33.643226+00:00
TIME run allocation action=skip run=/fslarge/scratch/users/h61084/codes/tsrag_time/outputs/tsrag/predictions/tsrag/SG_Carpark/15T/short/run_0 source_launch=selena_3452080 launch_id=selena_3506764 slurm_job_id=3506764 launched_at=2026-09-21T08:35:33.668415+00:00
TIME run allocation action=skip run=/fslarge/scratch/users/h61084/codes/tsrag_time/outputs/tsrag/predictions/tsrag/SG_Carpark/15T/medium/run_0 source_launch=selena_3452080 launch_id=selena_3506764 slurm_job_id=3506764 launched_at=2026-09-21T08:35:33.691453+00:00
TIME run allocation action=skip run=/fslarge/scratch/users/h61084/codes/tsrag_time/outputs/tsrag/predictions/tsrag/SG_Carpark/15T/long/run_0 source_launch=selena_3452080 launch_id=selena_3506764 slurm_job_id=3506764 launched_at=2026-09-21T08:35:33.714243+00:00
TIME run allocation action=skip run=/fslarge/scratch/users/h61084/codes/tsrag_time/outputs/tsrag/predictions/tsrag/Finland_Traffic/15T/short/run_0 source_launch=selena_3452080 launch_id=selena_3506764 slurm_job_id=3506764 launched_at=2026-09-21T08:35:33.737178+00:00
TIME run allocation action=skip run=/fslarge/scratch/users/h61084/codes/tsrag_time/outputs/tsrag/predictions/tsrag/Finland_Traffic/15T/medium/run_0 source_launch=selena_3452080 launch_id=selena_3506764 slurm_job_id=3506764 launched_at=2026-09-21T08:35:33.760249+00:00
TIME run allocation action=skip run=/fslarge/scratch/users/h61084/codes/tsrag_time/outputs/tsrag/predictions/tsrag/Finland_Traffic/15T/long/run_0 source_launch=selena_3452080 launch_id=selena_3506764 slurm_job_id=3506764 launched_at=2026-09-21T08:35:33.783251+00:00
TIME run allocation action=skip run=/fslarge/scratch/users/h61084/codes/tsrag_time/outputs/tsrag/predictions/tsrag/Port_Activity/D/short/run_0 source_launch=selena_3452080 launch_id=selena_3506764 slurm_job_id=3506764 launched_at=2026-09-21T08:35:33.806167+00:00
TIME run allocation action=skip run=/fslarge/scratch/users/h61084/codes/tsrag_time/outputs/tsrag/predictions/tsrag/Port_Activity/W/short/run_0 source_launch=selena_3452080 launch_id=selena_3506764 slurm_job_id=3506764 launched_at=2026-09-21T08:35:33.829495+00:00
TIME run allocation action=skip run=/fslarge/scratch/users/h61084/codes/tsrag_time/outputs/tsrag/predictions/tsrag/ECDC_COVID/D/short/run_0 source_launch=selena_3452080 launch_id=selena_3506764 slurm_job_id=3506764 launched_at=2026-09-21T08:35:33.852553+00:00
TIME run allocation action=skip run=/fslarge/scratch/users/h61084/codes/tsrag_time/outputs/tsrag/predictions/tsrag/ECDC_COVID/W/short/run_0 source_launch=selena_3452080 launch_id=selena_3506764 slurm_job_id=3506764 launched_at=2026-09-21T08:35:33.875479+00:00
TIME run allocation action=skip run=/fslarge/scratch/users/h61084/codes/tsrag_time/outputs/tsrag/predictions/tsrag/Global_Influenza/W/short/run_0 source_launch=selena_3452080 launch_id=selena_3506764 slurm_job_id=3506764 launched_at=2026-09-21T08:35:33.898241+00:00
TIME run allocation action=skip run=/fslarge/scratch/users/h61084/codes/tsrag_time/outputs/tsrag/predictions/tsrag/Crypto/D/short/run_0 source_launch=selena_3452080 launch_id=selena_3506764 slurm_job_id=3506764 launched_at=2026-09-21T08:35:33.921073+00:00
TIME run allocation action=skip run=/fslarge/scratch/users/h61084/codes/tsrag_time/outputs/tsrag/predictions/tsrag/US_Term_Structure/B/short/run_0 source_launch=selena_3452080 launch_id=selena_3506764 slurm_job_id=3506764 launched_at=2026-09-21T08:35:33.943929+00:00
TIME run allocation action=skip run=/fslarge/scratch/users/h61084/codes/tsrag_time/outputs/tsrag/predictions/tsrag/Oil_Price/B/short/run_0 source_launch=selena_3452080 launch_id=selena_3506764 slurm_job_id=3506764 launched_at=2026-09-21T08:35:33.968171+00:00
TIME run allocation action=skip run=/fslarge/scratch/users/h61084/codes/tsrag_time/outputs/tsrag/predictions/tsrag/Job_Claims/W/short/run_0 source_launch=selena_3452080 launch_id=selena_3506764 slurm_job_id=3506764 launched_at=2026-09-21T08:35:33.991187+00:00
TIME run allocation action=skip run=/fslarge/scratch/users/h61084/codes/tsrag_time/outputs/tsrag/predictions/tsrag/Uncertainty_1M/M/short/run_0 source_launch=selena_3452080 launch_id=selena_3506764 slurm_job_id=3506764 launched_at=2026-09-21T08:35:34.014012+00:00
TIME run allocation action=skip run=/fslarge/scratch/users/h61084/codes/tsrag_time/outputs/tsrag/predictions/tsrag/Housing_Inventory/M/short/run_0 source_launch=selena_3452080 launch_id=selena_3506764 slurm_job_id=3506764 launched_at=2026-09-21T08:35:34.036862+00:00
TIME run allocation action=skip run=/fslarge/scratch/users/h61084/codes/tsrag_time/outputs/tsrag/predictions/tsrag/JOLTS/M/short/run_0 source_launch=selena_3452080 launch_id=selena_3506764 slurm_job_id=3506764 launched_at=2026-09-21T08:35:34.059889+00:00
TIME run allocation action=skip run=/fslarge/scratch/users/h61084/codes/tsrag_time/outputs/tsrag/predictions/tsrag/US_Labor/M/short/run_0 source_launch=selena_3452080 launch_id=selena_3506764 slurm_job_id=3506764 launched_at=2026-09-21T08:35:34.083063+00:00
TIME run allocation action=skip run=/fslarge/scratch/users/h61084/codes/tsrag_time/outputs/tsrag/predictions/tsrag/Vehicle_Supply/M/short/run_0 source_launch=selena_3452080 launch_id=selena_3506764 slurm_job_id=3506764 launched_at=2026-09-21T08:35:34.105642+00:00
TIME run allocation action=skip run=/fslarge/scratch/users/h61084/codes/tsrag_time/outputs/tsrag/predictions/tsrag/Auto_Production_SF/M/short/run_0 source_launch=selena_3452080 launch_id=selena_3506764 slurm_job_id=3506764 launched_at=2026-09-21T08:35:34.128191+00:00
TIME run allocation action=skip run=/fslarge/scratch/users/h61084/codes/tsrag_time/outputs/tsrag/predictions/tsrag/Commodity_Production/M/short/run_0 source_launch=selena_3452080 launch_id=selena_3506764 slurm_job_id=3506764 launched_at=2026-09-21T08:35:34.150959+00:00
TIME run allocation action=skip run=/fslarge/scratch/users/h61084/codes/tsrag_time/outputs/tsrag/predictions/tsrag/Commodity_Import/M/short/run_0 source_launch=selena_3452080 launch_id=selena_3506764 slurm_job_id=3506764 launched_at=2026-09-21T08:35:34.174259+00:00
TIME run allocation action=skip run=/fslarge/scratch/users/h61084/codes/tsrag_time/outputs/tsrag/predictions/tsrag/WUI_Global/Q/short/run_0 source_launch=selena_3452080 launch_id=selena_3506764 slurm_job_id=3506764 launched_at=2026-09-21T08:35:34.196986+00:00
TIME run allocation action=skip run=/fslarge/scratch/users/h61084/codes/tsrag_time/outputs/tsrag/predictions/tsrag/Global_Price/Q/short/run_0 source_launch=selena_3452080 launch_id=selena_3506764 slurm_job_id=3506764 launched_at=2026-09-21T08:35:34.221081+00:00
TIME run allocation action=skip run=/fslarge/scratch/users/h61084/codes/tsrag_time/outputs/tsrag/predictions/tsrag/Vehicle_Sales/M/short/run_0 source_launch=selena_3452080 launch_id=selena_3506764 slurm_job_id=3506764 launched_at=2026-09-21T08:35:34.243857+00:00
TIME run allocation action=skip run=/fslarge/scratch/users/h61084/codes/tsrag_time/outputs/tsrag/predictions/tsrag/Online_Retail_2_UCI/D/short/run_0 source_launch=selena_3452080 launch_id=selena_3506764 slurm_job_id=3506764 launched_at=2026-09-21T08:35:34.266698+00:00
TIME run allocation action=skip run=/fslarge/scratch/users/h61084/codes/tsrag_time/outputs/tsrag/predictions/tsrag/Supply_Chain_Customer/D/short/run_0 source_launch=selena_3452080 launch_id=selena_3506764 slurm_job_id=3506764 launched_at=2026-09-21T08:35:34.289114+00:00
TIME run allocation action=skip run=/fslarge/scratch/users/h61084/codes/tsrag_time/outputs/tsrag/predictions/tsrag/Supply_Chain_Location/D/short/run_0 source_launch=selena_3452080 launch_id=selena_3506764 slurm_job_id=3506764 launched_at=2026-09-21T08:35:34.311699+00:00
TIME run allocation action=skip run=/fslarge/scratch/users/h61084/codes/tsrag_time/outputs/tsrag/predictions/tsrag/azure2019_U/5T/short/run_0 source_launch=selena_3452080 launch_id=selena_3506764 slurm_job_id=3506764 launched_at=2026-09-21T08:35:34.334721+00:00
TIME run allocation action=skip run=/fslarge/scratch/users/h61084/codes/tsrag_time/outputs/tsrag/predictions/tsrag/Smart_Manufacturing/H/short/run_0 source_launch=selena_3452080 launch_id=selena_3506764 slurm_job_id=3506764 launched_at=2026-09-21T08:35:34.357382+00:00
TIME run allocation action=skip run=/fslarge/scratch/users/h61084/codes/tsrag_time/outputs/tsrag/predictions/tsrag/Smart_Manufacturing/H/medium/run_0 source_launch=selena_3452080 launch_id=selena_3506764 slurm_job_id=3506764 launched_at=2026-09-21T08:35:34.379818+00:00
TIME run allocation action=skip run=/fslarge/scratch/users/h61084/codes/tsrag_time/outputs/tsrag/predictions/tsrag/Smart_Manufacturing/H/long/run_0 source_launch=selena_3452080 launch_id=selena_3506764 slurm_job_id=3506764 launched_at=2026-09-21T08:35:34.401946+00:00
TIME run allocation action=skip run=/fslarge/scratch/users/h61084/codes/tsrag_time/outputs/tsrag/predictions/tsrag/MetroPT-3/5T/short/run_0 source_launch=selena_3452080 launch_id=selena_3506764 slurm_job_id=3506764 launched_at=2026-09-21T08:35:34.424653+00:00
TIME run allocation action=skip run=/fslarge/scratch/users/h61084/codes/tsrag_time/outputs/tsrag/predictions/tsrag/MetroPT-3/5T/medium/run_0 source_launch=selena_3452080 launch_id=selena_3506764 slurm_job_id=3506764 launched_at=2026-09-21T08:35:34.447336+00:00
TIME run allocation action=skip run=/fslarge/scratch/users/h61084/codes/tsrag_time/outputs/tsrag/predictions/tsrag/MetroPT-3/5T/long/run_0 source_launch=selena_3452080 launch_id=selena_3506764 slurm_job_id=3506764 launched_at=2026-09-21T08:35:34.471122+00:00
TIME run allocation action=resume run=/fslarge/scratch/users/h61084/codes/tsrag_time/outputs/tsrag/predictions/tsrag_all_unaligned_raw_instance_l2/Water_Quality_Darwin/15T/short/run_0 launch_id=selena_3506764 slurm_job_id=3506764 launched_at=2026-09-21T08:35:34.492338+00:00 resumed_from_launch=selena_3506764 resumed_from_job=3506764
[2026-09-21 08:35:34 UTC] predict method=tsrag_all_unaligned_raw_instance_l2 dataset=Water_Quality_Darwin/15T term=short retrieval={'scope': 'all', 'aligned': False, 'query_scale': False, 'representation': 'instance_l2'} alignment_period=96 fallback=chronos_bolt_max
[2026-09-21 08:35:42 UTC] resources model_device {"device": "cuda", "model": "tsrag"}
TIME run allocation action=resume run=/fslarge/scratch/users/h61084/codes/tsrag_time/outputs/tsrag/predictions/tsrag_all_unaligned_raw_instance_l2/Water_Quality_Darwin/15T/medium/run_0 launch_id=selena_3506764 slurm_job_id=3506764 launched_at=2026-09-21T09:18:13.492933+00:00 resumed_from_launch=selena_3506764 resumed_from_job=3506764
[2026-09-21 09:18:13 UTC] predict method=tsrag_all_unaligned_raw_instance_l2 dataset=Water_Quality_Darwin/15T term=medium retrieval={'scope': 'all', 'aligned': False, 'query_scale': False, 'representation': 'instance_l2'} alignment_period=96 fallback=chronos_bolt_max
TIME run allocation action=resume run=/fslarge/scratch/users/h61084/codes/tsrag_time/outputs/tsrag/predictions/tsrag_all_unaligned_raw_instance_l2/Water_Quality_Darwin/15T/long/run_0 launch_id=selena_3506764 slurm_job_id=3506764 launched_at=2026-09-21T09:32:30.227444+00:00 resumed_from_launch=selena_3506764 resumed_from_job=3506764
[2026-09-21 09:32:30 UTC] predict method=tsrag_all_unaligned_raw_instance_l2 dataset=Water_Quality_Darwin/15T term=long retrieval={'scope': 'all', 'aligned': False, 'query_scale': False, 'representation': 'instance_l2'} alignment_period=96 fallback=chronos_bolt_max
TIME run allocation action=resume run=/fslarge/scratch/users/h61084/codes/tsrag_time/outputs/tsrag/predictions/tsrag_all_unaligned_raw_instance_l2/current_velocity/5T/short/run_0 launch_id=selena_3506764 slurm_job_id=3506764 launched_at=2026-09-21T09:44:21.765167+00:00 resumed_from_launch=selena_3506764 resumed_from_job=3506764
[2026-09-21 09:44:21 UTC] predict method=tsrag_all_unaligned_raw_instance_l2 dataset=current_velocity/5T term=short retrieval={'scope': 'all', 'aligned': False, 'query_scale': False, 'representation': 'instance_l2'} alignment_period=288 fallback=chronos_bolt_max
TIME run allocation action=resume run=/fslarge/scratch/users/h61084/codes/tsrag_time/outputs/tsrag/predictions/tsrag_all_unaligned_raw_instance_l2/current_velocity/5T/medium/run_0 launch_id=selena_3506764 slurm_job_id=3506764 launched_at=2026-09-21T09:47:40.840126+00:00 resumed_from_launch=selena_3506764 resumed_from_job=3506764
[2026-09-21 09:47:40 UTC] predict method=tsrag_all_unaligned_raw_instance_l2 dataset=current_velocity/5T term=medium retrieval={'scope': 'all', 'aligned': False, 'query_scale': False, 'representation': 'instance_l2'} alignment_period=288 fallback=chronos_bolt_max
TIME run allocation action=resume run=/fslarge/scratch/users/h61084/codes/tsrag_time/outputs/tsrag/predictions/tsrag_all_unaligned_raw_instance_l2/current_velocity/5T/long/run_0 launch_id=selena_3506764 slurm_job_id=3506764 launched_at=2026-09-21T09:49:45.643999+00:00 resumed_from_launch=selena_3506764 resumed_from_job=3506764
[2026-09-21 09:49:45 UTC] predict method=tsrag_all_unaligned_raw_instance_l2 dataset=current_velocity/5T term=long retrieval={'scope': 'all', 'aligned': False, 'query_scale': False, 'representation': 'instance_l2'} alignment_period=288 fallback=chronos_bolt_max
