[2026-09-23 12:16:20 UTC] TS-RAG paths: project=/fssmall/home/h61084/codes/tsrag_time outputs=/scratch/users/h61084/codes/tsrag_time/outputs logs=/scratch/users/h61084/codes/tsrag_time/logs
[2026-09-23 12:16:21 UTC] resources allocation {"CUDA_VISIBLE_DEVICES": "0", "SLURM_CPUS_PER_TASK": "8", "SLURM_JOB_GPUS": "0,1,2,3", "SLURM_JOB_ID": "3512119", "SLURM_MEM_PER_CPU": "unset", "SLURM_MEM_PER_NODE": "80000", "SLURM_STEP_GPUS": "0", "SLURM_STEP_ID": "0", "cpu_count": 8, "host": "sean0009"}
[2026-09-23 12:16:21 UTC] resources RAM {"MemAvailable_MiB": 373171.78125, "MemTotal_MiB": 386622.890625}
[2026-09-23 12:16:21 UTC] resources nvidia_inventory {"columns": "index,uuid,name,driver,total_MiB,free_MiB,used_MiB", "devices": ["0, GPU-a2aeec5f-ef91-feef-20d9-6f73d541bc6b, NVIDIA H100 NVL, 560.35.05, 95830, 95350, 1"]}
[2026-09-23 12:16:27 UTC] resources torch {"cuda_available": true, "note": "visibility probe; CPU-only stages need not use an allocated GPU", "version": "2.9.1+cu128", "visible_gpu_count": 1}
[2026-09-23 12:16:27 UTC] resources cuda_device {"capability": "9.0", "free_MiB": 94825.125, "logical_index": 0, "name": "NVIDIA H100 NVL", "total_MiB": 95350.1875}
[2026-09-23 12:16:28 UTC] TS-RAG paths: project=/fssmall/home/h61084/codes/tsrag_time outputs=/scratch/users/h61084/codes/tsrag_time/outputs logs=/scratch/users/h61084/codes/tsrag_time/logs
[2026-09-23 12:16:28 UTC] Slurm=3512119 launch=selena_3512119 stages=prepare,vanilla,extract,predict,mix,evaluate,report mode=full

[2026-09-23 12:16:28 UTC] stage=prepare
[2026-09-23 14:16:31,223][datasets][INFO] - PyTorch version 2.9.1 available.
[2026-09-23 12:16:34 UTC] stage=prepare tasks=90 seed=0 device=cuda Slurm=3512119
[2026-09-23 12:16:34 UTC] prepare dataset=Water_Quality_Darwin/15T term=short H=16 validation=1440
TIME run allocation action=skip run=/fslarge/scratch/users/h61084/codes/tsrag_time/outputs/tsrag/data/shared/Water_Quality_Darwin/15T/short/run_0 source_launch=selena_3452080 launch_id=selena_3512119 slurm_job_id=3512119 launched_at=2026-09-23T12:16:34.388862+00:00
[2026-09-23 12:16:34 UTC] prepare dataset=Water_Quality_Darwin/15T term=medium H=96 validation=1440
TIME run allocation action=skip run=/fslarge/scratch/users/h61084/codes/tsrag_time/outputs/tsrag/data/shared/Water_Quality_Darwin/15T/medium/run_0 source_launch=selena_3452080 launch_id=selena_3512119 slurm_job_id=3512119 launched_at=2026-09-23T12:16:34.393626+00:00
[2026-09-23 12:16:34 UTC] prepare dataset=Water_Quality_Darwin/15T term=long H=288 validation=1440
TIME run allocation action=skip run=/fslarge/scratch/users/h61084/codes/tsrag_time/outputs/tsrag/data/shared/Water_Quality_Darwin/15T/long/run_0 source_launch=selena_3452080 launch_id=selena_3512119 slurm_job_id=3512119 launched_at=2026-09-23T12:16:34.398079+00:00
[2026-09-23 12:16:34 UTC] prepare dataset=current_velocity/5T term=short H=36 validation=4320
TIME run allocation action=skip run=/fslarge/scratch/users/h61084/codes/tsrag_time/outputs/tsrag/data/shared/current_velocity/5T/short/run_0 source_launch=selena_3452080 launch_id=selena_3512119 slurm_job_id=3512119 launched_at=2026-09-23T12:16:34.404129+00:00
[2026-09-23 12:16:34 UTC] prepare dataset=current_velocity/5T term=medium H=288 validation=4320
TIME run allocation action=skip run=/fslarge/scratch/users/h61084/codes/tsrag_time/outputs/tsrag/data/shared/current_velocity/5T/medium/run_0 source_launch=selena_3452080 launch_id=selena_3512119 slurm_job_id=3512119 launched_at=2026-09-23T12:16:34.408511+00:00
[2026-09-23 12:16:34 UTC] prepare dataset=current_velocity/5T term=long H=864 validation=4320
TIME run allocation action=skip run=/fslarge/scratch/users/h61084/codes/tsrag_time/outputs/tsrag/data/shared/current_velocity/5T/long/run_0 source_launch=selena_3452080 launch_id=selena_3512119 slurm_job_id=3512119 launched_at=2026-09-23T12:16:34.412962+00:00
[2026-09-23 12:16:34 UTC] prepare dataset=current_velocity/10T term=short H=18 validation=2160
TIME run allocation action=skip run=/fslarge/scratch/users/h61084/codes/tsrag_time/outputs/tsrag/data/shared/current_velocity/10T/short/run_0 source_launch=selena_3452080 launch_id=selena_3512119 slurm_job_id=3512119 launched_at=2026-09-23T12:16:34.417750+00:00
[2026-09-23 12:16:34 UTC] prepare dataset=current_velocity/10T term=medium H=144 validation=2160
TIME run allocation action=skip run=/fslarge/scratch/users/h61084/codes/tsrag_time/outputs/tsrag/data/shared/current_velocity/10T/medium/run_0 source_launch=selena_3452080 launch_id=selena_3512119 slurm_job_id=3512119 launched_at=2026-09-23T12:16:34.422320+00:00
[2026-09-23 12:16:34 UTC] prepare dataset=current_velocity/10T term=long H=432 validation=2160
TIME run allocation action=skip run=/fslarge/scratch/users/h61084/codes/tsrag_time/outputs/tsrag/data/shared/current_velocity/10T/long/run_0 source_launch=selena_3452080 launch_id=selena_3512119 slurm_job_id=3512119 launched_at=2026-09-23T12:16:34.426916+00:00
[2026-09-23 12:16:34 UTC] prepare dataset=current_velocity/15T term=short H=12 validation=1440
TIME run allocation action=skip run=/fslarge/scratch/users/h61084/codes/tsrag_time/outputs/tsrag/data/shared/current_velocity/15T/short/run_0 source_launch=selena_3452080 launch_id=selena_3512119 slurm_job_id=3512119 launched_at=2026-09-23T12:16:34.431382+00:00
[2026-09-23 12:16:34 UTC] prepare dataset=current_velocity/15T term=medium H=96 validation=1440
TIME run allocation action=skip run=/fslarge/scratch/users/h61084/codes/tsrag_time/outputs/tsrag/data/shared/current_velocity/15T/medium/run_0 source_launch=selena_3452080 launch_id=selena_3512119 slurm_job_id=3512119 launched_at=2026-09-23T12:16:34.435854+00:00
[2026-09-23 12:16:34 UTC] prepare dataset=current_velocity/15T term=long H=288 validation=1440
TIME run allocation action=skip run=/fslarge/scratch/users/h61084/codes/tsrag_time/outputs/tsrag/data/shared/current_velocity/15T/long/run_0 source_launch=selena_3452080 launch_id=selena_3512119 slurm_job_id=3512119 launched_at=2026-09-23T12:16:34.440200+00:00
[2026-09-23 12:16:34 UTC] prepare dataset=current_velocity/H term=short H=24 validation=672
TIME run allocation action=skip run=/fslarge/scratch/users/h61084/codes/tsrag_time/outputs/tsrag/data/shared/current_velocity/H/short/run_0 source_launch=selena_3452080 launch_id=selena_3512119 slurm_job_id=3512119 launched_at=2026-09-23T12:16:34.444688+00:00
[2026-09-23 12:16:34 UTC] prepare dataset=current_velocity/H term=medium H=168 validation=672
TIME run allocation action=skip run=/fslarge/scratch/users/h61084/codes/tsrag_time/outputs/tsrag/data/shared/current_velocity/H/medium/run_0 source_launch=selena_3452080 launch_id=selena_3512119 slurm_job_id=3512119 launched_at=2026-09-23T12:16:34.449101+00:00
[2026-09-23 12:16:34 UTC] prepare dataset=current_velocity/H term=long H=336 validation=672
TIME run allocation action=skip run=/fslarge/scratch/users/h61084/codes/tsrag_time/outputs/tsrag/data/shared/current_velocity/H/long/run_0 source_launch=selena_3452080 launch_id=selena_3512119 slurm_job_id=3512119 launched_at=2026-09-23T12:16:34.453312+00:00
[2026-09-23 12:16:34 UTC] prepare dataset=CPHL/15T term=short H=12 validation=1440
TIME run allocation action=skip run=/fslarge/scratch/users/h61084/codes/tsrag_time/outputs/tsrag/data/shared/CPHL/15T/short/run_0 source_launch=selena_3452080 launch_id=selena_3512119 slurm_job_id=3512119 launched_at=2026-09-23T12:16:34.458024+00:00
[2026-09-23 12:16:34 UTC] prepare dataset=CPHL/15T term=medium H=96 validation=1440
TIME run allocation action=skip run=/fslarge/scratch/users/h61084/codes/tsrag_time/outputs/tsrag/data/shared/CPHL/15T/medium/run_0 source_launch=selena_3452080 launch_id=selena_3512119 slurm_job_id=3512119 launched_at=2026-09-23T12:16:34.462359+00:00
[2026-09-23 12:16:34 UTC] prepare dataset=CPHL/15T term=long H=288 validation=1440
TIME run allocation action=skip run=/fslarge/scratch/users/h61084/codes/tsrag_time/outputs/tsrag/data/shared/CPHL/15T/long/run_0 source_launch=selena_3452080 launch_id=selena_3512119 slurm_job_id=3512119 launched_at=2026-09-23T12:16:34.466597+00:00
[2026-09-23 12:16:34 UTC] prepare dataset=CPHL/30T term=short H=12 validation=1440
TIME run allocation action=skip run=/fslarge/scratch/users/h61084/codes/tsrag_time/outputs/tsrag/data/shared/CPHL/30T/short/run_0 source_launch=selena_3452080 launch_id=selena_3512119 slurm_job_id=3512119 launched_at=2026-09-23T12:16:34.471184+00:00
[2026-09-23 12:16:34 UTC] prepare dataset=CPHL/30T term=medium H=48 validation=1440
TIME run allocation action=skip run=/fslarge/scratch/users/h61084/codes/tsrag_time/outputs/tsrag/data/shared/CPHL/30T/medium/run_0 source_launch=selena_3452080 launch_id=selena_3512119 slurm_job_id=3512119 launched_at=2026-09-23T12:16:34.475442+00:00
[2026-09-23 12:16:34 UTC] prepare dataset=CPHL/30T term=long H=144 validation=1440
TIME run allocation action=skip run=/fslarge/scratch/users/h61084/codes/tsrag_time/outputs/tsrag/data/shared/CPHL/30T/long/run_0 source_launch=selena_3452080 launch_id=selena_3512119 slurm_job_id=3512119 launched_at=2026-09-23T12:16:34.479930+00:00
[2026-09-23 12:16:34 UTC] prepare dataset=CPHL/H term=short H=24 validation=672
TIME run allocation action=skip run=/fslarge/scratch/users/h61084/codes/tsrag_time/outputs/tsrag/data/shared/CPHL/H/short/run_0 source_launch=selena_3452080 launch_id=selena_3512119 slurm_job_id=3512119 launched_at=2026-09-23T12:16:34.484246+00:00
[2026-09-23 12:16:34 UTC] prepare dataset=CPHL/H term=medium H=168 validation=672
TIME run allocation action=skip run=/fslarge/scratch/users/h61084/codes/tsrag_time/outputs/tsrag/data/shared/CPHL/H/medium/run_0 source_launch=selena_3452080 launch_id=selena_3512119 slurm_job_id=3512119 launched_at=2026-09-23T12:16:34.488728+00:00
[2026-09-23 12:16:34 UTC] prepare dataset=CPHL/H term=long H=336 validation=672
TIME run allocation action=skip run=/fslarge/scratch/users/h61084/codes/tsrag_time/outputs/tsrag/data/shared/CPHL/H/long/run_0 source_launch=selena_3452080 launch_id=selena_3512119 slurm_job_id=3512119 launched_at=2026-09-23T12:16:34.493059+00:00
[2026-09-23 12:16:34 UTC] prepare dataset=Coastal_T_S/15T term=short H=12 validation=1440
TIME run allocation action=skip run=/fslarge/scratch/users/h61084/codes/tsrag_time/outputs/tsrag/data/shared/Coastal_T_S/15T/short/run_0 source_launch=selena_3452080 launch_id=selena_3512119 slurm_job_id=3512119 launched_at=2026-09-23T12:16:34.497433+00:00
[2026-09-23 12:16:34 UTC] prepare dataset=Coastal_T_S/15T term=medium H=96 validation=1440
TIME run allocation action=skip run=/fslarge/scratch/users/h61084/codes/tsrag_time/outputs/tsrag/data/shared/Coastal_T_S/15T/medium/run_0 source_launch=selena_3452080 launch_id=selena_3512119 slurm_job_id=3512119 launched_at=2026-09-23T12:16:34.501631+00:00
[2026-09-23 12:16:34 UTC] prepare dataset=Coastal_T_S/15T term=long H=288 validation=1440
TIME run allocation action=skip run=/fslarge/scratch/users/h61084/codes/tsrag_time/outputs/tsrag/data/shared/Coastal_T_S/15T/long/run_0 source_launch=selena_3452080 launch_id=selena_3512119 slurm_job_id=3512119 launched_at=2026-09-23T12:16:34.505887+00:00
[2026-09-23 12:16:34 UTC] prepare dataset=Coastal_T_S/20T term=short H=9 validation=1080
TIME run allocation action=skip run=/fslarge/scratch/users/h61084/codes/tsrag_time/outputs/tsrag/data/shared/Coastal_T_S/20T/short/run_0 source_launch=selena_3452080 launch_id=selena_3512119 slurm_job_id=3512119 launched_at=2026-09-23T12:16:34.510144+00:00
[2026-09-23 12:16:34 UTC] prepare dataset=Coastal_T_S/20T term=medium H=72 validation=1080
TIME run allocation action=skip run=/fslarge/scratch/users/h61084/codes/tsrag_time/outputs/tsrag/data/shared/Coastal_T_S/20T/medium/run_0 source_launch=selena_3452080 launch_id=selena_3512119 slurm_job_id=3512119 launched_at=2026-09-23T12:16:34.514595+00:00
[2026-09-23 12:16:34 UTC] prepare dataset=Coastal_T_S/20T term=long H=216 validation=1080
TIME run allocation action=skip run=/fslarge/scratch/users/h61084/codes/tsrag_time/outputs/tsrag/data/shared/Coastal_T_S/20T/long/run_0 source_launch=selena_3452080 launch_id=selena_3512119 slurm_job_id=3512119 launched_at=2026-09-23T12:16:34.518687+00:00
[2026-09-23 12:16:34 UTC] prepare dataset=Coastal_T_S/H term=short H=24 validation=672
TIME run allocation action=skip run=/fslarge/scratch/users/h61084/codes/tsrag_time/outputs/tsrag/data/shared/Coastal_T_S/H/short/run_0 source_launch=selena_3452080 launch_id=selena_3512119 slurm_job_id=3512119 launched_at=2026-09-23T12:16:34.523015+00:00
[2026-09-23 12:16:34 UTC] prepare dataset=Coastal_T_S/H term=medium H=168 validation=672
TIME run allocation action=skip run=/fslarge/scratch/users/h61084/codes/tsrag_time/outputs/tsrag/data/shared/Coastal_T_S/H/medium/run_0 source_launch=selena_3452080 launch_id=selena_3512119 slurm_job_id=3512119 launched_at=2026-09-23T12:16:34.527143+00:00
[2026-09-23 12:16:34 UTC] prepare dataset=Coastal_T_S/H term=long H=336 validation=672
TIME run allocation action=skip run=/fslarge/scratch/users/h61084/codes/tsrag_time/outputs/tsrag/data/shared/Coastal_T_S/H/long/run_0 source_launch=selena_3452080 launch_id=selena_3512119 slurm_job_id=3512119 launched_at=2026-09-23T12:16:34.531432+00:00
[2026-09-23 12:16:34 UTC] prepare dataset=SG_Weather/D term=short H=3 validation=366
TIME run allocation action=skip run=/fslarge/scratch/users/h61084/codes/tsrag_time/outputs/tsrag/data/shared/SG_Weather/D/short/run_0 source_launch=selena_3452080 launch_id=selena_3512119 slurm_job_id=3512119 launched_at=2026-09-23T12:16:34.535905+00:00
[2026-09-23 12:16:34 UTC] prepare dataset=SG_Weather/D term=medium H=7 validation=366
TIME run allocation action=skip run=/fslarge/scratch/users/h61084/codes/tsrag_time/outputs/tsrag/data/shared/SG_Weather/D/medium/run_0 source_launch=selena_3452080 launch_id=selena_3512119 slurm_job_id=3512119 launched_at=2026-09-23T12:16:34.540194+00:00
[2026-09-23 12:16:34 UTC] prepare dataset=SG_Weather/D term=long H=14 validation=366
TIME run allocation action=skip run=/fslarge/scratch/users/h61084/codes/tsrag_time/outputs/tsrag/data/shared/SG_Weather/D/long/run_0 source_launch=selena_3452080 launch_id=selena_3512119 slurm_job_id=3512119 launched_at=2026-09-23T12:16:34.544474+00:00
[2026-09-23 12:16:34 UTC] prepare dataset=SG_PM25/H term=short H=24 validation=2160
TIME run allocation action=skip run=/fslarge/scratch/users/h61084/codes/tsrag_time/outputs/tsrag/data/shared/SG_PM25/H/short/run_0 source_launch=selena_3452080 launch_id=selena_3512119 slurm_job_id=3512119 launched_at=2026-09-23T12:16:34.548964+00:00
[2026-09-23 12:16:34 UTC] prepare dataset=SG_PM25/H term=medium H=72 validation=2160
TIME run allocation action=skip run=/fslarge/scratch/users/h61084/codes/tsrag_time/outputs/tsrag/data/shared/SG_PM25/H/medium/run_0 source_launch=selena_3452080 launch_id=selena_3512119 slurm_job_id=3512119 launched_at=2026-09-23T12:16:34.553148+00:00
[2026-09-23 12:16:34 UTC] prepare dataset=SG_PM25/H term=long H=168 validation=2160
TIME run allocation action=skip run=/fslarge/scratch/users/h61084/codes/tsrag_time/outputs/tsrag/data/shared/SG_PM25/H/long/run_0 source_launch=selena_3452080 launch_id=selena_3512119 slurm_job_id=3512119 launched_at=2026-09-23T12:16:34.557555+00:00
[2026-09-23 12:16:34 UTC] prepare dataset=NE_China_Wind/H term=short H=24 validation=720
TIME run allocation action=skip run=/fslarge/scratch/users/h61084/codes/tsrag_time/outputs/tsrag/data/shared/NE_China_Wind/H/short/run_0 source_launch=selena_3452080 launch_id=selena_3512119 slurm_job_id=3512119 launched_at=2026-09-23T12:16:34.561897+00:00
[2026-09-23 12:16:34 UTC] prepare dataset=NE_China_Wind/H term=medium H=72 validation=720
TIME run allocation action=skip run=/fslarge/scratch/users/h61084/codes/tsrag_time/outputs/tsrag/data/shared/NE_China_Wind/H/medium/run_0 source_launch=selena_3452080 launch_id=selena_3512119 slurm_job_id=3512119 launched_at=2026-09-23T12:16:34.566054+00:00
[2026-09-23 12:16:34 UTC] prepare dataset=NE_China_Wind/H term=long H=168 validation=720
TIME run allocation action=skip run=/fslarge/scratch/users/h61084/codes/tsrag_time/outputs/tsrag/data/shared/NE_China_Wind/H/long/run_0 source_launch=selena_3452080 launch_id=selena_3512119 slurm_job_id=3512119 launched_at=2026-09-23T12:16:34.570333+00:00
[2026-09-23 12:16:34 UTC] prepare dataset=Australia_Solar/H term=short H=24 validation=2520
TIME run allocation action=skip run=/fslarge/scratch/users/h61084/codes/tsrag_time/outputs/tsrag/data/shared/Australia_Solar/H/short/run_0 source_launch=selena_3452080 launch_id=selena_3512119 slurm_job_id=3512119 launched_at=2026-09-23T12:16:34.574914+00:00
[2026-09-23 12:16:34 UTC] prepare dataset=Australia_Solar/H term=medium H=72 validation=2520
TIME run allocation action=skip run=/fslarge/scratch/users/h61084/codes/tsrag_time/outputs/tsrag/data/shared/Australia_Solar/H/medium/run_0 source_launch=selena_3452080 launch_id=selena_3512119 slurm_job_id=3512119 launched_at=2026-09-23T12:16:34.579217+00:00
[2026-09-23 12:16:34 UTC] prepare dataset=Australia_Solar/H term=long H=168 validation=2520
TIME run allocation action=skip run=/fslarge/scratch/users/h61084/codes/tsrag_time/outputs/tsrag/data/shared/Australia_Solar/H/long/run_0 source_launch=selena_3452080 launch_id=selena_3512119 slurm_job_id=3512119 launched_at=2026-09-23T12:16:34.583458+00:00
[2026-09-23 12:16:34 UTC] prepare dataset=epf_electricity_price/H term=short H=24 validation=2520
TIME run allocation action=skip run=/fslarge/scratch/users/h61084/codes/tsrag_time/outputs/tsrag/data/shared/epf_electricity_price/H/short/run_0 source_launch=selena_3452080 launch_id=selena_3512119 slurm_job_id=3512119 launched_at=2026-09-23T12:16:34.588038+00:00
[2026-09-23 12:16:34 UTC] prepare dataset=epf_electricity_price/H term=medium H=72 validation=2520
TIME run allocation action=skip run=/fslarge/scratch/users/h61084/codes/tsrag_time/outputs/tsrag/data/shared/epf_electricity_price/H/medium/run_0 source_launch=selena_3452080 launch_id=selena_3512119 slurm_job_id=3512119 launched_at=2026-09-23T12:16:34.592297+00:00
[2026-09-23 12:16:34 UTC] prepare dataset=epf_electricity_price/H term=long H=168 validation=2520
TIME run allocation action=skip run=/fslarge/scratch/users/h61084/codes/tsrag_time/outputs/tsrag/data/shared/epf_electricity_price/H/long/run_0 source_launch=selena_3452080 launch_id=selena_3512119 slurm_job_id=3512119 launched_at=2026-09-23T12:16:34.596602+00:00
[2026-09-23 12:16:34 UTC] prepare dataset=OpenElectricity_NEM/5T term=short H=24 validation=4032
TIME run allocation action=skip run=/fslarge/scratch/users/h61084/codes/tsrag_time/outputs/tsrag/data/shared/OpenElectricity_NEM/5T/short/run_0 source_launch=selena_3452080 launch_id=selena_3512119 slurm_job_id=3512119 launched_at=2026-09-23T12:16:34.601125+00:00
[2026-09-23 12:16:34 UTC] prepare dataset=OpenElectricity_NEM/5T term=medium H=96 validation=4032
TIME run allocation action=skip run=/fslarge/scratch/users/h61084/codes/tsrag_time/outputs/tsrag/data/shared/OpenElectricity_NEM/5T/medium/run_0 source_launch=selena_3452080 launch_id=selena_3512119 slurm_job_id=3512119 launched_at=2026-09-23T12:16:34.605217+00:00
[2026-09-23 12:16:34 UTC] prepare dataset=OpenElectricity_NEM/5T term=long H=288 validation=4032
TIME run allocation action=skip run=/fslarge/scratch/users/h61084/codes/tsrag_time/outputs/tsrag/data/shared/OpenElectricity_NEM/5T/long/run_0 source_launch=selena_3452080 launch_id=selena_3512119 slurm_job_id=3512119 launched_at=2026-09-23T12:16:34.609483+00:00
[2026-09-23 12:16:34 UTC] prepare dataset=EWELD_Load/15T term=short H=24 validation=1344
TIME run allocation action=skip run=/fslarge/scratch/users/h61084/codes/tsrag_time/outputs/tsrag/data/shared/EWELD_Load/15T/short/run_0 source_launch=selena_3452080 launch_id=selena_3512119 slurm_job_id=3512119 launched_at=2026-09-23T12:16:34.613959+00:00
[2026-09-23 12:16:34 UTC] prepare dataset=EWELD_Load/15T term=medium H=96 validation=1344
TIME run allocation action=skip run=/fslarge/scratch/users/h61084/codes/tsrag_time/outputs/tsrag/data/shared/EWELD_Load/15T/medium/run_0 source_launch=selena_3452080 launch_id=selena_3512119 slurm_job_id=3512119 launched_at=2026-09-23T12:16:34.618217+00:00
[2026-09-23 12:16:34 UTC] prepare dataset=EWELD_Load/15T term=long H=672 validation=1344
TIME run allocation action=skip run=/fslarge/scratch/users/h61084/codes/tsrag_time/outputs/tsrag/data/shared/EWELD_Load/15T/long/run_0 source_launch=selena_3452080 launch_id=selena_3512119 slurm_job_id=3512119 launched_at=2026-09-23T12:16:34.622545+00:00
[2026-09-23 12:16:34 UTC] prepare dataset=SG_Carpark/15T term=short H=16 validation=672
TIME run allocation action=skip run=/fslarge/scratch/users/h61084/codes/tsrag_time/outputs/tsrag/data/shared/SG_Carpark/15T/short/run_0 source_launch=selena_3452080 launch_id=selena_3512119 slurm_job_id=3512119 launched_at=2026-09-23T12:16:34.627089+00:00
[2026-09-23 12:16:34 UTC] prepare dataset=SG_Carpark/15T term=medium H=96 validation=672
TIME run allocation action=skip run=/fslarge/scratch/users/h61084/codes/tsrag_time/outputs/tsrag/data/shared/SG_Carpark/15T/medium/run_0 source_launch=selena_3452080 launch_id=selena_3512119 slurm_job_id=3512119 launched_at=2026-09-23T12:16:34.631569+00:00
[2026-09-23 12:16:34 UTC] prepare dataset=SG_Carpark/15T term=long H=672 validation=672
TIME run allocation action=skip run=/fslarge/scratch/users/h61084/codes/tsrag_time/outputs/tsrag/data/shared/SG_Carpark/15T/long/run_0 source_launch=selena_3452080 launch_id=selena_3512119 slurm_job_id=3512119 launched_at=2026-09-23T12:16:34.635994+00:00
[2026-09-23 12:16:34 UTC] prepare dataset=Finland_Traffic/15T term=short H=16 validation=2880
TIME run allocation action=skip run=/fslarge/scratch/users/h61084/codes/tsrag_time/outputs/tsrag/data/shared/Finland_Traffic/15T/short/run_0 source_launch=selena_3452080 launch_id=selena_3512119 slurm_job_id=3512119 launched_at=2026-09-23T12:16:34.640598+00:00
[2026-09-23 12:16:34 UTC] prepare dataset=Finland_Traffic/15T term=medium H=96 validation=2880
TIME run allocation action=skip run=/fslarge/scratch/users/h61084/codes/tsrag_time/outputs/tsrag/data/shared/Finland_Traffic/15T/medium/run_0 source_launch=selena_3452080 launch_id=selena_3512119 slurm_job_id=3512119 launched_at=2026-09-23T12:16:34.644958+00:00
[2026-09-23 12:16:34 UTC] prepare dataset=Finland_Traffic/15T term=long H=672 validation=2880
TIME run allocation action=skip run=/fslarge/scratch/users/h61084/codes/tsrag_time/outputs/tsrag/data/shared/Finland_Traffic/15T/long/run_0 source_launch=selena_3452080 launch_id=selena_3512119 slurm_job_id=3512119 launched_at=2026-09-23T12:16:34.649177+00:00
[2026-09-23 12:16:34 UTC] prepare dataset=Port_Activity/D term=short H=30 validation=90
TIME run allocation action=skip run=/fslarge/scratch/users/h61084/codes/tsrag_time/outputs/tsrag/data/shared/Port_Activity/D/short/run_0 source_launch=selena_3452080 launch_id=selena_3512119 slurm_job_id=3512119 launched_at=2026-09-23T12:16:34.653623+00:00
[2026-09-23 12:16:34 UTC] prepare dataset=Port_Activity/W term=short H=13 validation=13
TIME run allocation action=skip run=/fslarge/scratch/users/h61084/codes/tsrag_time/outputs/tsrag/data/shared/Port_Activity/W/short/run_0 source_launch=selena_3452080 launch_id=selena_3512119 slurm_job_id=3512119 launched_at=2026-09-23T12:16:34.658006+00:00
[2026-09-23 12:16:34 UTC] prepare dataset=ECDC_COVID/D term=short H=30 validation=30
TIME run allocation action=skip run=/fslarge/scratch/users/h61084/codes/tsrag_time/outputs/tsrag/data/shared/ECDC_COVID/D/short/run_0 source_launch=selena_3452080 launch_id=selena_3512119 slurm_job_id=3512119 launched_at=2026-09-23T12:16:34.662382+00:00
[2026-09-23 12:16:34 UTC] prepare dataset=ECDC_COVID/W term=short H=13 validation=13
TIME run allocation action=skip run=/fslarge/scratch/users/h61084/codes/tsrag_time/outputs/tsrag/data/shared/ECDC_COVID/W/short/run_0 source_launch=selena_3452080 launch_id=selena_3512119 slurm_job_id=3512119 launched_at=2026-09-23T12:16:34.666657+00:00
[2026-09-23 12:16:34 UTC] prepare dataset=Global_Influenza/W term=short H=13 validation=13
TIME run allocation action=skip run=/fslarge/scratch/users/h61084/codes/tsrag_time/outputs/tsrag/data/shared/Global_Influenza/W/short/run_0 source_launch=selena_3452080 launch_id=selena_3512119 slurm_job_id=3512119 launched_at=2026-09-23T12:16:34.671070+00:00
[2026-09-23 12:16:34 UTC] prepare dataset=Crypto/D term=short H=30 validation=92
TIME run allocation action=skip run=/fslarge/scratch/users/h61084/codes/tsrag_time/outputs/tsrag/data/shared/Crypto/D/short/run_0 source_launch=selena_3452080 launch_id=selena_3512119 slurm_job_id=3512119 launched_at=2026-09-23T12:16:34.675799+00:00
[2026-09-23 12:16:34 UTC] prepare dataset=US_Term_Structure/B term=short H=20 validation=100
TIME run allocation action=skip run=/fslarge/scratch/users/h61084/codes/tsrag_time/outputs/tsrag/data/shared/US_Term_Structure/B/short/run_0 source_launch=selena_3452080 launch_id=selena_3512119 slurm_job_id=3512119 launched_at=2026-09-23T12:16:34.680417+00:00
[2026-09-23 12:16:34 UTC] prepare dataset=Oil_Price/B term=short H=20 validation=100
TIME run allocation action=skip run=/fslarge/scratch/users/h61084/codes/tsrag_time/outputs/tsrag/data/shared/Oil_Price/B/short/run_0 source_launch=selena_3452080 launch_id=selena_3512119 slurm_job_id=3512119 launched_at=2026-09-23T12:16:34.684799+00:00
[2026-09-23 12:16:34 UTC] prepare dataset=Job_Claims/W term=short H=13 validation=13
TIME run allocation action=skip run=/fslarge/scratch/users/h61084/codes/tsrag_time/outputs/tsrag/data/shared/Job_Claims/W/short/run_0 source_launch=selena_3452080 launch_id=selena_3512119 slurm_job_id=3512119 launched_at=2026-09-23T12:16:34.689146+00:00
[2026-09-23 12:16:34 UTC] prepare dataset=Uncertainty_1M/M term=short H=6 validation=18
TIME run allocation action=skip run=/fslarge/scratch/users/h61084/codes/tsrag_time/outputs/tsrag/data/shared/Uncertainty_1M/M/short/run_0 source_launch=selena_3452080 launch_id=selena_3512119 slurm_job_id=3512119 launched_at=2026-09-23T12:16:34.693430+00:00
[2026-09-23 12:16:34 UTC] prepare dataset=Housing_Inventory/M term=short H=12 validation=12
TIME run allocation action=skip run=/fslarge/scratch/users/h61084/codes/tsrag_time/outputs/tsrag/data/shared/Housing_Inventory/M/short/run_0 source_launch=selena_3452080 launch_id=selena_3512119 slurm_job_id=3512119 launched_at=2026-09-23T12:16:34.697840+00:00
[2026-09-23 12:16:34 UTC] prepare dataset=JOLTS/M term=short H=12 validation=12
TIME run allocation action=skip run=/fslarge/scratch/users/h61084/codes/tsrag_time/outputs/tsrag/data/shared/JOLTS/M/short/run_0 source_launch=selena_3452080 launch_id=selena_3512119 slurm_job_id=3512119 launched_at=2026-09-23T12:16:34.702428+00:00
[2026-09-23 12:16:34 UTC] prepare dataset=US_Labor/M term=short H=12 validation=12
TIME run allocation action=skip run=/fslarge/scratch/users/h61084/codes/tsrag_time/outputs/tsrag/data/shared/US_Labor/M/short/run_0 source_launch=selena_3452080 launch_id=selena_3512119 slurm_job_id=3512119 launched_at=2026-09-23T12:16:34.706849+00:00
[2026-09-23 12:16:34 UTC] prepare dataset=Vehicle_Supply/M term=short H=12 validation=12
TIME run allocation action=skip run=/fslarge/scratch/users/h61084/codes/tsrag_time/outputs/tsrag/data/shared/Vehicle_Supply/M/short/run_0 source_launch=selena_3452080 launch_id=selena_3512119 slurm_job_id=3512119 launched_at=2026-09-23T12:16:34.711314+00:00
[2026-09-23 12:16:34 UTC] prepare dataset=Auto_Production_SF/M term=short H=12 validation=12
TIME run allocation action=skip run=/fslarge/scratch/users/h61084/codes/tsrag_time/outputs/tsrag/data/shared/Auto_Production_SF/M/short/run_0 source_launch=selena_3452080 launch_id=selena_3512119 slurm_job_id=3512119 launched_at=2026-09-23T12:16:34.715789+00:00
[2026-09-23 12:16:34 UTC] prepare dataset=Commodity_Production/M term=short H=12 validation=12
TIME run allocation action=skip run=/fslarge/scratch/users/h61084/codes/tsrag_time/outputs/tsrag/data/shared/Commodity_Production/M/short/run_0 source_launch=selena_3452080 launch_id=selena_3512119 slurm_job_id=3512119 launched_at=2026-09-23T12:16:34.720111+00:00
[2026-09-23 12:16:34 UTC] prepare dataset=Commodity_Import/M term=short H=12 validation=12
TIME run allocation action=skip run=/fslarge/scratch/users/h61084/codes/tsrag_time/outputs/tsrag/data/shared/Commodity_Import/M/short/run_0 source_launch=selena_3452080 launch_id=selena_3512119 slurm_job_id=3512119 launched_at=2026-09-23T12:16:34.724758+00:00
[2026-09-23 12:16:34 UTC] prepare dataset=WUI_Global/Q term=short H=4 validation=20
TIME run allocation action=skip run=/fslarge/scratch/users/h61084/codes/tsrag_time/outputs/tsrag/data/shared/WUI_Global/Q/short/run_0 source_launch=selena_3452080 launch_id=selena_3512119 slurm_job_id=3512119 launched_at=2026-09-23T12:16:34.729072+00:00
[2026-09-23 12:16:34 UTC] prepare dataset=Global_Price/Q term=short H=4 validation=8
TIME run allocation action=skip run=/fslarge/scratch/users/h61084/codes/tsrag_time/outputs/tsrag/data/shared/Global_Price/Q/short/run_0 source_launch=selena_3452080 launch_id=selena_3512119 slurm_job_id=3512119 launched_at=2026-09-23T12:16:34.733535+00:00
[2026-09-23 12:16:34 UTC] prepare dataset=Vehicle_Sales/M term=short H=12 validation=12
TIME run allocation action=skip run=/fslarge/scratch/users/h61084/codes/tsrag_time/outputs/tsrag/data/shared/Vehicle_Sales/M/short/run_0 source_launch=selena_3452080 launch_id=selena_3512119 slurm_job_id=3512119 launched_at=2026-09-23T12:16:34.737858+00:00
[2026-09-23 12:16:34 UTC] prepare dataset=Online_Retail_2_UCI/D term=short H=30 validation=90
TIME run allocation action=skip run=/fslarge/scratch/users/h61084/codes/tsrag_time/outputs/tsrag/data/shared/Online_Retail_2_UCI/D/short/run_0 source_launch=selena_3452080 launch_id=selena_3512119 slurm_job_id=3512119 launched_at=2026-09-23T12:16:34.742229+00:00
[2026-09-23 12:16:34 UTC] prepare dataset=Supply_Chain_Customer/D term=short H=30 validation=90
TIME run allocation action=skip run=/fslarge/scratch/users/h61084/codes/tsrag_time/outputs/tsrag/data/shared/Supply_Chain_Customer/D/short/run_0 source_launch=selena_3452080 launch_id=selena_3512119 slurm_job_id=3512119 launched_at=2026-09-23T12:16:34.746733+00:00
[2026-09-23 12:16:34 UTC] prepare dataset=Supply_Chain_Location/D term=short H=30 validation=90
TIME run allocation action=skip run=/fslarge/scratch/users/h61084/codes/tsrag_time/outputs/tsrag/data/shared/Supply_Chain_Location/D/short/run_0 source_launch=selena_3452080 launch_id=selena_3512119 slurm_job_id=3512119 launched_at=2026-09-23T12:16:34.751212+00:00
[2026-09-23 12:16:34 UTC] prepare dataset=azure2019_U/5T term=short H=48 validation=96
TIME run allocation action=skip run=/fslarge/scratch/users/h61084/codes/tsrag_time/outputs/tsrag/data/shared/azure2019_U/5T/short/run_0 source_launch=selena_3452080 launch_id=selena_3512119 slurm_job_id=3512119 launched_at=2026-09-23T12:16:34.755745+00:00
[2026-09-23 12:16:34 UTC] prepare dataset=Smart_Manufacturing/H term=short H=24 validation=336
TIME run allocation action=skip run=/fslarge/scratch/users/h61084/codes/tsrag_time/outputs/tsrag/data/shared/Smart_Manufacturing/H/short/run_0 source_launch=selena_3452080 launch_id=selena_3512119 slurm_job_id=3512119 launched_at=2026-09-23T12:16:34.760194+00:00
[2026-09-23 12:16:34 UTC] prepare dataset=Smart_Manufacturing/H term=medium H=168 validation=336
TIME run allocation action=skip run=/fslarge/scratch/users/h61084/codes/tsrag_time/outputs/tsrag/data/shared/Smart_Manufacturing/H/medium/run_0 source_launch=selena_3452080 launch_id=selena_3512119 slurm_job_id=3512119 launched_at=2026-09-23T12:16:34.764432+00:00
[2026-09-23 12:16:34 UTC] prepare dataset=Smart_Manufacturing/H term=long H=336 validation=336
TIME run allocation action=skip run=/fslarge/scratch/users/h61084/codes/tsrag_time/outputs/tsrag/data/shared/Smart_Manufacturing/H/long/run_0 source_launch=selena_3452080 launch_id=selena_3512119 slurm_job_id=3512119 launched_at=2026-09-23T12:16:34.768531+00:00
[2026-09-23 12:16:34 UTC] prepare dataset=MetroPT-3/5T term=short H=48 validation=1728
TIME run allocation action=skip run=/fslarge/scratch/users/h61084/codes/tsrag_time/outputs/tsrag/data/shared/MetroPT-3/5T/short/run_0 source_launch=selena_3452080 launch_id=selena_3512119 slurm_job_id=3512119 launched_at=2026-09-23T12:16:34.772907+00:00
[2026-09-23 12:16:34 UTC] prepare dataset=MetroPT-3/5T term=medium H=288 validation=1728
TIME run allocation action=skip run=/fslarge/scratch/users/h61084/codes/tsrag_time/outputs/tsrag/data/shared/MetroPT-3/5T/medium/run_0 source_launch=selena_3452080 launch_id=selena_3512119 slurm_job_id=3512119 launched_at=2026-09-23T12:16:34.776920+00:00
[2026-09-23 12:16:34 UTC] prepare dataset=MetroPT-3/5T term=long H=576 validation=1728
TIME run allocation action=skip run=/fslarge/scratch/users/h61084/codes/tsrag_time/outputs/tsrag/data/shared/MetroPT-3/5T/long/run_0 source_launch=selena_3452080 launch_id=selena_3512119 slurm_job_id=3512119 launched_at=2026-09-23T12:16:34.781033+00:00

[2026-09-23 12:16:38 UTC] stage=vanilla
[2026-09-23 14:16:39,864][datasets][INFO] - PyTorch version 2.9.1 available.
[2026-09-23 12:16:41 UTC] stage=vanilla tasks=90 seed=0 device=cuda Slurm=3512119
TIME run allocation action=skip run=/fslarge/scratch/users/h61084/codes/tsrag_time/outputs/tsrag/predictions/chronos_bolt_512/Water_Quality_Darwin/15T/short/run_0 source_launch=selena_3452080 launch_id=selena_3512119 slurm_job_id=3512119 launched_at=2026-09-23T12:16:41.978062+00:00
TIME run allocation action=skip run=/fslarge/scratch/users/h61084/codes/tsrag_time/outputs/tsrag/predictions/chronos_bolt_512/Water_Quality_Darwin/15T/medium/run_0 source_launch=selena_3452080 launch_id=selena_3512119 slurm_job_id=3512119 launched_at=2026-09-23T12:16:41.986847+00:00
TIME run allocation action=skip run=/fslarge/scratch/users/h61084/codes/tsrag_time/outputs/tsrag/predictions/chronos_bolt_512/Water_Quality_Darwin/15T/long/run_0 source_launch=selena_3452080 launch_id=selena_3512119 slurm_job_id=3512119 launched_at=2026-09-23T12:16:41.995388+00:00
TIME run allocation action=skip run=/fslarge/scratch/users/h61084/codes/tsrag_time/outputs/tsrag/predictions/chronos_bolt_512/current_velocity/5T/short/run_0 source_launch=selena_3452080 launch_id=selena_3512119 slurm_job_id=3512119 launched_at=2026-09-23T12:16:42.003744+00:00
TIME run allocation action=skip run=/fslarge/scratch/users/h61084/codes/tsrag_time/outputs/tsrag/predictions/chronos_bolt_512/current_velocity/5T/medium/run_0 source_launch=selena_3452080 launch_id=selena_3512119 slurm_job_id=3512119 launched_at=2026-09-23T12:16:42.012048+00:00
TIME run allocation action=skip run=/fslarge/scratch/users/h61084/codes/tsrag_time/outputs/tsrag/predictions/chronos_bolt_512/current_velocity/5T/long/run_0 source_launch=selena_3452080 launch_id=selena_3512119 slurm_job_id=3512119 launched_at=2026-09-23T12:16:42.020548+00:00
TIME run allocation action=skip run=/fslarge/scratch/users/h61084/codes/tsrag_time/outputs/tsrag/predictions/chronos_bolt_512/current_velocity/10T/short/run_0 source_launch=selena_3452080 launch_id=selena_3512119 slurm_job_id=3512119 launched_at=2026-09-23T12:16:42.028798+00:00
TIME run allocation action=skip run=/fslarge/scratch/users/h61084/codes/tsrag_time/outputs/tsrag/predictions/chronos_bolt_512/current_velocity/10T/medium/run_0 source_launch=selena_3452080 launch_id=selena_3512119 slurm_job_id=3512119 launched_at=2026-09-23T12:16:42.037097+00:00
TIME run allocation action=skip run=/fslarge/scratch/users/h61084/codes/tsrag_time/outputs/tsrag/predictions/chronos_bolt_512/current_velocity/10T/long/run_0 source_launch=selena_3452080 launch_id=selena_3512119 slurm_job_id=3512119 launched_at=2026-09-23T12:16:42.045309+00:00
TIME run allocation action=skip run=/fslarge/scratch/users/h61084/codes/tsrag_time/outputs/tsrag/predictions/chronos_bolt_512/current_velocity/15T/short/run_0 source_launch=selena_3452080 launch_id=selena_3512119 slurm_job_id=3512119 launched_at=2026-09-23T12:16:42.053683+00:00
TIME run allocation action=skip run=/fslarge/scratch/users/h61084/codes/tsrag_time/outputs/tsrag/predictions/chronos_bolt_512/current_velocity/15T/medium/run_0 source_launch=selena_3452080 launch_id=selena_3512119 slurm_job_id=3512119 launched_at=2026-09-23T12:16:42.064258+00:00
TIME run allocation action=skip run=/fslarge/scratch/users/h61084/codes/tsrag_time/outputs/tsrag/predictions/chronos_bolt_512/current_velocity/15T/long/run_0 source_launch=selena_3452080 launch_id=selena_3512119 slurm_job_id=3512119 launched_at=2026-09-23T12:16:42.072282+00:00
TIME run allocation action=skip run=/fslarge/scratch/users/h61084/codes/tsrag_time/outputs/tsrag/predictions/chronos_bolt_512/current_velocity/H/short/run_0 source_launch=selena_3452080 launch_id=selena_3512119 slurm_job_id=3512119 launched_at=2026-09-23T12:16:42.080004+00:00
TIME run allocation action=skip run=/fslarge/scratch/users/h61084/codes/tsrag_time/outputs/tsrag/predictions/chronos_bolt_512/current_velocity/H/medium/run_0 source_launch=selena_3452080 launch_id=selena_3512119 slurm_job_id=3512119 launched_at=2026-09-23T12:16:42.087894+00:00
TIME run allocation action=skip run=/fslarge/scratch/users/h61084/codes/tsrag_time/outputs/tsrag/predictions/chronos_bolt_512/current_velocity/H/long/run_0 source_launch=selena_3452080 launch_id=selena_3512119 slurm_job_id=3512119 launched_at=2026-09-23T12:16:42.096361+00:00
TIME run allocation action=skip run=/fslarge/scratch/users/h61084/codes/tsrag_time/outputs/tsrag/predictions/chronos_bolt_512/CPHL/15T/short/run_0 source_launch=selena_3452080 launch_id=selena_3512119 slurm_job_id=3512119 launched_at=2026-09-23T12:16:42.104414+00:00
TIME run allocation action=skip run=/fslarge/scratch/users/h61084/codes/tsrag_time/outputs/tsrag/predictions/chronos_bolt_512/CPHL/15T/medium/run_0 source_launch=selena_3452080 launch_id=selena_3512119 slurm_job_id=3512119 launched_at=2026-09-23T12:16:42.112306+00:00
TIME run allocation action=skip run=/fslarge/scratch/users/h61084/codes/tsrag_time/outputs/tsrag/predictions/chronos_bolt_512/CPHL/15T/long/run_0 source_launch=selena_3452080 launch_id=selena_3512119 slurm_job_id=3512119 launched_at=2026-09-23T12:16:42.120542+00:00
TIME run allocation action=skip run=/fslarge/scratch/users/h61084/codes/tsrag_time/outputs/tsrag/predictions/chronos_bolt_512/CPHL/30T/short/run_0 source_launch=selena_3452080 launch_id=selena_3512119 slurm_job_id=3512119 launched_at=2026-09-23T12:16:42.128710+00:00
TIME run allocation action=skip run=/fslarge/scratch/users/h61084/codes/tsrag_time/outputs/tsrag/predictions/chronos_bolt_512/CPHL/30T/medium/run_0 source_launch=selena_3452080 launch_id=selena_3512119 slurm_job_id=3512119 launched_at=2026-09-23T12:16:42.136738+00:00
TIME run allocation action=skip run=/fslarge/scratch/users/h61084/codes/tsrag_time/outputs/tsrag/predictions/chronos_bolt_512/CPHL/30T/long/run_0 source_launch=selena_3452080 launch_id=selena_3512119 slurm_job_id=3512119 launched_at=2026-09-23T12:16:42.144891+00:00
TIME run allocation action=skip run=/fslarge/scratch/users/h61084/codes/tsrag_time/outputs/tsrag/predictions/chronos_bolt_512/CPHL/H/short/run_0 source_launch=selena_3452080 launch_id=selena_3512119 slurm_job_id=3512119 launched_at=2026-09-23T12:16:42.152768+00:00
TIME run allocation action=skip run=/fslarge/scratch/users/h61084/codes/tsrag_time/outputs/tsrag/predictions/chronos_bolt_512/CPHL/H/medium/run_0 source_launch=selena_3452080 launch_id=selena_3512119 slurm_job_id=3512119 launched_at=2026-09-23T12:16:42.160748+00:00
TIME run allocation action=skip run=/fslarge/scratch/users/h61084/codes/tsrag_time/outputs/tsrag/predictions/chronos_bolt_512/CPHL/H/long/run_0 source_launch=selena_3452080 launch_id=selena_3512119 slurm_job_id=3512119 launched_at=2026-09-23T12:16:42.171028+00:00
TIME run allocation action=skip run=/fslarge/scratch/users/h61084/codes/tsrag_time/outputs/tsrag/predictions/chronos_bolt_512/Coastal_T_S/15T/short/run_0 source_launch=selena_3452080 launch_id=selena_3512119 slurm_job_id=3512119 launched_at=2026-09-23T12:16:42.180835+00:00
TIME run allocation action=skip run=/fslarge/scratch/users/h61084/codes/tsrag_time/outputs/tsrag/predictions/chronos_bolt_512/Coastal_T_S/15T/medium/run_0 source_launch=selena_3452080 launch_id=selena_3512119 slurm_job_id=3512119 launched_at=2026-09-23T12:16:42.189034+00:00
TIME run allocation action=skip run=/fslarge/scratch/users/h61084/codes/tsrag_time/outputs/tsrag/predictions/chronos_bolt_512/Coastal_T_S/15T/long/run_0 source_launch=selena_3452080 launch_id=selena_3512119 slurm_job_id=3512119 launched_at=2026-09-23T12:16:42.197213+00:00
TIME run allocation action=skip run=/fslarge/scratch/users/h61084/codes/tsrag_time/outputs/tsrag/predictions/chronos_bolt_512/Coastal_T_S/20T/short/run_0 source_launch=selena_3452080 launch_id=selena_3512119 slurm_job_id=3512119 launched_at=2026-09-23T12:16:42.205233+00:00
TIME run allocation action=skip run=/fslarge/scratch/users/h61084/codes/tsrag_time/outputs/tsrag/predictions/chronos_bolt_512/Coastal_T_S/20T/medium/run_0 source_launch=selena_3452080 launch_id=selena_3512119 slurm_job_id=3512119 launched_at=2026-09-23T12:16:42.212980+00:00
TIME run allocation action=skip run=/fslarge/scratch/users/h61084/codes/tsrag_time/outputs/tsrag/predictions/chronos_bolt_512/Coastal_T_S/20T/long/run_0 source_launch=selena_3452080 launch_id=selena_3512119 slurm_job_id=3512119 launched_at=2026-09-23T12:16:42.220847+00:00
TIME run allocation action=skip run=/fslarge/scratch/users/h61084/codes/tsrag_time/outputs/tsrag/predictions/chronos_bolt_512/Coastal_T_S/H/short/run_0 source_launch=selena_3452080 launch_id=selena_3512119 slurm_job_id=3512119 launched_at=2026-09-23T12:16:42.228726+00:00
TIME run allocation action=skip run=/fslarge/scratch/users/h61084/codes/tsrag_time/outputs/tsrag/predictions/chronos_bolt_512/Coastal_T_S/H/medium/run_0 source_launch=selena_3452080 launch_id=selena_3512119 slurm_job_id=3512119 launched_at=2026-09-23T12:16:42.236917+00:00
TIME run allocation action=skip run=/fslarge/scratch/users/h61084/codes/tsrag_time/outputs/tsrag/predictions/chronos_bolt_512/Coastal_T_S/H/long/run_0 source_launch=selena_3452080 launch_id=selena_3512119 slurm_job_id=3512119 launched_at=2026-09-23T12:16:42.245023+00:00
TIME run allocation action=skip run=/fslarge/scratch/users/h61084/codes/tsrag_time/outputs/tsrag/predictions/chronos_bolt_512/SG_Weather/D/short/run_0 source_launch=selena_3452080 launch_id=selena_3512119 slurm_job_id=3512119 launched_at=2026-09-23T12:16:42.253237+00:00
TIME run allocation action=skip run=/fslarge/scratch/users/h61084/codes/tsrag_time/outputs/tsrag/predictions/chronos_bolt_512/SG_Weather/D/medium/run_0 source_launch=selena_3452080 launch_id=selena_3512119 slurm_job_id=3512119 launched_at=2026-09-23T12:16:42.261253+00:00
TIME run allocation action=skip run=/fslarge/scratch/users/h61084/codes/tsrag_time/outputs/tsrag/predictions/chronos_bolt_512/SG_Weather/D/long/run_0 source_launch=selena_3452080 launch_id=selena_3512119 slurm_job_id=3512119 launched_at=2026-09-23T12:16:42.269352+00:00
TIME run allocation action=skip run=/fslarge/scratch/users/h61084/codes/tsrag_time/outputs/tsrag/predictions/chronos_bolt_512/SG_PM25/H/short/run_0 source_launch=selena_3452080 launch_id=selena_3512119 slurm_job_id=3512119 launched_at=2026-09-23T12:16:42.277408+00:00
TIME run allocation action=skip run=/fslarge/scratch/users/h61084/codes/tsrag_time/outputs/tsrag/predictions/chronos_bolt_512/SG_PM25/H/medium/run_0 source_launch=selena_3452080 launch_id=selena_3512119 slurm_job_id=3512119 launched_at=2026-09-23T12:16:42.285442+00:00
TIME run allocation action=skip run=/fslarge/scratch/users/h61084/codes/tsrag_time/outputs/tsrag/predictions/chronos_bolt_512/SG_PM25/H/long/run_0 source_launch=selena_3452080 launch_id=selena_3512119 slurm_job_id=3512119 launched_at=2026-09-23T12:16:42.293493+00:00
TIME run allocation action=skip run=/fslarge/scratch/users/h61084/codes/tsrag_time/outputs/tsrag/predictions/chronos_bolt_512/NE_China_Wind/H/short/run_0 source_launch=selena_3452080 launch_id=selena_3512119 slurm_job_id=3512119 launched_at=2026-09-23T12:16:42.301548+00:00
TIME run allocation action=skip run=/fslarge/scratch/users/h61084/codes/tsrag_time/outputs/tsrag/predictions/chronos_bolt_512/NE_China_Wind/H/medium/run_0 source_launch=selena_3452080 launch_id=selena_3512119 slurm_job_id=3512119 launched_at=2026-09-23T12:16:42.309569+00:00
TIME run allocation action=skip run=/fslarge/scratch/users/h61084/codes/tsrag_time/outputs/tsrag/predictions/chronos_bolt_512/NE_China_Wind/H/long/run_0 source_launch=selena_3452080 launch_id=selena_3512119 slurm_job_id=3512119 launched_at=2026-09-23T12:16:42.318008+00:00
TIME run allocation action=skip run=/fslarge/scratch/users/h61084/codes/tsrag_time/outputs/tsrag/predictions/chronos_bolt_512/Australia_Solar/H/short/run_0 source_launch=selena_3452080 launch_id=selena_3512119 slurm_job_id=3512119 launched_at=2026-09-23T12:16:42.326091+00:00
TIME run allocation action=skip run=/fslarge/scratch/users/h61084/codes/tsrag_time/outputs/tsrag/predictions/chronos_bolt_512/Australia_Solar/H/medium/run_0 source_launch=selena_3452080 launch_id=selena_3512119 slurm_job_id=3512119 launched_at=2026-09-23T12:16:42.337088+00:00
TIME run allocation action=skip run=/fslarge/scratch/users/h61084/codes/tsrag_time/outputs/tsrag/predictions/chronos_bolt_512/Australia_Solar/H/long/run_0 source_launch=selena_3452080 launch_id=selena_3512119 slurm_job_id=3512119 launched_at=2026-09-23T12:16:42.345281+00:00
TIME run allocation action=skip run=/fslarge/scratch/users/h61084/codes/tsrag_time/outputs/tsrag/predictions/chronos_bolt_512/epf_electricity_price/H/short/run_0 source_launch=selena_3452080 launch_id=selena_3512119 slurm_job_id=3512119 launched_at=2026-09-23T12:16:42.353325+00:00
TIME run allocation action=skip run=/fslarge/scratch/users/h61084/codes/tsrag_time/outputs/tsrag/predictions/chronos_bolt_512/epf_electricity_price/H/medium/run_0 source_launch=selena_3452080 launch_id=selena_3512119 slurm_job_id=3512119 launched_at=2026-09-23T12:16:42.361531+00:00
TIME run allocation action=skip run=/fslarge/scratch/users/h61084/codes/tsrag_time/outputs/tsrag/predictions/chronos_bolt_512/epf_electricity_price/H/long/run_0 source_launch=selena_3452080 launch_id=selena_3512119 slurm_job_id=3512119 launched_at=2026-09-23T12:16:42.369720+00:00
TIME run allocation action=skip run=/fslarge/scratch/users/h61084/codes/tsrag_time/outputs/tsrag/predictions/chronos_bolt_512/OpenElectricity_NEM/5T/short/run_0 source_launch=selena_3452080 launch_id=selena_3512119 slurm_job_id=3512119 launched_at=2026-09-23T12:16:42.378162+00:00
TIME run allocation action=skip run=/fslarge/scratch/users/h61084/codes/tsrag_time/outputs/tsrag/predictions/chronos_bolt_512/OpenElectricity_NEM/5T/medium/run_0 source_launch=selena_3452080 launch_id=selena_3512119 slurm_job_id=3512119 launched_at=2026-09-23T12:16:42.386225+00:00
TIME run allocation action=skip run=/fslarge/scratch/users/h61084/codes/tsrag_time/outputs/tsrag/predictions/chronos_bolt_512/OpenElectricity_NEM/5T/long/run_0 source_launch=selena_3452080 launch_id=selena_3512119 slurm_job_id=3512119 launched_at=2026-09-23T12:16:42.394323+00:00
TIME run allocation action=skip run=/fslarge/scratch/users/h61084/codes/tsrag_time/outputs/tsrag/predictions/chronos_bolt_512/EWELD_Load/15T/short/run_0 source_launch=selena_3452080 launch_id=selena_3512119 slurm_job_id=3512119 launched_at=2026-09-23T12:16:42.402448+00:00
TIME run allocation action=skip run=/fslarge/scratch/users/h61084/codes/tsrag_time/outputs/tsrag/predictions/chronos_bolt_512/EWELD_Load/15T/medium/run_0 source_launch=selena_3452080 launch_id=selena_3512119 slurm_job_id=3512119 launched_at=2026-09-23T12:16:42.413462+00:00
TIME run allocation action=skip run=/fslarge/scratch/users/h61084/codes/tsrag_time/outputs/tsrag/predictions/chronos_bolt_512/EWELD_Load/15T/long/run_0 source_launch=selena_3452080 launch_id=selena_3512119 slurm_job_id=3512119 launched_at=2026-09-23T12:16:42.425133+00:00
TIME run allocation action=skip run=/fslarge/scratch/users/h61084/codes/tsrag_time/outputs/tsrag/predictions/chronos_bolt_512/SG_Carpark/15T/short/run_0 source_launch=selena_3452080 launch_id=selena_3512119 slurm_job_id=3512119 launched_at=2026-09-23T12:16:42.433563+00:00
TIME run allocation action=skip run=/fslarge/scratch/users/h61084/codes/tsrag_time/outputs/tsrag/predictions/chronos_bolt_512/SG_Carpark/15T/medium/run_0 source_launch=selena_3452080 launch_id=selena_3512119 slurm_job_id=3512119 launched_at=2026-09-23T12:16:42.441813+00:00
TIME run allocation action=skip run=/fslarge/scratch/users/h61084/codes/tsrag_time/outputs/tsrag/predictions/chronos_bolt_512/SG_Carpark/15T/long/run_0 source_launch=selena_3452080 launch_id=selena_3512119 slurm_job_id=3512119 launched_at=2026-09-23T12:16:42.449934+00:00
TIME run allocation action=skip run=/fslarge/scratch/users/h61084/codes/tsrag_time/outputs/tsrag/predictions/chronos_bolt_512/Finland_Traffic/15T/short/run_0 source_launch=selena_3452080 launch_id=selena_3512119 slurm_job_id=3512119 launched_at=2026-09-23T12:16:42.457849+00:00
TIME run allocation action=skip run=/fslarge/scratch/users/h61084/codes/tsrag_time/outputs/tsrag/predictions/chronos_bolt_512/Finland_Traffic/15T/medium/run_0 source_launch=selena_3452080 launch_id=selena_3512119 slurm_job_id=3512119 launched_at=2026-09-23T12:16:42.465855+00:00
TIME run allocation action=skip run=/fslarge/scratch/users/h61084/codes/tsrag_time/outputs/tsrag/predictions/chronos_bolt_512/Finland_Traffic/15T/long/run_0 source_launch=selena_3452080 launch_id=selena_3512119 slurm_job_id=3512119 launched_at=2026-09-23T12:16:42.473830+00:00
TIME run allocation action=skip run=/fslarge/scratch/users/h61084/codes/tsrag_time/outputs/tsrag/predictions/chronos_bolt_512/Port_Activity/D/short/run_0 source_launch=selena_3452080 launch_id=selena_3512119 slurm_job_id=3512119 launched_at=2026-09-23T12:16:42.481790+00:00
TIME run allocation action=skip run=/fslarge/scratch/users/h61084/codes/tsrag_time/outputs/tsrag/predictions/chronos_bolt_512/Port_Activity/W/short/run_0 source_launch=selena_3452080 launch_id=selena_3512119 slurm_job_id=3512119 launched_at=2026-09-23T12:16:42.489853+00:00
TIME run allocation action=skip run=/fslarge/scratch/users/h61084/codes/tsrag_time/outputs/tsrag/predictions/chronos_bolt_512/ECDC_COVID/D/short/run_0 source_launch=selena_3452080 launch_id=selena_3512119 slurm_job_id=3512119 launched_at=2026-09-23T12:16:42.497975+00:00
TIME run allocation action=skip run=/fslarge/scratch/users/h61084/codes/tsrag_time/outputs/tsrag/predictions/chronos_bolt_512/ECDC_COVID/W/short/run_0 source_launch=selena_3452080 launch_id=selena_3512119 slurm_job_id=3512119 launched_at=2026-09-23T12:16:42.506272+00:00
TIME run allocation action=skip run=/fslarge/scratch/users/h61084/codes/tsrag_time/outputs/tsrag/predictions/chronos_bolt_512/Global_Influenza/W/short/run_0 source_launch=selena_3452080 launch_id=selena_3512119 slurm_job_id=3512119 launched_at=2026-09-23T12:16:42.514133+00:00
TIME run allocation action=skip run=/fslarge/scratch/users/h61084/codes/tsrag_time/outputs/tsrag/predictions/chronos_bolt_512/Crypto/D/short/run_0 source_launch=selena_3452080 launch_id=selena_3512119 slurm_job_id=3512119 launched_at=2026-09-23T12:16:42.522305+00:00
TIME run allocation action=skip run=/fslarge/scratch/users/h61084/codes/tsrag_time/outputs/tsrag/predictions/chronos_bolt_512/US_Term_Structure/B/short/run_0 source_launch=selena_3452080 launch_id=selena_3512119 slurm_job_id=3512119 launched_at=2026-09-23T12:16:42.530341+00:00
TIME run allocation action=skip run=/fslarge/scratch/users/h61084/codes/tsrag_time/outputs/tsrag/predictions/chronos_bolt_512/Oil_Price/B/short/run_0 source_launch=selena_3452080 launch_id=selena_3512119 slurm_job_id=3512119 launched_at=2026-09-23T12:16:42.538414+00:00
TIME run allocation action=skip run=/fslarge/scratch/users/h61084/codes/tsrag_time/outputs/tsrag/predictions/chronos_bolt_512/Job_Claims/W/short/run_0 source_launch=selena_3452080 launch_id=selena_3512119 slurm_job_id=3512119 launched_at=2026-09-23T12:16:42.546376+00:00
TIME run allocation action=skip run=/fslarge/scratch/users/h61084/codes/tsrag_time/outputs/tsrag/predictions/chronos_bolt_512/Uncertainty_1M/M/short/run_0 source_launch=selena_3452080 launch_id=selena_3512119 slurm_job_id=3512119 launched_at=2026-09-23T12:16:42.554350+00:00
TIME run allocation action=skip run=/fslarge/scratch/users/h61084/codes/tsrag_time/outputs/tsrag/predictions/chronos_bolt_512/Housing_Inventory/M/short/run_0 source_launch=selena_3452080 launch_id=selena_3512119 slurm_job_id=3512119 launched_at=2026-09-23T12:16:42.562320+00:00
TIME run allocation action=skip run=/fslarge/scratch/users/h61084/codes/tsrag_time/outputs/tsrag/predictions/chronos_bolt_512/JOLTS/M/short/run_0 source_launch=selena_3452080 launch_id=selena_3512119 slurm_job_id=3512119 launched_at=2026-09-23T12:16:42.570155+00:00
TIME run allocation action=skip run=/fslarge/scratch/users/h61084/codes/tsrag_time/outputs/tsrag/predictions/chronos_bolt_512/US_Labor/M/short/run_0 source_launch=selena_3452080 launch_id=selena_3512119 slurm_job_id=3512119 launched_at=2026-09-23T12:16:42.578175+00:00
TIME run allocation action=skip run=/fslarge/scratch/users/h61084/codes/tsrag_time/outputs/tsrag/predictions/chronos_bolt_512/Vehicle_Supply/M/short/run_0 source_launch=selena_3452080 launch_id=selena_3512119 slurm_job_id=3512119 launched_at=2026-09-23T12:16:42.586042+00:00
TIME run allocation action=skip run=/fslarge/scratch/users/h61084/codes/tsrag_time/outputs/tsrag/predictions/chronos_bolt_512/Auto_Production_SF/M/short/run_0 source_launch=selena_3452080 launch_id=selena_3512119 slurm_job_id=3512119 launched_at=2026-09-23T12:16:42.594048+00:00
TIME run allocation action=skip run=/fslarge/scratch/users/h61084/codes/tsrag_time/outputs/tsrag/predictions/chronos_bolt_512/Commodity_Production/M/short/run_0 source_launch=selena_3452080 launch_id=selena_3512119 slurm_job_id=3512119 launched_at=2026-09-23T12:16:42.602096+00:00
TIME run allocation action=skip run=/fslarge/scratch/users/h61084/codes/tsrag_time/outputs/tsrag/predictions/chronos_bolt_512/Commodity_Import/M/short/run_0 source_launch=selena_3452080 launch_id=selena_3512119 slurm_job_id=3512119 launched_at=2026-09-23T12:16:42.610256+00:00
TIME run allocation action=skip run=/fslarge/scratch/users/h61084/codes/tsrag_time/outputs/tsrag/predictions/chronos_bolt_512/WUI_Global/Q/short/run_0 source_launch=selena_3452080 launch_id=selena_3512119 slurm_job_id=3512119 launched_at=2026-09-23T12:16:42.618637+00:00
TIME run allocation action=skip run=/fslarge/scratch/users/h61084/codes/tsrag_time/outputs/tsrag/predictions/chronos_bolt_512/Global_Price/Q/short/run_0 source_launch=selena_3452080 launch_id=selena_3512119 slurm_job_id=3512119 launched_at=2026-09-23T12:16:42.627141+00:00
TIME run allocation action=skip run=/fslarge/scratch/users/h61084/codes/tsrag_time/outputs/tsrag/predictions/chronos_bolt_512/Vehicle_Sales/M/short/run_0 source_launch=selena_3452080 launch_id=selena_3512119 slurm_job_id=3512119 launched_at=2026-09-23T12:16:42.635427+00:00
TIME run allocation action=skip run=/fslarge/scratch/users/h61084/codes/tsrag_time/outputs/tsrag/predictions/chronos_bolt_512/Online_Retail_2_UCI/D/short/run_0 source_launch=selena_3452080 launch_id=selena_3512119 slurm_job_id=3512119 launched_at=2026-09-23T12:16:42.643641+00:00
TIME run allocation action=skip run=/fslarge/scratch/users/h61084/codes/tsrag_time/outputs/tsrag/predictions/chronos_bolt_512/Supply_Chain_Customer/D/short/run_0 source_launch=selena_3452080 launch_id=selena_3512119 slurm_job_id=3512119 launched_at=2026-09-23T12:16:42.652988+00:00
TIME run allocation action=skip run=/fslarge/scratch/users/h61084/codes/tsrag_time/outputs/tsrag/predictions/chronos_bolt_512/Supply_Chain_Location/D/short/run_0 source_launch=selena_3452080 launch_id=selena_3512119 slurm_job_id=3512119 launched_at=2026-09-23T12:16:42.661151+00:00
TIME run allocation action=skip run=/fslarge/scratch/users/h61084/codes/tsrag_time/outputs/tsrag/predictions/chronos_bolt_512/azure2019_U/5T/short/run_0 source_launch=selena_3452080 launch_id=selena_3512119 slurm_job_id=3512119 launched_at=2026-09-23T12:16:42.669357+00:00
TIME run allocation action=skip run=/fslarge/scratch/users/h61084/codes/tsrag_time/outputs/tsrag/predictions/chronos_bolt_512/Smart_Manufacturing/H/short/run_0 source_launch=selena_3452080 launch_id=selena_3512119 slurm_job_id=3512119 launched_at=2026-09-23T12:16:42.677353+00:00
TIME run allocation action=skip run=/fslarge/scratch/users/h61084/codes/tsrag_time/outputs/tsrag/predictions/chronos_bolt_512/Smart_Manufacturing/H/medium/run_0 source_launch=selena_3452080 launch_id=selena_3512119 slurm_job_id=3512119 launched_at=2026-09-23T12:16:42.685747+00:00
TIME run allocation action=skip run=/fslarge/scratch/users/h61084/codes/tsrag_time/outputs/tsrag/predictions/chronos_bolt_512/Smart_Manufacturing/H/long/run_0 source_launch=selena_3452080 launch_id=selena_3512119 slurm_job_id=3512119 launched_at=2026-09-23T12:16:42.693939+00:00
TIME run allocation action=skip run=/fslarge/scratch/users/h61084/codes/tsrag_time/outputs/tsrag/predictions/chronos_bolt_512/MetroPT-3/5T/short/run_0 source_launch=selena_3452080 launch_id=selena_3512119 slurm_job_id=3512119 launched_at=2026-09-23T12:16:42.701998+00:00
TIME run allocation action=skip run=/fslarge/scratch/users/h61084/codes/tsrag_time/outputs/tsrag/predictions/chronos_bolt_512/MetroPT-3/5T/medium/run_0 source_launch=selena_3452080 launch_id=selena_3512119 slurm_job_id=3512119 launched_at=2026-09-23T12:16:42.710080+00:00
TIME run allocation action=skip run=/fslarge/scratch/users/h61084/codes/tsrag_time/outputs/tsrag/predictions/chronos_bolt_512/MetroPT-3/5T/long/run_0 source_launch=selena_3452080 launch_id=selena_3512119 slurm_job_id=3512119 launched_at=2026-09-23T12:16:42.718400+00:00
TIME run allocation action=skip run=/fslarge/scratch/users/h61084/codes/tsrag_time/outputs/tsrag/predictions/chronos_bolt_max/Water_Quality_Darwin/15T/short/run_0 source_launch=selena_3452080 launch_id=selena_3512119 slurm_job_id=3512119 launched_at=2026-09-23T12:16:42.726122+00:00
TIME run allocation action=skip run=/fslarge/scratch/users/h61084/codes/tsrag_time/outputs/tsrag/predictions/chronos_bolt_max/Water_Quality_Darwin/15T/medium/run_0 source_launch=selena_3452080 launch_id=selena_3512119 slurm_job_id=3512119 launched_at=2026-09-23T12:16:42.734037+00:00
TIME run allocation action=skip run=/fslarge/scratch/users/h61084/codes/tsrag_time/outputs/tsrag/predictions/chronos_bolt_max/Water_Quality_Darwin/15T/long/run_0 source_launch=selena_3452080 launch_id=selena_3512119 slurm_job_id=3512119 launched_at=2026-09-23T12:16:42.741879+00:00
TIME run allocation action=skip run=/fslarge/scratch/users/h61084/codes/tsrag_time/outputs/tsrag/predictions/chronos_bolt_max/current_velocity/5T/short/run_0 source_launch=selena_3452080 launch_id=selena_3512119 slurm_job_id=3512119 launched_at=2026-09-23T12:16:42.749401+00:00
TIME run allocation action=skip run=/fslarge/scratch/users/h61084/codes/tsrag_time/outputs/tsrag/predictions/chronos_bolt_max/current_velocity/5T/medium/run_0 source_launch=selena_3452080 launch_id=selena_3512119 slurm_job_id=3512119 launched_at=2026-09-23T12:16:42.756907+00:00
TIME run allocation action=skip run=/fslarge/scratch/users/h61084/codes/tsrag_time/outputs/tsrag/predictions/chronos_bolt_max/current_velocity/5T/long/run_0 source_launch=selena_3452080 launch_id=selena_3512119 slurm_job_id=3512119 launched_at=2026-09-23T12:16:42.764441+00:00
TIME run allocation action=skip run=/fslarge/scratch/users/h61084/codes/tsrag_time/outputs/tsrag/predictions/chronos_bolt_max/current_velocity/10T/short/run_0 source_launch=selena_3452080 launch_id=selena_3512119 slurm_job_id=3512119 launched_at=2026-09-23T12:16:42.772008+00:00
TIME run allocation action=skip run=/fslarge/scratch/users/h61084/codes/tsrag_time/outputs/tsrag/predictions/chronos_bolt_max/current_velocity/10T/medium/run_0 source_launch=selena_3452080 launch_id=selena_3512119 slurm_job_id=3512119 launched_at=2026-09-23T12:16:42.779583+00:00
TIME run allocation action=skip run=/fslarge/scratch/users/h61084/codes/tsrag_time/outputs/tsrag/predictions/chronos_bolt_max/current_velocity/10T/long/run_0 source_launch=selena_3452080 launch_id=selena_3512119 slurm_job_id=3512119 launched_at=2026-09-23T12:16:42.787073+00:00
TIME run allocation action=skip run=/fslarge/scratch/users/h61084/codes/tsrag_time/outputs/tsrag/predictions/chronos_bolt_max/current_velocity/15T/short/run_0 source_launch=selena_3452080 launch_id=selena_3512119 slurm_job_id=3512119 launched_at=2026-09-23T12:16:42.795750+00:00
TIME run allocation action=skip run=/fslarge/scratch/users/h61084/codes/tsrag_time/outputs/tsrag/predictions/chronos_bolt_max/current_velocity/15T/medium/run_0 source_launch=selena_3452080 launch_id=selena_3512119 slurm_job_id=3512119 launched_at=2026-09-23T12:16:42.803284+00:00
TIME run allocation action=skip run=/fslarge/scratch/users/h61084/codes/tsrag_time/outputs/tsrag/predictions/chronos_bolt_max/current_velocity/15T/long/run_0 source_launch=selena_3452080 launch_id=selena_3512119 slurm_job_id=3512119 launched_at=2026-09-23T12:16:42.811130+00:00
TIME run allocation action=skip run=/fslarge/scratch/users/h61084/codes/tsrag_time/outputs/tsrag/predictions/chronos_bolt_max/current_velocity/H/short/run_0 source_launch=selena_3452080 launch_id=selena_3512119 slurm_job_id=3512119 launched_at=2026-09-23T12:16:42.818840+00:00
TIME run allocation action=skip run=/fslarge/scratch/users/h61084/codes/tsrag_time/outputs/tsrag/predictions/chronos_bolt_max/current_velocity/H/medium/run_0 source_launch=selena_3452080 launch_id=selena_3512119 slurm_job_id=3512119 launched_at=2026-09-23T12:16:42.826333+00:00
TIME run allocation action=skip run=/fslarge/scratch/users/h61084/codes/tsrag_time/outputs/tsrag/predictions/chronos_bolt_max/current_velocity/H/long/run_0 source_launch=selena_3452080 launch_id=selena_3512119 slurm_job_id=3512119 launched_at=2026-09-23T12:16:42.833935+00:00
TIME run allocation action=skip run=/fslarge/scratch/users/h61084/codes/tsrag_time/outputs/tsrag/predictions/chronos_bolt_max/CPHL/15T/short/run_0 source_launch=selena_3452080 launch_id=selena_3512119 slurm_job_id=3512119 launched_at=2026-09-23T12:16:42.841401+00:00
TIME run allocation action=skip run=/fslarge/scratch/users/h61084/codes/tsrag_time/outputs/tsrag/predictions/chronos_bolt_max/CPHL/15T/medium/run_0 source_launch=selena_3452080 launch_id=selena_3512119 slurm_job_id=3512119 launched_at=2026-09-23T12:16:42.849019+00:00
TIME run allocation action=skip run=/fslarge/scratch/users/h61084/codes/tsrag_time/outputs/tsrag/predictions/chronos_bolt_max/CPHL/15T/long/run_0 source_launch=selena_3452080 launch_id=selena_3512119 slurm_job_id=3512119 launched_at=2026-09-23T12:16:42.856677+00:00
TIME run allocation action=skip run=/fslarge/scratch/users/h61084/codes/tsrag_time/outputs/tsrag/predictions/chronos_bolt_max/CPHL/30T/short/run_0 source_launch=selena_3452080 launch_id=selena_3512119 slurm_job_id=3512119 launched_at=2026-09-23T12:16:42.864215+00:00
TIME run allocation action=skip run=/fslarge/scratch/users/h61084/codes/tsrag_time/outputs/tsrag/predictions/chronos_bolt_max/CPHL/30T/medium/run_0 source_launch=selena_3452080 launch_id=selena_3512119 slurm_job_id=3512119 launched_at=2026-09-23T12:16:42.871766+00:00
TIME run allocation action=skip run=/fslarge/scratch/users/h61084/codes/tsrag_time/outputs/tsrag/predictions/chronos_bolt_max/CPHL/30T/long/run_0 source_launch=selena_3452080 launch_id=selena_3512119 slurm_job_id=3512119 launched_at=2026-09-23T12:16:42.879260+00:00
TIME run allocation action=skip run=/fslarge/scratch/users/h61084/codes/tsrag_time/outputs/tsrag/predictions/chronos_bolt_max/CPHL/H/short/run_0 source_launch=selena_3452080 launch_id=selena_3512119 slurm_job_id=3512119 launched_at=2026-09-23T12:16:42.887095+00:00
TIME run allocation action=skip run=/fslarge/scratch/users/h61084/codes/tsrag_time/outputs/tsrag/predictions/chronos_bolt_max/CPHL/H/medium/run_0 source_launch=selena_3452080 launch_id=selena_3512119 slurm_job_id=3512119 launched_at=2026-09-23T12:16:42.894757+00:00
TIME run allocation action=skip run=/fslarge/scratch/users/h61084/codes/tsrag_time/outputs/tsrag/predictions/chronos_bolt_max/CPHL/H/long/run_0 source_launch=selena_3452080 launch_id=selena_3512119 slurm_job_id=3512119 launched_at=2026-09-23T12:16:42.902453+00:00
TIME run allocation action=skip run=/fslarge/scratch/users/h61084/codes/tsrag_time/outputs/tsrag/predictions/chronos_bolt_max/Coastal_T_S/15T/short/run_0 source_launch=selena_3452080 launch_id=selena_3512119 slurm_job_id=3512119 launched_at=2026-09-23T12:16:42.910165+00:00
TIME run allocation action=skip run=/fslarge/scratch/users/h61084/codes/tsrag_time/outputs/tsrag/predictions/chronos_bolt_max/Coastal_T_S/15T/medium/run_0 source_launch=selena_3452080 launch_id=selena_3512119 slurm_job_id=3512119 launched_at=2026-09-23T12:16:42.917746+00:00
TIME run allocation action=skip run=/fslarge/scratch/users/h61084/codes/tsrag_time/outputs/tsrag/predictions/chronos_bolt_max/Coastal_T_S/15T/long/run_0 source_launch=selena_3452080 launch_id=selena_3512119 slurm_job_id=3512119 launched_at=2026-09-23T12:16:42.925516+00:00
TIME run allocation action=skip run=/fslarge/scratch/users/h61084/codes/tsrag_time/outputs/tsrag/predictions/chronos_bolt_max/Coastal_T_S/20T/short/run_0 source_launch=selena_3452080 launch_id=selena_3512119 slurm_job_id=3512119 launched_at=2026-09-23T12:16:42.933120+00:00
TIME run allocation action=skip run=/fslarge/scratch/users/h61084/codes/tsrag_time/outputs/tsrag/predictions/chronos_bolt_max/Coastal_T_S/20T/medium/run_0 source_launch=selena_3452080 launch_id=selena_3512119 slurm_job_id=3512119 launched_at=2026-09-23T12:16:42.940911+00:00
TIME run allocation action=skip run=/fslarge/scratch/users/h61084/codes/tsrag_time/outputs/tsrag/predictions/chronos_bolt_max/Coastal_T_S/20T/long/run_0 source_launch=selena_3452080 launch_id=selena_3512119 slurm_job_id=3512119 launched_at=2026-09-23T12:16:42.948613+00:00
TIME run allocation action=skip run=/fslarge/scratch/users/h61084/codes/tsrag_time/outputs/tsrag/predictions/chronos_bolt_max/Coastal_T_S/H/short/run_0 source_launch=selena_3452080 launch_id=selena_3512119 slurm_job_id=3512119 launched_at=2026-09-23T12:16:42.956520+00:00
TIME run allocation action=skip run=/fslarge/scratch/users/h61084/codes/tsrag_time/outputs/tsrag/predictions/chronos_bolt_max/Coastal_T_S/H/medium/run_0 source_launch=selena_3452080 launch_id=selena_3512119 slurm_job_id=3512119 launched_at=2026-09-23T12:16:42.964411+00:00
TIME run allocation action=skip run=/fslarge/scratch/users/h61084/codes/tsrag_time/outputs/tsrag/predictions/chronos_bolt_max/Coastal_T_S/H/long/run_0 source_launch=selena_3452080 launch_id=selena_3512119 slurm_job_id=3512119 launched_at=2026-09-23T12:16:42.972015+00:00
TIME run allocation action=skip run=/fslarge/scratch/users/h61084/codes/tsrag_time/outputs/tsrag/predictions/chronos_bolt_max/SG_Weather/D/short/run_0 source_launch=selena_3452080 launch_id=selena_3512119 slurm_job_id=3512119 launched_at=2026-09-23T12:16:42.979714+00:00
TIME run allocation action=skip run=/fslarge/scratch/users/h61084/codes/tsrag_time/outputs/tsrag/predictions/chronos_bolt_max/SG_Weather/D/medium/run_0 source_launch=selena_3452080 launch_id=selena_3512119 slurm_job_id=3512119 launched_at=2026-09-23T12:16:42.987495+00:00
TIME run allocation action=skip run=/fslarge/scratch/users/h61084/codes/tsrag_time/outputs/tsrag/predictions/chronos_bolt_max/SG_Weather/D/long/run_0 source_launch=selena_3452080 launch_id=selena_3512119 slurm_job_id=3512119 launched_at=2026-09-23T12:16:42.995156+00:00
TIME run allocation action=skip run=/fslarge/scratch/users/h61084/codes/tsrag_time/outputs/tsrag/predictions/chronos_bolt_max/SG_PM25/H/short/run_0 source_launch=selena_3452080 launch_id=selena_3512119 slurm_job_id=3512119 launched_at=2026-09-23T12:16:43.002730+00:00
TIME run allocation action=skip run=/fslarge/scratch/users/h61084/codes/tsrag_time/outputs/tsrag/predictions/chronos_bolt_max/SG_PM25/H/medium/run_0 source_launch=selena_3452080 launch_id=selena_3512119 slurm_job_id=3512119 launched_at=2026-09-23T12:16:43.010202+00:00
TIME run allocation action=skip run=/fslarge/scratch/users/h61084/codes/tsrag_time/outputs/tsrag/predictions/chronos_bolt_max/SG_PM25/H/long/run_0 source_launch=selena_3452080 launch_id=selena_3512119 slurm_job_id=3512119 launched_at=2026-09-23T12:16:43.017765+00:00
TIME run allocation action=skip run=/fslarge/scratch/users/h61084/codes/tsrag_time/outputs/tsrag/predictions/chronos_bolt_max/NE_China_Wind/H/short/run_0 source_launch=selena_3452080 launch_id=selena_3512119 slurm_job_id=3512119 launched_at=2026-09-23T12:16:43.025362+00:00
TIME run allocation action=skip run=/fslarge/scratch/users/h61084/codes/tsrag_time/outputs/tsrag/predictions/chronos_bolt_max/NE_China_Wind/H/medium/run_0 source_launch=selena_3452080 launch_id=selena_3512119 slurm_job_id=3512119 launched_at=2026-09-23T12:16:43.033081+00:00
TIME run allocation action=skip run=/fslarge/scratch/users/h61084/codes/tsrag_time/outputs/tsrag/predictions/chronos_bolt_max/NE_China_Wind/H/long/run_0 source_launch=selena_3452080 launch_id=selena_3512119 slurm_job_id=3512119 launched_at=2026-09-23T12:16:43.040709+00:00
TIME run allocation action=skip run=/fslarge/scratch/users/h61084/codes/tsrag_time/outputs/tsrag/predictions/chronos_bolt_max/Australia_Solar/H/short/run_0 source_launch=selena_3452080 launch_id=selena_3512119 slurm_job_id=3512119 launched_at=2026-09-23T12:16:43.048269+00:00
TIME run allocation action=skip run=/fslarge/scratch/users/h61084/codes/tsrag_time/outputs/tsrag/predictions/chronos_bolt_max/Australia_Solar/H/medium/run_0 source_launch=selena_3452080 launch_id=selena_3512119 slurm_job_id=3512119 launched_at=2026-09-23T12:16:43.055706+00:00
TIME run allocation action=skip run=/fslarge/scratch/users/h61084/codes/tsrag_time/outputs/tsrag/predictions/chronos_bolt_max/Australia_Solar/H/long/run_0 source_launch=selena_3452080 launch_id=selena_3512119 slurm_job_id=3512119 launched_at=2026-09-23T12:16:43.063309+00:00
TIME run allocation action=skip run=/fslarge/scratch/users/h61084/codes/tsrag_time/outputs/tsrag/predictions/chronos_bolt_max/epf_electricity_price/H/short/run_0 source_launch=selena_3452080 launch_id=selena_3512119 slurm_job_id=3512119 launched_at=2026-09-23T12:16:43.071035+00:00
TIME run allocation action=skip run=/fslarge/scratch/users/h61084/codes/tsrag_time/outputs/tsrag/predictions/chronos_bolt_max/epf_electricity_price/H/medium/run_0 source_launch=selena_3452080 launch_id=selena_3512119 slurm_job_id=3512119 launched_at=2026-09-23T12:16:43.078572+00:00
TIME run allocation action=skip run=/fslarge/scratch/users/h61084/codes/tsrag_time/outputs/tsrag/predictions/chronos_bolt_max/epf_electricity_price/H/long/run_0 source_launch=selena_3452080 launch_id=selena_3512119 slurm_job_id=3512119 launched_at=2026-09-23T12:16:43.086090+00:00
TIME run allocation action=skip run=/fslarge/scratch/users/h61084/codes/tsrag_time/outputs/tsrag/predictions/chronos_bolt_max/OpenElectricity_NEM/5T/short/run_0 source_launch=selena_3452080 launch_id=selena_3512119 slurm_job_id=3512119 launched_at=2026-09-23T12:16:43.093774+00:00
TIME run allocation action=skip run=/fslarge/scratch/users/h61084/codes/tsrag_time/outputs/tsrag/predictions/chronos_bolt_max/OpenElectricity_NEM/5T/medium/run_0 source_launch=selena_3452080 launch_id=selena_3512119 slurm_job_id=3512119 launched_at=2026-09-23T12:16:43.101419+00:00
TIME run allocation action=skip run=/fslarge/scratch/users/h61084/codes/tsrag_time/outputs/tsrag/predictions/chronos_bolt_max/OpenElectricity_NEM/5T/long/run_0 source_launch=selena_3452080 launch_id=selena_3512119 slurm_job_id=3512119 launched_at=2026-09-23T12:16:43.108989+00:00
TIME run allocation action=skip run=/fslarge/scratch/users/h61084/codes/tsrag_time/outputs/tsrag/predictions/chronos_bolt_max/EWELD_Load/15T/short/run_0 source_launch=selena_3452080 launch_id=selena_3512119 slurm_job_id=3512119 launched_at=2026-09-23T12:16:43.116715+00:00
TIME run allocation action=skip run=/fslarge/scratch/users/h61084/codes/tsrag_time/outputs/tsrag/predictions/chronos_bolt_max/EWELD_Load/15T/medium/run_0 source_launch=selena_3452080 launch_id=selena_3512119 slurm_job_id=3512119 launched_at=2026-09-23T12:16:43.124226+00:00
TIME run allocation action=skip run=/fslarge/scratch/users/h61084/codes/tsrag_time/outputs/tsrag/predictions/chronos_bolt_max/EWELD_Load/15T/long/run_0 source_launch=selena_3452080 launch_id=selena_3512119 slurm_job_id=3512119 launched_at=2026-09-23T12:16:43.131623+00:00
TIME run allocation action=skip run=/fslarge/scratch/users/h61084/codes/tsrag_time/outputs/tsrag/predictions/chronos_bolt_max/SG_Carpark/15T/short/run_0 source_launch=selena_3452080 launch_id=selena_3512119 slurm_job_id=3512119 launched_at=2026-09-23T12:16:43.139370+00:00
TIME run allocation action=skip run=/fslarge/scratch/users/h61084/codes/tsrag_time/outputs/tsrag/predictions/chronos_bolt_max/SG_Carpark/15T/medium/run_0 source_launch=selena_3452080 launch_id=selena_3512119 slurm_job_id=3512119 launched_at=2026-09-23T12:16:43.147040+00:00
TIME run allocation action=skip run=/fslarge/scratch/users/h61084/codes/tsrag_time/outputs/tsrag/predictions/chronos_bolt_max/SG_Carpark/15T/long/run_0 source_launch=selena_3452080 launch_id=selena_3512119 slurm_job_id=3512119 launched_at=2026-09-23T12:16:43.154815+00:00
TIME run allocation action=skip run=/fslarge/scratch/users/h61084/codes/tsrag_time/outputs/tsrag/predictions/chronos_bolt_max/Finland_Traffic/15T/short/run_0 source_launch=selena_3452080 launch_id=selena_3512119 slurm_job_id=3512119 launched_at=2026-09-23T12:16:43.162324+00:00
TIME run allocation action=skip run=/fslarge/scratch/users/h61084/codes/tsrag_time/outputs/tsrag/predictions/chronos_bolt_max/Finland_Traffic/15T/medium/run_0 source_launch=selena_3452080 launch_id=selena_3512119 slurm_job_id=3512119 launched_at=2026-09-23T12:16:43.169549+00:00
TIME run allocation action=skip run=/fslarge/scratch/users/h61084/codes/tsrag_time/outputs/tsrag/predictions/chronos_bolt_max/Finland_Traffic/15T/long/run_0 source_launch=selena_3452080 launch_id=selena_3512119 slurm_job_id=3512119 launched_at=2026-09-23T12:16:43.176860+00:00
TIME run allocation action=skip run=/fslarge/scratch/users/h61084/codes/tsrag_time/outputs/tsrag/predictions/chronos_bolt_max/Port_Activity/D/short/run_0 source_launch=selena_3452080 launch_id=selena_3512119 slurm_job_id=3512119 launched_at=2026-09-23T12:16:43.184557+00:00
TIME run allocation action=skip run=/fslarge/scratch/users/h61084/codes/tsrag_time/outputs/tsrag/predictions/chronos_bolt_max/Port_Activity/W/short/run_0 source_launch=selena_3452080 launch_id=selena_3512119 slurm_job_id=3512119 launched_at=2026-09-23T12:16:43.192024+00:00
TIME run allocation action=skip run=/fslarge/scratch/users/h61084/codes/tsrag_time/outputs/tsrag/predictions/chronos_bolt_max/ECDC_COVID/D/short/run_0 source_launch=selena_3452080 launch_id=selena_3512119 slurm_job_id=3512119 launched_at=2026-09-23T12:16:43.199515+00:00
TIME run allocation action=skip run=/fslarge/scratch/users/h61084/codes/tsrag_time/outputs/tsrag/predictions/chronos_bolt_max/ECDC_COVID/W/short/run_0 source_launch=selena_3452080 launch_id=selena_3512119 slurm_job_id=3512119 launched_at=2026-09-23T12:16:43.207048+00:00
TIME run allocation action=skip run=/fslarge/scratch/users/h61084/codes/tsrag_time/outputs/tsrag/predictions/chronos_bolt_max/Global_Influenza/W/short/run_0 source_launch=selena_3452080 launch_id=selena_3512119 slurm_job_id=3512119 launched_at=2026-09-23T12:16:43.214496+00:00
TIME run allocation action=skip run=/fslarge/scratch/users/h61084/codes/tsrag_time/outputs/tsrag/predictions/chronos_bolt_max/Crypto/D/short/run_0 source_launch=selena_3452080 launch_id=selena_3512119 slurm_job_id=3512119 launched_at=2026-09-23T12:16:43.222044+00:00
TIME run allocation action=skip run=/fslarge/scratch/users/h61084/codes/tsrag_time/outputs/tsrag/predictions/chronos_bolt_max/US_Term_Structure/B/short/run_0 source_launch=selena_3452080 launch_id=selena_3512119 slurm_job_id=3512119 launched_at=2026-09-23T12:16:43.229774+00:00
TIME run allocation action=skip run=/fslarge/scratch/users/h61084/codes/tsrag_time/outputs/tsrag/predictions/chronos_bolt_max/Oil_Price/B/short/run_0 source_launch=selena_3452080 launch_id=selena_3512119 slurm_job_id=3512119 launched_at=2026-09-23T12:16:43.237224+00:00
TIME run allocation action=skip run=/fslarge/scratch/users/h61084/codes/tsrag_time/outputs/tsrag/predictions/chronos_bolt_max/Job_Claims/W/short/run_0 source_launch=selena_3452080 launch_id=selena_3512119 slurm_job_id=3512119 launched_at=2026-09-23T12:16:43.244896+00:00
TIME run allocation action=skip run=/fslarge/scratch/users/h61084/codes/tsrag_time/outputs/tsrag/predictions/chronos_bolt_max/Uncertainty_1M/M/short/run_0 source_launch=selena_3452080 launch_id=selena_3512119 slurm_job_id=3512119 launched_at=2026-09-23T12:16:43.252607+00:00
TIME run allocation action=skip run=/fslarge/scratch/users/h61084/codes/tsrag_time/outputs/tsrag/predictions/chronos_bolt_max/Housing_Inventory/M/short/run_0 source_launch=selena_3452080 launch_id=selena_3512119 slurm_job_id=3512119 launched_at=2026-09-23T12:16:43.260172+00:00
TIME run allocation action=skip run=/fslarge/scratch/users/h61084/codes/tsrag_time/outputs/tsrag/predictions/chronos_bolt_max/JOLTS/M/short/run_0 source_launch=selena_3452080 launch_id=selena_3512119 slurm_job_id=3512119 launched_at=2026-09-23T12:16:43.267745+00:00
TIME run allocation action=skip run=/fslarge/scratch/users/h61084/codes/tsrag_time/outputs/tsrag/predictions/chronos_bolt_max/US_Labor/M/short/run_0 source_launch=selena_3452080 launch_id=selena_3512119 slurm_job_id=3512119 launched_at=2026-09-23T12:16:43.275407+00:00
TIME run allocation action=skip run=/fslarge/scratch/users/h61084/codes/tsrag_time/outputs/tsrag/predictions/chronos_bolt_max/Vehicle_Supply/M/short/run_0 source_launch=selena_3452080 launch_id=selena_3512119 slurm_job_id=3512119 launched_at=2026-09-23T12:16:43.283010+00:00
TIME run allocation action=skip run=/fslarge/scratch/users/h61084/codes/tsrag_time/outputs/tsrag/predictions/chronos_bolt_max/Auto_Production_SF/M/short/run_0 source_launch=selena_3452080 launch_id=selena_3512119 slurm_job_id=3512119 launched_at=2026-09-23T12:16:43.290522+00:00
TIME run allocation action=skip run=/fslarge/scratch/users/h61084/codes/tsrag_time/outputs/tsrag/predictions/chronos_bolt_max/Commodity_Production/M/short/run_0 source_launch=selena_3452080 launch_id=selena_3512119 slurm_job_id=3512119 launched_at=2026-09-23T12:16:43.298273+00:00
TIME run allocation action=skip run=/fslarge/scratch/users/h61084/codes/tsrag_time/outputs/tsrag/predictions/chronos_bolt_max/Commodity_Import/M/short/run_0 source_launch=selena_3452080 launch_id=selena_3512119 slurm_job_id=3512119 launched_at=2026-09-23T12:16:43.305861+00:00
TIME run allocation action=skip run=/fslarge/scratch/users/h61084/codes/tsrag_time/outputs/tsrag/predictions/chronos_bolt_max/WUI_Global/Q/short/run_0 source_launch=selena_3452080 launch_id=selena_3512119 slurm_job_id=3512119 launched_at=2026-09-23T12:16:43.313509+00:00
TIME run allocation action=skip run=/fslarge/scratch/users/h61084/codes/tsrag_time/outputs/tsrag/predictions/chronos_bolt_max/Global_Price/Q/short/run_0 source_launch=selena_3452080 launch_id=selena_3512119 slurm_job_id=3512119 launched_at=2026-09-23T12:16:43.321011+00:00
TIME run allocation action=skip run=/fslarge/scratch/users/h61084/codes/tsrag_time/outputs/tsrag/predictions/chronos_bolt_max/Vehicle_Sales/M/short/run_0 source_launch=selena_3452080 launch_id=selena_3512119 slurm_job_id=3512119 launched_at=2026-09-23T12:16:43.328636+00:00
TIME run allocation action=skip run=/fslarge/scratch/users/h61084/codes/tsrag_time/outputs/tsrag/predictions/chronos_bolt_max/Online_Retail_2_UCI/D/short/run_0 source_launch=selena_3452080 launch_id=selena_3512119 slurm_job_id=3512119 launched_at=2026-09-23T12:16:43.336307+00:00
TIME run allocation action=skip run=/fslarge/scratch/users/h61084/codes/tsrag_time/outputs/tsrag/predictions/chronos_bolt_max/Supply_Chain_Customer/D/short/run_0 source_launch=selena_3452080 launch_id=selena_3512119 slurm_job_id=3512119 launched_at=2026-09-23T12:16:43.343996+00:00
TIME run allocation action=skip run=/fslarge/scratch/users/h61084/codes/tsrag_time/outputs/tsrag/predictions/chronos_bolt_max/Supply_Chain_Location/D/short/run_0 source_launch=selena_3452080 launch_id=selena_3512119 slurm_job_id=3512119 launched_at=2026-09-23T12:16:43.351431+00:00
TIME run allocation action=skip run=/fslarge/scratch/users/h61084/codes/tsrag_time/outputs/tsrag/predictions/chronos_bolt_max/azure2019_U/5T/short/run_0 source_launch=selena_3452080 launch_id=selena_3512119 slurm_job_id=3512119 launched_at=2026-09-23T12:16:43.359056+00:00
TIME run allocation action=skip run=/fslarge/scratch/users/h61084/codes/tsrag_time/outputs/tsrag/predictions/chronos_bolt_max/Smart_Manufacturing/H/short/run_0 source_launch=selena_3452080 launch_id=selena_3512119 slurm_job_id=3512119 launched_at=2026-09-23T12:16:43.366772+00:00
TIME run allocation action=skip run=/fslarge/scratch/users/h61084/codes/tsrag_time/outputs/tsrag/predictions/chronos_bolt_max/Smart_Manufacturing/H/medium/run_0 source_launch=selena_3452080 launch_id=selena_3512119 slurm_job_id=3512119 launched_at=2026-09-23T12:16:43.374164+00:00
TIME run allocation action=skip run=/fslarge/scratch/users/h61084/codes/tsrag_time/outputs/tsrag/predictions/chronos_bolt_max/Smart_Manufacturing/H/long/run_0 source_launch=selena_3452080 launch_id=selena_3512119 slurm_job_id=3512119 launched_at=2026-09-23T12:16:43.381721+00:00
TIME run allocation action=skip run=/fslarge/scratch/users/h61084/codes/tsrag_time/outputs/tsrag/predictions/chronos_bolt_max/MetroPT-3/5T/short/run_0 source_launch=selena_3452080 launch_id=selena_3512119 slurm_job_id=3512119 launched_at=2026-09-23T12:16:43.389323+00:00
TIME run allocation action=skip run=/fslarge/scratch/users/h61084/codes/tsrag_time/outputs/tsrag/predictions/chronos_bolt_max/MetroPT-3/5T/medium/run_0 source_launch=selena_3452080 launch_id=selena_3512119 slurm_job_id=3512119 launched_at=2026-09-23T12:16:43.396952+00:00
TIME run allocation action=skip run=/fslarge/scratch/users/h61084/codes/tsrag_time/outputs/tsrag/predictions/chronos_bolt_max/MetroPT-3/5T/long/run_0 source_launch=selena_3452080 launch_id=selena_3512119 slurm_job_id=3512119 launched_at=2026-09-23T12:16:43.404616+00:00
TIME run allocation action=skip run=/fslarge/scratch/users/h61084/codes/tsrag_time/outputs/tsrag/predictions/chronos_t5_512/Water_Quality_Darwin/15T/short/run_0 source_launch=selena_3452080 launch_id=selena_3512119 slurm_job_id=3512119 launched_at=2026-09-23T12:16:43.412214+00:00
TIME run allocation action=skip run=/fslarge/scratch/users/h61084/codes/tsrag_time/outputs/tsrag/predictions/chronos_t5_512/Water_Quality_Darwin/15T/medium/run_0 source_launch=selena_3452080 launch_id=selena_3512119 slurm_job_id=3512119 launched_at=2026-09-23T12:16:43.420153+00:00
TIME run allocation action=skip run=/fslarge/scratch/users/h61084/codes/tsrag_time/outputs/tsrag/predictions/chronos_t5_512/Water_Quality_Darwin/15T/long/run_0 source_launch=selena_3452080 launch_id=selena_3512119 slurm_job_id=3512119 launched_at=2026-09-23T12:16:43.429254+00:00
TIME run allocation action=skip run=/fslarge/scratch/users/h61084/codes/tsrag_time/outputs/tsrag/predictions/chronos_t5_512/current_velocity/5T/short/run_0 source_launch=selena_3452080 launch_id=selena_3512119 slurm_job_id=3512119 launched_at=2026-09-23T12:16:43.437448+00:00
TIME run allocation action=skip run=/fslarge/scratch/users/h61084/codes/tsrag_time/outputs/tsrag/predictions/chronos_t5_512/current_velocity/5T/medium/run_0 source_launch=selena_3452080 launch_id=selena_3512119 slurm_job_id=3512119 launched_at=2026-09-23T12:16:43.445254+00:00
TIME run allocation action=skip run=/fslarge/scratch/users/h61084/codes/tsrag_time/outputs/tsrag/predictions/chronos_t5_512/current_velocity/5T/long/run_0 source_launch=selena_3452080 launch_id=selena_3512119 slurm_job_id=3512119 launched_at=2026-09-23T12:16:43.453025+00:00
TIME run allocation action=skip run=/fslarge/scratch/users/h61084/codes/tsrag_time/outputs/tsrag/predictions/chronos_t5_512/current_velocity/10T/short/run_0 source_launch=selena_3452080 launch_id=selena_3512119 slurm_job_id=3512119 launched_at=2026-09-23T12:16:43.460932+00:00
TIME run allocation action=skip run=/fslarge/scratch/users/h61084/codes/tsrag_time/outputs/tsrag/predictions/chronos_t5_512/current_velocity/10T/medium/run_0 source_launch=selena_3452080 launch_id=selena_3512119 slurm_job_id=3512119 launched_at=2026-09-23T12:16:43.468889+00:00
TIME run allocation action=skip run=/fslarge/scratch/users/h61084/codes/tsrag_time/outputs/tsrag/predictions/chronos_t5_512/current_velocity/10T/long/run_0 source_launch=selena_3452080 launch_id=selena_3512119 slurm_job_id=3512119 launched_at=2026-09-23T12:16:43.476624+00:00
TIME run allocation action=skip run=/fslarge/scratch/users/h61084/codes/tsrag_time/outputs/tsrag/predictions/chronos_t5_512/current_velocity/15T/short/run_0 source_launch=selena_3452080 launch_id=selena_3512119 slurm_job_id=3512119 launched_at=2026-09-23T12:16:43.484473+00:00
TIME run allocation action=skip run=/fslarge/scratch/users/h61084/codes/tsrag_time/outputs/tsrag/predictions/chronos_t5_512/current_velocity/15T/medium/run_0 source_launch=selena_3452080 launch_id=selena_3512119 slurm_job_id=3512119 launched_at=2026-09-23T12:16:43.492799+00:00
TIME run allocation action=skip run=/fslarge/scratch/users/h61084/codes/tsrag_time/outputs/tsrag/predictions/chronos_t5_512/current_velocity/15T/long/run_0 source_launch=selena_3452080 launch_id=selena_3512119 slurm_job_id=3512119 launched_at=2026-09-23T12:16:43.500592+00:00
TIME run allocation action=skip run=/fslarge/scratch/users/h61084/codes/tsrag_time/outputs/tsrag/predictions/chronos_t5_512/current_velocity/H/short/run_0 source_launch=selena_3452080 launch_id=selena_3512119 slurm_job_id=3512119 launched_at=2026-09-23T12:16:43.508427+00:00
TIME run allocation action=skip run=/fslarge/scratch/users/h61084/codes/tsrag_time/outputs/tsrag/predictions/chronos_t5_512/current_velocity/H/medium/run_0 source_launch=selena_3452080 launch_id=selena_3512119 slurm_job_id=3512119 launched_at=2026-09-23T12:16:43.516242+00:00
TIME run allocation action=skip run=/fslarge/scratch/users/h61084/codes/tsrag_time/outputs/tsrag/predictions/chronos_t5_512/current_velocity/H/long/run_0 source_launch=selena_3452080 launch_id=selena_3512119 slurm_job_id=3512119 launched_at=2026-09-23T12:16:43.523940+00:00
TIME run allocation action=skip run=/fslarge/scratch/users/h61084/codes/tsrag_time/outputs/tsrag/predictions/chronos_t5_512/CPHL/15T/short/run_0 source_launch=selena_3452080 launch_id=selena_3512119 slurm_job_id=3512119 launched_at=2026-09-23T12:16:43.531643+00:00
TIME run allocation action=skip run=/fslarge/scratch/users/h61084/codes/tsrag_time/outputs/tsrag/predictions/chronos_t5_512/CPHL/15T/medium/run_0 source_launch=selena_3452080 launch_id=selena_3512119 slurm_job_id=3512119 launched_at=2026-09-23T12:16:43.539241+00:00
TIME run allocation action=skip run=/fslarge/scratch/users/h61084/codes/tsrag_time/outputs/tsrag/predictions/chronos_t5_512/CPHL/15T/long/run_0 source_launch=selena_3452080 launch_id=selena_3512119 slurm_job_id=3512119 launched_at=2026-09-23T12:16:43.546760+00:00
TIME run allocation action=skip run=/fslarge/scratch/users/h61084/codes/tsrag_time/outputs/tsrag/predictions/chronos_t5_512/CPHL/30T/short/run_0 source_launch=selena_3452080 launch_id=selena_3512119 slurm_job_id=3512119 launched_at=2026-09-23T12:16:43.554556+00:00
TIME run allocation action=skip run=/fslarge/scratch/users/h61084/codes/tsrag_time/outputs/tsrag/predictions/chronos_t5_512/CPHL/30T/medium/run_0 source_launch=selena_3452080 launch_id=selena_3512119 slurm_job_id=3512119 launched_at=2026-09-23T12:16:43.562057+00:00
TIME run allocation action=skip run=/fslarge/scratch/users/h61084/codes/tsrag_time/outputs/tsrag/predictions/chronos_t5_512/CPHL/30T/long/run_0 source_launch=selena_3452080 launch_id=selena_3512119 slurm_job_id=3512119 launched_at=2026-09-23T12:16:43.569745+00:00
TIME run allocation action=skip run=/fslarge/scratch/users/h61084/codes/tsrag_time/outputs/tsrag/predictions/chronos_t5_512/CPHL/H/short/run_0 source_launch=selena_3452080 launch_id=selena_3512119 slurm_job_id=3512119 launched_at=2026-09-23T12:16:43.607937+00:00
TIME run allocation action=skip run=/fslarge/scratch/users/h61084/codes/tsrag_time/outputs/tsrag/predictions/chronos_t5_512/CPHL/H/medium/run_0 source_launch=selena_3452080 launch_id=selena_3512119 slurm_job_id=3512119 launched_at=2026-09-23T12:16:43.615912+00:00
TIME run allocation action=skip run=/fslarge/scratch/users/h61084/codes/tsrag_time/outputs/tsrag/predictions/chronos_t5_512/CPHL/H/long/run_0 source_launch=selena_3452080 launch_id=selena_3512119 slurm_job_id=3512119 launched_at=2026-09-23T12:16:43.623805+00:00
TIME run allocation action=skip run=/fslarge/scratch/users/h61084/codes/tsrag_time/outputs/tsrag/predictions/chronos_t5_512/Coastal_T_S/15T/short/run_0 source_launch=selena_3452080 launch_id=selena_3512119 slurm_job_id=3512119 launched_at=2026-09-23T12:16:43.631827+00:00
TIME run allocation action=skip run=/fslarge/scratch/users/h61084/codes/tsrag_time/outputs/tsrag/predictions/chronos_t5_512/Coastal_T_S/15T/medium/run_0 source_launch=selena_3452080 launch_id=selena_3512119 slurm_job_id=3512119 launched_at=2026-09-23T12:16:43.639757+00:00
TIME run allocation action=skip run=/fslarge/scratch/users/h61084/codes/tsrag_time/outputs/tsrag/predictions/chronos_t5_512/Coastal_T_S/15T/long/run_0 source_launch=selena_3452080 launch_id=selena_3512119 slurm_job_id=3512119 launched_at=2026-09-23T12:16:43.647469+00:00
TIME run allocation action=skip run=/fslarge/scratch/users/h61084/codes/tsrag_time/outputs/tsrag/predictions/chronos_t5_512/Coastal_T_S/20T/short/run_0 source_launch=selena_3452080 launch_id=selena_3512119 slurm_job_id=3512119 launched_at=2026-09-23T12:16:43.655272+00:00
TIME run allocation action=skip run=/fslarge/scratch/users/h61084/codes/tsrag_time/outputs/tsrag/predictions/chronos_t5_512/Coastal_T_S/20T/medium/run_0 source_launch=selena_3452080 launch_id=selena_3512119 slurm_job_id=3512119 launched_at=2026-09-23T12:16:43.662855+00:00
TIME run allocation action=skip run=/fslarge/scratch/users/h61084/codes/tsrag_time/outputs/tsrag/predictions/chronos_t5_512/Coastal_T_S/20T/long/run_0 source_launch=selena_3452080 launch_id=selena_3512119 slurm_job_id=3512119 launched_at=2026-09-23T12:16:43.670468+00:00
TIME run allocation action=skip run=/fslarge/scratch/users/h61084/codes/tsrag_time/outputs/tsrag/predictions/chronos_t5_512/Coastal_T_S/H/short/run_0 source_launch=selena_3452080 launch_id=selena_3512119 slurm_job_id=3512119 launched_at=2026-09-23T12:16:43.678393+00:00
TIME run allocation action=skip run=/fslarge/scratch/users/h61084/codes/tsrag_time/outputs/tsrag/predictions/chronos_t5_512/Coastal_T_S/H/medium/run_0 source_launch=selena_3452080 launch_id=selena_3512119 slurm_job_id=3512119 launched_at=2026-09-23T12:16:43.686389+00:00
TIME run allocation action=skip run=/fslarge/scratch/users/h61084/codes/tsrag_time/outputs/tsrag/predictions/chronos_t5_512/Coastal_T_S/H/long/run_0 source_launch=selena_3452080 launch_id=selena_3512119 slurm_job_id=3512119 launched_at=2026-09-23T12:16:43.694178+00:00
TIME run allocation action=skip run=/fslarge/scratch/users/h61084/codes/tsrag_time/outputs/tsrag/predictions/chronos_t5_512/SG_Weather/D/short/run_0 source_launch=selena_3452080 launch_id=selena_3512119 slurm_job_id=3512119 launched_at=2026-09-23T12:16:43.701857+00:00
TIME run allocation action=skip run=/fslarge/scratch/users/h61084/codes/tsrag_time/outputs/tsrag/predictions/chronos_t5_512/SG_Weather/D/medium/run_0 source_launch=selena_3452080 launch_id=selena_3512119 slurm_job_id=3512119 launched_at=2026-09-23T12:16:43.709588+00:00
TIME run allocation action=skip run=/fslarge/scratch/users/h61084/codes/tsrag_time/outputs/tsrag/predictions/chronos_t5_512/SG_Weather/D/long/run_0 source_launch=selena_3452080 launch_id=selena_3512119 slurm_job_id=3512119 launched_at=2026-09-23T12:16:43.717322+00:00
TIME run allocation action=skip run=/fslarge/scratch/users/h61084/codes/tsrag_time/outputs/tsrag/predictions/chronos_t5_512/SG_PM25/H/short/run_0 source_launch=selena_3452080 launch_id=selena_3512119 slurm_job_id=3512119 launched_at=2026-09-23T12:16:43.724937+00:00
TIME run allocation action=skip run=/fslarge/scratch/users/h61084/codes/tsrag_time/outputs/tsrag/predictions/chronos_t5_512/SG_PM25/H/medium/run_0 source_launch=selena_3452080 launch_id=selena_3512119 slurm_job_id=3512119 launched_at=2026-09-23T12:16:43.732665+00:00
TIME run allocation action=skip run=/fslarge/scratch/users/h61084/codes/tsrag_time/outputs/tsrag/predictions/chronos_t5_512/SG_PM25/H/long/run_0 source_launch=selena_3452080 launch_id=selena_3512119 slurm_job_id=3512119 launched_at=2026-09-23T12:16:43.740462+00:00
TIME run allocation action=skip run=/fslarge/scratch/users/h61084/codes/tsrag_time/outputs/tsrag/predictions/chronos_t5_512/NE_China_Wind/H/short/run_0 source_launch=selena_3452080 launch_id=selena_3512119 slurm_job_id=3512119 launched_at=2026-09-23T12:16:43.748158+00:00
TIME run allocation action=skip run=/fslarge/scratch/users/h61084/codes/tsrag_time/outputs/tsrag/predictions/chronos_t5_512/NE_China_Wind/H/medium/run_0 source_launch=selena_3452080 launch_id=selena_3512119 slurm_job_id=3512119 launched_at=2026-09-23T12:16:43.755753+00:00
TIME run allocation action=skip run=/fslarge/scratch/users/h61084/codes/tsrag_time/outputs/tsrag/predictions/chronos_t5_512/NE_China_Wind/H/long/run_0 source_launch=selena_3452080 launch_id=selena_3512119 slurm_job_id=3512119 launched_at=2026-09-23T12:16:43.763333+00:00
TIME run allocation action=skip run=/fslarge/scratch/users/h61084/codes/tsrag_time/outputs/tsrag/predictions/chronos_t5_512/Australia_Solar/H/short/run_0 source_launch=selena_3452080 launch_id=selena_3512119 slurm_job_id=3512119 launched_at=2026-09-23T12:16:43.770949+00:00
TIME run allocation action=skip run=/fslarge/scratch/users/h61084/codes/tsrag_time/outputs/tsrag/predictions/chronos_t5_512/Australia_Solar/H/medium/run_0 source_launch=selena_3452080 launch_id=selena_3512119 slurm_job_id=3512119 launched_at=2026-09-23T12:16:43.778542+00:00
TIME run allocation action=skip run=/fslarge/scratch/users/h61084/codes/tsrag_time/outputs/tsrag/predictions/chronos_t5_512/Australia_Solar/H/long/run_0 source_launch=selena_3452080 launch_id=selena_3512119 slurm_job_id=3512119 launched_at=2026-09-23T12:16:43.786106+00:00
TIME run allocation action=skip run=/fslarge/scratch/users/h61084/codes/tsrag_time/outputs/tsrag/predictions/chronos_t5_512/epf_electricity_price/H/short/run_0 source_launch=selena_3452080 launch_id=selena_3512119 slurm_job_id=3512119 launched_at=2026-09-23T12:16:43.793753+00:00
TIME run allocation action=skip run=/fslarge/scratch/users/h61084/codes/tsrag_time/outputs/tsrag/predictions/chronos_t5_512/epf_electricity_price/H/medium/run_0 source_launch=selena_3452080 launch_id=selena_3512119 slurm_job_id=3512119 launched_at=2026-09-23T12:16:43.801546+00:00
TIME run allocation action=skip run=/fslarge/scratch/users/h61084/codes/tsrag_time/outputs/tsrag/predictions/chronos_t5_512/epf_electricity_price/H/long/run_0 source_launch=selena_3452080 launch_id=selena_3512119 slurm_job_id=3512119 launched_at=2026-09-23T12:16:43.809181+00:00
TIME run allocation action=skip run=/fslarge/scratch/users/h61084/codes/tsrag_time/outputs/tsrag/predictions/chronos_t5_512/OpenElectricity_NEM/5T/short/run_0 source_launch=selena_3452080 launch_id=selena_3512119 slurm_job_id=3512119 launched_at=2026-09-23T12:16:43.817065+00:00
TIME run allocation action=skip run=/fslarge/scratch/users/h61084/codes/tsrag_time/outputs/tsrag/predictions/chronos_t5_512/OpenElectricity_NEM/5T/medium/run_0 source_launch=selena_3452080 launch_id=selena_3512119 slurm_job_id=3512119 launched_at=2026-09-23T12:16:43.824972+00:00
TIME run allocation action=skip run=/fslarge/scratch/users/h61084/codes/tsrag_time/outputs/tsrag/predictions/chronos_t5_512/OpenElectricity_NEM/5T/long/run_0 source_launch=selena_3452080 launch_id=selena_3512119 slurm_job_id=3512119 launched_at=2026-09-23T12:16:43.832841+00:00
TIME run allocation action=skip run=/fslarge/scratch/users/h61084/codes/tsrag_time/outputs/tsrag/predictions/chronos_t5_512/EWELD_Load/15T/short/run_0 source_launch=selena_3452080 launch_id=selena_3512119 slurm_job_id=3512119 launched_at=2026-09-23T12:16:43.840561+00:00
TIME run allocation action=skip run=/fslarge/scratch/users/h61084/codes/tsrag_time/outputs/tsrag/predictions/chronos_t5_512/EWELD_Load/15T/medium/run_0 source_launch=selena_3452080 launch_id=selena_3512119 slurm_job_id=3512119 launched_at=2026-09-23T12:16:43.848317+00:00
TIME run allocation action=skip run=/fslarge/scratch/users/h61084/codes/tsrag_time/outputs/tsrag/predictions/chronos_t5_512/EWELD_Load/15T/long/run_0 source_launch=selena_3452080 launch_id=selena_3512119 slurm_job_id=3512119 launched_at=2026-09-23T12:16:43.855713+00:00
TIME run allocation action=skip run=/fslarge/scratch/users/h61084/codes/tsrag_time/outputs/tsrag/predictions/chronos_t5_512/SG_Carpark/15T/short/run_0 source_launch=selena_3452080 launch_id=selena_3512119 slurm_job_id=3512119 launched_at=2026-09-23T12:16:43.863344+00:00
TIME run allocation action=skip run=/fslarge/scratch/users/h61084/codes/tsrag_time/outputs/tsrag/predictions/chronos_t5_512/SG_Carpark/15T/medium/run_0 source_launch=selena_3452080 launch_id=selena_3512119 slurm_job_id=3512119 launched_at=2026-09-23T12:16:43.871033+00:00
TIME run allocation action=skip run=/fslarge/scratch/users/h61084/codes/tsrag_time/outputs/tsrag/predictions/chronos_t5_512/SG_Carpark/15T/long/run_0 source_launch=selena_3452080 launch_id=selena_3512119 slurm_job_id=3512119 launched_at=2026-09-23T12:16:43.878547+00:00
TIME run allocation action=skip run=/fslarge/scratch/users/h61084/codes/tsrag_time/outputs/tsrag/predictions/chronos_t5_512/Finland_Traffic/15T/short/run_0 source_launch=selena_3452080 launch_id=selena_3512119 slurm_job_id=3512119 launched_at=2026-09-23T12:16:43.886506+00:00
TIME run allocation action=skip run=/fslarge/scratch/users/h61084/codes/tsrag_time/outputs/tsrag/predictions/chronos_t5_512/Finland_Traffic/15T/medium/run_0 source_launch=selena_3452080 launch_id=selena_3512119 slurm_job_id=3512119 launched_at=2026-09-23T12:16:43.894196+00:00
TIME run allocation action=skip run=/fslarge/scratch/users/h61084/codes/tsrag_time/outputs/tsrag/predictions/chronos_t5_512/Finland_Traffic/15T/long/run_0 source_launch=selena_3452080 launch_id=selena_3512119 slurm_job_id=3512119 launched_at=2026-09-23T12:16:43.901941+00:00
TIME run allocation action=skip run=/fslarge/scratch/users/h61084/codes/tsrag_time/outputs/tsrag/predictions/chronos_t5_512/Port_Activity/D/short/run_0 source_launch=selena_3452080 launch_id=selena_3512119 slurm_job_id=3512119 launched_at=2026-09-23T12:16:43.909360+00:00
TIME run allocation action=skip run=/fslarge/scratch/users/h61084/codes/tsrag_time/outputs/tsrag/predictions/chronos_t5_512/Port_Activity/W/short/run_0 source_launch=selena_3452080 launch_id=selena_3512119 slurm_job_id=3512119 launched_at=2026-09-23T12:16:43.917013+00:00
TIME run allocation action=skip run=/fslarge/scratch/users/h61084/codes/tsrag_time/outputs/tsrag/predictions/chronos_t5_512/ECDC_COVID/D/short/run_0 source_launch=selena_3452080 launch_id=selena_3512119 slurm_job_id=3512119 launched_at=2026-09-23T12:16:43.924513+00:00
TIME run allocation action=skip run=/fslarge/scratch/users/h61084/codes/tsrag_time/outputs/tsrag/predictions/chronos_t5_512/ECDC_COVID/W/short/run_0 source_launch=selena_3452080 launch_id=selena_3512119 slurm_job_id=3512119 launched_at=2026-09-23T12:16:43.931860+00:00
TIME run allocation action=skip run=/fslarge/scratch/users/h61084/codes/tsrag_time/outputs/tsrag/predictions/chronos_t5_512/Global_Influenza/W/short/run_0 source_launch=selena_3452080 launch_id=selena_3512119 slurm_job_id=3512119 launched_at=2026-09-23T12:16:43.939371+00:00
TIME run allocation action=skip run=/fslarge/scratch/users/h61084/codes/tsrag_time/outputs/tsrag/predictions/chronos_t5_512/Crypto/D/short/run_0 source_launch=selena_3452080 launch_id=selena_3512119 slurm_job_id=3512119 launched_at=2026-09-23T12:16:43.946893+00:00
TIME run allocation action=skip run=/fslarge/scratch/users/h61084/codes/tsrag_time/outputs/tsrag/predictions/chronos_t5_512/US_Term_Structure/B/short/run_0 source_launch=selena_3452080 launch_id=selena_3512119 slurm_job_id=3512119 launched_at=2026-09-23T12:16:43.954365+00:00
TIME run allocation action=skip run=/fslarge/scratch/users/h61084/codes/tsrag_time/outputs/tsrag/predictions/chronos_t5_512/Oil_Price/B/short/run_0 source_launch=selena_3452080 launch_id=selena_3512119 slurm_job_id=3512119 launched_at=2026-09-23T12:16:43.962092+00:00
TIME run allocation action=skip run=/fslarge/scratch/users/h61084/codes/tsrag_time/outputs/tsrag/predictions/chronos_t5_512/Job_Claims/W/short/run_0 source_launch=selena_3452080 launch_id=selena_3512119 slurm_job_id=3512119 launched_at=2026-09-23T12:16:43.969813+00:00
TIME run allocation action=skip run=/fslarge/scratch/users/h61084/codes/tsrag_time/outputs/tsrag/predictions/chronos_t5_512/Uncertainty_1M/M/short/run_0 source_launch=selena_3452080 launch_id=selena_3512119 slurm_job_id=3512119 launched_at=2026-09-23T12:16:43.977501+00:00
TIME run allocation action=skip run=/fslarge/scratch/users/h61084/codes/tsrag_time/outputs/tsrag/predictions/chronos_t5_512/Housing_Inventory/M/short/run_0 source_launch=selena_3452080 launch_id=selena_3512119 slurm_job_id=3512119 launched_at=2026-09-23T12:16:43.985156+00:00
TIME run allocation action=skip run=/fslarge/scratch/users/h61084/codes/tsrag_time/outputs/tsrag/predictions/chronos_t5_512/JOLTS/M/short/run_0 source_launch=selena_3452080 launch_id=selena_3512119 slurm_job_id=3512119 launched_at=2026-09-23T12:16:43.992709+00:00
TIME run allocation action=skip run=/fslarge/scratch/users/h61084/codes/tsrag_time/outputs/tsrag/predictions/chronos_t5_512/US_Labor/M/short/run_0 source_launch=selena_3452080 launch_id=selena_3512119 slurm_job_id=3512119 launched_at=2026-09-23T12:16:44.000360+00:00
TIME run allocation action=skip run=/fslarge/scratch/users/h61084/codes/tsrag_time/outputs/tsrag/predictions/chronos_t5_512/Vehicle_Supply/M/short/run_0 source_launch=selena_3452080 launch_id=selena_3512119 slurm_job_id=3512119 launched_at=2026-09-23T12:16:44.007895+00:00
TIME run allocation action=skip run=/fslarge/scratch/users/h61084/codes/tsrag_time/outputs/tsrag/predictions/chronos_t5_512/Auto_Production_SF/M/short/run_0 source_launch=selena_3452080 launch_id=selena_3512119 slurm_job_id=3512119 launched_at=2026-09-23T12:16:44.015623+00:00
TIME run allocation action=skip run=/fslarge/scratch/users/h61084/codes/tsrag_time/outputs/tsrag/predictions/chronos_t5_512/Commodity_Production/M/short/run_0 source_launch=selena_3452080 launch_id=selena_3512119 slurm_job_id=3512119 launched_at=2026-09-23T12:16:44.023324+00:00
TIME run allocation action=skip run=/fslarge/scratch/users/h61084/codes/tsrag_time/outputs/tsrag/predictions/chronos_t5_512/Commodity_Import/M/short/run_0 source_launch=selena_3452080 launch_id=selena_3512119 slurm_job_id=3512119 launched_at=2026-09-23T12:16:44.031031+00:00
TIME run allocation action=skip run=/fslarge/scratch/users/h61084/codes/tsrag_time/outputs/tsrag/predictions/chronos_t5_512/WUI_Global/Q/short/run_0 source_launch=selena_3452080 launch_id=selena_3512119 slurm_job_id=3512119 launched_at=2026-09-23T12:16:44.038847+00:00
TIME run allocation action=skip run=/fslarge/scratch/users/h61084/codes/tsrag_time/outputs/tsrag/predictions/chronos_t5_512/Global_Price/Q/short/run_0 source_launch=selena_3452080 launch_id=selena_3512119 slurm_job_id=3512119 launched_at=2026-09-23T12:16:44.046374+00:00
TIME run allocation action=skip run=/fslarge/scratch/users/h61084/codes/tsrag_time/outputs/tsrag/predictions/chronos_t5_512/Vehicle_Sales/M/short/run_0 source_launch=selena_3452080 launch_id=selena_3512119 slurm_job_id=3512119 launched_at=2026-09-23T12:16:44.054362+00:00
TIME run allocation action=skip run=/fslarge/scratch/users/h61084/codes/tsrag_time/outputs/tsrag/predictions/chronos_t5_512/Online_Retail_2_UCI/D/short/run_0 source_launch=selena_3452080 launch_id=selena_3512119 slurm_job_id=3512119 launched_at=2026-09-23T12:16:44.062021+00:00
TIME run allocation action=skip run=/fslarge/scratch/users/h61084/codes/tsrag_time/outputs/tsrag/predictions/chronos_t5_512/Supply_Chain_Customer/D/short/run_0 source_launch=selena_3452080 launch_id=selena_3512119 slurm_job_id=3512119 launched_at=2026-09-23T12:16:44.069556+00:00
TIME run allocation action=skip run=/fslarge/scratch/users/h61084/codes/tsrag_time/outputs/tsrag/predictions/chronos_t5_512/Supply_Chain_Location/D/short/run_0 source_launch=selena_3452080 launch_id=selena_3512119 slurm_job_id=3512119 launched_at=2026-09-23T12:16:44.077033+00:00
TIME run allocation action=skip run=/fslarge/scratch/users/h61084/codes/tsrag_time/outputs/tsrag/predictions/chronos_t5_512/azure2019_U/5T/short/run_0 source_launch=selena_3452080 launch_id=selena_3512119 slurm_job_id=3512119 launched_at=2026-09-23T12:16:44.084610+00:00
TIME run allocation action=skip run=/fslarge/scratch/users/h61084/codes/tsrag_time/outputs/tsrag/predictions/chronos_t5_512/Smart_Manufacturing/H/short/run_0 source_launch=selena_3452080 launch_id=selena_3512119 slurm_job_id=3512119 launched_at=2026-09-23T12:16:44.092152+00:00
TIME run allocation action=skip run=/fslarge/scratch/users/h61084/codes/tsrag_time/outputs/tsrag/predictions/chronos_t5_512/Smart_Manufacturing/H/medium/run_0 source_launch=selena_3452080 launch_id=selena_3512119 slurm_job_id=3512119 launched_at=2026-09-23T12:16:44.099826+00:00
TIME run allocation action=skip run=/fslarge/scratch/users/h61084/codes/tsrag_time/outputs/tsrag/predictions/chronos_t5_512/Smart_Manufacturing/H/long/run_0 source_launch=selena_3452080 launch_id=selena_3512119 slurm_job_id=3512119 launched_at=2026-09-23T12:16:44.107169+00:00
TIME run allocation action=skip run=/fslarge/scratch/users/h61084/codes/tsrag_time/outputs/tsrag/predictions/chronos_t5_512/MetroPT-3/5T/short/run_0 source_launch=selena_3452080 launch_id=selena_3512119 slurm_job_id=3512119 launched_at=2026-09-23T12:16:44.114836+00:00
TIME run allocation action=skip run=/fslarge/scratch/users/h61084/codes/tsrag_time/outputs/tsrag/predictions/chronos_t5_512/MetroPT-3/5T/medium/run_0 source_launch=selena_3452080 launch_id=selena_3512119 slurm_job_id=3512119 launched_at=2026-09-23T12:16:44.122417+00:00
TIME run allocation action=skip run=/fslarge/scratch/users/h61084/codes/tsrag_time/outputs/tsrag/predictions/chronos_t5_512/MetroPT-3/5T/long/run_0 source_launch=selena_3452080 launch_id=selena_3512119 slurm_job_id=3512119 launched_at=2026-09-23T12:16:44.130030+00:00
TIME run allocation action=skip run=/fslarge/scratch/users/h61084/codes/tsrag_time/outputs/tsrag/predictions/chronos2_max/Water_Quality_Darwin/15T/short/run_0 source_launch=selena_3452080 launch_id=selena_3512119 slurm_job_id=3512119 launched_at=2026-09-23T12:16:44.137726+00:00
TIME run allocation action=skip run=/fslarge/scratch/users/h61084/codes/tsrag_time/outputs/tsrag/predictions/chronos2_max/Water_Quality_Darwin/15T/medium/run_0 source_launch=selena_3452080 launch_id=selena_3512119 slurm_job_id=3512119 launched_at=2026-09-23T12:16:44.145269+00:00
TIME run allocation action=skip run=/fslarge/scratch/users/h61084/codes/tsrag_time/outputs/tsrag/predictions/chronos2_max/Water_Quality_Darwin/15T/long/run_0 source_launch=selena_3452080 launch_id=selena_3512119 slurm_job_id=3512119 launched_at=2026-09-23T12:16:44.153213+00:00
TIME run allocation action=skip run=/fslarge/scratch/users/h61084/codes/tsrag_time/outputs/tsrag/predictions/chronos2_max/current_velocity/5T/short/run_0 source_launch=selena_3452080 launch_id=selena_3512119 slurm_job_id=3512119 launched_at=2026-09-23T12:16:44.160722+00:00
TIME run allocation action=skip run=/fslarge/scratch/users/h61084/codes/tsrag_time/outputs/tsrag/predictions/chronos2_max/current_velocity/5T/medium/run_0 source_launch=selena_3452080 launch_id=selena_3512119 slurm_job_id=3512119 launched_at=2026-09-23T12:16:44.168495+00:00
TIME run allocation action=skip run=/fslarge/scratch/users/h61084/codes/tsrag_time/outputs/tsrag/predictions/chronos2_max/current_velocity/5T/long/run_0 source_launch=selena_3452080 launch_id=selena_3512119 slurm_job_id=3512119 launched_at=2026-09-23T12:16:44.176298+00:00
TIME run allocation action=skip run=/fslarge/scratch/users/h61084/codes/tsrag_time/outputs/tsrag/predictions/chronos2_max/current_velocity/10T/short/run_0 source_launch=selena_3452080 launch_id=selena_3512119 slurm_job_id=3512119 launched_at=2026-09-23T12:16:44.183951+00:00
TIME run allocation action=skip run=/fslarge/scratch/users/h61084/codes/tsrag_time/outputs/tsrag/predictions/chronos2_max/current_velocity/10T/medium/run_0 source_launch=selena_3452080 launch_id=selena_3512119 slurm_job_id=3512119 launched_at=2026-09-23T12:16:44.192046+00:00
TIME run allocation action=skip run=/fslarge/scratch/users/h61084/codes/tsrag_time/outputs/tsrag/predictions/chronos2_max/current_velocity/10T/long/run_0 source_launch=selena_3452080 launch_id=selena_3512119 slurm_job_id=3512119 launched_at=2026-09-23T12:16:44.199756+00:00
TIME run allocation action=skip run=/fslarge/scratch/users/h61084/codes/tsrag_time/outputs/tsrag/predictions/chronos2_max/current_velocity/15T/short/run_0 source_launch=selena_3452080 launch_id=selena_3512119 slurm_job_id=3512119 launched_at=2026-09-23T12:16:44.207482+00:00
TIME run allocation action=skip run=/fslarge/scratch/users/h61084/codes/tsrag_time/outputs/tsrag/predictions/chronos2_max/current_velocity/15T/medium/run_0 source_launch=selena_3452080 launch_id=selena_3512119 slurm_job_id=3512119 launched_at=2026-09-23T12:16:44.215198+00:00
TIME run allocation action=skip run=/fslarge/scratch/users/h61084/codes/tsrag_time/outputs/tsrag/predictions/chronos2_max/current_velocity/15T/long/run_0 source_launch=selena_3452080 launch_id=selena_3512119 slurm_job_id=3512119 launched_at=2026-09-23T12:16:44.222914+00:00
TIME run allocation action=skip run=/fslarge/scratch/users/h61084/codes/tsrag_time/outputs/tsrag/predictions/chronos2_max/current_velocity/H/short/run_0 source_launch=selena_3452080 launch_id=selena_3512119 slurm_job_id=3512119 launched_at=2026-09-23T12:16:44.230596+00:00
TIME run allocation action=skip run=/fslarge/scratch/users/h61084/codes/tsrag_time/outputs/tsrag/predictions/chronos2_max/current_velocity/H/medium/run_0 source_launch=selena_3452080 launch_id=selena_3512119 slurm_job_id=3512119 launched_at=2026-09-23T12:16:44.238204+00:00
TIME run allocation action=skip run=/fslarge/scratch/users/h61084/codes/tsrag_time/outputs/tsrag/predictions/chronos2_max/current_velocity/H/long/run_0 source_launch=selena_3452080 launch_id=selena_3512119 slurm_job_id=3512119 launched_at=2026-09-23T12:16:44.245648+00:00
TIME run allocation action=skip run=/fslarge/scratch/users/h61084/codes/tsrag_time/outputs/tsrag/predictions/chronos2_max/CPHL/15T/short/run_0 source_launch=selena_3452080 launch_id=selena_3512119 slurm_job_id=3512119 launched_at=2026-09-23T12:16:44.253300+00:00
TIME run allocation action=skip run=/fslarge/scratch/users/h61084/codes/tsrag_time/outputs/tsrag/predictions/chronos2_max/CPHL/15T/medium/run_0 source_launch=selena_3452080 launch_id=selena_3512119 slurm_job_id=3512119 launched_at=2026-09-23T12:16:44.260906+00:00
TIME run allocation action=skip run=/fslarge/scratch/users/h61084/codes/tsrag_time/outputs/tsrag/predictions/chronos2_max/CPHL/15T/long/run_0 source_launch=selena_3452080 launch_id=selena_3512119 slurm_job_id=3512119 launched_at=2026-09-23T12:16:44.268512+00:00
TIME run allocation action=skip run=/fslarge/scratch/users/h61084/codes/tsrag_time/outputs/tsrag/predictions/chronos2_max/CPHL/30T/short/run_0 source_launch=selena_3452080 launch_id=selena_3512119 slurm_job_id=3512119 launched_at=2026-09-23T12:16:44.276082+00:00
TIME run allocation action=skip run=/fslarge/scratch/users/h61084/codes/tsrag_time/outputs/tsrag/predictions/chronos2_max/CPHL/30T/medium/run_0 source_launch=selena_3452080 launch_id=selena_3512119 slurm_job_id=3512119 launched_at=2026-09-23T12:16:44.284070+00:00
TIME run allocation action=skip run=/fslarge/scratch/users/h61084/codes/tsrag_time/outputs/tsrag/predictions/chronos2_max/CPHL/30T/long/run_0 source_launch=selena_3452080 launch_id=selena_3512119 slurm_job_id=3512119 launched_at=2026-09-23T12:16:44.291767+00:00
TIME run allocation action=skip run=/fslarge/scratch/users/h61084/codes/tsrag_time/outputs/tsrag/predictions/chronos2_max/CPHL/H/short/run_0 source_launch=selena_3452080 launch_id=selena_3512119 slurm_job_id=3512119 launched_at=2026-09-23T12:16:44.299374+00:00
TIME run allocation action=skip run=/fslarge/scratch/users/h61084/codes/tsrag_time/outputs/tsrag/predictions/chronos2_max/CPHL/H/medium/run_0 source_launch=selena_3452080 launch_id=selena_3512119 slurm_job_id=3512119 launched_at=2026-09-23T12:16:44.306882+00:00
TIME run allocation action=skip run=/fslarge/scratch/users/h61084/codes/tsrag_time/outputs/tsrag/predictions/chronos2_max/CPHL/H/long/run_0 source_launch=selena_3452080 launch_id=selena_3512119 slurm_job_id=3512119 launched_at=2026-09-23T12:16:44.314503+00:00
TIME run allocation action=skip run=/fslarge/scratch/users/h61084/codes/tsrag_time/outputs/tsrag/predictions/chronos2_max/Coastal_T_S/15T/short/run_0 source_launch=selena_3452080 launch_id=selena_3512119 slurm_job_id=3512119 launched_at=2026-09-23T12:16:44.322211+00:00
TIME run allocation action=skip run=/fslarge/scratch/users/h61084/codes/tsrag_time/outputs/tsrag/predictions/chronos2_max/Coastal_T_S/15T/medium/run_0 source_launch=selena_3452080 launch_id=selena_3512119 slurm_job_id=3512119 launched_at=2026-09-23T12:16:44.329744+00:00
TIME run allocation action=skip run=/fslarge/scratch/users/h61084/codes/tsrag_time/outputs/tsrag/predictions/chronos2_max/Coastal_T_S/15T/long/run_0 source_launch=selena_3452080 launch_id=selena_3512119 slurm_job_id=3512119 launched_at=2026-09-23T12:16:44.337388+00:00
TIME run allocation action=skip run=/fslarge/scratch/users/h61084/codes/tsrag_time/outputs/tsrag/predictions/chronos2_max/Coastal_T_S/20T/short/run_0 source_launch=selena_3452080 launch_id=selena_3512119 slurm_job_id=3512119 launched_at=2026-09-23T12:16:44.345012+00:00
TIME run allocation action=skip run=/fslarge/scratch/users/h61084/codes/tsrag_time/outputs/tsrag/predictions/chronos2_max/Coastal_T_S/20T/medium/run_0 source_launch=selena_3452080 launch_id=selena_3512119 slurm_job_id=3512119 launched_at=2026-09-23T12:16:44.352668+00:00
TIME run allocation action=skip run=/fslarge/scratch/users/h61084/codes/tsrag_time/outputs/tsrag/predictions/chronos2_max/Coastal_T_S/20T/long/run_0 source_launch=selena_3452080 launch_id=selena_3512119 slurm_job_id=3512119 launched_at=2026-09-23T12:16:44.360422+00:00
TIME run allocation action=skip run=/fslarge/scratch/users/h61084/codes/tsrag_time/outputs/tsrag/predictions/chronos2_max/Coastal_T_S/H/short/run_0 source_launch=selena_3452080 launch_id=selena_3512119 slurm_job_id=3512119 launched_at=2026-09-23T12:16:44.368215+00:00
TIME run allocation action=skip run=/fslarge/scratch/users/h61084/codes/tsrag_time/outputs/tsrag/predictions/chronos2_max/Coastal_T_S/H/medium/run_0 source_launch=selena_3452080 launch_id=selena_3512119 slurm_job_id=3512119 launched_at=2026-09-23T12:16:44.375818+00:00
TIME run allocation action=skip run=/fslarge/scratch/users/h61084/codes/tsrag_time/outputs/tsrag/predictions/chronos2_max/Coastal_T_S/H/long/run_0 source_launch=selena_3452080 launch_id=selena_3512119 slurm_job_id=3512119 launched_at=2026-09-23T12:16:44.383597+00:00
TIME run allocation action=skip run=/fslarge/scratch/users/h61084/codes/tsrag_time/outputs/tsrag/predictions/chronos2_max/SG_Weather/D/short/run_0 source_launch=selena_3452080 launch_id=selena_3512119 slurm_job_id=3512119 launched_at=2026-09-23T12:16:44.393044+00:00
TIME run allocation action=skip run=/fslarge/scratch/users/h61084/codes/tsrag_time/outputs/tsrag/predictions/chronos2_max/SG_Weather/D/medium/run_0 source_launch=selena_3452080 launch_id=selena_3512119 slurm_job_id=3512119 launched_at=2026-09-23T12:16:44.400710+00:00
TIME run allocation action=skip run=/fslarge/scratch/users/h61084/codes/tsrag_time/outputs/tsrag/predictions/chronos2_max/SG_Weather/D/long/run_0 source_launch=selena_3452080 launch_id=selena_3512119 slurm_job_id=3512119 launched_at=2026-09-23T12:16:44.408346+00:00
TIME run allocation action=skip run=/fslarge/scratch/users/h61084/codes/tsrag_time/outputs/tsrag/predictions/chronos2_max/SG_PM25/H/short/run_0 source_launch=selena_3452080 launch_id=selena_3512119 slurm_job_id=3512119 launched_at=2026-09-23T12:16:44.415873+00:00
TIME run allocation action=skip run=/fslarge/scratch/users/h61084/codes/tsrag_time/outputs/tsrag/predictions/chronos2_max/SG_PM25/H/medium/run_0 source_launch=selena_3452080 launch_id=selena_3512119 slurm_job_id=3512119 launched_at=2026-09-23T12:16:44.423465+00:00
TIME run allocation action=skip run=/fslarge/scratch/users/h61084/codes/tsrag_time/outputs/tsrag/predictions/chronos2_max/SG_PM25/H/long/run_0 source_launch=selena_3452080 launch_id=selena_3512119 slurm_job_id=3512119 launched_at=2026-09-23T12:16:44.430949+00:00
TIME run allocation action=skip run=/fslarge/scratch/users/h61084/codes/tsrag_time/outputs/tsrag/predictions/chronos2_max/NE_China_Wind/H/short/run_0 source_launch=selena_3452080 launch_id=selena_3512119 slurm_job_id=3512119 launched_at=2026-09-23T12:16:44.438389+00:00
TIME run allocation action=skip run=/fslarge/scratch/users/h61084/codes/tsrag_time/outputs/tsrag/predictions/chronos2_max/NE_China_Wind/H/medium/run_0 source_launch=selena_3452080 launch_id=selena_3512119 slurm_job_id=3512119 launched_at=2026-09-23T12:16:44.446059+00:00
TIME run allocation action=skip run=/fslarge/scratch/users/h61084/codes/tsrag_time/outputs/tsrag/predictions/chronos2_max/NE_China_Wind/H/long/run_0 source_launch=selena_3452080 launch_id=selena_3512119 slurm_job_id=3512119 launched_at=2026-09-23T12:16:44.453821+00:00
TIME run allocation action=skip run=/fslarge/scratch/users/h61084/codes/tsrag_time/outputs/tsrag/predictions/chronos2_max/Australia_Solar/H/short/run_0 source_launch=selena_3452080 launch_id=selena_3512119 slurm_job_id=3512119 launched_at=2026-09-23T12:16:44.461549+00:00
TIME run allocation action=skip run=/fslarge/scratch/users/h61084/codes/tsrag_time/outputs/tsrag/predictions/chronos2_max/Australia_Solar/H/medium/run_0 source_launch=selena_3452080 launch_id=selena_3512119 slurm_job_id=3512119 launched_at=2026-09-23T12:16:44.469263+00:00
TIME run allocation action=skip run=/fslarge/scratch/users/h61084/codes/tsrag_time/outputs/tsrag/predictions/chronos2_max/Australia_Solar/H/long/run_0 source_launch=selena_3452080 launch_id=selena_3512119 slurm_job_id=3512119 launched_at=2026-09-23T12:16:44.476842+00:00
TIME run allocation action=skip run=/fslarge/scratch/users/h61084/codes/tsrag_time/outputs/tsrag/predictions/chronos2_max/epf_electricity_price/H/short/run_0 source_launch=selena_3452080 launch_id=selena_3512119 slurm_job_id=3512119 launched_at=2026-09-23T12:16:44.484570+00:00
TIME run allocation action=skip run=/fslarge/scratch/users/h61084/codes/tsrag_time/outputs/tsrag/predictions/chronos2_max/epf_electricity_price/H/medium/run_0 source_launch=selena_3452080 launch_id=selena_3512119 slurm_job_id=3512119 launched_at=2026-09-23T12:16:44.492335+00:00
TIME run allocation action=skip run=/fslarge/scratch/users/h61084/codes/tsrag_time/outputs/tsrag/predictions/chronos2_max/epf_electricity_price/H/long/run_0 source_launch=selena_3452080 launch_id=selena_3512119 slurm_job_id=3512119 launched_at=2026-09-23T12:16:44.500114+00:00
TIME run allocation action=skip run=/fslarge/scratch/users/h61084/codes/tsrag_time/outputs/tsrag/predictions/chronos2_max/OpenElectricity_NEM/5T/short/run_0 source_launch=selena_3452080 launch_id=selena_3512119 slurm_job_id=3512119 launched_at=2026-09-23T12:16:44.507721+00:00
TIME run allocation action=skip run=/fslarge/scratch/users/h61084/codes/tsrag_time/outputs/tsrag/predictions/chronos2_max/OpenElectricity_NEM/5T/medium/run_0 source_launch=selena_3452080 launch_id=selena_3512119 slurm_job_id=3512119 launched_at=2026-09-23T12:16:44.515373+00:00
TIME run allocation action=skip run=/fslarge/scratch/users/h61084/codes/tsrag_time/outputs/tsrag/predictions/chronos2_max/OpenElectricity_NEM/5T/long/run_0 source_launch=selena_3452080 launch_id=selena_3512119 slurm_job_id=3512119 launched_at=2026-09-23T12:16:44.523062+00:00
TIME run allocation action=skip run=/fslarge/scratch/users/h61084/codes/tsrag_time/outputs/tsrag/predictions/chronos2_max/EWELD_Load/15T/short/run_0 source_launch=selena_3452080 launch_id=selena_3512119 slurm_job_id=3512119 launched_at=2026-09-23T12:16:44.530578+00:00
TIME run allocation action=skip run=/fslarge/scratch/users/h61084/codes/tsrag_time/outputs/tsrag/predictions/chronos2_max/EWELD_Load/15T/medium/run_0 source_launch=selena_3452080 launch_id=selena_3512119 slurm_job_id=3512119 launched_at=2026-09-23T12:16:44.538067+00:00
TIME run allocation action=skip run=/fslarge/scratch/users/h61084/codes/tsrag_time/outputs/tsrag/predictions/chronos2_max/EWELD_Load/15T/long/run_0 source_launch=selena_3452080 launch_id=selena_3512119 slurm_job_id=3512119 launched_at=2026-09-23T12:16:44.545476+00:00
TIME run allocation action=skip run=/fslarge/scratch/users/h61084/codes/tsrag_time/outputs/tsrag/predictions/chronos2_max/SG_Carpark/15T/short/run_0 source_launch=selena_3452080 launch_id=selena_3512119 slurm_job_id=3512119 launched_at=2026-09-23T12:16:44.553049+00:00
TIME run allocation action=skip run=/fslarge/scratch/users/h61084/codes/tsrag_time/outputs/tsrag/predictions/chronos2_max/SG_Carpark/15T/medium/run_0 source_launch=selena_3452080 launch_id=selena_3512119 slurm_job_id=3512119 launched_at=2026-09-23T12:16:44.560592+00:00
TIME run allocation action=skip run=/fslarge/scratch/users/h61084/codes/tsrag_time/outputs/tsrag/predictions/chronos2_max/SG_Carpark/15T/long/run_0 source_launch=selena_3452080 launch_id=selena_3512119 slurm_job_id=3512119 launched_at=2026-09-23T12:16:44.568137+00:00
TIME run allocation action=skip run=/fslarge/scratch/users/h61084/codes/tsrag_time/outputs/tsrag/predictions/chronos2_max/Finland_Traffic/15T/short/run_0 source_launch=selena_3452080 launch_id=selena_3512119 slurm_job_id=3512119 launched_at=2026-09-23T12:16:44.575933+00:00
TIME run allocation action=skip run=/fslarge/scratch/users/h61084/codes/tsrag_time/outputs/tsrag/predictions/chronos2_max/Finland_Traffic/15T/medium/run_0 source_launch=selena_3452080 launch_id=selena_3512119 slurm_job_id=3512119 launched_at=2026-09-23T12:16:44.583638+00:00
TIME run allocation action=skip run=/fslarge/scratch/users/h61084/codes/tsrag_time/outputs/tsrag/predictions/chronos2_max/Finland_Traffic/15T/long/run_0 source_launch=selena_3452080 launch_id=selena_3512119 slurm_job_id=3512119 launched_at=2026-09-23T12:16:44.591297+00:00
TIME run allocation action=skip run=/fslarge/scratch/users/h61084/codes/tsrag_time/outputs/tsrag/predictions/chronos2_max/Port_Activity/D/short/run_0 source_launch=selena_3452080 launch_id=selena_3512119 slurm_job_id=3512119 launched_at=2026-09-23T12:16:44.599002+00:00
TIME run allocation action=skip run=/fslarge/scratch/users/h61084/codes/tsrag_time/outputs/tsrag/predictions/chronos2_max/Port_Activity/W/short/run_0 source_launch=selena_3452080 launch_id=selena_3512119 slurm_job_id=3512119 launched_at=2026-09-23T12:16:44.606763+00:00
TIME run allocation action=skip run=/fslarge/scratch/users/h61084/codes/tsrag_time/outputs/tsrag/predictions/chronos2_max/ECDC_COVID/D/short/run_0 source_launch=selena_3452080 launch_id=selena_3512119 slurm_job_id=3512119 launched_at=2026-09-23T12:16:44.614406+00:00
TIME run allocation action=skip run=/fslarge/scratch/users/h61084/codes/tsrag_time/outputs/tsrag/predictions/chronos2_max/ECDC_COVID/W/short/run_0 source_launch=selena_3452080 launch_id=selena_3512119 slurm_job_id=3512119 launched_at=2026-09-23T12:16:44.622206+00:00
TIME run allocation action=skip run=/fslarge/scratch/users/h61084/codes/tsrag_time/outputs/tsrag/predictions/chronos2_max/Global_Influenza/W/short/run_0 source_launch=selena_3452080 launch_id=selena_3512119 slurm_job_id=3512119 launched_at=2026-09-23T12:16:44.629742+00:00
TIME run allocation action=skip run=/fslarge/scratch/users/h61084/codes/tsrag_time/outputs/tsrag/predictions/chronos2_max/Crypto/D/short/run_0 source_launch=selena_3452080 launch_id=selena_3512119 slurm_job_id=3512119 launched_at=2026-09-23T12:16:44.637305+00:00
TIME run allocation action=skip run=/fslarge/scratch/users/h61084/codes/tsrag_time/outputs/tsrag/predictions/chronos2_max/US_Term_Structure/B/short/run_0 source_launch=selena_3452080 launch_id=selena_3512119 slurm_job_id=3512119 launched_at=2026-09-23T12:16:44.645075+00:00
TIME run allocation action=skip run=/fslarge/scratch/users/h61084/codes/tsrag_time/outputs/tsrag/predictions/chronos2_max/Oil_Price/B/short/run_0 source_launch=selena_3452080 launch_id=selena_3512119 slurm_job_id=3512119 launched_at=2026-09-23T12:16:44.652972+00:00
TIME run allocation action=skip run=/fslarge/scratch/users/h61084/codes/tsrag_time/outputs/tsrag/predictions/chronos2_max/Job_Claims/W/short/run_0 source_launch=selena_3452080 launch_id=selena_3512119 slurm_job_id=3512119 launched_at=2026-09-23T12:16:44.660887+00:00
TIME run allocation action=skip run=/fslarge/scratch/users/h61084/codes/tsrag_time/outputs/tsrag/predictions/chronos2_max/Uncertainty_1M/M/short/run_0 source_launch=selena_3452080 launch_id=selena_3512119 slurm_job_id=3512119 launched_at=2026-09-23T12:16:44.668603+00:00
TIME run allocation action=skip run=/fslarge/scratch/users/h61084/codes/tsrag_time/outputs/tsrag/predictions/chronos2_max/Housing_Inventory/M/short/run_0 source_launch=selena_3452080 launch_id=selena_3512119 slurm_job_id=3512119 launched_at=2026-09-23T12:16:44.676306+00:00
TIME run allocation action=skip run=/fslarge/scratch/users/h61084/codes/tsrag_time/outputs/tsrag/predictions/chronos2_max/JOLTS/M/short/run_0 source_launch=selena_3452080 launch_id=selena_3512119 slurm_job_id=3512119 launched_at=2026-09-23T12:16:44.684151+00:00
TIME run allocation action=skip run=/fslarge/scratch/users/h61084/codes/tsrag_time/outputs/tsrag/predictions/chronos2_max/US_Labor/M/short/run_0 source_launch=selena_3452080 launch_id=selena_3512119 slurm_job_id=3512119 launched_at=2026-09-23T12:16:44.691880+00:00
TIME run allocation action=skip run=/fslarge/scratch/users/h61084/codes/tsrag_time/outputs/tsrag/predictions/chronos2_max/Vehicle_Supply/M/short/run_0 source_launch=selena_3452080 launch_id=selena_3512119 slurm_job_id=3512119 launched_at=2026-09-23T12:16:44.699629+00:00
TIME run allocation action=skip run=/fslarge/scratch/users/h61084/codes/tsrag_time/outputs/tsrag/predictions/chronos2_max/Auto_Production_SF/M/short/run_0 source_launch=selena_3452080 launch_id=selena_3512119 slurm_job_id=3512119 launched_at=2026-09-23T12:16:44.707390+00:00
TIME run allocation action=skip run=/fslarge/scratch/users/h61084/codes/tsrag_time/outputs/tsrag/predictions/chronos2_max/Commodity_Production/M/short/run_0 source_launch=selena_3452080 launch_id=selena_3512119 slurm_job_id=3512119 launched_at=2026-09-23T12:16:44.715184+00:00
TIME run allocation action=skip run=/fslarge/scratch/users/h61084/codes/tsrag_time/outputs/tsrag/predictions/chronos2_max/Commodity_Import/M/short/run_0 source_launch=selena_3452080 launch_id=selena_3512119 slurm_job_id=3512119 launched_at=2026-09-23T12:16:44.722956+00:00
TIME run allocation action=skip run=/fslarge/scratch/users/h61084/codes/tsrag_time/outputs/tsrag/predictions/chronos2_max/WUI_Global/Q/short/run_0 source_launch=selena_3452080 launch_id=selena_3512119 slurm_job_id=3512119 launched_at=2026-09-23T12:16:44.730648+00:00
TIME run allocation action=skip run=/fslarge/scratch/users/h61084/codes/tsrag_time/outputs/tsrag/predictions/chronos2_max/Global_Price/Q/short/run_0 source_launch=selena_3452080 launch_id=selena_3512119 slurm_job_id=3512119 launched_at=2026-09-23T12:16:44.738434+00:00
TIME run allocation action=skip run=/fslarge/scratch/users/h61084/codes/tsrag_time/outputs/tsrag/predictions/chronos2_max/Vehicle_Sales/M/short/run_0 source_launch=selena_3452080 launch_id=selena_3512119 slurm_job_id=3512119 launched_at=2026-09-23T12:16:44.746047+00:00
TIME run allocation action=skip run=/fslarge/scratch/users/h61084/codes/tsrag_time/outputs/tsrag/predictions/chronos2_max/Online_Retail_2_UCI/D/short/run_0 source_launch=selena_3452080 launch_id=selena_3512119 slurm_job_id=3512119 launched_at=2026-09-23T12:16:44.753750+00:00
TIME run allocation action=skip run=/fslarge/scratch/users/h61084/codes/tsrag_time/outputs/tsrag/predictions/chronos2_max/Supply_Chain_Customer/D/short/run_0 source_launch=selena_3452080 launch_id=selena_3512119 slurm_job_id=3512119 launched_at=2026-09-23T12:16:44.761324+00:00
TIME run allocation action=skip run=/fslarge/scratch/users/h61084/codes/tsrag_time/outputs/tsrag/predictions/chronos2_max/Supply_Chain_Location/D/short/run_0 source_launch=selena_3452080 launch_id=selena_3512119 slurm_job_id=3512119 launched_at=2026-09-23T12:16:44.768931+00:00
TIME run allocation action=skip run=/fslarge/scratch/users/h61084/codes/tsrag_time/outputs/tsrag/predictions/chronos2_max/azure2019_U/5T/short/run_0 source_launch=selena_3452080 launch_id=selena_3512119 slurm_job_id=3512119 launched_at=2026-09-23T12:16:44.776521+00:00
TIME run allocation action=skip run=/fslarge/scratch/users/h61084/codes/tsrag_time/outputs/tsrag/predictions/chronos2_max/Smart_Manufacturing/H/short/run_0 source_launch=selena_3452080 launch_id=selena_3512119 slurm_job_id=3512119 launched_at=2026-09-23T12:16:44.784202+00:00
TIME run allocation action=skip run=/fslarge/scratch/users/h61084/codes/tsrag_time/outputs/tsrag/predictions/chronos2_max/Smart_Manufacturing/H/medium/run_0 source_launch=selena_3452080 launch_id=selena_3512119 slurm_job_id=3512119 launched_at=2026-09-23T12:16:44.791819+00:00
TIME run allocation action=skip run=/fslarge/scratch/users/h61084/codes/tsrag_time/outputs/tsrag/predictions/chronos2_max/Smart_Manufacturing/H/long/run_0 source_launch=selena_3452080 launch_id=selena_3512119 slurm_job_id=3512119 launched_at=2026-09-23T12:16:44.799550+00:00
TIME run allocation action=skip run=/fslarge/scratch/users/h61084/codes/tsrag_time/outputs/tsrag/predictions/chronos2_max/MetroPT-3/5T/short/run_0 source_launch=selena_3452080 launch_id=selena_3512119 slurm_job_id=3512119 launched_at=2026-09-23T12:16:44.807446+00:00
TIME run allocation action=skip run=/fslarge/scratch/users/h61084/codes/tsrag_time/outputs/tsrag/predictions/chronos2_max/MetroPT-3/5T/medium/run_0 source_launch=selena_3452080 launch_id=selena_3512119 slurm_job_id=3512119 launched_at=2026-09-23T12:16:44.815171+00:00
TIME run allocation action=skip run=/fslarge/scratch/users/h61084/codes/tsrag_time/outputs/tsrag/predictions/chronos2_max/MetroPT-3/5T/long/run_0 source_launch=selena_3452080 launch_id=selena_3512119 slurm_job_id=3512119 launched_at=2026-09-23T12:16:44.822885+00:00

[2026-09-23 12:16:46 UTC] stage=extract
[2026-09-23 14:16:48,332][datasets][INFO] - PyTorch version 2.9.1 available.
[2026-09-23 12:16:50 UTC] stage=extract tasks=90 seed=0 device=cuda Slurm=3512119
TIME run allocation action=skip run=/fslarge/scratch/users/h61084/codes/tsrag_time/outputs/tsrag/extractions/tsrag/Water_Quality_Darwin/15T/short/run_0 source_launch=selena_3452080 launch_id=selena_3512119 slurm_job_id=3512119 launched_at=2026-09-23T12:16:52.959309+00:00
TIME run allocation action=skip run=/fslarge/scratch/users/h61084/codes/tsrag_time/outputs/tsrag/extractions/tsrag/Water_Quality_Darwin/15T/medium/run_0 source_launch=selena_3452080 launch_id=selena_3512119 slurm_job_id=3512119 launched_at=2026-09-23T12:16:52.967410+00:00
TIME run allocation action=skip run=/fslarge/scratch/users/h61084/codes/tsrag_time/outputs/tsrag/extractions/tsrag/Water_Quality_Darwin/15T/long/run_0 source_launch=selena_3452080 launch_id=selena_3512119 slurm_job_id=3512119 launched_at=2026-09-23T12:16:52.976511+00:00
TIME run allocation action=skip run=/fslarge/scratch/users/h61084/codes/tsrag_time/outputs/tsrag/extractions/tsrag/current_velocity/5T/short/run_0 source_launch=selena_3452080 launch_id=selena_3512119 slurm_job_id=3512119 launched_at=2026-09-23T12:16:52.984812+00:00
TIME run allocation action=skip run=/fslarge/scratch/users/h61084/codes/tsrag_time/outputs/tsrag/extractions/tsrag/current_velocity/5T/medium/run_0 source_launch=selena_3452080 launch_id=selena_3512119 slurm_job_id=3512119 launched_at=2026-09-23T12:16:52.992854+00:00
TIME run allocation action=skip run=/fslarge/scratch/users/h61084/codes/tsrag_time/outputs/tsrag/extractions/tsrag/current_velocity/5T/long/run_0 source_launch=selena_3452080 launch_id=selena_3512119 slurm_job_id=3512119 launched_at=2026-09-23T12:16:53.001077+00:00
TIME run allocation action=skip run=/fslarge/scratch/users/h61084/codes/tsrag_time/outputs/tsrag/extractions/tsrag/current_velocity/10T/short/run_0 source_launch=selena_3452080 launch_id=selena_3512119 slurm_job_id=3512119 launched_at=2026-09-23T12:16:53.008959+00:00
TIME run allocation action=skip run=/fslarge/scratch/users/h61084/codes/tsrag_time/outputs/tsrag/extractions/tsrag/current_velocity/10T/medium/run_0 source_launch=selena_3452080 launch_id=selena_3512119 slurm_job_id=3512119 launched_at=2026-09-23T12:16:53.016672+00:00
TIME run allocation action=skip run=/fslarge/scratch/users/h61084/codes/tsrag_time/outputs/tsrag/extractions/tsrag/current_velocity/10T/long/run_0 source_launch=selena_3452080 launch_id=selena_3512119 slurm_job_id=3512119 launched_at=2026-09-23T12:16:53.024303+00:00
TIME run allocation action=skip run=/fslarge/scratch/users/h61084/codes/tsrag_time/outputs/tsrag/extractions/tsrag/current_velocity/15T/short/run_0 source_launch=selena_3452080 launch_id=selena_3512119 slurm_job_id=3512119 launched_at=2026-09-23T12:16:53.032103+00:00
TIME run allocation action=skip run=/fslarge/scratch/users/h61084/codes/tsrag_time/outputs/tsrag/extractions/tsrag/current_velocity/15T/medium/run_0 source_launch=selena_3452080 launch_id=selena_3512119 slurm_job_id=3512119 launched_at=2026-09-23T12:16:53.040030+00:00
TIME run allocation action=skip run=/fslarge/scratch/users/h61084/codes/tsrag_time/outputs/tsrag/extractions/tsrag/current_velocity/15T/long/run_0 source_launch=selena_3452080 launch_id=selena_3512119 slurm_job_id=3512119 launched_at=2026-09-23T12:16:53.047585+00:00
TIME run allocation action=skip run=/fslarge/scratch/users/h61084/codes/tsrag_time/outputs/tsrag/extractions/tsrag/current_velocity/H/short/run_0 source_launch=selena_3452080 launch_id=selena_3512119 slurm_job_id=3512119 launched_at=2026-09-23T12:16:53.055072+00:00
TIME run allocation action=skip run=/fslarge/scratch/users/h61084/codes/tsrag_time/outputs/tsrag/extractions/tsrag/current_velocity/H/medium/run_0 source_launch=selena_3452080 launch_id=selena_3512119 slurm_job_id=3512119 launched_at=2026-09-23T12:16:53.062815+00:00
TIME run allocation action=skip run=/fslarge/scratch/users/h61084/codes/tsrag_time/outputs/tsrag/extractions/tsrag/current_velocity/H/long/run_0 source_launch=selena_3452080 launch_id=selena_3512119 slurm_job_id=3512119 launched_at=2026-09-23T12:16:53.070444+00:00
TIME run allocation action=skip run=/fslarge/scratch/users/h61084/codes/tsrag_time/outputs/tsrag/extractions/tsrag/CPHL/15T/short/run_0 source_launch=selena_3452080 launch_id=selena_3512119 slurm_job_id=3512119 launched_at=2026-09-23T12:16:53.078220+00:00
TIME run allocation action=skip run=/fslarge/scratch/users/h61084/codes/tsrag_time/outputs/tsrag/extractions/tsrag/CPHL/15T/medium/run_0 source_launch=selena_3452080 launch_id=selena_3512119 slurm_job_id=3512119 launched_at=2026-09-23T12:16:53.085961+00:00
TIME run allocation action=skip run=/fslarge/scratch/users/h61084/codes/tsrag_time/outputs/tsrag/extractions/tsrag/CPHL/15T/long/run_0 source_launch=selena_3452080 launch_id=selena_3512119 slurm_job_id=3512119 launched_at=2026-09-23T12:16:53.093412+00:00
TIME run allocation action=skip run=/fslarge/scratch/users/h61084/codes/tsrag_time/outputs/tsrag/extractions/tsrag/CPHL/30T/short/run_0 source_launch=selena_3452080 launch_id=selena_3512119 slurm_job_id=3512119 launched_at=2026-09-23T12:16:53.101118+00:00
TIME run allocation action=skip run=/fslarge/scratch/users/h61084/codes/tsrag_time/outputs/tsrag/extractions/tsrag/CPHL/30T/medium/run_0 source_launch=selena_3452080 launch_id=selena_3512119 slurm_job_id=3512119 launched_at=2026-09-23T12:16:53.108723+00:00
TIME run allocation action=skip run=/fslarge/scratch/users/h61084/codes/tsrag_time/outputs/tsrag/extractions/tsrag/CPHL/30T/long/run_0 source_launch=selena_3452080 launch_id=selena_3512119 slurm_job_id=3512119 launched_at=2026-09-23T12:16:53.122520+00:00
TIME run allocation action=skip run=/fslarge/scratch/users/h61084/codes/tsrag_time/outputs/tsrag/extractions/tsrag/CPHL/H/short/run_0 source_launch=selena_3452080 launch_id=selena_3512119 slurm_job_id=3512119 launched_at=2026-09-23T12:16:53.130945+00:00
TIME run allocation action=skip run=/fslarge/scratch/users/h61084/codes/tsrag_time/outputs/tsrag/extractions/tsrag/CPHL/H/medium/run_0 source_launch=selena_3452080 launch_id=selena_3512119 slurm_job_id=3512119 launched_at=2026-09-23T12:16:53.138416+00:00
TIME run allocation action=skip run=/fslarge/scratch/users/h61084/codes/tsrag_time/outputs/tsrag/extractions/tsrag/CPHL/H/long/run_0 source_launch=selena_3452080 launch_id=selena_3512119 slurm_job_id=3512119 launched_at=2026-09-23T12:16:53.146045+00:00
TIME run allocation action=skip run=/fslarge/scratch/users/h61084/codes/tsrag_time/outputs/tsrag/extractions/tsrag/Coastal_T_S/15T/short/run_0 source_launch=selena_3452080 launch_id=selena_3512119 slurm_job_id=3512119 launched_at=2026-09-23T12:16:53.153515+00:00
TIME run allocation action=skip run=/fslarge/scratch/users/h61084/codes/tsrag_time/outputs/tsrag/extractions/tsrag/Coastal_T_S/15T/medium/run_0 source_launch=selena_3452080 launch_id=selena_3512119 slurm_job_id=3512119 launched_at=2026-09-23T12:16:53.161208+00:00
TIME run allocation action=skip run=/fslarge/scratch/users/h61084/codes/tsrag_time/outputs/tsrag/extractions/tsrag/Coastal_T_S/15T/long/run_0 source_launch=selena_3452080 launch_id=selena_3512119 slurm_job_id=3512119 launched_at=2026-09-23T12:16:53.168604+00:00
TIME run allocation action=skip run=/fslarge/scratch/users/h61084/codes/tsrag_time/outputs/tsrag/extractions/tsrag/Coastal_T_S/20T/short/run_0 source_launch=selena_3452080 launch_id=selena_3512119 slurm_job_id=3512119 launched_at=2026-09-23T12:16:53.176071+00:00
TIME run allocation action=skip run=/fslarge/scratch/users/h61084/codes/tsrag_time/outputs/tsrag/extractions/tsrag/Coastal_T_S/20T/medium/run_0 source_launch=selena_3452080 launch_id=selena_3512119 slurm_job_id=3512119 launched_at=2026-09-23T12:16:53.183778+00:00
TIME run allocation action=skip run=/fslarge/scratch/users/h61084/codes/tsrag_time/outputs/tsrag/extractions/tsrag/Coastal_T_S/20T/long/run_0 source_launch=selena_3452080 launch_id=selena_3512119 slurm_job_id=3512119 launched_at=2026-09-23T12:16:53.191288+00:00
TIME run allocation action=skip run=/fslarge/scratch/users/h61084/codes/tsrag_time/outputs/tsrag/extractions/tsrag/Coastal_T_S/H/short/run_0 source_launch=selena_3452080 launch_id=selena_3512119 slurm_job_id=3512119 launched_at=2026-09-23T12:16:53.198872+00:00
TIME run allocation action=skip run=/fslarge/scratch/users/h61084/codes/tsrag_time/outputs/tsrag/extractions/tsrag/Coastal_T_S/H/medium/run_0 source_launch=selena_3452080 launch_id=selena_3512119 slurm_job_id=3512119 launched_at=2026-09-23T12:16:53.206341+00:00
TIME run allocation action=skip run=/fslarge/scratch/users/h61084/codes/tsrag_time/outputs/tsrag/extractions/tsrag/Coastal_T_S/H/long/run_0 source_launch=selena_3452080 launch_id=selena_3512119 slurm_job_id=3512119 launched_at=2026-09-23T12:16:53.214010+00:00
TIME run allocation action=skip run=/fslarge/scratch/users/h61084/codes/tsrag_time/outputs/tsrag/extractions/tsrag/SG_Weather/D/short/run_0 source_launch=selena_3452080 launch_id=selena_3512119 slurm_job_id=3512119 launched_at=2026-09-23T12:16:53.221486+00:00
TIME run allocation action=skip run=/fslarge/scratch/users/h61084/codes/tsrag_time/outputs/tsrag/extractions/tsrag/SG_Weather/D/medium/run_0 source_launch=selena_3452080 launch_id=selena_3512119 slurm_job_id=3512119 launched_at=2026-09-23T12:16:53.229032+00:00
TIME run allocation action=skip run=/fslarge/scratch/users/h61084/codes/tsrag_time/outputs/tsrag/extractions/tsrag/SG_Weather/D/long/run_0 source_launch=selena_3452080 launch_id=selena_3512119 slurm_job_id=3512119 launched_at=2026-09-23T12:16:53.236951+00:00
TIME run allocation action=skip run=/fslarge/scratch/users/h61084/codes/tsrag_time/outputs/tsrag/extractions/tsrag/SG_PM25/H/short/run_0 source_launch=selena_3452080 launch_id=selena_3512119 slurm_job_id=3512119 launched_at=2026-09-23T12:16:53.244572+00:00
TIME run allocation action=skip run=/fslarge/scratch/users/h61084/codes/tsrag_time/outputs/tsrag/extractions/tsrag/SG_PM25/H/medium/run_0 source_launch=selena_3452080 launch_id=selena_3512119 slurm_job_id=3512119 launched_at=2026-09-23T12:16:53.252078+00:00
TIME run allocation action=skip run=/fslarge/scratch/users/h61084/codes/tsrag_time/outputs/tsrag/extractions/tsrag/SG_PM25/H/long/run_0 source_launch=selena_3452080 launch_id=selena_3512119 slurm_job_id=3512119 launched_at=2026-09-23T12:16:53.259537+00:00
TIME run allocation action=skip run=/fslarge/scratch/users/h61084/codes/tsrag_time/outputs/tsrag/extractions/tsrag/NE_China_Wind/H/short/run_0 source_launch=selena_3452080 launch_id=selena_3512119 slurm_job_id=3512119 launched_at=2026-09-23T12:16:53.266936+00:00
TIME run allocation action=skip run=/fslarge/scratch/users/h61084/codes/tsrag_time/outputs/tsrag/extractions/tsrag/NE_China_Wind/H/medium/run_0 source_launch=selena_3452080 launch_id=selena_3512119 slurm_job_id=3512119 launched_at=2026-09-23T12:16:53.274507+00:00
TIME run allocation action=skip run=/fslarge/scratch/users/h61084/codes/tsrag_time/outputs/tsrag/extractions/tsrag/NE_China_Wind/H/long/run_0 source_launch=selena_3452080 launch_id=selena_3512119 slurm_job_id=3512119 launched_at=2026-09-23T12:16:53.283777+00:00
TIME run allocation action=skip run=/fslarge/scratch/users/h61084/codes/tsrag_time/outputs/tsrag/extractions/tsrag/Australia_Solar/H/short/run_0 source_launch=selena_3452080 launch_id=selena_3512119 slurm_job_id=3512119 launched_at=2026-09-23T12:16:53.291427+00:00
TIME run allocation action=skip run=/fslarge/scratch/users/h61084/codes/tsrag_time/outputs/tsrag/extractions/tsrag/Australia_Solar/H/medium/run_0 source_launch=selena_3452080 launch_id=selena_3512119 slurm_job_id=3512119 launched_at=2026-09-23T12:16:53.299537+00:00
TIME run allocation action=skip run=/fslarge/scratch/users/h61084/codes/tsrag_time/outputs/tsrag/extractions/tsrag/Australia_Solar/H/long/run_0 source_launch=selena_3452080 launch_id=selena_3512119 slurm_job_id=3512119 launched_at=2026-09-23T12:16:53.307107+00:00
TIME run allocation action=skip run=/fslarge/scratch/users/h61084/codes/tsrag_time/outputs/tsrag/extractions/tsrag/epf_electricity_price/H/short/run_0 source_launch=selena_3452080 launch_id=selena_3512119 slurm_job_id=3512119 launched_at=2026-09-23T12:16:53.314893+00:00
TIME run allocation action=skip run=/fslarge/scratch/users/h61084/codes/tsrag_time/outputs/tsrag/extractions/tsrag/epf_electricity_price/H/medium/run_0 source_launch=selena_3452080 launch_id=selena_3512119 slurm_job_id=3512119 launched_at=2026-09-23T12:16:53.322611+00:00
TIME run allocation action=skip run=/fslarge/scratch/users/h61084/codes/tsrag_time/outputs/tsrag/extractions/tsrag/epf_electricity_price/H/long/run_0 source_launch=selena_3452080 launch_id=selena_3512119 slurm_job_id=3512119 launched_at=2026-09-23T12:16:53.330541+00:00
TIME run allocation action=skip run=/fslarge/scratch/users/h61084/codes/tsrag_time/outputs/tsrag/extractions/tsrag/OpenElectricity_NEM/5T/short/run_0 source_launch=selena_3452080 launch_id=selena_3512119 slurm_job_id=3512119 launched_at=2026-09-23T12:16:53.338274+00:00
TIME run allocation action=skip run=/fslarge/scratch/users/h61084/codes/tsrag_time/outputs/tsrag/extractions/tsrag/OpenElectricity_NEM/5T/medium/run_0 source_launch=selena_3452080 launch_id=selena_3512119 slurm_job_id=3512119 launched_at=2026-09-23T12:16:53.345839+00:00
TIME run allocation action=skip run=/fslarge/scratch/users/h61084/codes/tsrag_time/outputs/tsrag/extractions/tsrag/OpenElectricity_NEM/5T/long/run_0 source_launch=selena_3452080 launch_id=selena_3512119 slurm_job_id=3512119 launched_at=2026-09-23T12:16:53.353600+00:00
TIME run allocation action=skip run=/fslarge/scratch/users/h61084/codes/tsrag_time/outputs/tsrag/extractions/tsrag/EWELD_Load/15T/short/run_0 source_launch=selena_3452080 launch_id=selena_3512119 slurm_job_id=3512119 launched_at=2026-09-23T12:16:53.361133+00:00
TIME run allocation action=skip run=/fslarge/scratch/users/h61084/codes/tsrag_time/outputs/tsrag/extractions/tsrag/EWELD_Load/15T/medium/run_0 source_launch=selena_3452080 launch_id=selena_3512119 slurm_job_id=3512119 launched_at=2026-09-23T12:16:53.368679+00:00
TIME run allocation action=skip run=/fslarge/scratch/users/h61084/codes/tsrag_time/outputs/tsrag/extractions/tsrag/EWELD_Load/15T/long/run_0 source_launch=selena_3452080 launch_id=selena_3512119 slurm_job_id=3512119 launched_at=2026-09-23T12:16:53.376406+00:00
TIME run allocation action=skip run=/fslarge/scratch/users/h61084/codes/tsrag_time/outputs/tsrag/extractions/tsrag/SG_Carpark/15T/short/run_0 source_launch=selena_3452080 launch_id=selena_3512119 slurm_job_id=3512119 launched_at=2026-09-23T12:16:53.383860+00:00
TIME run allocation action=skip run=/fslarge/scratch/users/h61084/codes/tsrag_time/outputs/tsrag/extractions/tsrag/SG_Carpark/15T/medium/run_0 source_launch=selena_3452080 launch_id=selena_3512119 slurm_job_id=3512119 launched_at=2026-09-23T12:16:53.391296+00:00
TIME run allocation action=skip run=/fslarge/scratch/users/h61084/codes/tsrag_time/outputs/tsrag/extractions/tsrag/SG_Carpark/15T/long/run_0 source_launch=selena_3452080 launch_id=selena_3512119 slurm_job_id=3512119 launched_at=2026-09-23T12:16:53.398911+00:00
TIME run allocation action=skip run=/fslarge/scratch/users/h61084/codes/tsrag_time/outputs/tsrag/extractions/tsrag/Finland_Traffic/15T/short/run_0 source_launch=selena_3452080 launch_id=selena_3512119 slurm_job_id=3512119 launched_at=2026-09-23T12:16:53.406433+00:00
TIME run allocation action=skip run=/fslarge/scratch/users/h61084/codes/tsrag_time/outputs/tsrag/extractions/tsrag/Finland_Traffic/15T/medium/run_0 source_launch=selena_3452080 launch_id=selena_3512119 slurm_job_id=3512119 launched_at=2026-09-23T12:16:53.414092+00:00
TIME run allocation action=skip run=/fslarge/scratch/users/h61084/codes/tsrag_time/outputs/tsrag/extractions/tsrag/Finland_Traffic/15T/long/run_0 source_launch=selena_3452080 launch_id=selena_3512119 slurm_job_id=3512119 launched_at=2026-09-23T12:16:53.421739+00:00
TIME run allocation action=skip run=/fslarge/scratch/users/h61084/codes/tsrag_time/outputs/tsrag/extractions/tsrag/Port_Activity/D/short/run_0 source_launch=selena_3452080 launch_id=selena_3512119 slurm_job_id=3512119 launched_at=2026-09-23T12:16:53.429341+00:00
TIME run allocation action=skip run=/fslarge/scratch/users/h61084/codes/tsrag_time/outputs/tsrag/extractions/tsrag/Port_Activity/W/short/run_0 source_launch=selena_3452080 launch_id=selena_3512119 slurm_job_id=3512119 launched_at=2026-09-23T12:16:53.438364+00:00
TIME run allocation action=skip run=/fslarge/scratch/users/h61084/codes/tsrag_time/outputs/tsrag/extractions/tsrag/ECDC_COVID/D/short/run_0 source_launch=selena_3452080 launch_id=selena_3512119 slurm_job_id=3512119 launched_at=2026-09-23T12:16:53.445965+00:00
TIME run allocation action=skip run=/fslarge/scratch/users/h61084/codes/tsrag_time/outputs/tsrag/extractions/tsrag/ECDC_COVID/W/short/run_0 source_launch=selena_3452080 launch_id=selena_3512119 slurm_job_id=3512119 launched_at=2026-09-23T12:16:53.453580+00:00
TIME run allocation action=skip run=/fslarge/scratch/users/h61084/codes/tsrag_time/outputs/tsrag/extractions/tsrag/Global_Influenza/W/short/run_0 source_launch=selena_3452080 launch_id=selena_3512119 slurm_job_id=3512119 launched_at=2026-09-23T12:16:53.461013+00:00
TIME run allocation action=skip run=/fslarge/scratch/users/h61084/codes/tsrag_time/outputs/tsrag/extractions/tsrag/Crypto/D/short/run_0 source_launch=selena_3452080 launch_id=selena_3512119 slurm_job_id=3512119 launched_at=2026-09-23T12:16:53.468512+00:00
TIME run allocation action=skip run=/fslarge/scratch/users/h61084/codes/tsrag_time/outputs/tsrag/extractions/tsrag/US_Term_Structure/B/short/run_0 source_launch=selena_3452080 launch_id=selena_3512119 slurm_job_id=3512119 launched_at=2026-09-23T12:16:53.476381+00:00
TIME run allocation action=skip run=/fslarge/scratch/users/h61084/codes/tsrag_time/outputs/tsrag/extractions/tsrag/Oil_Price/B/short/run_0 source_launch=selena_3452080 launch_id=selena_3512119 slurm_job_id=3512119 launched_at=2026-09-23T12:16:53.484186+00:00
TIME run allocation action=skip run=/fslarge/scratch/users/h61084/codes/tsrag_time/outputs/tsrag/extractions/tsrag/Job_Claims/W/short/run_0 source_launch=selena_3452080 launch_id=selena_3512119 slurm_job_id=3512119 launched_at=2026-09-23T12:16:53.491762+00:00
TIME run allocation action=skip run=/fslarge/scratch/users/h61084/codes/tsrag_time/outputs/tsrag/extractions/tsrag/Uncertainty_1M/M/short/run_0 source_launch=selena_3452080 launch_id=selena_3512119 slurm_job_id=3512119 launched_at=2026-09-23T12:16:53.499114+00:00
TIME run allocation action=skip run=/fslarge/scratch/users/h61084/codes/tsrag_time/outputs/tsrag/extractions/tsrag/Housing_Inventory/M/short/run_0 source_launch=selena_3452080 launch_id=selena_3512119 slurm_job_id=3512119 launched_at=2026-09-23T12:16:53.506880+00:00
TIME run allocation action=skip run=/fslarge/scratch/users/h61084/codes/tsrag_time/outputs/tsrag/extractions/tsrag/JOLTS/M/short/run_0 source_launch=selena_3452080 launch_id=selena_3512119 slurm_job_id=3512119 launched_at=2026-09-23T12:16:53.514502+00:00
TIME run allocation action=skip run=/fslarge/scratch/users/h61084/codes/tsrag_time/outputs/tsrag/extractions/tsrag/US_Labor/M/short/run_0 source_launch=selena_3452080 launch_id=selena_3512119 slurm_job_id=3512119 launched_at=2026-09-23T12:16:53.521979+00:00
TIME run allocation action=skip run=/fslarge/scratch/users/h61084/codes/tsrag_time/outputs/tsrag/extractions/tsrag/Vehicle_Supply/M/short/run_0 source_launch=selena_3452080 launch_id=selena_3512119 slurm_job_id=3512119 launched_at=2026-09-23T12:16:53.529760+00:00
TIME run allocation action=skip run=/fslarge/scratch/users/h61084/codes/tsrag_time/outputs/tsrag/extractions/tsrag/Auto_Production_SF/M/short/run_0 source_launch=selena_3452080 launch_id=selena_3512119 slurm_job_id=3512119 launched_at=2026-09-23T12:16:53.537339+00:00
TIME run allocation action=skip run=/fslarge/scratch/users/h61084/codes/tsrag_time/outputs/tsrag/extractions/tsrag/Commodity_Production/M/short/run_0 source_launch=selena_3452080 launch_id=selena_3512119 slurm_job_id=3512119 launched_at=2026-09-23T12:16:53.544837+00:00
TIME run allocation action=skip run=/fslarge/scratch/users/h61084/codes/tsrag_time/outputs/tsrag/extractions/tsrag/Commodity_Import/M/short/run_0 source_launch=selena_3452080 launch_id=selena_3512119 slurm_job_id=3512119 launched_at=2026-09-23T12:16:53.552257+00:00
TIME run allocation action=skip run=/fslarge/scratch/users/h61084/codes/tsrag_time/outputs/tsrag/extractions/tsrag/WUI_Global/Q/short/run_0 source_launch=selena_3452080 launch_id=selena_3512119 slurm_job_id=3512119 launched_at=2026-09-23T12:16:53.559690+00:00
TIME run allocation action=skip run=/fslarge/scratch/users/h61084/codes/tsrag_time/outputs/tsrag/extractions/tsrag/Global_Price/Q/short/run_0 source_launch=selena_3452080 launch_id=selena_3512119 slurm_job_id=3512119 launched_at=2026-09-23T12:16:53.567196+00:00
TIME run allocation action=skip run=/fslarge/scratch/users/h61084/codes/tsrag_time/outputs/tsrag/extractions/tsrag/Vehicle_Sales/M/short/run_0 source_launch=selena_3452080 launch_id=selena_3512119 slurm_job_id=3512119 launched_at=2026-09-23T12:16:53.574608+00:00
TIME run allocation action=skip run=/fslarge/scratch/users/h61084/codes/tsrag_time/outputs/tsrag/extractions/tsrag/Online_Retail_2_UCI/D/short/run_0 source_launch=selena_3452080 launch_id=selena_3512119 slurm_job_id=3512119 launched_at=2026-09-23T12:16:53.582141+00:00
TIME run allocation action=skip run=/fslarge/scratch/users/h61084/codes/tsrag_time/outputs/tsrag/extractions/tsrag/Supply_Chain_Customer/D/short/run_0 source_launch=selena_3452080 launch_id=selena_3512119 slurm_job_id=3512119 launched_at=2026-09-23T12:16:53.589622+00:00
TIME run allocation action=skip run=/fslarge/scratch/users/h61084/codes/tsrag_time/outputs/tsrag/extractions/tsrag/Supply_Chain_Location/D/short/run_0 source_launch=selena_3452080 launch_id=selena_3512119 slurm_job_id=3512119 launched_at=2026-09-23T12:16:53.597166+00:00
TIME run allocation action=skip run=/fslarge/scratch/users/h61084/codes/tsrag_time/outputs/tsrag/extractions/tsrag/azure2019_U/5T/short/run_0 source_launch=selena_3452080 launch_id=selena_3512119 slurm_job_id=3512119 launched_at=2026-09-23T12:16:53.604806+00:00
TIME run allocation action=skip run=/fslarge/scratch/users/h61084/codes/tsrag_time/outputs/tsrag/extractions/tsrag/Smart_Manufacturing/H/short/run_0 source_launch=selena_3452080 launch_id=selena_3512119 slurm_job_id=3512119 launched_at=2026-09-23T12:16:53.612812+00:00
TIME run allocation action=skip run=/fslarge/scratch/users/h61084/codes/tsrag_time/outputs/tsrag/extractions/tsrag/Smart_Manufacturing/H/medium/run_0 source_launch=selena_3452080 launch_id=selena_3512119 slurm_job_id=3512119 launched_at=2026-09-23T12:16:53.620625+00:00
TIME run allocation action=skip run=/fslarge/scratch/users/h61084/codes/tsrag_time/outputs/tsrag/extractions/tsrag/Smart_Manufacturing/H/long/run_0 source_launch=selena_3452080 launch_id=selena_3512119 slurm_job_id=3512119 launched_at=2026-09-23T12:16:53.628504+00:00
TIME run allocation action=skip run=/fslarge/scratch/users/h61084/codes/tsrag_time/outputs/tsrag/extractions/tsrag/MetroPT-3/5T/short/run_0 source_launch=selena_3452080 launch_id=selena_3512119 slurm_job_id=3512119 launched_at=2026-09-23T12:16:53.636230+00:00
TIME run allocation action=skip run=/fslarge/scratch/users/h61084/codes/tsrag_time/outputs/tsrag/extractions/tsrag/MetroPT-3/5T/medium/run_0 source_launch=selena_3452080 launch_id=selena_3512119 slurm_job_id=3512119 launched_at=2026-09-23T12:16:53.643882+00:00
TIME run allocation action=skip run=/fslarge/scratch/users/h61084/codes/tsrag_time/outputs/tsrag/extractions/tsrag/MetroPT-3/5T/long/run_0 source_launch=selena_3452080 launch_id=selena_3512119 slurm_job_id=3512119 launched_at=2026-09-23T12:16:53.651398+00:00

[2026-09-23 12:16:56 UTC] stage=predict
[2026-09-23 14:16:57,490][datasets][INFO] - PyTorch version 2.9.1 available.
[2026-09-23 12:16:59 UTC] stage=predict tasks=90 seed=0 device=cuda Slurm=3512119
TIME run allocation action=skip run=/fslarge/scratch/users/h61084/codes/tsrag_time/outputs/tsrag/predictions/tsrag/Water_Quality_Darwin/15T/short/run_0 source_launch=selena_3452080 launch_id=selena_3512119 slurm_job_id=3512119 launched_at=2026-09-23T12:17:01.222257+00:00
TIME run allocation action=skip run=/fslarge/scratch/users/h61084/codes/tsrag_time/outputs/tsrag/predictions/tsrag/Water_Quality_Darwin/15T/medium/run_0 source_launch=selena_3452080 launch_id=selena_3512119 slurm_job_id=3512119 launched_at=2026-09-23T12:17:01.247932+00:00
TIME run allocation action=skip run=/fslarge/scratch/users/h61084/codes/tsrag_time/outputs/tsrag/predictions/tsrag/Water_Quality_Darwin/15T/long/run_0 source_launch=selena_3452080 launch_id=selena_3512119 slurm_job_id=3512119 launched_at=2026-09-23T12:17:01.279402+00:00
TIME run allocation action=skip run=/fslarge/scratch/users/h61084/codes/tsrag_time/outputs/tsrag/predictions/tsrag/current_velocity/5T/short/run_0 source_launch=selena_3452080 launch_id=selena_3512119 slurm_job_id=3512119 launched_at=2026-09-23T12:17:01.396991+00:00
TIME run allocation action=skip run=/fslarge/scratch/users/h61084/codes/tsrag_time/outputs/tsrag/predictions/tsrag/current_velocity/5T/medium/run_0 source_launch=selena_3452080 launch_id=selena_3512119 slurm_job_id=3512119 launched_at=2026-09-23T12:17:01.421401+00:00
TIME run allocation action=skip run=/fslarge/scratch/users/h61084/codes/tsrag_time/outputs/tsrag/predictions/tsrag/current_velocity/5T/long/run_0 source_launch=selena_3452080 launch_id=selena_3512119 slurm_job_id=3512119 launched_at=2026-09-23T12:17:01.456416+00:00
TIME run allocation action=skip run=/fslarge/scratch/users/h61084/codes/tsrag_time/outputs/tsrag/predictions/tsrag/current_velocity/10T/short/run_0 source_launch=selena_3452080 launch_id=selena_3512119 slurm_job_id=3512119 launched_at=2026-09-23T12:17:01.481211+00:00
TIME run allocation action=skip run=/fslarge/scratch/users/h61084/codes/tsrag_time/outputs/tsrag/predictions/tsrag/current_velocity/10T/medium/run_0 source_launch=selena_3452080 launch_id=selena_3512119 slurm_job_id=3512119 launched_at=2026-09-23T12:17:01.511437+00:00
TIME run allocation action=skip run=/fslarge/scratch/users/h61084/codes/tsrag_time/outputs/tsrag/predictions/tsrag/current_velocity/10T/long/run_0 source_launch=selena_3452080 launch_id=selena_3512119 slurm_job_id=3512119 launched_at=2026-09-23T12:17:01.535544+00:00
TIME run allocation action=skip run=/fslarge/scratch/users/h61084/codes/tsrag_time/outputs/tsrag/predictions/tsrag/current_velocity/15T/short/run_0 source_launch=selena_3452080 launch_id=selena_3512119 slurm_job_id=3512119 launched_at=2026-09-23T12:17:01.560336+00:00
TIME run allocation action=skip run=/fslarge/scratch/users/h61084/codes/tsrag_time/outputs/tsrag/predictions/tsrag/current_velocity/15T/medium/run_0 source_launch=selena_3452080 launch_id=selena_3512119 slurm_job_id=3512119 launched_at=2026-09-23T12:17:01.588110+00:00
TIME run allocation action=skip run=/fslarge/scratch/users/h61084/codes/tsrag_time/outputs/tsrag/predictions/tsrag/current_velocity/15T/long/run_0 source_launch=selena_3452080 launch_id=selena_3512119 slurm_job_id=3512119 launched_at=2026-09-23T12:17:01.624127+00:00
TIME run allocation action=skip run=/fslarge/scratch/users/h61084/codes/tsrag_time/outputs/tsrag/predictions/tsrag/current_velocity/H/short/run_0 source_launch=selena_3452080 launch_id=selena_3512119 slurm_job_id=3512119 launched_at=2026-09-23T12:17:01.651397+00:00
TIME run allocation action=skip run=/fslarge/scratch/users/h61084/codes/tsrag_time/outputs/tsrag/predictions/tsrag/current_velocity/H/medium/run_0 source_launch=selena_3452080 launch_id=selena_3512119 slurm_job_id=3512119 launched_at=2026-09-23T12:17:01.679275+00:00
TIME run allocation action=skip run=/fslarge/scratch/users/h61084/codes/tsrag_time/outputs/tsrag/predictions/tsrag/current_velocity/H/long/run_0 source_launch=selena_3452080 launch_id=selena_3512119 slurm_job_id=3512119 launched_at=2026-09-23T12:17:01.703195+00:00
TIME run allocation action=skip run=/fslarge/scratch/users/h61084/codes/tsrag_time/outputs/tsrag/predictions/tsrag/CPHL/15T/short/run_0 source_launch=selena_3452080 launch_id=selena_3512119 slurm_job_id=3512119 launched_at=2026-09-23T12:17:01.727146+00:00
TIME run allocation action=skip run=/fslarge/scratch/users/h61084/codes/tsrag_time/outputs/tsrag/predictions/tsrag/CPHL/15T/medium/run_0 source_launch=selena_3452080 launch_id=selena_3512119 slurm_job_id=3512119 launched_at=2026-09-23T12:17:01.753565+00:00
TIME run allocation action=skip run=/fslarge/scratch/users/h61084/codes/tsrag_time/outputs/tsrag/predictions/tsrag/CPHL/15T/long/run_0 source_launch=selena_3452080 launch_id=selena_3512119 slurm_job_id=3512119 launched_at=2026-09-23T12:17:01.779545+00:00
TIME run allocation action=skip run=/fslarge/scratch/users/h61084/codes/tsrag_time/outputs/tsrag/predictions/tsrag/CPHL/30T/short/run_0 source_launch=selena_3452080 launch_id=selena_3512119 slurm_job_id=3512119 launched_at=2026-09-23T12:17:01.803481+00:00
TIME run allocation action=skip run=/fslarge/scratch/users/h61084/codes/tsrag_time/outputs/tsrag/predictions/tsrag/CPHL/30T/medium/run_0 source_launch=selena_3452080 launch_id=selena_3512119 slurm_job_id=3512119 launched_at=2026-09-23T12:17:01.831939+00:00
TIME run allocation action=skip run=/fslarge/scratch/users/h61084/codes/tsrag_time/outputs/tsrag/predictions/tsrag/CPHL/30T/long/run_0 source_launch=selena_3452080 launch_id=selena_3512119 slurm_job_id=3512119 launched_at=2026-09-23T12:17:01.856378+00:00
TIME run allocation action=skip run=/fslarge/scratch/users/h61084/codes/tsrag_time/outputs/tsrag/predictions/tsrag/CPHL/H/short/run_0 source_launch=selena_3452080 launch_id=selena_3512119 slurm_job_id=3512119 launched_at=2026-09-23T12:17:01.885335+00:00
TIME run allocation action=skip run=/fslarge/scratch/users/h61084/codes/tsrag_time/outputs/tsrag/predictions/tsrag/CPHL/H/medium/run_0 source_launch=selena_3452080 launch_id=selena_3512119 slurm_job_id=3512119 launched_at=2026-09-23T12:17:01.917722+00:00
TIME run allocation action=skip run=/fslarge/scratch/users/h61084/codes/tsrag_time/outputs/tsrag/predictions/tsrag/CPHL/H/long/run_0 source_launch=selena_3452080 launch_id=selena_3512119 slurm_job_id=3512119 launched_at=2026-09-23T12:17:01.950072+00:00
TIME run allocation action=skip run=/fslarge/scratch/users/h61084/codes/tsrag_time/outputs/tsrag/predictions/tsrag/Coastal_T_S/15T/short/run_0 source_launch=selena_3452080 launch_id=selena_3512119 slurm_job_id=3512119 launched_at=2026-09-23T12:17:01.977466+00:00
TIME run allocation action=skip run=/fslarge/scratch/users/h61084/codes/tsrag_time/outputs/tsrag/predictions/tsrag/Coastal_T_S/15T/medium/run_0 source_launch=selena_3452080 launch_id=selena_3512119 slurm_job_id=3512119 launched_at=2026-09-23T12:17:02.004931+00:00
TIME run allocation action=skip run=/fslarge/scratch/users/h61084/codes/tsrag_time/outputs/tsrag/predictions/tsrag/Coastal_T_S/15T/long/run_0 source_launch=selena_3452080 launch_id=selena_3512119 slurm_job_id=3512119 launched_at=2026-09-23T12:17:02.033013+00:00
TIME run allocation action=skip run=/fslarge/scratch/users/h61084/codes/tsrag_time/outputs/tsrag/predictions/tsrag/Coastal_T_S/20T/short/run_0 source_launch=selena_3452080 launch_id=selena_3512119 slurm_job_id=3512119 launched_at=2026-09-23T12:17:02.058314+00:00
TIME run allocation action=skip run=/fslarge/scratch/users/h61084/codes/tsrag_time/outputs/tsrag/predictions/tsrag/Coastal_T_S/20T/medium/run_0 source_launch=selena_3452080 launch_id=selena_3512119 slurm_job_id=3512119 launched_at=2026-09-23T12:17:02.082135+00:00
TIME run allocation action=skip run=/fslarge/scratch/users/h61084/codes/tsrag_time/outputs/tsrag/predictions/tsrag/Coastal_T_S/20T/long/run_0 source_launch=selena_3452080 launch_id=selena_3512119 slurm_job_id=3512119 launched_at=2026-09-23T12:17:02.120091+00:00
TIME run allocation action=skip run=/fslarge/scratch/users/h61084/codes/tsrag_time/outputs/tsrag/predictions/tsrag/Coastal_T_S/H/short/run_0 source_launch=selena_3452080 launch_id=selena_3512119 slurm_job_id=3512119 launched_at=2026-09-23T12:17:02.148649+00:00
TIME run allocation action=skip run=/fslarge/scratch/users/h61084/codes/tsrag_time/outputs/tsrag/predictions/tsrag/Coastal_T_S/H/medium/run_0 source_launch=selena_3452080 launch_id=selena_3512119 slurm_job_id=3512119 launched_at=2026-09-23T12:17:02.172916+00:00
TIME run allocation action=skip run=/fslarge/scratch/users/h61084/codes/tsrag_time/outputs/tsrag/predictions/tsrag/Coastal_T_S/H/long/run_0 source_launch=selena_3452080 launch_id=selena_3512119 slurm_job_id=3512119 launched_at=2026-09-23T12:17:02.208103+00:00
TIME run allocation action=skip run=/fslarge/scratch/users/h61084/codes/tsrag_time/outputs/tsrag/predictions/tsrag/SG_Weather/D/short/run_0 source_launch=selena_3452080 launch_id=selena_3512119 slurm_job_id=3512119 launched_at=2026-09-23T12:17:02.232210+00:00
TIME run allocation action=skip run=/fslarge/scratch/users/h61084/codes/tsrag_time/outputs/tsrag/predictions/tsrag/SG_Weather/D/medium/run_0 source_launch=selena_3452080 launch_id=selena_3512119 slurm_job_id=3512119 launched_at=2026-09-23T12:17:02.260101+00:00
TIME run allocation action=skip run=/fslarge/scratch/users/h61084/codes/tsrag_time/outputs/tsrag/predictions/tsrag/SG_Weather/D/long/run_0 source_launch=selena_3452080 launch_id=selena_3512119 slurm_job_id=3512119 launched_at=2026-09-23T12:17:02.287102+00:00
TIME run allocation action=skip run=/fslarge/scratch/users/h61084/codes/tsrag_time/outputs/tsrag/predictions/tsrag/SG_PM25/H/short/run_0 source_launch=selena_3452080 launch_id=selena_3512119 slurm_job_id=3512119 launched_at=2026-09-23T12:17:02.311881+00:00
TIME run allocation action=skip run=/fslarge/scratch/users/h61084/codes/tsrag_time/outputs/tsrag/predictions/tsrag/SG_PM25/H/medium/run_0 source_launch=selena_3452080 launch_id=selena_3512119 slurm_job_id=3512119 launched_at=2026-09-23T12:17:02.337455+00:00
TIME run allocation action=skip run=/fslarge/scratch/users/h61084/codes/tsrag_time/outputs/tsrag/predictions/tsrag/SG_PM25/H/long/run_0 source_launch=selena_3452080 launch_id=selena_3512119 slurm_job_id=3512119 launched_at=2026-09-23T12:17:02.362298+00:00
TIME run allocation action=skip run=/fslarge/scratch/users/h61084/codes/tsrag_time/outputs/tsrag/predictions/tsrag/NE_China_Wind/H/short/run_0 source_launch=selena_3452080 launch_id=selena_3512119 slurm_job_id=3512119 launched_at=2026-09-23T12:17:02.386323+00:00
TIME run allocation action=skip run=/fslarge/scratch/users/h61084/codes/tsrag_time/outputs/tsrag/predictions/tsrag/NE_China_Wind/H/medium/run_0 source_launch=selena_3452080 launch_id=selena_3512119 slurm_job_id=3512119 launched_at=2026-09-23T12:17:02.410718+00:00
TIME run allocation action=skip run=/fslarge/scratch/users/h61084/codes/tsrag_time/outputs/tsrag/predictions/tsrag/NE_China_Wind/H/long/run_0 source_launch=selena_3452080 launch_id=selena_3512119 slurm_job_id=3512119 launched_at=2026-09-23T12:17:02.434684+00:00
TIME run allocation action=skip run=/fslarge/scratch/users/h61084/codes/tsrag_time/outputs/tsrag/predictions/tsrag/Australia_Solar/H/short/run_0 source_launch=selena_3452080 launch_id=selena_3512119 slurm_job_id=3512119 launched_at=2026-09-23T12:17:02.459827+00:00
TIME run allocation action=skip run=/fslarge/scratch/users/h61084/codes/tsrag_time/outputs/tsrag/predictions/tsrag/Australia_Solar/H/medium/run_0 source_launch=selena_3452080 launch_id=selena_3512119 slurm_job_id=3512119 launched_at=2026-09-23T12:17:02.484381+00:00
TIME run allocation action=skip run=/fslarge/scratch/users/h61084/codes/tsrag_time/outputs/tsrag/predictions/tsrag/Australia_Solar/H/long/run_0 source_launch=selena_3452080 launch_id=selena_3512119 slurm_job_id=3512119 launched_at=2026-09-23T12:17:02.508222+00:00
TIME run allocation action=skip run=/fslarge/scratch/users/h61084/codes/tsrag_time/outputs/tsrag/predictions/tsrag/epf_electricity_price/H/short/run_0 source_launch=selena_3452080 launch_id=selena_3512119 slurm_job_id=3512119 launched_at=2026-09-23T12:17:02.532306+00:00
TIME run allocation action=skip run=/fslarge/scratch/users/h61084/codes/tsrag_time/outputs/tsrag/predictions/tsrag/epf_electricity_price/H/medium/run_0 source_launch=selena_3452080 launch_id=selena_3512119 slurm_job_id=3512119 launched_at=2026-09-23T12:17:02.556556+00:00
TIME run allocation action=skip run=/fslarge/scratch/users/h61084/codes/tsrag_time/outputs/tsrag/predictions/tsrag/epf_electricity_price/H/long/run_0 source_launch=selena_3452080 launch_id=selena_3512119 slurm_job_id=3512119 launched_at=2026-09-23T12:17:02.581689+00:00
TIME run allocation action=skip run=/fslarge/scratch/users/h61084/codes/tsrag_time/outputs/tsrag/predictions/tsrag/OpenElectricity_NEM/5T/short/run_0 source_launch=selena_3452080 launch_id=selena_3512119 slurm_job_id=3512119 launched_at=2026-09-23T12:17:02.606845+00:00
TIME run allocation action=skip run=/fslarge/scratch/users/h61084/codes/tsrag_time/outputs/tsrag/predictions/tsrag/OpenElectricity_NEM/5T/medium/run_0 source_launch=selena_3452080 launch_id=selena_3512119 slurm_job_id=3512119 launched_at=2026-09-23T12:17:02.631184+00:00
TIME run allocation action=skip run=/fslarge/scratch/users/h61084/codes/tsrag_time/outputs/tsrag/predictions/tsrag/OpenElectricity_NEM/5T/long/run_0 source_launch=selena_3452080 launch_id=selena_3512119 slurm_job_id=3512119 launched_at=2026-09-23T12:17:02.655109+00:00
TIME run allocation action=skip run=/fslarge/scratch/users/h61084/codes/tsrag_time/outputs/tsrag/predictions/tsrag/EWELD_Load/15T/short/run_0 source_launch=selena_3452080 launch_id=selena_3512119 slurm_job_id=3512119 launched_at=2026-09-23T12:17:02.679580+00:00
TIME run allocation action=skip run=/fslarge/scratch/users/h61084/codes/tsrag_time/outputs/tsrag/predictions/tsrag/EWELD_Load/15T/medium/run_0 source_launch=selena_3452080 launch_id=selena_3512119 slurm_job_id=3512119 launched_at=2026-09-23T12:17:02.707850+00:00
TIME run allocation action=skip run=/fslarge/scratch/users/h61084/codes/tsrag_time/outputs/tsrag/predictions/tsrag/EWELD_Load/15T/long/run_0 source_launch=selena_3452080 launch_id=selena_3512119 slurm_job_id=3512119 launched_at=2026-09-23T12:17:02.731869+00:00
TIME run allocation action=skip run=/fslarge/scratch/users/h61084/codes/tsrag_time/outputs/tsrag/predictions/tsrag/SG_Carpark/15T/short/run_0 source_launch=selena_3452080 launch_id=selena_3512119 slurm_job_id=3512119 launched_at=2026-09-23T12:17:02.755852+00:00
TIME run allocation action=skip run=/fslarge/scratch/users/h61084/codes/tsrag_time/outputs/tsrag/predictions/tsrag/SG_Carpark/15T/medium/run_0 source_launch=selena_3452080 launch_id=selena_3512119 slurm_job_id=3512119 launched_at=2026-09-23T12:17:02.779985+00:00
TIME run allocation action=skip run=/fslarge/scratch/users/h61084/codes/tsrag_time/outputs/tsrag/predictions/tsrag/SG_Carpark/15T/long/run_0 source_launch=selena_3452080 launch_id=selena_3512119 slurm_job_id=3512119 launched_at=2026-09-23T12:17:02.803892+00:00
TIME run allocation action=skip run=/fslarge/scratch/users/h61084/codes/tsrag_time/outputs/tsrag/predictions/tsrag/Finland_Traffic/15T/short/run_0 source_launch=selena_3452080 launch_id=selena_3512119 slurm_job_id=3512119 launched_at=2026-09-23T12:17:02.828121+00:00
TIME run allocation action=skip run=/fslarge/scratch/users/h61084/codes/tsrag_time/outputs/tsrag/predictions/tsrag/Finland_Traffic/15T/medium/run_0 source_launch=selena_3452080 launch_id=selena_3512119 slurm_job_id=3512119 launched_at=2026-09-23T12:17:02.852518+00:00
TIME run allocation action=skip run=/fslarge/scratch/users/h61084/codes/tsrag_time/outputs/tsrag/predictions/tsrag/Finland_Traffic/15T/long/run_0 source_launch=selena_3452080 launch_id=selena_3512119 slurm_job_id=3512119 launched_at=2026-09-23T12:17:02.876482+00:00
TIME run allocation action=skip run=/fslarge/scratch/users/h61084/codes/tsrag_time/outputs/tsrag/predictions/tsrag/Port_Activity/D/short/run_0 source_launch=selena_3452080 launch_id=selena_3512119 slurm_job_id=3512119 launched_at=2026-09-23T12:17:02.902457+00:00
TIME run allocation action=skip run=/fslarge/scratch/users/h61084/codes/tsrag_time/outputs/tsrag/predictions/tsrag/Port_Activity/W/short/run_0 source_launch=selena_3452080 launch_id=selena_3512119 slurm_job_id=3512119 launched_at=2026-09-23T12:17:02.926939+00:00
TIME run allocation action=skip run=/fslarge/scratch/users/h61084/codes/tsrag_time/outputs/tsrag/predictions/tsrag/ECDC_COVID/D/short/run_0 source_launch=selena_3452080 launch_id=selena_3512119 slurm_job_id=3512119 launched_at=2026-09-23T12:17:02.951215+00:00
TIME run allocation action=skip run=/fslarge/scratch/users/h61084/codes/tsrag_time/outputs/tsrag/predictions/tsrag/ECDC_COVID/W/short/run_0 source_launch=selena_3452080 launch_id=selena_3512119 slurm_job_id=3512119 launched_at=2026-09-23T12:17:02.974757+00:00
TIME run allocation action=skip run=/fslarge/scratch/users/h61084/codes/tsrag_time/outputs/tsrag/predictions/tsrag/Global_Influenza/W/short/run_0 source_launch=selena_3452080 launch_id=selena_3512119 slurm_job_id=3512119 launched_at=2026-09-23T12:17:02.998497+00:00
TIME run allocation action=skip run=/fslarge/scratch/users/h61084/codes/tsrag_time/outputs/tsrag/predictions/tsrag/Crypto/D/short/run_0 source_launch=selena_3452080 launch_id=selena_3512119 slurm_job_id=3512119 launched_at=2026-09-23T12:17:03.022727+00:00
TIME run allocation action=skip run=/fslarge/scratch/users/h61084/codes/tsrag_time/outputs/tsrag/predictions/tsrag/US_Term_Structure/B/short/run_0 source_launch=selena_3452080 launch_id=selena_3512119 slurm_job_id=3512119 launched_at=2026-09-23T12:17:03.046262+00:00
TIME run allocation action=skip run=/fslarge/scratch/users/h61084/codes/tsrag_time/outputs/tsrag/predictions/tsrag/Oil_Price/B/short/run_0 source_launch=selena_3452080 launch_id=selena_3512119 slurm_job_id=3512119 launched_at=2026-09-23T12:17:03.072868+00:00
TIME run allocation action=skip run=/fslarge/scratch/users/h61084/codes/tsrag_time/outputs/tsrag/predictions/tsrag/Job_Claims/W/short/run_0 source_launch=selena_3452080 launch_id=selena_3512119 slurm_job_id=3512119 launched_at=2026-09-23T12:17:03.098409+00:00
TIME run allocation action=skip run=/fslarge/scratch/users/h61084/codes/tsrag_time/outputs/tsrag/predictions/tsrag/Uncertainty_1M/M/short/run_0 source_launch=selena_3452080 launch_id=selena_3512119 slurm_job_id=3512119 launched_at=2026-09-23T12:17:03.123585+00:00
TIME run allocation action=skip run=/fslarge/scratch/users/h61084/codes/tsrag_time/outputs/tsrag/predictions/tsrag/Housing_Inventory/M/short/run_0 source_launch=selena_3452080 launch_id=selena_3512119 slurm_job_id=3512119 launched_at=2026-09-23T12:17:03.150155+00:00
TIME run allocation action=skip run=/fslarge/scratch/users/h61084/codes/tsrag_time/outputs/tsrag/predictions/tsrag/JOLTS/M/short/run_0 source_launch=selena_3452080 launch_id=selena_3512119 slurm_job_id=3512119 launched_at=2026-09-23T12:17:03.177596+00:00
TIME run allocation action=skip run=/fslarge/scratch/users/h61084/codes/tsrag_time/outputs/tsrag/predictions/tsrag/US_Labor/M/short/run_0 source_launch=selena_3452080 launch_id=selena_3512119 slurm_job_id=3512119 launched_at=2026-09-23T12:17:03.215585+00:00
TIME run allocation action=skip run=/fslarge/scratch/users/h61084/codes/tsrag_time/outputs/tsrag/predictions/tsrag/Vehicle_Supply/M/short/run_0 source_launch=selena_3452080 launch_id=selena_3512119 slurm_job_id=3512119 launched_at=2026-09-23T12:17:03.239886+00:00
TIME run allocation action=skip run=/fslarge/scratch/users/h61084/codes/tsrag_time/outputs/tsrag/predictions/tsrag/Auto_Production_SF/M/short/run_0 source_launch=selena_3452080 launch_id=selena_3512119 slurm_job_id=3512119 launched_at=2026-09-23T12:17:03.263732+00:00
TIME run allocation action=skip run=/fslarge/scratch/users/h61084/codes/tsrag_time/outputs/tsrag/predictions/tsrag/Commodity_Production/M/short/run_0 source_launch=selena_3452080 launch_id=selena_3512119 slurm_job_id=3512119 launched_at=2026-09-23T12:17:03.290581+00:00
TIME run allocation action=skip run=/fslarge/scratch/users/h61084/codes/tsrag_time/outputs/tsrag/predictions/tsrag/Commodity_Import/M/short/run_0 source_launch=selena_3452080 launch_id=selena_3512119 slurm_job_id=3512119 launched_at=2026-09-23T12:17:03.315536+00:00
TIME run allocation action=skip run=/fslarge/scratch/users/h61084/codes/tsrag_time/outputs/tsrag/predictions/tsrag/WUI_Global/Q/short/run_0 source_launch=selena_3452080 launch_id=selena_3512119 slurm_job_id=3512119 launched_at=2026-09-23T12:17:03.339422+00:00
TIME run allocation action=skip run=/fslarge/scratch/users/h61084/codes/tsrag_time/outputs/tsrag/predictions/tsrag/Global_Price/Q/short/run_0 source_launch=selena_3452080 launch_id=selena_3512119 slurm_job_id=3512119 launched_at=2026-09-23T12:17:03.367393+00:00
TIME run allocation action=skip run=/fslarge/scratch/users/h61084/codes/tsrag_time/outputs/tsrag/predictions/tsrag/Vehicle_Sales/M/short/run_0 source_launch=selena_3452080 launch_id=selena_3512119 slurm_job_id=3512119 launched_at=2026-09-23T12:17:03.397598+00:00
TIME run allocation action=skip run=/fslarge/scratch/users/h61084/codes/tsrag_time/outputs/tsrag/predictions/tsrag/Online_Retail_2_UCI/D/short/run_0 source_launch=selena_3452080 launch_id=selena_3512119 slurm_job_id=3512119 launched_at=2026-09-23T12:17:03.421200+00:00
TIME run allocation action=skip run=/fslarge/scratch/users/h61084/codes/tsrag_time/outputs/tsrag/predictions/tsrag/Supply_Chain_Customer/D/short/run_0 source_launch=selena_3452080 launch_id=selena_3512119 slurm_job_id=3512119 launched_at=2026-09-23T12:17:03.445440+00:00
TIME run allocation action=skip run=/fslarge/scratch/users/h61084/codes/tsrag_time/outputs/tsrag/predictions/tsrag/Supply_Chain_Location/D/short/run_0 source_launch=selena_3452080 launch_id=selena_3512119 slurm_job_id=3512119 launched_at=2026-09-23T12:17:03.469727+00:00
TIME run allocation action=skip run=/fslarge/scratch/users/h61084/codes/tsrag_time/outputs/tsrag/predictions/tsrag/azure2019_U/5T/short/run_0 source_launch=selena_3452080 launch_id=selena_3512119 slurm_job_id=3512119 launched_at=2026-09-23T12:17:03.493651+00:00
TIME run allocation action=skip run=/fslarge/scratch/users/h61084/codes/tsrag_time/outputs/tsrag/predictions/tsrag/Smart_Manufacturing/H/short/run_0 source_launch=selena_3452080 launch_id=selena_3512119 slurm_job_id=3512119 launched_at=2026-09-23T12:17:03.518345+00:00
TIME run allocation action=skip run=/fslarge/scratch/users/h61084/codes/tsrag_time/outputs/tsrag/predictions/tsrag/Smart_Manufacturing/H/medium/run_0 source_launch=selena_3452080 launch_id=selena_3512119 slurm_job_id=3512119 launched_at=2026-09-23T12:17:03.542635+00:00
TIME run allocation action=skip run=/fslarge/scratch/users/h61084/codes/tsrag_time/outputs/tsrag/predictions/tsrag/Smart_Manufacturing/H/long/run_0 source_launch=selena_3452080 launch_id=selena_3512119 slurm_job_id=3512119 launched_at=2026-09-23T12:17:03.566729+00:00
TIME run allocation action=skip run=/fslarge/scratch/users/h61084/codes/tsrag_time/outputs/tsrag/predictions/tsrag/MetroPT-3/5T/short/run_0 source_launch=selena_3452080 launch_id=selena_3512119 slurm_job_id=3512119 launched_at=2026-09-23T12:17:03.590433+00:00
TIME run allocation action=skip run=/fslarge/scratch/users/h61084/codes/tsrag_time/outputs/tsrag/predictions/tsrag/MetroPT-3/5T/medium/run_0 source_launch=selena_3452080 launch_id=selena_3512119 slurm_job_id=3512119 launched_at=2026-09-23T12:17:03.614936+00:00
TIME run allocation action=skip run=/fslarge/scratch/users/h61084/codes/tsrag_time/outputs/tsrag/predictions/tsrag/MetroPT-3/5T/long/run_0 source_launch=selena_3452080 launch_id=selena_3512119 slurm_job_id=3512119 launched_at=2026-09-23T12:17:03.641423+00:00
TIME run allocation action=resume run=/fslarge/scratch/users/h61084/codes/tsrag_time/outputs/tsrag/predictions/tsrag_all_unaligned_raw_instance_l2/Water_Quality_Darwin/15T/short/run_0 launch_id=selena_3512119 slurm_job_id=3512119 launched_at=2026-09-23T12:17:03.663500+00:00 resumed_from_launch=selena_3512119 resumed_from_job=3512119
[2026-09-23 12:17:03 UTC] predict method=tsrag_all_unaligned_raw_instance_l2 dataset=Water_Quality_Darwin/15T term=short retrieval={'scope': 'all', 'aligned': False, 'query_scale': False, 'representation': 'instance_l2'} alignment_period=96 fallback=chronos_bolt_max
[2026-09-23 12:17:11 UTC] resources model_device {"device": "cuda", "model": "tsrag"}
TIME run allocation action=resume run=/fslarge/scratch/users/h61084/codes/tsrag_time/outputs/tsrag/predictions/tsrag_all_unaligned_raw_instance_l2/Water_Quality_Darwin/15T/medium/run_0 launch_id=selena_3512119 slurm_job_id=3512119 launched_at=2026-09-23T12:59:33.138127+00:00 resumed_from_launch=selena_3512119 resumed_from_job=3512119
[2026-09-23 12:59:33 UTC] predict method=tsrag_all_unaligned_raw_instance_l2 dataset=Water_Quality_Darwin/15T term=medium retrieval={'scope': 'all', 'aligned': False, 'query_scale': False, 'representation': 'instance_l2'} alignment_period=96 fallback=chronos_bolt_max
TIME run allocation action=resume run=/fslarge/scratch/users/h61084/codes/tsrag_time/outputs/tsrag/predictions/tsrag_all_unaligned_raw_instance_l2/Water_Quality_Darwin/15T/long/run_0 launch_id=selena_3512119 slurm_job_id=3512119 launched_at=2026-09-23T13:13:45.655533+00:00 resumed_from_launch=selena_3512119 resumed_from_job=3512119
[2026-09-23 13:13:45 UTC] predict method=tsrag_all_unaligned_raw_instance_l2 dataset=Water_Quality_Darwin/15T term=long retrieval={'scope': 'all', 'aligned': False, 'query_scale': False, 'representation': 'instance_l2'} alignment_period=96 fallback=chronos_bolt_max
TIME run allocation action=resume run=/fslarge/scratch/users/h61084/codes/tsrag_time/outputs/tsrag/predictions/tsrag_all_unaligned_raw_instance_l2/current_velocity/5T/short/run_0 launch_id=selena_3512119 slurm_job_id=3512119 launched_at=2026-09-23T13:25:29.178034+00:00 resumed_from_launch=selena_3512119 resumed_from_job=3512119
[2026-09-23 13:25:29 UTC] predict method=tsrag_all_unaligned_raw_instance_l2 dataset=current_velocity/5T term=short retrieval={'scope': 'all', 'aligned': False, 'query_scale': False, 'representation': 'instance_l2'} alignment_period=288 fallback=chronos_bolt_max
TIME run allocation action=resume run=/fslarge/scratch/users/h61084/codes/tsrag_time/outputs/tsrag/predictions/tsrag_all_unaligned_raw_instance_l2/current_velocity/5T/medium/run_0 launch_id=selena_3512119 slurm_job_id=3512119 launched_at=2026-09-23T13:28:46.381609+00:00 resumed_from_launch=selena_3512119 resumed_from_job=3512119
[2026-09-23 13:28:46 UTC] predict method=tsrag_all_unaligned_raw_instance_l2 dataset=current_velocity/5T term=medium retrieval={'scope': 'all', 'aligned': False, 'query_scale': False, 'representation': 'instance_l2'} alignment_period=288 fallback=chronos_bolt_max
TIME run allocation action=resume run=/fslarge/scratch/users/h61084/codes/tsrag_time/outputs/tsrag/predictions/tsrag_all_unaligned_raw_instance_l2/current_velocity/5T/long/run_0 launch_id=selena_3512119 slurm_job_id=3512119 launched_at=2026-09-23T13:30:51.323054+00:00 resumed_from_launch=selena_3512119 resumed_from_job=3512119
[2026-09-23 13:30:51 UTC] predict method=tsrag_all_unaligned_raw_instance_l2 dataset=current_velocity/5T term=long retrieval={'scope': 'all', 'aligned': False, 'query_scale': False, 'representation': 'instance_l2'} alignment_period=288 fallback=chronos_bolt_max
TIME run allocation action=resume run=/fslarge/scratch/users/h61084/codes/tsrag_time/outputs/tsrag/predictions/tsrag_all_unaligned_raw_instance_l2/current_velocity/10T/short/run_0 launch_id=selena_3512119 slurm_job_id=3512119 launched_at=2026-09-23T13:32:55.614312+00:00 resumed_from_launch=selena_3512119 resumed_from_job=3512119
[2026-09-23 13:32:55 UTC] predict method=tsrag_all_unaligned_raw_instance_l2 dataset=current_velocity/10T term=short retrieval={'scope': 'all', 'aligned': False, 'query_scale': False, 'representation': 'instance_l2'} alignment_period=144 fallback=chronos_bolt_max
TIME run allocation action=resume run=/fslarge/scratch/users/h61084/codes/tsrag_time/outputs/tsrag/predictions/tsrag_all_unaligned_raw_instance_l2/current_velocity/10T/medium/run_0 launch_id=selena_3512119 slurm_job_id=3512119 launched_at=2026-09-23T16:00:42.347319+00:00 resumed_from_launch=selena_3512119 resumed_from_job=3512119
[2026-09-23 16:00:42 UTC] predict method=tsrag_all_unaligned_raw_instance_l2 dataset=current_velocity/10T term=medium retrieval={'scope': 'all', 'aligned': False, 'query_scale': False, 'representation': 'instance_l2'} alignment_period=144 fallback=chronos_bolt_max
TIME run allocation action=resume run=/fslarge/scratch/users/h61084/codes/tsrag_time/outputs/tsrag/predictions/tsrag_all_unaligned_raw_instance_l2/current_velocity/10T/long/run_0 launch_id=selena_3512119 slurm_job_id=3512119 launched_at=2026-09-23T16:56:02.046383+00:00 resumed_from_launch=selena_3512119 resumed_from_job=3512119
[2026-09-23 16:56:02 UTC] predict method=tsrag_all_unaligned_raw_instance_l2 dataset=current_velocity/10T term=long retrieval={'scope': 'all', 'aligned': False, 'query_scale': False, 'representation': 'instance_l2'} alignment_period=144 fallback=chronos_bolt_max
TIME run allocation action=resume run=/fslarge/scratch/users/h61084/codes/tsrag_time/outputs/tsrag/predictions/tsrag_all_unaligned_raw_instance_l2/current_velocity/15T/short/run_0 launch_id=selena_3512119 slurm_job_id=3512119 launched_at=2026-09-23T17:38:12.426894+00:00 resumed_from_launch=selena_3512119 resumed_from_job=3512119
[2026-09-23 17:38:12 UTC] predict method=tsrag_all_unaligned_raw_instance_l2 dataset=current_velocity/15T term=short retrieval={'scope': 'all', 'aligned': False, 'query_scale': False, 'representation': 'instance_l2'} alignment_period=96 fallback=chronos_bolt_max
TIME run allocation action=resume run=/fslarge/scratch/users/h61084/codes/tsrag_time/outputs/tsrag/predictions/tsrag_all_unaligned_raw_instance_l2/current_velocity/15T/medium/run_0 launch_id=selena_3512119 slurm_job_id=3512119 launched_at=2026-09-23T17:59:01.551838+00:00 resumed_from_launch=selena_3512119 resumed_from_job=3512119
[2026-09-23 17:59:01 UTC] predict method=tsrag_all_unaligned_raw_instance_l2 dataset=current_velocity/15T term=medium retrieval={'scope': 'all', 'aligned': False, 'query_scale': False, 'representation': 'instance_l2'} alignment_period=96 fallback=chronos_bolt_max
TIME run allocation action=resume run=/fslarge/scratch/users/h61084/codes/tsrag_time/outputs/tsrag/predictions/tsrag_all_unaligned_raw_instance_l2/current_velocity/15T/long/run_0 launch_id=selena_3512119 slurm_job_id=3512119 launched_at=2026-09-23T18:04:14.371957+00:00 resumed_from_launch=selena_3512119 resumed_from_job=3512119
[2026-09-23 18:04:14 UTC] predict method=tsrag_all_unaligned_raw_instance_l2 dataset=current_velocity/15T term=long retrieval={'scope': 'all', 'aligned': False, 'query_scale': False, 'representation': 'instance_l2'} alignment_period=96 fallback=chronos_bolt_max
TIME run allocation action=resume run=/fslarge/scratch/users/h61084/codes/tsrag_time/outputs/tsrag/predictions/tsrag_all_unaligned_raw_instance_l2/current_velocity/H/short/run_0 launch_id=selena_3512119 slurm_job_id=3512119 launched_at=2026-09-23T18:08:33.834297+00:00 resumed_from_launch=selena_3512119 resumed_from_job=3512119
[2026-09-23 18:08:33 UTC] predict method=tsrag_all_unaligned_raw_instance_l2 dataset=current_velocity/H term=short retrieval={'scope': 'all', 'aligned': False, 'query_scale': False, 'representation': 'instance_l2'} alignment_period=24 fallback=chronos_bolt_max
TIME run allocation action=resume run=/fslarge/scratch/users/h61084/codes/tsrag_time/outputs/tsrag/predictions/tsrag_all_unaligned_raw_instance_l2/current_velocity/H/medium/run_0 launch_id=selena_3512119 slurm_job_id=3512119 launched_at=2026-09-23T18:32:32.758977+00:00 resumed_from_launch=selena_3512119 resumed_from_job=3512119
[2026-09-23 18:32:32 UTC] predict method=tsrag_all_unaligned_raw_instance_l2 dataset=current_velocity/H term=medium retrieval={'scope': 'all', 'aligned': False, 'query_scale': False, 'representation': 'instance_l2'} alignment_period=24 fallback=chronos_bolt_max
TIME run allocation action=resume run=/fslarge/scratch/users/h61084/codes/tsrag_time/outputs/tsrag/predictions/tsrag_all_unaligned_raw_instance_l2/current_velocity/H/long/run_0 launch_id=selena_3512119 slurm_job_id=3512119 launched_at=2026-09-23T18:42:45.021001+00:00 resumed_from_launch=selena_3512119 resumed_from_job=3512119
[2026-09-23 18:42:45 UTC] predict method=tsrag_all_unaligned_raw_instance_l2 dataset=current_velocity/H term=long retrieval={'scope': 'all', 'aligned': False, 'query_scale': False, 'representation': 'instance_l2'} alignment_period=24 fallback=chronos_bolt_max
TIME run allocation action=resume run=/fslarge/scratch/users/h61084/codes/tsrag_time/outputs/tsrag/predictions/tsrag_all_unaligned_raw_instance_l2/CPHL/15T/short/run_0 launch_id=selena_3512119 slurm_job_id=3512119 launched_at=2026-09-23T18:52:52.528782+00:00 resumed_from_launch=selena_3512119 resumed_from_job=3512119
[2026-09-23 18:52:52 UTC] predict method=tsrag_all_unaligned_raw_instance_l2 dataset=CPHL/15T term=short retrieval={'scope': 'all', 'aligned': False, 'query_scale': False, 'representation': 'instance_l2'} alignment_period=96 fallback=chronos_bolt_max
TIME run allocation action=resume run=/fslarge/scratch/users/h61084/codes/tsrag_time/outputs/tsrag/predictions/tsrag_all_unaligned_raw_instance_l2/CPHL/15T/medium/run_0 launch_id=selena_3512119 slurm_job_id=3512119 launched_at=2026-09-23T18:53:06.968982+00:00 resumed_from_launch=selena_3512119 resumed_from_job=3512119
[2026-09-23 18:53:06 UTC] predict method=tsrag_all_unaligned_raw_instance_l2 dataset=CPHL/15T term=medium retrieval={'scope': 'all', 'aligned': False, 'query_scale': False, 'representation': 'instance_l2'} alignment_period=96 fallback=chronos_bolt_max
TIME run allocation action=resume run=/fslarge/scratch/users/h61084/codes/tsrag_time/outputs/tsrag/predictions/tsrag_all_unaligned_raw_instance_l2/CPHL/15T/long/run_0 launch_id=selena_3512119 slurm_job_id=3512119 launched_at=2026-09-23T18:53:10.705724+00:00 resumed_from_launch=selena_3512119 resumed_from_job=3512119
[2026-09-23 18:53:10 UTC] predict method=tsrag_all_unaligned_raw_instance_l2 dataset=CPHL/15T term=long retrieval={'scope': 'all', 'aligned': False, 'query_scale': False, 'representation': 'instance_l2'} alignment_period=96 fallback=chronos_bolt_max
TIME run allocation action=resume run=/fslarge/scratch/users/h61084/codes/tsrag_time/outputs/tsrag/predictions/tsrag_all_unaligned_raw_instance_l2/CPHL/30T/short/run_0 launch_id=selena_3512119 slurm_job_id=3512119 launched_at=2026-09-23T18:53:12.721430+00:00 resumed_from_launch=selena_3512119 resumed_from_job=3512119
[2026-09-23 18:53:12 UTC] predict method=tsrag_all_unaligned_raw_instance_l2 dataset=CPHL/30T term=short retrieval={'scope': 'all', 'aligned': False, 'query_scale': False, 'representation': 'instance_l2'} alignment_period=48 fallback=chronos_bolt_max
TIME run allocation action=resume run=/fslarge/scratch/users/h61084/codes/tsrag_time/outputs/tsrag/predictions/tsrag_all_unaligned_raw_instance_l2/CPHL/30T/medium/run_0 launch_id=selena_3512119 slurm_job_id=3512119 launched_at=2026-09-23T18:53:33.510413+00:00 resumed_from_launch=selena_3512119 resumed_from_job=3512119
[2026-09-23 18:53:33 UTC] predict method=tsrag_all_unaligned_raw_instance_l2 dataset=CPHL/30T term=medium retrieval={'scope': 'all', 'aligned': False, 'query_scale': False, 'representation': 'instance_l2'} alignment_period=48 fallback=chronos_bolt_max
TIME run allocation action=resume run=/fslarge/scratch/users/h61084/codes/tsrag_time/outputs/tsrag/predictions/tsrag_all_unaligned_raw_instance_l2/CPHL/30T/long/run_0 launch_id=selena_3512119 slurm_job_id=3512119 launched_at=2026-09-23T18:53:39.029979+00:00 resumed_from_launch=selena_3512119 resumed_from_job=3512119
[2026-09-23 18:53:39 UTC] predict method=tsrag_all_unaligned_raw_instance_l2 dataset=CPHL/30T term=long retrieval={'scope': 'all', 'aligned': False, 'query_scale': False, 'representation': 'instance_l2'} alignment_period=48 fallback=chronos_bolt_max
TIME run allocation action=resume run=/fslarge/scratch/users/h61084/codes/tsrag_time/outputs/tsrag/predictions/tsrag_all_unaligned_raw_instance_l2/CPHL/H/short/run_0 launch_id=selena_3512119 slurm_job_id=3512119 launched_at=2026-09-23T18:53:42.835272+00:00 resumed_from_launch=selena_3512119 resumed_from_job=3512119
[2026-09-23 18:53:42 UTC] predict method=tsrag_all_unaligned_raw_instance_l2 dataset=CPHL/H term=short retrieval={'scope': 'all', 'aligned': False, 'query_scale': False, 'representation': 'instance_l2'} alignment_period=24 fallback=chronos_bolt_max
TIME run allocation action=resume run=/fslarge/scratch/users/h61084/codes/tsrag_time/outputs/tsrag/predictions/tsrag_all_unaligned_raw_instance_l2/CPHL/H/medium/run_0 launch_id=selena_3512119 slurm_job_id=3512119 launched_at=2026-09-23T18:53:48.827701+00:00 resumed_from_launch=selena_3512119 resumed_from_job=3512119
[2026-09-23 18:53:48 UTC] predict method=tsrag_all_unaligned_raw_instance_l2 dataset=CPHL/H term=medium retrieval={'scope': 'all', 'aligned': False, 'query_scale': False, 'representation': 'instance_l2'} alignment_period=24 fallback=chronos_bolt_max
TIME run allocation action=resume run=/fslarge/scratch/users/h61084/codes/tsrag_time/outputs/tsrag/predictions/tsrag_all_unaligned_raw_instance_l2/CPHL/H/long/run_0 launch_id=selena_3512119 slurm_job_id=3512119 launched_at=2026-09-23T18:53:51.442808+00:00 resumed_from_launch=selena_3512119 resumed_from_job=3512119
[2026-09-23 18:53:51 UTC] predict method=tsrag_all_unaligned_raw_instance_l2 dataset=CPHL/H term=long retrieval={'scope': 'all', 'aligned': False, 'query_scale': False, 'representation': 'instance_l2'} alignment_period=24 fallback=chronos_bolt_max
TIME run allocation action=resume run=/fslarge/scratch/users/h61084/codes/tsrag_time/outputs/tsrag/predictions/tsrag_all_unaligned_raw_instance_l2/Coastal_T_S/15T/short/run_0 launch_id=selena_3512119 slurm_job_id=3512119 launched_at=2026-09-23T18:53:54.406640+00:00 resumed_from_launch=selena_3512119 resumed_from_job=3512119
[2026-09-23 18:53:54 UTC] predict method=tsrag_all_unaligned_raw_instance_l2 dataset=Coastal_T_S/15T term=short retrieval={'scope': 'all', 'aligned': False, 'query_scale': False, 'representation': 'instance_l2'} alignment_period=96 fallback=chronos_bolt_max
TIME run allocation action=resume run=/fslarge/scratch/users/h61084/codes/tsrag_time/outputs/tsrag/predictions/tsrag_all_unaligned_raw_instance_l2/Coastal_T_S/15T/medium/run_0 launch_id=selena_3512119 slurm_job_id=3512119 launched_at=2026-09-23T19:10:40.481727+00:00 resumed_from_launch=selena_3512119 resumed_from_job=3512119
[2026-09-23 19:10:40 UTC] predict method=tsrag_all_unaligned_raw_instance_l2 dataset=Coastal_T_S/15T term=medium retrieval={'scope': 'all', 'aligned': False, 'query_scale': False, 'representation': 'instance_l2'} alignment_period=96 fallback=chronos_bolt_max
TIME run allocation action=resume run=/fslarge/scratch/users/h61084/codes/tsrag_time/outputs/tsrag/predictions/tsrag_all_unaligned_raw_instance_l2/Coastal_T_S/15T/long/run_0 launch_id=selena_3512119 slurm_job_id=3512119 launched_at=2026-09-23T19:14:49.491756+00:00 resumed_from_launch=selena_3512119 resumed_from_job=3512119
[2026-09-23 19:14:49 UTC] predict method=tsrag_all_unaligned_raw_instance_l2 dataset=Coastal_T_S/15T term=long retrieval={'scope': 'all', 'aligned': False, 'query_scale': False, 'representation': 'instance_l2'} alignment_period=96 fallback=chronos_bolt_max
TIME run allocation action=resume run=/fslarge/scratch/users/h61084/codes/tsrag_time/outputs/tsrag/predictions/tsrag_all_unaligned_raw_instance_l2/Coastal_T_S/20T/short/run_0 launch_id=selena_3512119 slurm_job_id=3512119 launched_at=2026-09-23T19:18:19.015361+00:00 resumed_from_launch=selena_3512119 resumed_from_job=3512119
[2026-09-23 19:18:19 UTC] predict method=tsrag_all_unaligned_raw_instance_l2 dataset=Coastal_T_S/20T term=short retrieval={'scope': 'all', 'aligned': False, 'query_scale': False, 'representation': 'instance_l2'} alignment_period=72 fallback=chronos_bolt_max
TIME run allocation action=resume run=/fslarge/scratch/users/h61084/codes/tsrag_time/outputs/tsrag/predictions/tsrag_all_unaligned_raw_instance_l2/Coastal_T_S/20T/medium/run_0 launch_id=selena_3512119 slurm_job_id=3512119 launched_at=2026-09-23T19:18:44.126109+00:00 resumed_from_launch=selena_3512119 resumed_from_job=3512119
[2026-09-23 19:18:44 UTC] predict method=tsrag_all_unaligned_raw_instance_l2 dataset=Coastal_T_S/20T term=medium retrieval={'scope': 'all', 'aligned': False, 'query_scale': False, 'representation': 'instance_l2'} alignment_period=72 fallback=chronos_bolt_max
TIME run allocation action=resume run=/fslarge/scratch/users/h61084/codes/tsrag_time/outputs/tsrag/predictions/tsrag_all_unaligned_raw_instance_l2/Coastal_T_S/20T/long/run_0 launch_id=selena_3512119 slurm_job_id=3512119 launched_at=2026-09-23T19:18:50.783983+00:00 resumed_from_launch=selena_3512119 resumed_from_job=3512119
[2026-09-23 19:18:50 UTC] predict method=tsrag_all_unaligned_raw_instance_l2 dataset=Coastal_T_S/20T term=long retrieval={'scope': 'all', 'aligned': False, 'query_scale': False, 'representation': 'instance_l2'} alignment_period=72 fallback=chronos_bolt_max
TIME run allocation action=resume run=/fslarge/scratch/users/h61084/codes/tsrag_time/outputs/tsrag/predictions/tsrag_all_unaligned_raw_instance_l2/Coastal_T_S/H/short/run_0 launch_id=selena_3512119 slurm_job_id=3512119 launched_at=2026-09-23T19:18:55.309381+00:00 resumed_from_launch=selena_3512119 resumed_from_job=3512119
[2026-09-23 19:18:55 UTC] predict method=tsrag_all_unaligned_raw_instance_l2 dataset=Coastal_T_S/H term=short retrieval={'scope': 'all', 'aligned': False, 'query_scale': False, 'representation': 'instance_l2'} alignment_period=24 fallback=chronos_bolt_max
TIME run allocation action=resume run=/fslarge/scratch/users/h61084/codes/tsrag_time/outputs/tsrag/predictions/tsrag_all_unaligned_raw_instance_l2/Coastal_T_S/H/medium/run_0 launch_id=selena_3512119 slurm_job_id=3512119 launched_at=2026-09-23T19:39:08.317404+00:00 resumed_from_launch=selena_3512119 resumed_from_job=3512119
[2026-09-23 19:39:08 UTC] predict method=tsrag_all_unaligned_raw_instance_l2 dataset=Coastal_T_S/H term=medium retrieval={'scope': 'all', 'aligned': False, 'query_scale': False, 'representation': 'instance_l2'} alignment_period=24 fallback=chronos_bolt_max
TIME run allocation action=resume run=/fslarge/scratch/users/h61084/codes/tsrag_time/outputs/tsrag/predictions/tsrag_all_unaligned_raw_instance_l2/Coastal_T_S/H/long/run_0 launch_id=selena_3512119 slurm_job_id=3512119 launched_at=2026-09-23T19:47:37.532673+00:00 resumed_from_launch=selena_3512119 resumed_from_job=3512119
[2026-09-23 19:47:37 UTC] predict method=tsrag_all_unaligned_raw_instance_l2 dataset=Coastal_T_S/H term=long retrieval={'scope': 'all', 'aligned': False, 'query_scale': False, 'representation': 'instance_l2'} alignment_period=24 fallback=chronos_bolt_max
TIME run allocation action=resume run=/fslarge/scratch/users/h61084/codes/tsrag_time/outputs/tsrag/predictions/tsrag_all_unaligned_raw_instance_l2/SG_Weather/D/short/run_0 launch_id=selena_3512119 slurm_job_id=3512119 launched_at=2026-09-23T19:56:00.983135+00:00 resumed_from_launch=selena_3512119 resumed_from_job=3512119
[2026-09-23 19:56:00 UTC] predict method=tsrag_all_unaligned_raw_instance_l2 dataset=SG_Weather/D term=short retrieval={'scope': 'all', 'aligned': False, 'query_scale': False, 'representation': 'instance_l2'} alignment_period=1 fallback=chronos_bolt_max
TIME run allocation action=resume run=/fslarge/scratch/users/h61084/codes/tsrag_time/outputs/tsrag/predictions/tsrag_all_unaligned_raw_instance_l2/SG_Weather/D/medium/run_0 launch_id=selena_3512119 slurm_job_id=3512119 launched_at=2026-09-23T20:02:21.336166+00:00 resumed_from_launch=selena_3512119 resumed_from_job=3512119
[2026-09-23 20:02:21 UTC] predict method=tsrag_all_unaligned_raw_instance_l2 dataset=SG_Weather/D term=medium retrieval={'scope': 'all', 'aligned': False, 'query_scale': False, 'representation': 'instance_l2'} alignment_period=1 fallback=chronos_bolt_max
TIME run allocation action=resume run=/fslarge/scratch/users/h61084/codes/tsrag_time/outputs/tsrag/predictions/tsrag_all_unaligned_raw_instance_l2/SG_Weather/D/long/run_0 launch_id=selena_3512119 slurm_job_id=3512119 launched_at=2026-09-23T20:05:05.461150+00:00 resumed_from_launch=selena_3512119 resumed_from_job=3512119
[2026-09-23 20:05:05 UTC] predict method=tsrag_all_unaligned_raw_instance_l2 dataset=SG_Weather/D term=long retrieval={'scope': 'all', 'aligned': False, 'query_scale': False, 'representation': 'instance_l2'} alignment_period=1 fallback=chronos_bolt_max
TIME run allocation action=resume run=/fslarge/scratch/users/h61084/codes/tsrag_time/outputs/tsrag/predictions/tsrag_all_unaligned_raw_instance_l2/SG_PM25/H/short/run_0 launch_id=selena_3512119 slurm_job_id=3512119 launched_at=2026-09-23T20:06:26.703534+00:00 resumed_from_launch=selena_3512119 resumed_from_job=3512119
[2026-09-23 20:06:26 UTC] predict method=tsrag_all_unaligned_raw_instance_l2 dataset=SG_PM25/H term=short retrieval={'scope': 'all', 'aligned': False, 'query_scale': False, 'representation': 'instance_l2'} alignment_period=24 fallback=chronos_bolt_max
TIME run allocation action=resume run=/fslarge/scratch/users/h61084/codes/tsrag_time/outputs/tsrag/predictions/tsrag_all_unaligned_raw_instance_l2/SG_PM25/H/medium/run_0 launch_id=selena_3512119 slurm_job_id=3512119 launched_at=2026-09-23T20:09:19.166861+00:00 resumed_from_launch=selena_3512119 resumed_from_job=3512119
[2026-09-23 20:09:19 UTC] predict method=tsrag_all_unaligned_raw_instance_l2 dataset=SG_PM25/H term=medium retrieval={'scope': 'all', 'aligned': False, 'query_scale': False, 'representation': 'instance_l2'} alignment_period=24 fallback=chronos_bolt_max
TIME run allocation action=resume run=/fslarge/scratch/users/h61084/codes/tsrag_time/outputs/tsrag/predictions/tsrag_all_unaligned_raw_instance_l2/SG_PM25/H/long/run_0 launch_id=selena_3512119 slurm_job_id=3512119 launched_at=2026-09-23T20:10:43.496426+00:00 resumed_from_launch=selena_3512119 resumed_from_job=3512119
[2026-09-23 20:10:43 UTC] predict method=tsrag_all_unaligned_raw_instance_l2 dataset=SG_PM25/H term=long retrieval={'scope': 'all', 'aligned': False, 'query_scale': False, 'representation': 'instance_l2'} alignment_period=24 fallback=chronos_bolt_max
TIME run allocation action=resume run=/fslarge/scratch/users/h61084/codes/tsrag_time/outputs/tsrag/predictions/tsrag_all_unaligned_raw_instance_l2/NE_China_Wind/H/short/run_0 launch_id=selena_3512119 slurm_job_id=3512119 launched_at=2026-09-23T20:11:25.920013+00:00 resumed_from_launch=selena_3512119 resumed_from_job=3512119
[2026-09-23 20:11:25 UTC] predict method=tsrag_all_unaligned_raw_instance_l2 dataset=NE_China_Wind/H term=short retrieval={'scope': 'all', 'aligned': False, 'query_scale': False, 'representation': 'instance_l2'} alignment_period=24 fallback=chronos_bolt_max
TIME run allocation action=resume run=/fslarge/scratch/users/h61084/codes/tsrag_time/outputs/tsrag/predictions/tsrag_all_unaligned_raw_instance_l2/NE_China_Wind/H/medium/run_0 launch_id=selena_3512119 slurm_job_id=3512119 launched_at=2026-09-23T20:11:36.927221+00:00 resumed_from_launch=selena_3512119 resumed_from_job=3512119
[2026-09-23 20:11:36 UTC] predict method=tsrag_all_unaligned_raw_instance_l2 dataset=NE_China_Wind/H term=medium retrieval={'scope': 'all', 'aligned': False, 'query_scale': False, 'representation': 'instance_l2'} alignment_period=24 fallback=chronos_bolt_max
TIME run allocation action=resume run=/fslarge/scratch/users/h61084/codes/tsrag_time/outputs/tsrag/predictions/tsrag_all_unaligned_raw_instance_l2/NE_China_Wind/H/long/run_0 launch_id=selena_3512119 slurm_job_id=3512119 launched_at=2026-09-23T20:11:44.419854+00:00 resumed_from_launch=selena_3512119 resumed_from_job=3512119
[2026-09-23 20:11:44 UTC] predict method=tsrag_all_unaligned_raw_instance_l2 dataset=NE_China_Wind/H term=long retrieval={'scope': 'all', 'aligned': False, 'query_scale': False, 'representation': 'instance_l2'} alignment_period=24 fallback=chronos_bolt_max
TIME run allocation action=resume run=/fslarge/scratch/users/h61084/codes/tsrag_time/outputs/tsrag/predictions/tsrag_all_unaligned_raw_instance_l2/Australia_Solar/H/short/run_0 launch_id=selena_3512119 slurm_job_id=3512119 launched_at=2026-09-23T20:11:49.060946+00:00 resumed_from_launch=selena_3512119 resumed_from_job=3512119
[2026-09-23 20:11:49 UTC] predict method=tsrag_all_unaligned_raw_instance_l2 dataset=Australia_Solar/H term=short retrieval={'scope': 'all', 'aligned': False, 'query_scale': False, 'representation': 'instance_l2'} alignment_period=24 fallback=chronos_bolt_max
TIME run allocation action=resume run=/fslarge/scratch/users/h61084/codes/tsrag_time/outputs/tsrag/predictions/tsrag_all_unaligned_raw_instance_l2/Australia_Solar/H/medium/run_0 launch_id=selena_3512119 slurm_job_id=3512119 launched_at=2026-09-23T20:12:51.630186+00:00 resumed_from_launch=selena_3512119 resumed_from_job=3512119
[2026-09-23 20:12:51 UTC] predict method=tsrag_all_unaligned_raw_instance_l2 dataset=Australia_Solar/H term=medium retrieval={'scope': 'all', 'aligned': False, 'query_scale': False, 'representation': 'instance_l2'} alignment_period=24 fallback=chronos_bolt_max
TIME run allocation action=resume run=/fslarge/scratch/users/h61084/codes/tsrag_time/outputs/tsrag/predictions/tsrag_all_unaligned_raw_instance_l2/Australia_Solar/H/long/run_0 launch_id=selena_3512119 slurm_job_id=3512119 launched_at=2026-09-23T20:13:20.345598+00:00 resumed_from_launch=selena_3512119 resumed_from_job=3512119
[2026-09-23 20:13:20 UTC] predict method=tsrag_all_unaligned_raw_instance_l2 dataset=Australia_Solar/H term=long retrieval={'scope': 'all', 'aligned': False, 'query_scale': False, 'representation': 'instance_l2'} alignment_period=24 fallback=chronos_bolt_max
TIME run allocation action=resume run=/fslarge/scratch/users/h61084/codes/tsrag_time/outputs/tsrag/predictions/tsrag_all_unaligned_raw_instance_l2/epf_electricity_price/H/short/run_0 launch_id=selena_3512119 slurm_job_id=3512119 launched_at=2026-09-23T20:13:36.201223+00:00 resumed_from_launch=selena_3512119 resumed_from_job=3512119
[2026-09-23 20:13:36 UTC] predict method=tsrag_all_unaligned_raw_instance_l2 dataset=epf_electricity_price/H term=short retrieval={'scope': 'all', 'aligned': False, 'query_scale': False, 'representation': 'instance_l2'} alignment_period=168 fallback=chronos_bolt_max
TIME run allocation action=resume run=/fslarge/scratch/users/h61084/codes/tsrag_time/outputs/tsrag/predictions/tsrag_all_unaligned_raw_instance_l2/epf_electricity_price/H/medium/run_0 launch_id=selena_3512119 slurm_job_id=3512119 launched_at=2026-09-23T20:17:43.299465+00:00 resumed_from_launch=selena_3512119 resumed_from_job=3512119
[2026-09-23 20:17:43 UTC] predict method=tsrag_all_unaligned_raw_instance_l2 dataset=epf_electricity_price/H term=medium retrieval={'scope': 'all', 'aligned': False, 'query_scale': False, 'representation': 'instance_l2'} alignment_period=168 fallback=chronos_bolt_max
TIME run allocation action=resume run=/fslarge/scratch/users/h61084/codes/tsrag_time/outputs/tsrag/predictions/tsrag_all_unaligned_raw_instance_l2/epf_electricity_price/H/long/run_0 launch_id=selena_3512119 slurm_job_id=3512119 launched_at=2026-09-23T20:20:25.389393+00:00 resumed_from_launch=selena_3512119 resumed_from_job=3512119
[2026-09-23 20:20:25 UTC] predict method=tsrag_all_unaligned_raw_instance_l2 dataset=epf_electricity_price/H term=long retrieval={'scope': 'all', 'aligned': False, 'query_scale': False, 'representation': 'instance_l2'} alignment_period=168 fallback=chronos_bolt_max
TIME run allocation action=resume run=/fslarge/scratch/users/h61084/codes/tsrag_time/outputs/tsrag/predictions/tsrag_all_unaligned_raw_instance_l2/OpenElectricity_NEM/5T/short/run_0 launch_id=selena_3512119 slurm_job_id=3512119 launched_at=2026-09-23T20:22:11.112924+00:00 resumed_from_launch=selena_3512119 resumed_from_job=3512119
[2026-09-23 20:22:11 UTC] predict method=tsrag_all_unaligned_raw_instance_l2 dataset=OpenElectricity_NEM/5T term=short retrieval={'scope': 'all', 'aligned': False, 'query_scale': False, 'representation': 'instance_l2'} alignment_period=2016 fallback=chronos_bolt_max
TIME run allocation action=resume run=/fslarge/scratch/users/h61084/codes/tsrag_time/outputs/tsrag/predictions/tsrag_all_unaligned_raw_instance_l2/OpenElectricity_NEM/5T/medium/run_0 launch_id=selena_3512119 slurm_job_id=3512119 launched_at=2026-09-23T20:43:26.394793+00:00 resumed_from_launch=selena_3512119 resumed_from_job=3512119
[2026-09-23 20:43:26 UTC] predict method=tsrag_all_unaligned_raw_instance_l2 dataset=OpenElectricity_NEM/5T term=medium retrieval={'scope': 'all', 'aligned': False, 'query_scale': False, 'representation': 'instance_l2'} alignment_period=2016 fallback=chronos_bolt_max
TIME run allocation action=resume run=/fslarge/scratch/users/h61084/codes/tsrag_time/outputs/tsrag/predictions/tsrag_all_unaligned_raw_instance_l2/OpenElectricity_NEM/5T/long/run_0 launch_id=selena_3512119 slurm_job_id=3512119 launched_at=2026-09-23T20:54:01.993845+00:00 resumed_from_launch=selena_3512119 resumed_from_job=3512119
[2026-09-23 20:54:02 UTC] predict method=tsrag_all_unaligned_raw_instance_l2 dataset=OpenElectricity_NEM/5T term=long retrieval={'scope': 'all', 'aligned': False, 'query_scale': False, 'representation': 'instance_l2'} alignment_period=2016 fallback=chronos_bolt_max
TIME run allocation action=resume run=/fslarge/scratch/users/h61084/codes/tsrag_time/outputs/tsrag/predictions/tsrag_all_unaligned_raw_instance_l2/EWELD_Load/15T/short/run_0 launch_id=selena_3512119 slurm_job_id=3512119 launched_at=2026-09-23T21:02:56.906897+00:00 resumed_from_launch=selena_3512119 resumed_from_job=3512119
[2026-09-23 21:02:56 UTC] predict method=tsrag_all_unaligned_raw_instance_l2 dataset=EWELD_Load/15T term=short retrieval={'scope': 'all', 'aligned': False, 'query_scale': False, 'representation': 'instance_l2'} alignment_period=672 fallback=chronos_bolt_max
TIME run allocation action=resume run=/fslarge/scratch/users/h61084/codes/tsrag_time/outputs/tsrag/predictions/tsrag_all_unaligned_raw_instance_l2/EWELD_Load/15T/medium/run_0 launch_id=selena_3512119 slurm_job_id=3512119 launched_at=2026-09-23T21:06:33.368663+00:00 resumed_from_launch=selena_3512119 resumed_from_job=3512119
[2026-09-23 21:06:33 UTC] predict method=tsrag_all_unaligned_raw_instance_l2 dataset=EWELD_Load/15T term=medium retrieval={'scope': 'all', 'aligned': False, 'query_scale': False, 'representation': 'instance_l2'} alignment_period=672 fallback=chronos_bolt_max
TIME run allocation action=resume run=/fslarge/scratch/users/h61084/codes/tsrag_time/outputs/tsrag/predictions/tsrag_all_unaligned_raw_instance_l2/EWELD_Load/15T/long/run_0 launch_id=selena_3512119 slurm_job_id=3512119 launched_at=2026-09-23T21:08:21.303193+00:00 resumed_from_launch=selena_3512119 resumed_from_job=3512119
[2026-09-23 21:08:21 UTC] predict method=tsrag_all_unaligned_raw_instance_l2 dataset=EWELD_Load/15T term=long retrieval={'scope': 'all', 'aligned': False, 'query_scale': False, 'representation': 'instance_l2'} alignment_period=672 fallback=chronos_bolt_max
TIME run allocation action=resume run=/fslarge/scratch/users/h61084/codes/tsrag_time/outputs/tsrag/predictions/tsrag_all_unaligned_raw_instance_l2/SG_Carpark/15T/short/run_0 launch_id=selena_3512119 slurm_job_id=3512119 launched_at=2026-09-23T21:09:44.565417+00:00 resumed_from_launch=selena_3512119 resumed_from_job=3512119
[2026-09-23 21:09:44 UTC] predict method=tsrag_all_unaligned_raw_instance_l2 dataset=SG_Carpark/15T term=short retrieval={'scope': 'all', 'aligned': False, 'query_scale': False, 'representation': 'instance_l2'} alignment_period=672 fallback=chronos_bolt_max
