[2026-09-17 16:14:09 UTC] TS-RAG paths: project=/fssmall/home/h61084/codes/tsrag_time outputs=/scratch/users/h61084/codes/tsrag_time/outputs logs=/scratch/users/h61084/codes/tsrag_time/logs
[2026-09-17 16:14:09 UTC] TS-RAG paths: project=/fssmall/home/h61084/codes/tsrag_time outputs=/scratch/users/h61084/codes/tsrag_time/outputs logs=/scratch/users/h61084/codes/tsrag_time/logs
[2026-09-17 16:14:09 UTC] Slurm=3452080 launch=selena_3452080 stages=prepare,vanilla,extract,predict,mix,evaluate,report mode=full

[2026-09-17 16:14:09 UTC] stage=prepare
[2026-09-17 18:14:13,458][datasets][INFO] - PyTorch version 2.9.1 available.
[2026-09-17 16:14:16 UTC] stage=prepare tasks=90 seed=0 device=cuda Slurm=3452080
[2026-09-17 16:14:16 UTC] prepare dataset=Water_Quality_Darwin/15T term=short H=16 validation=1440
TIME run allocation action=skip run=/fslarge/scratch/users/h61084/codes/tsrag_time/outputs/tsrag/data/shared/Water_Quality_Darwin/15T/short/run_0 source_launch=selena_3452080 launch_id=selena_3452080 slurm_job_id=3452080 launched_at=2026-09-17T16:14:16.490558+00:00
[2026-09-17 16:14:16 UTC] prepare dataset=Water_Quality_Darwin/15T term=medium H=96 validation=1440
TIME run allocation action=skip run=/fslarge/scratch/users/h61084/codes/tsrag_time/outputs/tsrag/data/shared/Water_Quality_Darwin/15T/medium/run_0 source_launch=selena_3452080 launch_id=selena_3452080 slurm_job_id=3452080 launched_at=2026-09-17T16:14:16.494989+00:00
[2026-09-17 16:14:16 UTC] prepare dataset=Water_Quality_Darwin/15T term=long H=288 validation=1440
TIME run allocation action=skip run=/fslarge/scratch/users/h61084/codes/tsrag_time/outputs/tsrag/data/shared/Water_Quality_Darwin/15T/long/run_0 source_launch=selena_3452080 launch_id=selena_3452080 slurm_job_id=3452080 launched_at=2026-09-17T16:14:16.498863+00:00
[2026-09-17 16:14:16 UTC] prepare dataset=current_velocity/5T term=short H=36 validation=4320
TIME run allocation action=skip run=/fslarge/scratch/users/h61084/codes/tsrag_time/outputs/tsrag/data/shared/current_velocity/5T/short/run_0 source_launch=selena_3452080 launch_id=selena_3452080 slurm_job_id=3452080 launched_at=2026-09-17T16:14:16.502967+00:00
[2026-09-17 16:14:16 UTC] prepare dataset=current_velocity/5T term=medium H=288 validation=4320
TIME run allocation action=skip run=/fslarge/scratch/users/h61084/codes/tsrag_time/outputs/tsrag/data/shared/current_velocity/5T/medium/run_0 source_launch=selena_3452080 launch_id=selena_3452080 slurm_job_id=3452080 launched_at=2026-09-17T16:14:16.506652+00:00
[2026-09-17 16:14:16 UTC] prepare dataset=current_velocity/5T term=long H=864 validation=4320
TIME run allocation action=skip run=/fslarge/scratch/users/h61084/codes/tsrag_time/outputs/tsrag/data/shared/current_velocity/5T/long/run_0 source_launch=selena_3452080 launch_id=selena_3452080 slurm_job_id=3452080 launched_at=2026-09-17T16:14:16.510460+00:00
[2026-09-17 16:14:16 UTC] prepare dataset=current_velocity/10T term=short H=18 validation=2160
TIME run allocation action=skip run=/fslarge/scratch/users/h61084/codes/tsrag_time/outputs/tsrag/data/shared/current_velocity/10T/short/run_0 source_launch=selena_3452080 launch_id=selena_3452080 slurm_job_id=3452080 launched_at=2026-09-17T16:14:16.514494+00:00
[2026-09-17 16:14:16 UTC] prepare dataset=current_velocity/10T term=medium H=144 validation=2160
TIME run allocation action=skip run=/fslarge/scratch/users/h61084/codes/tsrag_time/outputs/tsrag/data/shared/current_velocity/10T/medium/run_0 source_launch=selena_3452080 launch_id=selena_3452080 slurm_job_id=3452080 launched_at=2026-09-17T16:14:16.518442+00:00
[2026-09-17 16:14:16 UTC] prepare dataset=current_velocity/10T term=long H=432 validation=2160
TIME run allocation action=skip run=/fslarge/scratch/users/h61084/codes/tsrag_time/outputs/tsrag/data/shared/current_velocity/10T/long/run_0 source_launch=selena_3452080 launch_id=selena_3452080 slurm_job_id=3452080 launched_at=2026-09-17T16:14:16.522364+00:00
[2026-09-17 16:14:16 UTC] prepare dataset=current_velocity/15T term=short H=12 validation=1440
TIME run allocation action=skip run=/fslarge/scratch/users/h61084/codes/tsrag_time/outputs/tsrag/data/shared/current_velocity/15T/short/run_0 source_launch=selena_3452080 launch_id=selena_3452080 slurm_job_id=3452080 launched_at=2026-09-17T16:14:16.526277+00:00
[2026-09-17 16:14:16 UTC] prepare dataset=current_velocity/15T term=medium H=96 validation=1440
TIME run allocation action=skip run=/fslarge/scratch/users/h61084/codes/tsrag_time/outputs/tsrag/data/shared/current_velocity/15T/medium/run_0 source_launch=selena_3452080 launch_id=selena_3452080 slurm_job_id=3452080 launched_at=2026-09-17T16:14:16.530230+00:00
[2026-09-17 16:14:16 UTC] prepare dataset=current_velocity/15T term=long H=288 validation=1440
TIME run allocation action=skip run=/fslarge/scratch/users/h61084/codes/tsrag_time/outputs/tsrag/data/shared/current_velocity/15T/long/run_0 source_launch=selena_3452080 launch_id=selena_3452080 slurm_job_id=3452080 launched_at=2026-09-17T16:14:16.534012+00:00
[2026-09-17 16:14:16 UTC] prepare dataset=current_velocity/H term=short H=24 validation=672
TIME run allocation action=skip run=/fslarge/scratch/users/h61084/codes/tsrag_time/outputs/tsrag/data/shared/current_velocity/H/short/run_0 source_launch=selena_3452080 launch_id=selena_3452080 slurm_job_id=3452080 launched_at=2026-09-17T16:14:16.538069+00:00
[2026-09-17 16:14:16 UTC] prepare dataset=current_velocity/H term=medium H=168 validation=672
TIME run allocation action=skip run=/fslarge/scratch/users/h61084/codes/tsrag_time/outputs/tsrag/data/shared/current_velocity/H/medium/run_0 source_launch=selena_3452080 launch_id=selena_3452080 slurm_job_id=3452080 launched_at=2026-09-17T16:14:16.541841+00:00
[2026-09-17 16:14:16 UTC] prepare dataset=current_velocity/H term=long H=336 validation=672
TIME run allocation action=skip run=/fslarge/scratch/users/h61084/codes/tsrag_time/outputs/tsrag/data/shared/current_velocity/H/long/run_0 source_launch=selena_3452080 launch_id=selena_3452080 slurm_job_id=3452080 launched_at=2026-09-17T16:14:16.545696+00:00
[2026-09-17 16:14:16 UTC] prepare dataset=CPHL/15T term=short H=12 validation=1440
TIME run allocation action=skip run=/fslarge/scratch/users/h61084/codes/tsrag_time/outputs/tsrag/data/shared/CPHL/15T/short/run_0 source_launch=selena_3452080 launch_id=selena_3452080 slurm_job_id=3452080 launched_at=2026-09-17T16:14:16.549647+00:00
[2026-09-17 16:14:16 UTC] prepare dataset=CPHL/15T term=medium H=96 validation=1440
TIME run allocation action=skip run=/fslarge/scratch/users/h61084/codes/tsrag_time/outputs/tsrag/data/shared/CPHL/15T/medium/run_0 source_launch=selena_3452080 launch_id=selena_3452080 slurm_job_id=3452080 launched_at=2026-09-17T16:14:16.553376+00:00
[2026-09-17 16:14:16 UTC] prepare dataset=CPHL/15T term=long H=288 validation=1440
TIME run allocation action=skip run=/fslarge/scratch/users/h61084/codes/tsrag_time/outputs/tsrag/data/shared/CPHL/15T/long/run_0 source_launch=selena_3452080 launch_id=selena_3452080 slurm_job_id=3452080 launched_at=2026-09-17T16:14:16.557075+00:00
[2026-09-17 16:14:16 UTC] prepare dataset=CPHL/30T term=short H=12 validation=1440
TIME run allocation action=skip run=/fslarge/scratch/users/h61084/codes/tsrag_time/outputs/tsrag/data/shared/CPHL/30T/short/run_0 source_launch=selena_3452080 launch_id=selena_3452080 slurm_job_id=3452080 launched_at=2026-09-17T16:14:16.560952+00:00
[2026-09-17 16:14:16 UTC] prepare dataset=CPHL/30T term=medium H=48 validation=1440
TIME run allocation action=skip run=/fslarge/scratch/users/h61084/codes/tsrag_time/outputs/tsrag/data/shared/CPHL/30T/medium/run_0 source_launch=selena_3452080 launch_id=selena_3452080 slurm_job_id=3452080 launched_at=2026-09-17T16:14:16.564727+00:00
[2026-09-17 16:14:16 UTC] prepare dataset=CPHL/30T term=long H=144 validation=1440
TIME run allocation action=skip run=/fslarge/scratch/users/h61084/codes/tsrag_time/outputs/tsrag/data/shared/CPHL/30T/long/run_0 source_launch=selena_3452080 launch_id=selena_3452080 slurm_job_id=3452080 launched_at=2026-09-17T16:14:16.568621+00:00
[2026-09-17 16:14:16 UTC] prepare dataset=CPHL/H term=short H=24 validation=672
TIME run allocation action=skip run=/fslarge/scratch/users/h61084/codes/tsrag_time/outputs/tsrag/data/shared/CPHL/H/short/run_0 source_launch=selena_3452080 launch_id=selena_3452080 slurm_job_id=3452080 launched_at=2026-09-17T16:14:16.572418+00:00
[2026-09-17 16:14:16 UTC] prepare dataset=CPHL/H term=medium H=168 validation=672
TIME run allocation action=skip run=/fslarge/scratch/users/h61084/codes/tsrag_time/outputs/tsrag/data/shared/CPHL/H/medium/run_0 source_launch=selena_3452080 launch_id=selena_3452080 slurm_job_id=3452080 launched_at=2026-09-17T16:14:16.576180+00:00
[2026-09-17 16:14:16 UTC] prepare dataset=CPHL/H term=long H=336 validation=672
TIME run allocation action=skip run=/fslarge/scratch/users/h61084/codes/tsrag_time/outputs/tsrag/data/shared/CPHL/H/long/run_0 source_launch=selena_3452080 launch_id=selena_3452080 slurm_job_id=3452080 launched_at=2026-09-17T16:14:16.579845+00:00
[2026-09-17 16:14:16 UTC] prepare dataset=Coastal_T_S/15T term=short H=12 validation=1440
TIME run allocation action=skip run=/fslarge/scratch/users/h61084/codes/tsrag_time/outputs/tsrag/data/shared/Coastal_T_S/15T/short/run_0 source_launch=selena_3452080 launch_id=selena_3452080 slurm_job_id=3452080 launched_at=2026-09-17T16:14:16.583818+00:00
[2026-09-17 16:14:16 UTC] prepare dataset=Coastal_T_S/15T term=medium H=96 validation=1440
TIME run allocation action=skip run=/fslarge/scratch/users/h61084/codes/tsrag_time/outputs/tsrag/data/shared/Coastal_T_S/15T/medium/run_0 source_launch=selena_3452080 launch_id=selena_3452080 slurm_job_id=3452080 launched_at=2026-09-17T16:14:16.587726+00:00
[2026-09-17 16:14:16 UTC] prepare dataset=Coastal_T_S/15T term=long H=288 validation=1440
TIME run allocation action=skip run=/fslarge/scratch/users/h61084/codes/tsrag_time/outputs/tsrag/data/shared/Coastal_T_S/15T/long/run_0 source_launch=selena_3452080 launch_id=selena_3452080 slurm_job_id=3452080 launched_at=2026-09-17T16:14:16.591431+00:00
[2026-09-17 16:14:16 UTC] prepare dataset=Coastal_T_S/20T term=short H=9 validation=1080
TIME run allocation action=skip run=/fslarge/scratch/users/h61084/codes/tsrag_time/outputs/tsrag/data/shared/Coastal_T_S/20T/short/run_0 source_launch=selena_3452080 launch_id=selena_3452080 slurm_job_id=3452080 launched_at=2026-09-17T16:14:16.595290+00:00
[2026-09-17 16:14:16 UTC] prepare dataset=Coastal_T_S/20T term=medium H=72 validation=1080
TIME run allocation action=skip run=/fslarge/scratch/users/h61084/codes/tsrag_time/outputs/tsrag/data/shared/Coastal_T_S/20T/medium/run_0 source_launch=selena_3452080 launch_id=selena_3452080 slurm_job_id=3452080 launched_at=2026-09-17T16:14:16.599005+00:00
[2026-09-17 16:14:16 UTC] prepare dataset=Coastal_T_S/20T term=long H=216 validation=1080
TIME run allocation action=skip run=/fslarge/scratch/users/h61084/codes/tsrag_time/outputs/tsrag/data/shared/Coastal_T_S/20T/long/run_0 source_launch=selena_3452080 launch_id=selena_3452080 slurm_job_id=3452080 launched_at=2026-09-17T16:14:16.602730+00:00
[2026-09-17 16:14:16 UTC] prepare dataset=Coastal_T_S/H term=short H=24 validation=672
TIME run allocation action=skip run=/fslarge/scratch/users/h61084/codes/tsrag_time/outputs/tsrag/data/shared/Coastal_T_S/H/short/run_0 source_launch=selena_3452080 launch_id=selena_3452080 slurm_job_id=3452080 launched_at=2026-09-17T16:14:16.606728+00:00
[2026-09-17 16:14:16 UTC] prepare dataset=Coastal_T_S/H term=medium H=168 validation=672
TIME run allocation action=skip run=/fslarge/scratch/users/h61084/codes/tsrag_time/outputs/tsrag/data/shared/Coastal_T_S/H/medium/run_0 source_launch=selena_3452080 launch_id=selena_3452080 slurm_job_id=3452080 launched_at=2026-09-17T16:14:16.610393+00:00
[2026-09-17 16:14:16 UTC] prepare dataset=Coastal_T_S/H term=long H=336 validation=672
TIME run allocation action=skip run=/fslarge/scratch/users/h61084/codes/tsrag_time/outputs/tsrag/data/shared/Coastal_T_S/H/long/run_0 source_launch=selena_3452080 launch_id=selena_3452080 slurm_job_id=3452080 launched_at=2026-09-17T16:14:16.614300+00:00
[2026-09-17 16:14:16 UTC] prepare dataset=SG_Weather/D term=short H=3 validation=366
TIME run allocation action=skip run=/fslarge/scratch/users/h61084/codes/tsrag_time/outputs/tsrag/data/shared/SG_Weather/D/short/run_0 source_launch=selena_3452080 launch_id=selena_3452080 slurm_job_id=3452080 launched_at=2026-09-17T16:14:16.618322+00:00
[2026-09-17 16:14:16 UTC] prepare dataset=SG_Weather/D term=medium H=7 validation=366
TIME run allocation action=skip run=/fslarge/scratch/users/h61084/codes/tsrag_time/outputs/tsrag/data/shared/SG_Weather/D/medium/run_0 source_launch=selena_3452080 launch_id=selena_3452080 slurm_job_id=3452080 launched_at=2026-09-17T16:14:16.622144+00:00
[2026-09-17 16:14:16 UTC] prepare dataset=SG_Weather/D term=long H=14 validation=366
TIME run allocation action=skip run=/fslarge/scratch/users/h61084/codes/tsrag_time/outputs/tsrag/data/shared/SG_Weather/D/long/run_0 source_launch=selena_3452080 launch_id=selena_3452080 slurm_job_id=3452080 launched_at=2026-09-17T16:14:16.625995+00:00
[2026-09-17 16:14:16 UTC] prepare dataset=SG_PM25/H term=short H=24 validation=2160
TIME run allocation action=skip run=/fslarge/scratch/users/h61084/codes/tsrag_time/outputs/tsrag/data/shared/SG_PM25/H/short/run_0 source_launch=selena_3452080 launch_id=selena_3452080 slurm_job_id=3452080 launched_at=2026-09-17T16:14:16.629917+00:00
[2026-09-17 16:14:16 UTC] prepare dataset=SG_PM25/H term=medium H=72 validation=2160
TIME run allocation action=skip run=/fslarge/scratch/users/h61084/codes/tsrag_time/outputs/tsrag/data/shared/SG_PM25/H/medium/run_0 source_launch=selena_3452080 launch_id=selena_3452080 slurm_job_id=3452080 launched_at=2026-09-17T16:14:16.633783+00:00
[2026-09-17 16:14:16 UTC] prepare dataset=SG_PM25/H term=long H=168 validation=2160
TIME run allocation action=skip run=/fslarge/scratch/users/h61084/codes/tsrag_time/outputs/tsrag/data/shared/SG_PM25/H/long/run_0 source_launch=selena_3452080 launch_id=selena_3452080 slurm_job_id=3452080 launched_at=2026-09-17T16:14:16.637736+00:00
[2026-09-17 16:14:16 UTC] prepare dataset=NE_China_Wind/H term=short H=24 validation=720
TIME run allocation action=skip run=/fslarge/scratch/users/h61084/codes/tsrag_time/outputs/tsrag/data/shared/NE_China_Wind/H/short/run_0 source_launch=selena_3452080 launch_id=selena_3452080 slurm_job_id=3452080 launched_at=2026-09-17T16:14:16.641626+00:00
[2026-09-17 16:14:16 UTC] prepare dataset=NE_China_Wind/H term=medium H=72 validation=720
TIME run allocation action=skip run=/fslarge/scratch/users/h61084/codes/tsrag_time/outputs/tsrag/data/shared/NE_China_Wind/H/medium/run_0 source_launch=selena_3452080 launch_id=selena_3452080 slurm_job_id=3452080 launched_at=2026-09-17T16:14:16.645270+00:00
[2026-09-17 16:14:16 UTC] prepare dataset=NE_China_Wind/H term=long H=168 validation=720
TIME run allocation action=skip run=/fslarge/scratch/users/h61084/codes/tsrag_time/outputs/tsrag/data/shared/NE_China_Wind/H/long/run_0 source_launch=selena_3452080 launch_id=selena_3452080 slurm_job_id=3452080 launched_at=2026-09-17T16:14:16.648952+00:00
[2026-09-17 16:14:16 UTC] prepare dataset=Australia_Solar/H term=short H=24 validation=2520
TIME run allocation action=skip run=/fslarge/scratch/users/h61084/codes/tsrag_time/outputs/tsrag/data/shared/Australia_Solar/H/short/run_0 source_launch=selena_3452080 launch_id=selena_3452080 slurm_job_id=3452080 launched_at=2026-09-17T16:14:16.653036+00:00
[2026-09-17 16:14:16 UTC] prepare dataset=Australia_Solar/H term=medium H=72 validation=2520
TIME run allocation action=skip run=/fslarge/scratch/users/h61084/codes/tsrag_time/outputs/tsrag/data/shared/Australia_Solar/H/medium/run_0 source_launch=selena_3452080 launch_id=selena_3452080 slurm_job_id=3452080 launched_at=2026-09-17T16:14:16.656886+00:00
[2026-09-17 16:14:16 UTC] prepare dataset=Australia_Solar/H term=long H=168 validation=2520
TIME run allocation action=skip run=/fslarge/scratch/users/h61084/codes/tsrag_time/outputs/tsrag/data/shared/Australia_Solar/H/long/run_0 source_launch=selena_3452080 launch_id=selena_3452080 slurm_job_id=3452080 launched_at=2026-09-17T16:14:16.660618+00:00
[2026-09-17 16:14:16 UTC] prepare dataset=epf_electricity_price/H term=short H=24 validation=2520
TIME run allocation action=skip run=/fslarge/scratch/users/h61084/codes/tsrag_time/outputs/tsrag/data/shared/epf_electricity_price/H/short/run_0 source_launch=selena_3452080 launch_id=selena_3452080 slurm_job_id=3452080 launched_at=2026-09-17T16:14:16.664683+00:00
[2026-09-17 16:14:16 UTC] prepare dataset=epf_electricity_price/H term=medium H=72 validation=2520
TIME run allocation action=skip run=/fslarge/scratch/users/h61084/codes/tsrag_time/outputs/tsrag/data/shared/epf_electricity_price/H/medium/run_0 source_launch=selena_3452080 launch_id=selena_3452080 slurm_job_id=3452080 launched_at=2026-09-17T16:14:16.668432+00:00
[2026-09-17 16:14:16 UTC] prepare dataset=epf_electricity_price/H term=long H=168 validation=2520
TIME run allocation action=skip run=/fslarge/scratch/users/h61084/codes/tsrag_time/outputs/tsrag/data/shared/epf_electricity_price/H/long/run_0 source_launch=selena_3452080 launch_id=selena_3452080 slurm_job_id=3452080 launched_at=2026-09-17T16:14:16.672105+00:00
[2026-09-17 16:14:16 UTC] prepare dataset=OpenElectricity_NEM/5T term=short H=24 validation=4032
TIME run allocation action=skip run=/fslarge/scratch/users/h61084/codes/tsrag_time/outputs/tsrag/data/shared/OpenElectricity_NEM/5T/short/run_0 source_launch=selena_3452080 launch_id=selena_3452080 slurm_job_id=3452080 launched_at=2026-09-17T16:14:16.676240+00:00
[2026-09-17 16:14:16 UTC] prepare dataset=OpenElectricity_NEM/5T term=medium H=96 validation=4032
TIME run allocation action=skip run=/fslarge/scratch/users/h61084/codes/tsrag_time/outputs/tsrag/data/shared/OpenElectricity_NEM/5T/medium/run_0 source_launch=selena_3452080 launch_id=selena_3452080 slurm_job_id=3452080 launched_at=2026-09-17T16:14:16.679921+00:00
[2026-09-17 16:14:16 UTC] prepare dataset=OpenElectricity_NEM/5T term=long H=288 validation=4032
TIME run allocation action=skip run=/fslarge/scratch/users/h61084/codes/tsrag_time/outputs/tsrag/data/shared/OpenElectricity_NEM/5T/long/run_0 source_launch=selena_3452080 launch_id=selena_3452080 slurm_job_id=3452080 launched_at=2026-09-17T16:14:16.684176+00:00
[2026-09-17 16:14:16 UTC] prepare dataset=EWELD_Load/15T term=short H=24 validation=1344
TIME run allocation action=skip run=/fslarge/scratch/users/h61084/codes/tsrag_time/outputs/tsrag/data/shared/EWELD_Load/15T/short/run_0 source_launch=selena_3452080 launch_id=selena_3452080 slurm_job_id=3452080 launched_at=2026-09-17T16:14:16.688142+00:00
[2026-09-17 16:14:16 UTC] prepare dataset=EWELD_Load/15T term=medium H=96 validation=1344
TIME run allocation action=skip run=/fslarge/scratch/users/h61084/codes/tsrag_time/outputs/tsrag/data/shared/EWELD_Load/15T/medium/run_0 source_launch=selena_3452080 launch_id=selena_3452080 slurm_job_id=3452080 launched_at=2026-09-17T16:14:16.691781+00:00
[2026-09-17 16:14:16 UTC] prepare dataset=EWELD_Load/15T term=long H=672 validation=1344
TIME run allocation action=skip run=/fslarge/scratch/users/h61084/codes/tsrag_time/outputs/tsrag/data/shared/EWELD_Load/15T/long/run_0 source_launch=selena_3452080 launch_id=selena_3452080 slurm_job_id=3452080 launched_at=2026-09-17T16:14:16.695592+00:00
[2026-09-17 16:14:16 UTC] prepare dataset=SG_Carpark/15T term=short H=16 validation=672
TIME run allocation action=skip run=/fslarge/scratch/users/h61084/codes/tsrag_time/outputs/tsrag/data/shared/SG_Carpark/15T/short/run_0 source_launch=selena_3452080 launch_id=selena_3452080 slurm_job_id=3452080 launched_at=2026-09-17T16:14:16.700012+00:00
[2026-09-17 16:14:16 UTC] prepare dataset=SG_Carpark/15T term=medium H=96 validation=672
TIME run allocation action=skip run=/fslarge/scratch/users/h61084/codes/tsrag_time/outputs/tsrag/data/shared/SG_Carpark/15T/medium/run_0 source_launch=selena_3452080 launch_id=selena_3452080 slurm_job_id=3452080 launched_at=2026-09-17T16:14:16.703749+00:00
[2026-09-17 16:14:16 UTC] prepare dataset=SG_Carpark/15T term=long H=672 validation=672
TIME run allocation action=skip run=/fslarge/scratch/users/h61084/codes/tsrag_time/outputs/tsrag/data/shared/SG_Carpark/15T/long/run_0 source_launch=selena_3452080 launch_id=selena_3452080 slurm_job_id=3452080 launched_at=2026-09-17T16:14:16.707580+00:00
[2026-09-17 16:14:16 UTC] prepare dataset=Finland_Traffic/15T term=short H=16 validation=2880
TIME run allocation action=skip run=/fslarge/scratch/users/h61084/codes/tsrag_time/outputs/tsrag/data/shared/Finland_Traffic/15T/short/run_0 source_launch=selena_3452080 launch_id=selena_3452080 slurm_job_id=3452080 launched_at=2026-09-17T16:14:16.711672+00:00
[2026-09-17 16:14:16 UTC] prepare dataset=Finland_Traffic/15T term=medium H=96 validation=2880
TIME run allocation action=skip run=/fslarge/scratch/users/h61084/codes/tsrag_time/outputs/tsrag/data/shared/Finland_Traffic/15T/medium/run_0 source_launch=selena_3452080 launch_id=selena_3452080 slurm_job_id=3452080 launched_at=2026-09-17T16:14:16.715420+00:00
[2026-09-17 16:14:16 UTC] prepare dataset=Finland_Traffic/15T term=long H=672 validation=2880
TIME run allocation action=skip run=/fslarge/scratch/users/h61084/codes/tsrag_time/outputs/tsrag/data/shared/Finland_Traffic/15T/long/run_0 source_launch=selena_3452080 launch_id=selena_3452080 slurm_job_id=3452080 launched_at=2026-09-17T16:14:16.719051+00:00
[2026-09-17 16:14:16 UTC] prepare dataset=Port_Activity/D term=short H=30 validation=90
TIME run allocation action=skip run=/fslarge/scratch/users/h61084/codes/tsrag_time/outputs/tsrag/data/shared/Port_Activity/D/short/run_0 source_launch=selena_3452080 launch_id=selena_3452080 slurm_job_id=3452080 launched_at=2026-09-17T16:14:16.723057+00:00
[2026-09-17 16:14:16 UTC] prepare dataset=Port_Activity/W term=short H=13 validation=13
TIME run allocation action=skip run=/fslarge/scratch/users/h61084/codes/tsrag_time/outputs/tsrag/data/shared/Port_Activity/W/short/run_0 source_launch=selena_3452080 launch_id=selena_3452080 slurm_job_id=3452080 launched_at=2026-09-17T16:14:16.726968+00:00
[2026-09-17 16:14:16 UTC] prepare dataset=ECDC_COVID/D term=short H=30 validation=30
TIME run allocation action=skip run=/fslarge/scratch/users/h61084/codes/tsrag_time/outputs/tsrag/data/shared/ECDC_COVID/D/short/run_0 source_launch=selena_3452080 launch_id=selena_3452080 slurm_job_id=3452080 launched_at=2026-09-17T16:14:16.730986+00:00
[2026-09-17 16:14:16 UTC] prepare dataset=ECDC_COVID/W term=short H=13 validation=13
TIME run allocation action=skip run=/fslarge/scratch/users/h61084/codes/tsrag_time/outputs/tsrag/data/shared/ECDC_COVID/W/short/run_0 source_launch=selena_3452080 launch_id=selena_3452080 slurm_job_id=3452080 launched_at=2026-09-17T16:14:16.734765+00:00
[2026-09-17 16:14:16 UTC] prepare dataset=Global_Influenza/W term=short H=13 validation=13
TIME run allocation action=skip run=/fslarge/scratch/users/h61084/codes/tsrag_time/outputs/tsrag/data/shared/Global_Influenza/W/short/run_0 source_launch=selena_3452080 launch_id=selena_3452080 slurm_job_id=3452080 launched_at=2026-09-17T16:14:16.738885+00:00
[2026-09-17 16:14:16 UTC] prepare dataset=Crypto/D term=short H=30 validation=92
TIME run allocation action=skip run=/fslarge/scratch/users/h61084/codes/tsrag_time/outputs/tsrag/data/shared/Crypto/D/short/run_0 source_launch=selena_3452080 launch_id=selena_3452080 slurm_job_id=3452080 launched_at=2026-09-17T16:14:16.742777+00:00
[2026-09-17 16:14:16 UTC] prepare dataset=US_Term_Structure/B term=short H=20 validation=100
TIME run allocation action=skip run=/fslarge/scratch/users/h61084/codes/tsrag_time/outputs/tsrag/data/shared/US_Term_Structure/B/short/run_0 source_launch=selena_3452080 launch_id=selena_3452080 slurm_job_id=3452080 launched_at=2026-09-17T16:14:16.746879+00:00
[2026-09-17 16:14:16 UTC] prepare dataset=Oil_Price/B term=short H=20 validation=100
TIME run allocation action=skip run=/fslarge/scratch/users/h61084/codes/tsrag_time/outputs/tsrag/data/shared/Oil_Price/B/short/run_0 source_launch=selena_3452080 launch_id=selena_3452080 slurm_job_id=3452080 launched_at=2026-09-17T16:14:16.750707+00:00
[2026-09-17 16:14:16 UTC] prepare dataset=Job_Claims/W term=short H=13 validation=13
TIME run allocation action=skip run=/fslarge/scratch/users/h61084/codes/tsrag_time/outputs/tsrag/data/shared/Job_Claims/W/short/run_0 source_launch=selena_3452080 launch_id=selena_3452080 slurm_job_id=3452080 launched_at=2026-09-17T16:14:16.754788+00:00
[2026-09-17 16:14:16 UTC] prepare dataset=Uncertainty_1M/M term=short H=6 validation=18
TIME run allocation action=skip run=/fslarge/scratch/users/h61084/codes/tsrag_time/outputs/tsrag/data/shared/Uncertainty_1M/M/short/run_0 source_launch=selena_3452080 launch_id=selena_3452080 slurm_job_id=3452080 launched_at=2026-09-17T16:14:16.758954+00:00
[2026-09-17 16:14:16 UTC] prepare dataset=Housing_Inventory/M term=short H=12 validation=12
TIME run allocation action=skip run=/fslarge/scratch/users/h61084/codes/tsrag_time/outputs/tsrag/data/shared/Housing_Inventory/M/short/run_0 source_launch=selena_3452080 launch_id=selena_3452080 slurm_job_id=3452080 launched_at=2026-09-17T16:14:16.762939+00:00
[2026-09-17 16:14:16 UTC] prepare dataset=JOLTS/M term=short H=12 validation=12
TIME run allocation action=skip run=/fslarge/scratch/users/h61084/codes/tsrag_time/outputs/tsrag/data/shared/JOLTS/M/short/run_0 source_launch=selena_3452080 launch_id=selena_3452080 slurm_job_id=3452080 launched_at=2026-09-17T16:14:16.766877+00:00
[2026-09-17 16:14:16 UTC] prepare dataset=US_Labor/M term=short H=12 validation=12
TIME run allocation action=skip run=/fslarge/scratch/users/h61084/codes/tsrag_time/outputs/tsrag/data/shared/US_Labor/M/short/run_0 source_launch=selena_3452080 launch_id=selena_3452080 slurm_job_id=3452080 launched_at=2026-09-17T16:14:16.770726+00:00
[2026-09-17 16:14:16 UTC] prepare dataset=Vehicle_Supply/M term=short H=12 validation=12
TIME run allocation action=skip run=/fslarge/scratch/users/h61084/codes/tsrag_time/outputs/tsrag/data/shared/Vehicle_Supply/M/short/run_0 source_launch=selena_3452080 launch_id=selena_3452080 slurm_job_id=3452080 launched_at=2026-09-17T16:14:16.774929+00:00
[2026-09-17 16:14:16 UTC] prepare dataset=Auto_Production_SF/M term=short H=12 validation=12
TIME run allocation action=skip run=/fslarge/scratch/users/h61084/codes/tsrag_time/outputs/tsrag/data/shared/Auto_Production_SF/M/short/run_0 source_launch=selena_3452080 launch_id=selena_3452080 slurm_job_id=3452080 launched_at=2026-09-17T16:14:16.778821+00:00
[2026-09-17 16:14:16 UTC] prepare dataset=Commodity_Production/M term=short H=12 validation=12
TIME run allocation action=skip run=/fslarge/scratch/users/h61084/codes/tsrag_time/outputs/tsrag/data/shared/Commodity_Production/M/short/run_0 source_launch=selena_3452080 launch_id=selena_3452080 slurm_job_id=3452080 launched_at=2026-09-17T16:14:16.782434+00:00
[2026-09-17 16:14:16 UTC] prepare dataset=Commodity_Import/M term=short H=12 validation=12
TIME run allocation action=skip run=/fslarge/scratch/users/h61084/codes/tsrag_time/outputs/tsrag/data/shared/Commodity_Import/M/short/run_0 source_launch=selena_3452080 launch_id=selena_3452080 slurm_job_id=3452080 launched_at=2026-09-17T16:14:16.786787+00:00
[2026-09-17 16:14:16 UTC] prepare dataset=WUI_Global/Q term=short H=4 validation=20
TIME run allocation action=skip run=/fslarge/scratch/users/h61084/codes/tsrag_time/outputs/tsrag/data/shared/WUI_Global/Q/short/run_0 source_launch=selena_3452080 launch_id=selena_3452080 slurm_job_id=3452080 launched_at=2026-09-17T16:14:16.790860+00:00
[2026-09-17 16:14:16 UTC] prepare dataset=Global_Price/Q term=short H=4 validation=8
TIME run allocation action=skip run=/fslarge/scratch/users/h61084/codes/tsrag_time/outputs/tsrag/data/shared/Global_Price/Q/short/run_0 source_launch=selena_3452080 launch_id=selena_3452080 slurm_job_id=3452080 launched_at=2026-09-17T16:14:16.794851+00:00
[2026-09-17 16:14:16 UTC] prepare dataset=Vehicle_Sales/M term=short H=12 validation=12
TIME run allocation action=skip run=/fslarge/scratch/users/h61084/codes/tsrag_time/outputs/tsrag/data/shared/Vehicle_Sales/M/short/run_0 source_launch=selena_3452080 launch_id=selena_3452080 slurm_job_id=3452080 launched_at=2026-09-17T16:14:16.798768+00:00
[2026-09-17 16:14:16 UTC] prepare dataset=Online_Retail_2_UCI/D term=short H=30 validation=90
TIME run allocation action=skip run=/fslarge/scratch/users/h61084/codes/tsrag_time/outputs/tsrag/data/shared/Online_Retail_2_UCI/D/short/run_0 source_launch=selena_3452080 launch_id=selena_3452080 slurm_job_id=3452080 launched_at=2026-09-17T16:14:16.802741+00:00
[2026-09-17 16:14:16 UTC] prepare dataset=Supply_Chain_Customer/D term=short H=30 validation=90
TIME run allocation action=skip run=/fslarge/scratch/users/h61084/codes/tsrag_time/outputs/tsrag/data/shared/Supply_Chain_Customer/D/short/run_0 source_launch=selena_3452080 launch_id=selena_3452080 slurm_job_id=3452080 launched_at=2026-09-17T16:14:16.806661+00:00
[2026-09-17 16:14:16 UTC] prepare dataset=Supply_Chain_Location/D term=short H=30 validation=90
TIME run allocation action=skip run=/fslarge/scratch/users/h61084/codes/tsrag_time/outputs/tsrag/data/shared/Supply_Chain_Location/D/short/run_0 source_launch=selena_3452080 launch_id=selena_3452080 slurm_job_id=3452080 launched_at=2026-09-17T16:14:16.810633+00:00
[2026-09-17 16:14:16 UTC] prepare dataset=azure2019_U/5T term=short H=48 validation=96
TIME run allocation action=skip run=/fslarge/scratch/users/h61084/codes/tsrag_time/outputs/tsrag/data/shared/azure2019_U/5T/short/run_0 source_launch=selena_3452080 launch_id=selena_3452080 slurm_job_id=3452080 launched_at=2026-09-17T16:14:16.814761+00:00
[2026-09-17 16:14:16 UTC] prepare dataset=Smart_Manufacturing/H term=short H=24 validation=336
TIME run allocation action=skip run=/fslarge/scratch/users/h61084/codes/tsrag_time/outputs/tsrag/data/shared/Smart_Manufacturing/H/short/run_0 source_launch=selena_3452080 launch_id=selena_3452080 slurm_job_id=3452080 launched_at=2026-09-17T16:14:16.818622+00:00
[2026-09-17 16:14:16 UTC] prepare dataset=Smart_Manufacturing/H term=medium H=168 validation=336
TIME run allocation action=skip run=/fslarge/scratch/users/h61084/codes/tsrag_time/outputs/tsrag/data/shared/Smart_Manufacturing/H/medium/run_0 source_launch=selena_3452080 launch_id=selena_3452080 slurm_job_id=3452080 launched_at=2026-09-17T16:14:16.822490+00:00
[2026-09-17 16:14:16 UTC] prepare dataset=Smart_Manufacturing/H term=long H=336 validation=336
TIME run allocation action=skip run=/fslarge/scratch/users/h61084/codes/tsrag_time/outputs/tsrag/data/shared/Smart_Manufacturing/H/long/run_0 source_launch=selena_3452080 launch_id=selena_3452080 slurm_job_id=3452080 launched_at=2026-09-17T16:14:16.826300+00:00
[2026-09-17 16:14:16 UTC] prepare dataset=MetroPT-3/5T term=short H=48 validation=1728
TIME run allocation action=skip run=/fslarge/scratch/users/h61084/codes/tsrag_time/outputs/tsrag/data/shared/MetroPT-3/5T/short/run_0 source_launch=selena_3452080 launch_id=selena_3452080 slurm_job_id=3452080 launched_at=2026-09-17T16:14:16.830120+00:00
[2026-09-17 16:14:16 UTC] prepare dataset=MetroPT-3/5T term=medium H=288 validation=1728
TIME run allocation action=skip run=/fslarge/scratch/users/h61084/codes/tsrag_time/outputs/tsrag/data/shared/MetroPT-3/5T/medium/run_0 source_launch=selena_3452080 launch_id=selena_3452080 slurm_job_id=3452080 launched_at=2026-09-17T16:14:16.833958+00:00
[2026-09-17 16:14:16 UTC] prepare dataset=MetroPT-3/5T term=long H=576 validation=1728
TIME run allocation action=skip run=/fslarge/scratch/users/h61084/codes/tsrag_time/outputs/tsrag/data/shared/MetroPT-3/5T/long/run_0 source_launch=selena_3452080 launch_id=selena_3452080 slurm_job_id=3452080 launched_at=2026-09-17T16:14:16.837542+00:00

[2026-09-17 16:14:18 UTC] stage=vanilla
[2026-09-17 18:14:20,024][datasets][INFO] - PyTorch version 2.9.1 available.
[2026-09-17 16:14:22 UTC] stage=vanilla tasks=90 seed=0 device=cuda Slurm=3452080
TIME run allocation action=skip run=/fslarge/scratch/users/h61084/codes/tsrag_time/outputs/tsrag/predictions/chronos_bolt_512/Water_Quality_Darwin/15T/short/run_0 source_launch=selena_3452080 launch_id=selena_3452080 slurm_job_id=3452080 launched_at=2026-09-17T16:14:22.138063+00:00
TIME run allocation action=skip run=/fslarge/scratch/users/h61084/codes/tsrag_time/outputs/tsrag/predictions/chronos_bolt_512/Water_Quality_Darwin/15T/medium/run_0 source_launch=selena_3452080 launch_id=selena_3452080 slurm_job_id=3452080 launched_at=2026-09-17T16:14:22.145894+00:00
TIME run allocation action=skip run=/fslarge/scratch/users/h61084/codes/tsrag_time/outputs/tsrag/predictions/chronos_bolt_512/Water_Quality_Darwin/15T/long/run_0 source_launch=selena_3452080 launch_id=selena_3452080 slurm_job_id=3452080 launched_at=2026-09-17T16:14:22.153768+00:00
TIME run allocation action=skip run=/fslarge/scratch/users/h61084/codes/tsrag_time/outputs/tsrag/predictions/chronos_bolt_512/current_velocity/5T/short/run_0 source_launch=selena_3452080 launch_id=selena_3452080 slurm_job_id=3452080 launched_at=2026-09-17T16:14:22.161230+00:00
TIME run allocation action=skip run=/fslarge/scratch/users/h61084/codes/tsrag_time/outputs/tsrag/predictions/chronos_bolt_512/current_velocity/5T/medium/run_0 source_launch=selena_3452080 launch_id=selena_3452080 slurm_job_id=3452080 launched_at=2026-09-17T16:14:22.168625+00:00
TIME run allocation action=skip run=/fslarge/scratch/users/h61084/codes/tsrag_time/outputs/tsrag/predictions/chronos_bolt_512/current_velocity/5T/long/run_0 source_launch=selena_3452080 launch_id=selena_3452080 slurm_job_id=3452080 launched_at=2026-09-17T16:14:22.175789+00:00
TIME run allocation action=skip run=/fslarge/scratch/users/h61084/codes/tsrag_time/outputs/tsrag/predictions/chronos_bolt_512/current_velocity/10T/short/run_0 source_launch=selena_3452080 launch_id=selena_3452080 slurm_job_id=3452080 launched_at=2026-09-17T16:14:22.183183+00:00
TIME run allocation action=skip run=/fslarge/scratch/users/h61084/codes/tsrag_time/outputs/tsrag/predictions/chronos_bolt_512/current_velocity/10T/medium/run_0 source_launch=selena_3452080 launch_id=selena_3452080 slurm_job_id=3452080 launched_at=2026-09-17T16:14:22.190459+00:00
TIME run allocation action=skip run=/fslarge/scratch/users/h61084/codes/tsrag_time/outputs/tsrag/predictions/chronos_bolt_512/current_velocity/10T/long/run_0 source_launch=selena_3452080 launch_id=selena_3452080 slurm_job_id=3452080 launched_at=2026-09-17T16:14:22.198019+00:00
TIME run allocation action=skip run=/fslarge/scratch/users/h61084/codes/tsrag_time/outputs/tsrag/predictions/chronos_bolt_512/current_velocity/15T/short/run_0 source_launch=selena_3452080 launch_id=selena_3452080 slurm_job_id=3452080 launched_at=2026-09-17T16:14:22.205440+00:00
TIME run allocation action=skip run=/fslarge/scratch/users/h61084/codes/tsrag_time/outputs/tsrag/predictions/chronos_bolt_512/current_velocity/15T/medium/run_0 source_launch=selena_3452080 launch_id=selena_3452080 slurm_job_id=3452080 launched_at=2026-09-17T16:14:22.212900+00:00
TIME run allocation action=skip run=/fslarge/scratch/users/h61084/codes/tsrag_time/outputs/tsrag/predictions/chronos_bolt_512/current_velocity/15T/long/run_0 source_launch=selena_3452080 launch_id=selena_3452080 slurm_job_id=3452080 launched_at=2026-09-17T16:14:22.220198+00:00
TIME run allocation action=skip run=/fslarge/scratch/users/h61084/codes/tsrag_time/outputs/tsrag/predictions/chronos_bolt_512/current_velocity/H/short/run_0 source_launch=selena_3452080 launch_id=selena_3452080 slurm_job_id=3452080 launched_at=2026-09-17T16:14:22.227458+00:00
TIME run allocation action=skip run=/fslarge/scratch/users/h61084/codes/tsrag_time/outputs/tsrag/predictions/chronos_bolt_512/current_velocity/H/medium/run_0 source_launch=selena_3452080 launch_id=selena_3452080 slurm_job_id=3452080 launched_at=2026-09-17T16:14:22.234762+00:00
TIME run allocation action=skip run=/fslarge/scratch/users/h61084/codes/tsrag_time/outputs/tsrag/predictions/chronos_bolt_512/current_velocity/H/long/run_0 source_launch=selena_3452080 launch_id=selena_3452080 slurm_job_id=3452080 launched_at=2026-09-17T16:14:22.242134+00:00
TIME run allocation action=skip run=/fslarge/scratch/users/h61084/codes/tsrag_time/outputs/tsrag/predictions/chronos_bolt_512/CPHL/15T/short/run_0 source_launch=selena_3452080 launch_id=selena_3452080 slurm_job_id=3452080 launched_at=2026-09-17T16:14:22.249349+00:00
TIME run allocation action=skip run=/fslarge/scratch/users/h61084/codes/tsrag_time/outputs/tsrag/predictions/chronos_bolt_512/CPHL/15T/medium/run_0 source_launch=selena_3452080 launch_id=selena_3452080 slurm_job_id=3452080 launched_at=2026-09-17T16:14:22.256963+00:00
TIME run allocation action=skip run=/fslarge/scratch/users/h61084/codes/tsrag_time/outputs/tsrag/predictions/chronos_bolt_512/CPHL/15T/long/run_0 source_launch=selena_3452080 launch_id=selena_3452080 slurm_job_id=3452080 launched_at=2026-09-17T16:14:22.264365+00:00
TIME run allocation action=skip run=/fslarge/scratch/users/h61084/codes/tsrag_time/outputs/tsrag/predictions/chronos_bolt_512/CPHL/30T/short/run_0 source_launch=selena_3452080 launch_id=selena_3452080 slurm_job_id=3452080 launched_at=2026-09-17T16:14:22.271863+00:00
TIME run allocation action=skip run=/fslarge/scratch/users/h61084/codes/tsrag_time/outputs/tsrag/predictions/chronos_bolt_512/CPHL/30T/medium/run_0 source_launch=selena_3452080 launch_id=selena_3452080 slurm_job_id=3452080 launched_at=2026-09-17T16:14:22.279392+00:00
TIME run allocation action=skip run=/fslarge/scratch/users/h61084/codes/tsrag_time/outputs/tsrag/predictions/chronos_bolt_512/CPHL/30T/long/run_0 source_launch=selena_3452080 launch_id=selena_3452080 slurm_job_id=3452080 launched_at=2026-09-17T16:14:22.286873+00:00
TIME run allocation action=skip run=/fslarge/scratch/users/h61084/codes/tsrag_time/outputs/tsrag/predictions/chronos_bolt_512/CPHL/H/short/run_0 source_launch=selena_3452080 launch_id=selena_3452080 slurm_job_id=3452080 launched_at=2026-09-17T16:14:22.294255+00:00
TIME run allocation action=skip run=/fslarge/scratch/users/h61084/codes/tsrag_time/outputs/tsrag/predictions/chronos_bolt_512/CPHL/H/medium/run_0 source_launch=selena_3452080 launch_id=selena_3452080 slurm_job_id=3452080 launched_at=2026-09-17T16:14:22.301713+00:00
TIME run allocation action=skip run=/fslarge/scratch/users/h61084/codes/tsrag_time/outputs/tsrag/predictions/chronos_bolt_512/CPHL/H/long/run_0 source_launch=selena_3452080 launch_id=selena_3452080 slurm_job_id=3452080 launched_at=2026-09-17T16:14:22.309082+00:00
TIME run allocation action=skip run=/fslarge/scratch/users/h61084/codes/tsrag_time/outputs/tsrag/predictions/chronos_bolt_512/Coastal_T_S/15T/short/run_0 source_launch=selena_3452080 launch_id=selena_3452080 slurm_job_id=3452080 launched_at=2026-09-17T16:14:22.316309+00:00
TIME run allocation action=skip run=/fslarge/scratch/users/h61084/codes/tsrag_time/outputs/tsrag/predictions/chronos_bolt_512/Coastal_T_S/15T/medium/run_0 source_launch=selena_3452080 launch_id=selena_3452080 slurm_job_id=3452080 launched_at=2026-09-17T16:14:22.323929+00:00
TIME run allocation action=skip run=/fslarge/scratch/users/h61084/codes/tsrag_time/outputs/tsrag/predictions/chronos_bolt_512/Coastal_T_S/15T/long/run_0 source_launch=selena_3452080 launch_id=selena_3452080 slurm_job_id=3452080 launched_at=2026-09-17T16:14:22.331279+00:00
TIME run allocation action=skip run=/fslarge/scratch/users/h61084/codes/tsrag_time/outputs/tsrag/predictions/chronos_bolt_512/Coastal_T_S/20T/short/run_0 source_launch=selena_3452080 launch_id=selena_3452080 slurm_job_id=3452080 launched_at=2026-09-17T16:14:22.338436+00:00
TIME run allocation action=skip run=/fslarge/scratch/users/h61084/codes/tsrag_time/outputs/tsrag/predictions/chronos_bolt_512/Coastal_T_S/20T/medium/run_0 source_launch=selena_3452080 launch_id=selena_3452080 slurm_job_id=3452080 launched_at=2026-09-17T16:14:22.345640+00:00
TIME run allocation action=skip run=/fslarge/scratch/users/h61084/codes/tsrag_time/outputs/tsrag/predictions/chronos_bolt_512/Coastal_T_S/20T/long/run_0 source_launch=selena_3452080 launch_id=selena_3452080 slurm_job_id=3452080 launched_at=2026-09-17T16:14:22.353172+00:00
TIME run allocation action=skip run=/fslarge/scratch/users/h61084/codes/tsrag_time/outputs/tsrag/predictions/chronos_bolt_512/Coastal_T_S/H/short/run_0 source_launch=selena_3452080 launch_id=selena_3452080 slurm_job_id=3452080 launched_at=2026-09-17T16:14:22.360559+00:00
TIME run allocation action=skip run=/fslarge/scratch/users/h61084/codes/tsrag_time/outputs/tsrag/predictions/chronos_bolt_512/Coastal_T_S/H/medium/run_0 source_launch=selena_3452080 launch_id=selena_3452080 slurm_job_id=3452080 launched_at=2026-09-17T16:14:22.367766+00:00
TIME run allocation action=skip run=/fslarge/scratch/users/h61084/codes/tsrag_time/outputs/tsrag/predictions/chronos_bolt_512/Coastal_T_S/H/long/run_0 source_launch=selena_3452080 launch_id=selena_3452080 slurm_job_id=3452080 launched_at=2026-09-17T16:14:22.374996+00:00
TIME run allocation action=skip run=/fslarge/scratch/users/h61084/codes/tsrag_time/outputs/tsrag/predictions/chronos_bolt_512/SG_Weather/D/short/run_0 source_launch=selena_3452080 launch_id=selena_3452080 slurm_job_id=3452080 launched_at=2026-09-17T16:14:22.382328+00:00
TIME run allocation action=skip run=/fslarge/scratch/users/h61084/codes/tsrag_time/outputs/tsrag/predictions/chronos_bolt_512/SG_Weather/D/medium/run_0 source_launch=selena_3452080 launch_id=selena_3452080 slurm_job_id=3452080 launched_at=2026-09-17T16:14:22.389528+00:00
TIME run allocation action=skip run=/fslarge/scratch/users/h61084/codes/tsrag_time/outputs/tsrag/predictions/chronos_bolt_512/SG_Weather/D/long/run_0 source_launch=selena_3452080 launch_id=selena_3452080 slurm_job_id=3452080 launched_at=2026-09-17T16:14:22.396985+00:00
TIME run allocation action=skip run=/fslarge/scratch/users/h61084/codes/tsrag_time/outputs/tsrag/predictions/chronos_bolt_512/SG_PM25/H/short/run_0 source_launch=selena_3452080 launch_id=selena_3452080 slurm_job_id=3452080 launched_at=2026-09-17T16:14:22.404401+00:00
TIME run allocation action=skip run=/fslarge/scratch/users/h61084/codes/tsrag_time/outputs/tsrag/predictions/chronos_bolt_512/SG_PM25/H/medium/run_0 source_launch=selena_3452080 launch_id=selena_3452080 slurm_job_id=3452080 launched_at=2026-09-17T16:14:22.411743+00:00
TIME run allocation action=skip run=/fslarge/scratch/users/h61084/codes/tsrag_time/outputs/tsrag/predictions/chronos_bolt_512/SG_PM25/H/long/run_0 source_launch=selena_3452080 launch_id=selena_3452080 slurm_job_id=3452080 launched_at=2026-09-17T16:14:22.418951+00:00
TIME run allocation action=skip run=/fslarge/scratch/users/h61084/codes/tsrag_time/outputs/tsrag/predictions/chronos_bolt_512/NE_China_Wind/H/short/run_0 source_launch=selena_3452080 launch_id=selena_3452080 slurm_job_id=3452080 launched_at=2026-09-17T16:14:22.426413+00:00
TIME run allocation action=skip run=/fslarge/scratch/users/h61084/codes/tsrag_time/outputs/tsrag/predictions/chronos_bolt_512/NE_China_Wind/H/medium/run_0 source_launch=selena_3452080 launch_id=selena_3452080 slurm_job_id=3452080 launched_at=2026-09-17T16:14:22.433760+00:00
TIME run allocation action=skip run=/fslarge/scratch/users/h61084/codes/tsrag_time/outputs/tsrag/predictions/chronos_bolt_512/NE_China_Wind/H/long/run_0 source_launch=selena_3452080 launch_id=selena_3452080 slurm_job_id=3452080 launched_at=2026-09-17T16:14:22.441068+00:00
TIME run allocation action=skip run=/fslarge/scratch/users/h61084/codes/tsrag_time/outputs/tsrag/predictions/chronos_bolt_512/Australia_Solar/H/short/run_0 source_launch=selena_3452080 launch_id=selena_3452080 slurm_job_id=3452080 launched_at=2026-09-17T16:14:22.448316+00:00
TIME run allocation action=skip run=/fslarge/scratch/users/h61084/codes/tsrag_time/outputs/tsrag/predictions/chronos_bolt_512/Australia_Solar/H/medium/run_0 source_launch=selena_3452080 launch_id=selena_3452080 slurm_job_id=3452080 launched_at=2026-09-17T16:14:22.455606+00:00
TIME run allocation action=skip run=/fslarge/scratch/users/h61084/codes/tsrag_time/outputs/tsrag/predictions/chronos_bolt_512/Australia_Solar/H/long/run_0 source_launch=selena_3452080 launch_id=selena_3452080 slurm_job_id=3452080 launched_at=2026-09-17T16:14:22.462776+00:00
TIME run allocation action=skip run=/fslarge/scratch/users/h61084/codes/tsrag_time/outputs/tsrag/predictions/chronos_bolt_512/epf_electricity_price/H/short/run_0 source_launch=selena_3452080 launch_id=selena_3452080 slurm_job_id=3452080 launched_at=2026-09-17T16:14:22.469909+00:00
TIME run allocation action=skip run=/fslarge/scratch/users/h61084/codes/tsrag_time/outputs/tsrag/predictions/chronos_bolt_512/epf_electricity_price/H/medium/run_0 source_launch=selena_3452080 launch_id=selena_3452080 slurm_job_id=3452080 launched_at=2026-09-17T16:14:22.477314+00:00
TIME run allocation action=skip run=/fslarge/scratch/users/h61084/codes/tsrag_time/outputs/tsrag/predictions/chronos_bolt_512/epf_electricity_price/H/long/run_0 source_launch=selena_3452080 launch_id=selena_3452080 slurm_job_id=3452080 launched_at=2026-09-17T16:14:22.484611+00:00
TIME run allocation action=skip run=/fslarge/scratch/users/h61084/codes/tsrag_time/outputs/tsrag/predictions/chronos_bolt_512/OpenElectricity_NEM/5T/short/run_0 source_launch=selena_3452080 launch_id=selena_3452080 slurm_job_id=3452080 launched_at=2026-09-17T16:14:22.492109+00:00
TIME run allocation action=skip run=/fslarge/scratch/users/h61084/codes/tsrag_time/outputs/tsrag/predictions/chronos_bolt_512/OpenElectricity_NEM/5T/medium/run_0 source_launch=selena_3452080 launch_id=selena_3452080 slurm_job_id=3452080 launched_at=2026-09-17T16:14:22.499383+00:00
TIME run allocation action=skip run=/fslarge/scratch/users/h61084/codes/tsrag_time/outputs/tsrag/predictions/chronos_bolt_512/OpenElectricity_NEM/5T/long/run_0 source_launch=selena_3452080 launch_id=selena_3452080 slurm_job_id=3452080 launched_at=2026-09-17T16:14:22.506646+00:00
TIME run allocation action=skip run=/fslarge/scratch/users/h61084/codes/tsrag_time/outputs/tsrag/predictions/chronos_bolt_512/EWELD_Load/15T/short/run_0 source_launch=selena_3452080 launch_id=selena_3452080 slurm_job_id=3452080 launched_at=2026-09-17T16:14:22.513933+00:00
TIME run allocation action=skip run=/fslarge/scratch/users/h61084/codes/tsrag_time/outputs/tsrag/predictions/chronos_bolt_512/EWELD_Load/15T/medium/run_0 source_launch=selena_3452080 launch_id=selena_3452080 slurm_job_id=3452080 launched_at=2026-09-17T16:14:22.521137+00:00
TIME run allocation action=skip run=/fslarge/scratch/users/h61084/codes/tsrag_time/outputs/tsrag/predictions/chronos_bolt_512/EWELD_Load/15T/long/run_0 source_launch=selena_3452080 launch_id=selena_3452080 slurm_job_id=3452080 launched_at=2026-09-17T16:14:22.528399+00:00
TIME run allocation action=skip run=/fslarge/scratch/users/h61084/codes/tsrag_time/outputs/tsrag/predictions/chronos_bolt_512/SG_Carpark/15T/short/run_0 source_launch=selena_3452080 launch_id=selena_3452080 slurm_job_id=3452080 launched_at=2026-09-17T16:14:22.535854+00:00
TIME run allocation action=skip run=/fslarge/scratch/users/h61084/codes/tsrag_time/outputs/tsrag/predictions/chronos_bolt_512/SG_Carpark/15T/medium/run_0 source_launch=selena_3452080 launch_id=selena_3452080 slurm_job_id=3452080 launched_at=2026-09-17T16:14:22.543227+00:00
TIME run allocation action=skip run=/fslarge/scratch/users/h61084/codes/tsrag_time/outputs/tsrag/predictions/chronos_bolt_512/SG_Carpark/15T/long/run_0 source_launch=selena_3452080 launch_id=selena_3452080 slurm_job_id=3452080 launched_at=2026-09-17T16:14:22.550524+00:00
TIME run allocation action=skip run=/fslarge/scratch/users/h61084/codes/tsrag_time/outputs/tsrag/predictions/chronos_bolt_512/Finland_Traffic/15T/short/run_0 source_launch=selena_3452080 launch_id=selena_3452080 slurm_job_id=3452080 launched_at=2026-09-17T16:14:22.557833+00:00
TIME run allocation action=skip run=/fslarge/scratch/users/h61084/codes/tsrag_time/outputs/tsrag/predictions/chronos_bolt_512/Finland_Traffic/15T/medium/run_0 source_launch=selena_3452080 launch_id=selena_3452080 slurm_job_id=3452080 launched_at=2026-09-17T16:14:22.565052+00:00
TIME run allocation action=skip run=/fslarge/scratch/users/h61084/codes/tsrag_time/outputs/tsrag/predictions/chronos_bolt_512/Finland_Traffic/15T/long/run_0 source_launch=selena_3452080 launch_id=selena_3452080 slurm_job_id=3452080 launched_at=2026-09-17T16:14:22.572365+00:00
TIME run allocation action=skip run=/fslarge/scratch/users/h61084/codes/tsrag_time/outputs/tsrag/predictions/chronos_bolt_512/Port_Activity/D/short/run_0 source_launch=selena_3452080 launch_id=selena_3452080 slurm_job_id=3452080 launched_at=2026-09-17T16:14:22.579789+00:00
TIME run allocation action=skip run=/fslarge/scratch/users/h61084/codes/tsrag_time/outputs/tsrag/predictions/chronos_bolt_512/Port_Activity/W/short/run_0 source_launch=selena_3452080 launch_id=selena_3452080 slurm_job_id=3452080 launched_at=2026-09-17T16:14:22.587155+00:00
TIME run allocation action=skip run=/fslarge/scratch/users/h61084/codes/tsrag_time/outputs/tsrag/predictions/chronos_bolt_512/ECDC_COVID/D/short/run_0 source_launch=selena_3452080 launch_id=selena_3452080 slurm_job_id=3452080 launched_at=2026-09-17T16:14:22.594879+00:00
TIME run allocation action=skip run=/fslarge/scratch/users/h61084/codes/tsrag_time/outputs/tsrag/predictions/chronos_bolt_512/ECDC_COVID/W/short/run_0 source_launch=selena_3452080 launch_id=selena_3452080 slurm_job_id=3452080 launched_at=2026-09-17T16:14:22.602433+00:00
TIME run allocation action=skip run=/fslarge/scratch/users/h61084/codes/tsrag_time/outputs/tsrag/predictions/chronos_bolt_512/Global_Influenza/W/short/run_0 source_launch=selena_3452080 launch_id=selena_3452080 slurm_job_id=3452080 launched_at=2026-09-17T16:14:22.609808+00:00
TIME run allocation action=skip run=/fslarge/scratch/users/h61084/codes/tsrag_time/outputs/tsrag/predictions/chronos_bolt_512/Crypto/D/short/run_0 source_launch=selena_3452080 launch_id=selena_3452080 slurm_job_id=3452080 launched_at=2026-09-17T16:14:22.616822+00:00
TIME run allocation action=skip run=/fslarge/scratch/users/h61084/codes/tsrag_time/outputs/tsrag/predictions/chronos_bolt_512/US_Term_Structure/B/short/run_0 source_launch=selena_3452080 launch_id=selena_3452080 slurm_job_id=3452080 launched_at=2026-09-17T16:14:22.624119+00:00
TIME run allocation action=skip run=/fslarge/scratch/users/h61084/codes/tsrag_time/outputs/tsrag/predictions/chronos_bolt_512/Oil_Price/B/short/run_0 source_launch=selena_3452080 launch_id=selena_3452080 slurm_job_id=3452080 launched_at=2026-09-17T16:14:22.631293+00:00
TIME run allocation action=skip run=/fslarge/scratch/users/h61084/codes/tsrag_time/outputs/tsrag/predictions/chronos_bolt_512/Job_Claims/W/short/run_0 source_launch=selena_3452080 launch_id=selena_3452080 slurm_job_id=3452080 launched_at=2026-09-17T16:14:22.638721+00:00
TIME run allocation action=skip run=/fslarge/scratch/users/h61084/codes/tsrag_time/outputs/tsrag/predictions/chronos_bolt_512/Uncertainty_1M/M/short/run_0 source_launch=selena_3452080 launch_id=selena_3452080 slurm_job_id=3452080 launched_at=2026-09-17T16:14:22.646149+00:00
TIME run allocation action=skip run=/fslarge/scratch/users/h61084/codes/tsrag_time/outputs/tsrag/predictions/chronos_bolt_512/Housing_Inventory/M/short/run_0 source_launch=selena_3452080 launch_id=selena_3452080 slurm_job_id=3452080 launched_at=2026-09-17T16:14:22.653232+00:00
TIME run allocation action=skip run=/fslarge/scratch/users/h61084/codes/tsrag_time/outputs/tsrag/predictions/chronos_bolt_512/JOLTS/M/short/run_0 source_launch=selena_3452080 launch_id=selena_3452080 slurm_job_id=3452080 launched_at=2026-09-17T16:14:22.660392+00:00
TIME run allocation action=skip run=/fslarge/scratch/users/h61084/codes/tsrag_time/outputs/tsrag/predictions/chronos_bolt_512/US_Labor/M/short/run_0 source_launch=selena_3452080 launch_id=selena_3452080 slurm_job_id=3452080 launched_at=2026-09-17T16:14:22.667591+00:00
TIME run allocation action=skip run=/fslarge/scratch/users/h61084/codes/tsrag_time/outputs/tsrag/predictions/chronos_bolt_512/Vehicle_Supply/M/short/run_0 source_launch=selena_3452080 launch_id=selena_3452080 slurm_job_id=3452080 launched_at=2026-09-17T16:14:22.675009+00:00
TIME run allocation action=skip run=/fslarge/scratch/users/h61084/codes/tsrag_time/outputs/tsrag/predictions/chronos_bolt_512/Auto_Production_SF/M/short/run_0 source_launch=selena_3452080 launch_id=selena_3452080 slurm_job_id=3452080 launched_at=2026-09-17T16:14:22.682174+00:00
TIME run allocation action=skip run=/fslarge/scratch/users/h61084/codes/tsrag_time/outputs/tsrag/predictions/chronos_bolt_512/Commodity_Production/M/short/run_0 source_launch=selena_3452080 launch_id=selena_3452080 slurm_job_id=3452080 launched_at=2026-09-17T16:14:22.689427+00:00
TIME run allocation action=skip run=/fslarge/scratch/users/h61084/codes/tsrag_time/outputs/tsrag/predictions/chronos_bolt_512/Commodity_Import/M/short/run_0 source_launch=selena_3452080 launch_id=selena_3452080 slurm_job_id=3452080 launched_at=2026-09-17T16:14:22.696826+00:00
TIME run allocation action=skip run=/fslarge/scratch/users/h61084/codes/tsrag_time/outputs/tsrag/predictions/chronos_bolt_512/WUI_Global/Q/short/run_0 source_launch=selena_3452080 launch_id=selena_3452080 slurm_job_id=3452080 launched_at=2026-09-17T16:14:22.704272+00:00
TIME run allocation action=skip run=/fslarge/scratch/users/h61084/codes/tsrag_time/outputs/tsrag/predictions/chronos_bolt_512/Global_Price/Q/short/run_0 source_launch=selena_3452080 launch_id=selena_3452080 slurm_job_id=3452080 launched_at=2026-09-17T16:14:22.711503+00:00
TIME run allocation action=skip run=/fslarge/scratch/users/h61084/codes/tsrag_time/outputs/tsrag/predictions/chronos_bolt_512/Vehicle_Sales/M/short/run_0 source_launch=selena_3452080 launch_id=selena_3452080 slurm_job_id=3452080 launched_at=2026-09-17T16:14:22.718789+00:00
TIME run allocation action=skip run=/fslarge/scratch/users/h61084/codes/tsrag_time/outputs/tsrag/predictions/chronos_bolt_512/Online_Retail_2_UCI/D/short/run_0 source_launch=selena_3452080 launch_id=selena_3452080 slurm_job_id=3452080 launched_at=2026-09-17T16:14:22.725956+00:00
TIME run allocation action=skip run=/fslarge/scratch/users/h61084/codes/tsrag_time/outputs/tsrag/predictions/chronos_bolt_512/Supply_Chain_Customer/D/short/run_0 source_launch=selena_3452080 launch_id=selena_3452080 slurm_job_id=3452080 launched_at=2026-09-17T16:14:22.733258+00:00
TIME run allocation action=skip run=/fslarge/scratch/users/h61084/codes/tsrag_time/outputs/tsrag/predictions/chronos_bolt_512/Supply_Chain_Location/D/short/run_0 source_launch=selena_3452080 launch_id=selena_3452080 slurm_job_id=3452080 launched_at=2026-09-17T16:14:22.740804+00:00
TIME run allocation action=skip run=/fslarge/scratch/users/h61084/codes/tsrag_time/outputs/tsrag/predictions/chronos_bolt_512/azure2019_U/5T/short/run_0 source_launch=selena_3452080 launch_id=selena_3452080 slurm_job_id=3452080 launched_at=2026-09-17T16:14:22.748097+00:00
TIME run allocation action=skip run=/fslarge/scratch/users/h61084/codes/tsrag_time/outputs/tsrag/predictions/chronos_bolt_512/Smart_Manufacturing/H/short/run_0 source_launch=selena_3452080 launch_id=selena_3452080 slurm_job_id=3452080 launched_at=2026-09-17T16:14:22.755312+00:00
TIME run allocation action=skip run=/fslarge/scratch/users/h61084/codes/tsrag_time/outputs/tsrag/predictions/chronos_bolt_512/Smart_Manufacturing/H/medium/run_0 source_launch=selena_3452080 launch_id=selena_3452080 slurm_job_id=3452080 launched_at=2026-09-17T16:14:22.762377+00:00
TIME run allocation action=skip run=/fslarge/scratch/users/h61084/codes/tsrag_time/outputs/tsrag/predictions/chronos_bolt_512/Smart_Manufacturing/H/long/run_0 source_launch=selena_3452080 launch_id=selena_3452080 slurm_job_id=3452080 launched_at=2026-09-17T16:14:22.769499+00:00
TIME run allocation action=skip run=/fslarge/scratch/users/h61084/codes/tsrag_time/outputs/tsrag/predictions/chronos_bolt_512/MetroPT-3/5T/short/run_0 source_launch=selena_3452080 launch_id=selena_3452080 slurm_job_id=3452080 launched_at=2026-09-17T16:14:22.776832+00:00
TIME run allocation action=skip run=/fslarge/scratch/users/h61084/codes/tsrag_time/outputs/tsrag/predictions/chronos_bolt_512/MetroPT-3/5T/medium/run_0 source_launch=selena_3452080 launch_id=selena_3452080 slurm_job_id=3452080 launched_at=2026-09-17T16:14:22.784232+00:00
TIME run allocation action=skip run=/fslarge/scratch/users/h61084/codes/tsrag_time/outputs/tsrag/predictions/chronos_bolt_512/MetroPT-3/5T/long/run_0 source_launch=selena_3452080 launch_id=selena_3452080 slurm_job_id=3452080 launched_at=2026-09-17T16:14:22.791645+00:00
TIME run allocation action=skip run=/fslarge/scratch/users/h61084/codes/tsrag_time/outputs/tsrag/predictions/chronos_bolt_max/Water_Quality_Darwin/15T/short/run_0 source_launch=selena_3452080 launch_id=selena_3452080 slurm_job_id=3452080 launched_at=2026-09-17T16:14:22.798534+00:00
TIME run allocation action=skip run=/fslarge/scratch/users/h61084/codes/tsrag_time/outputs/tsrag/predictions/chronos_bolt_max/Water_Quality_Darwin/15T/medium/run_0 source_launch=selena_3452080 launch_id=selena_3452080 slurm_job_id=3452080 launched_at=2026-09-17T16:14:22.805370+00:00
TIME run allocation action=skip run=/fslarge/scratch/users/h61084/codes/tsrag_time/outputs/tsrag/predictions/chronos_bolt_max/Water_Quality_Darwin/15T/long/run_0 source_launch=selena_3452080 launch_id=selena_3452080 slurm_job_id=3452080 launched_at=2026-09-17T16:14:22.812202+00:00
TIME run allocation action=skip run=/fslarge/scratch/users/h61084/codes/tsrag_time/outputs/tsrag/predictions/chronos_bolt_max/current_velocity/5T/short/run_0 source_launch=selena_3452080 launch_id=selena_3452080 slurm_job_id=3452080 launched_at=2026-09-17T16:14:22.819146+00:00
TIME run allocation action=skip run=/fslarge/scratch/users/h61084/codes/tsrag_time/outputs/tsrag/predictions/chronos_bolt_max/current_velocity/5T/medium/run_0 source_launch=selena_3452080 launch_id=selena_3452080 slurm_job_id=3452080 launched_at=2026-09-17T16:14:22.825910+00:00
TIME run allocation action=skip run=/fslarge/scratch/users/h61084/codes/tsrag_time/outputs/tsrag/predictions/chronos_bolt_max/current_velocity/5T/long/run_0 source_launch=selena_3452080 launch_id=selena_3452080 slurm_job_id=3452080 launched_at=2026-09-17T16:14:22.832703+00:00
TIME run allocation action=skip run=/fslarge/scratch/users/h61084/codes/tsrag_time/outputs/tsrag/predictions/chronos_bolt_max/current_velocity/10T/short/run_0 source_launch=selena_3452080 launch_id=selena_3452080 slurm_job_id=3452080 launched_at=2026-09-17T16:14:22.839459+00:00
TIME run allocation action=skip run=/fslarge/scratch/users/h61084/codes/tsrag_time/outputs/tsrag/predictions/chronos_bolt_max/current_velocity/10T/medium/run_0 source_launch=selena_3452080 launch_id=selena_3452080 slurm_job_id=3452080 launched_at=2026-09-17T16:14:22.846259+00:00
TIME run allocation action=skip run=/fslarge/scratch/users/h61084/codes/tsrag_time/outputs/tsrag/predictions/chronos_bolt_max/current_velocity/10T/long/run_0 source_launch=selena_3452080 launch_id=selena_3452080 slurm_job_id=3452080 launched_at=2026-09-17T16:14:22.852932+00:00
TIME run allocation action=skip run=/fslarge/scratch/users/h61084/codes/tsrag_time/outputs/tsrag/predictions/chronos_bolt_max/current_velocity/15T/short/run_0 source_launch=selena_3452080 launch_id=selena_3452080 slurm_job_id=3452080 launched_at=2026-09-17T16:14:22.859941+00:00
TIME run allocation action=skip run=/fslarge/scratch/users/h61084/codes/tsrag_time/outputs/tsrag/predictions/chronos_bolt_max/current_velocity/15T/medium/run_0 source_launch=selena_3452080 launch_id=selena_3452080 slurm_job_id=3452080 launched_at=2026-09-17T16:14:22.866862+00:00
TIME run allocation action=skip run=/fslarge/scratch/users/h61084/codes/tsrag_time/outputs/tsrag/predictions/chronos_bolt_max/current_velocity/15T/long/run_0 source_launch=selena_3452080 launch_id=selena_3452080 slurm_job_id=3452080 launched_at=2026-09-17T16:14:22.873869+00:00
TIME run allocation action=skip run=/fslarge/scratch/users/h61084/codes/tsrag_time/outputs/tsrag/predictions/chronos_bolt_max/current_velocity/H/short/run_0 source_launch=selena_3452080 launch_id=selena_3452080 slurm_job_id=3452080 launched_at=2026-09-17T16:14:22.880718+00:00
TIME run allocation action=skip run=/fslarge/scratch/users/h61084/codes/tsrag_time/outputs/tsrag/predictions/chronos_bolt_max/current_velocity/H/medium/run_0 source_launch=selena_3452080 launch_id=selena_3452080 slurm_job_id=3452080 launched_at=2026-09-17T16:14:22.887465+00:00
TIME run allocation action=skip run=/fslarge/scratch/users/h61084/codes/tsrag_time/outputs/tsrag/predictions/chronos_bolt_max/current_velocity/H/long/run_0 source_launch=selena_3452080 launch_id=selena_3452080 slurm_job_id=3452080 launched_at=2026-09-17T16:14:22.894429+00:00
TIME run allocation action=skip run=/fslarge/scratch/users/h61084/codes/tsrag_time/outputs/tsrag/predictions/chronos_bolt_max/CPHL/15T/short/run_0 source_launch=selena_3452080 launch_id=selena_3452080 slurm_job_id=3452080 launched_at=2026-09-17T16:14:22.901628+00:00
TIME run allocation action=skip run=/fslarge/scratch/users/h61084/codes/tsrag_time/outputs/tsrag/predictions/chronos_bolt_max/CPHL/15T/medium/run_0 source_launch=selena_3452080 launch_id=selena_3452080 slurm_job_id=3452080 launched_at=2026-09-17T16:14:22.908577+00:00
TIME run allocation action=skip run=/fslarge/scratch/users/h61084/codes/tsrag_time/outputs/tsrag/predictions/chronos_bolt_max/CPHL/15T/long/run_0 source_launch=selena_3452080 launch_id=selena_3452080 slurm_job_id=3452080 launched_at=2026-09-17T16:14:22.915310+00:00
TIME run allocation action=skip run=/fslarge/scratch/users/h61084/codes/tsrag_time/outputs/tsrag/predictions/chronos_bolt_max/CPHL/30T/short/run_0 source_launch=selena_3452080 launch_id=selena_3452080 slurm_job_id=3452080 launched_at=2026-09-17T16:14:22.922160+00:00
TIME run allocation action=skip run=/fslarge/scratch/users/h61084/codes/tsrag_time/outputs/tsrag/predictions/chronos_bolt_max/CPHL/30T/medium/run_0 source_launch=selena_3452080 launch_id=selena_3452080 slurm_job_id=3452080 launched_at=2026-09-17T16:14:22.929060+00:00
TIME run allocation action=skip run=/fslarge/scratch/users/h61084/codes/tsrag_time/outputs/tsrag/predictions/chronos_bolt_max/CPHL/30T/long/run_0 source_launch=selena_3452080 launch_id=selena_3452080 slurm_job_id=3452080 launched_at=2026-09-17T16:14:22.936009+00:00
TIME run allocation action=skip run=/fslarge/scratch/users/h61084/codes/tsrag_time/outputs/tsrag/predictions/chronos_bolt_max/CPHL/H/short/run_0 source_launch=selena_3452080 launch_id=selena_3452080 slurm_job_id=3452080 launched_at=2026-09-17T16:14:22.942846+00:00
TIME run allocation action=skip run=/fslarge/scratch/users/h61084/codes/tsrag_time/outputs/tsrag/predictions/chronos_bolt_max/CPHL/H/medium/run_0 source_launch=selena_3452080 launch_id=selena_3452080 slurm_job_id=3452080 launched_at=2026-09-17T16:14:22.949693+00:00
TIME run allocation action=skip run=/fslarge/scratch/users/h61084/codes/tsrag_time/outputs/tsrag/predictions/chronos_bolt_max/CPHL/H/long/run_0 source_launch=selena_3452080 launch_id=selena_3452080 slurm_job_id=3452080 launched_at=2026-09-17T16:14:22.956495+00:00
TIME run allocation action=skip run=/fslarge/scratch/users/h61084/codes/tsrag_time/outputs/tsrag/predictions/chronos_bolt_max/Coastal_T_S/15T/short/run_0 source_launch=selena_3452080 launch_id=selena_3452080 slurm_job_id=3452080 launched_at=2026-09-17T16:14:22.963285+00:00
TIME run allocation action=skip run=/fslarge/scratch/users/h61084/codes/tsrag_time/outputs/tsrag/predictions/chronos_bolt_max/Coastal_T_S/15T/medium/run_0 source_launch=selena_3452080 launch_id=selena_3452080 slurm_job_id=3452080 launched_at=2026-09-17T16:14:22.970058+00:00
TIME run allocation action=skip run=/fslarge/scratch/users/h61084/codes/tsrag_time/outputs/tsrag/predictions/chronos_bolt_max/Coastal_T_S/15T/long/run_0 source_launch=selena_3452080 launch_id=selena_3452080 slurm_job_id=3452080 launched_at=2026-09-17T16:14:22.976790+00:00
TIME run allocation action=skip run=/fslarge/scratch/users/h61084/codes/tsrag_time/outputs/tsrag/predictions/chronos_bolt_max/Coastal_T_S/20T/short/run_0 source_launch=selena_3452080 launch_id=selena_3452080 slurm_job_id=3452080 launched_at=2026-09-17T16:14:22.983683+00:00
TIME run allocation action=skip run=/fslarge/scratch/users/h61084/codes/tsrag_time/outputs/tsrag/predictions/chronos_bolt_max/Coastal_T_S/20T/medium/run_0 source_launch=selena_3452080 launch_id=selena_3452080 slurm_job_id=3452080 launched_at=2026-09-17T16:14:22.990523+00:00
TIME run allocation action=skip run=/fslarge/scratch/users/h61084/codes/tsrag_time/outputs/tsrag/predictions/chronos_bolt_max/Coastal_T_S/20T/long/run_0 source_launch=selena_3452080 launch_id=selena_3452080 slurm_job_id=3452080 launched_at=2026-09-17T16:14:22.997423+00:00
TIME run allocation action=skip run=/fslarge/scratch/users/h61084/codes/tsrag_time/outputs/tsrag/predictions/chronos_bolt_max/Coastal_T_S/H/short/run_0 source_launch=selena_3452080 launch_id=selena_3452080 slurm_job_id=3452080 launched_at=2026-09-17T16:14:23.004089+00:00
TIME run allocation action=skip run=/fslarge/scratch/users/h61084/codes/tsrag_time/outputs/tsrag/predictions/chronos_bolt_max/Coastal_T_S/H/medium/run_0 source_launch=selena_3452080 launch_id=selena_3452080 slurm_job_id=3452080 launched_at=2026-09-17T16:14:23.010957+00:00
TIME run allocation action=skip run=/fslarge/scratch/users/h61084/codes/tsrag_time/outputs/tsrag/predictions/chronos_bolt_max/Coastal_T_S/H/long/run_0 source_launch=selena_3452080 launch_id=selena_3452080 slurm_job_id=3452080 launched_at=2026-09-17T16:14:23.018050+00:00
TIME run allocation action=skip run=/fslarge/scratch/users/h61084/codes/tsrag_time/outputs/tsrag/predictions/chronos_bolt_max/SG_Weather/D/short/run_0 source_launch=selena_3452080 launch_id=selena_3452080 slurm_job_id=3452080 launched_at=2026-09-17T16:14:23.024985+00:00
TIME run allocation action=skip run=/fslarge/scratch/users/h61084/codes/tsrag_time/outputs/tsrag/predictions/chronos_bolt_max/SG_Weather/D/medium/run_0 source_launch=selena_3452080 launch_id=selena_3452080 slurm_job_id=3452080 launched_at=2026-09-17T16:14:23.032013+00:00
TIME run allocation action=skip run=/fslarge/scratch/users/h61084/codes/tsrag_time/outputs/tsrag/predictions/chronos_bolt_max/SG_Weather/D/long/run_0 source_launch=selena_3452080 launch_id=selena_3452080 slurm_job_id=3452080 launched_at=2026-09-17T16:14:23.039009+00:00
TIME run allocation action=skip run=/fslarge/scratch/users/h61084/codes/tsrag_time/outputs/tsrag/predictions/chronos_bolt_max/SG_PM25/H/short/run_0 source_launch=selena_3452080 launch_id=selena_3452080 slurm_job_id=3452080 launched_at=2026-09-17T16:14:23.045887+00:00
TIME run allocation action=skip run=/fslarge/scratch/users/h61084/codes/tsrag_time/outputs/tsrag/predictions/chronos_bolt_max/SG_PM25/H/medium/run_0 source_launch=selena_3452080 launch_id=selena_3452080 slurm_job_id=3452080 launched_at=2026-09-17T16:14:23.052772+00:00
TIME run allocation action=skip run=/fslarge/scratch/users/h61084/codes/tsrag_time/outputs/tsrag/predictions/chronos_bolt_max/SG_PM25/H/long/run_0 source_launch=selena_3452080 launch_id=selena_3452080 slurm_job_id=3452080 launched_at=2026-09-17T16:14:23.059527+00:00
TIME run allocation action=skip run=/fslarge/scratch/users/h61084/codes/tsrag_time/outputs/tsrag/predictions/chronos_bolt_max/NE_China_Wind/H/short/run_0 source_launch=selena_3452080 launch_id=selena_3452080 slurm_job_id=3452080 launched_at=2026-09-17T16:14:23.066305+00:00
TIME run allocation action=skip run=/fslarge/scratch/users/h61084/codes/tsrag_time/outputs/tsrag/predictions/chronos_bolt_max/NE_China_Wind/H/medium/run_0 source_launch=selena_3452080 launch_id=selena_3452080 slurm_job_id=3452080 launched_at=2026-09-17T16:14:23.073251+00:00
TIME run allocation action=skip run=/fslarge/scratch/users/h61084/codes/tsrag_time/outputs/tsrag/predictions/chronos_bolt_max/NE_China_Wind/H/long/run_0 source_launch=selena_3452080 launch_id=selena_3452080 slurm_job_id=3452080 launched_at=2026-09-17T16:14:23.080153+00:00
TIME run allocation action=skip run=/fslarge/scratch/users/h61084/codes/tsrag_time/outputs/tsrag/predictions/chronos_bolt_max/Australia_Solar/H/short/run_0 source_launch=selena_3452080 launch_id=selena_3452080 slurm_job_id=3452080 launched_at=2026-09-17T16:14:23.086993+00:00
TIME run allocation action=skip run=/fslarge/scratch/users/h61084/codes/tsrag_time/outputs/tsrag/predictions/chronos_bolt_max/Australia_Solar/H/medium/run_0 source_launch=selena_3452080 launch_id=selena_3452080 slurm_job_id=3452080 launched_at=2026-09-17T16:14:23.094034+00:00
TIME run allocation action=skip run=/fslarge/scratch/users/h61084/codes/tsrag_time/outputs/tsrag/predictions/chronos_bolt_max/Australia_Solar/H/long/run_0 source_launch=selena_3452080 launch_id=selena_3452080 slurm_job_id=3452080 launched_at=2026-09-17T16:14:23.101013+00:00
TIME run allocation action=skip run=/fslarge/scratch/users/h61084/codes/tsrag_time/outputs/tsrag/predictions/chronos_bolt_max/epf_electricity_price/H/short/run_0 source_launch=selena_3452080 launch_id=selena_3452080 slurm_job_id=3452080 launched_at=2026-09-17T16:14:23.107959+00:00
TIME run allocation action=skip run=/fslarge/scratch/users/h61084/codes/tsrag_time/outputs/tsrag/predictions/chronos_bolt_max/epf_electricity_price/H/medium/run_0 source_launch=selena_3452080 launch_id=selena_3452080 slurm_job_id=3452080 launched_at=2026-09-17T16:14:23.115262+00:00
TIME run allocation action=skip run=/fslarge/scratch/users/h61084/codes/tsrag_time/outputs/tsrag/predictions/chronos_bolt_max/epf_electricity_price/H/long/run_0 source_launch=selena_3452080 launch_id=selena_3452080 slurm_job_id=3452080 launched_at=2026-09-17T16:14:23.122030+00:00
TIME run allocation action=skip run=/fslarge/scratch/users/h61084/codes/tsrag_time/outputs/tsrag/predictions/chronos_bolt_max/OpenElectricity_NEM/5T/short/run_0 source_launch=selena_3452080 launch_id=selena_3452080 slurm_job_id=3452080 launched_at=2026-09-17T16:14:23.128872+00:00
TIME run allocation action=skip run=/fslarge/scratch/users/h61084/codes/tsrag_time/outputs/tsrag/predictions/chronos_bolt_max/OpenElectricity_NEM/5T/medium/run_0 source_launch=selena_3452080 launch_id=selena_3452080 slurm_job_id=3452080 launched_at=2026-09-17T16:14:23.136030+00:00
TIME run allocation action=skip run=/fslarge/scratch/users/h61084/codes/tsrag_time/outputs/tsrag/predictions/chronos_bolt_max/OpenElectricity_NEM/5T/long/run_0 source_launch=selena_3452080 launch_id=selena_3452080 slurm_job_id=3452080 launched_at=2026-09-17T16:14:23.142778+00:00
TIME run allocation action=skip run=/fslarge/scratch/users/h61084/codes/tsrag_time/outputs/tsrag/predictions/chronos_bolt_max/EWELD_Load/15T/short/run_0 source_launch=selena_3452080 launch_id=selena_3452080 slurm_job_id=3452080 launched_at=2026-09-17T16:14:23.149668+00:00
TIME run allocation action=skip run=/fslarge/scratch/users/h61084/codes/tsrag_time/outputs/tsrag/predictions/chronos_bolt_max/EWELD_Load/15T/medium/run_0 source_launch=selena_3452080 launch_id=selena_3452080 slurm_job_id=3452080 launched_at=2026-09-17T16:14:23.156652+00:00
TIME run allocation action=skip run=/fslarge/scratch/users/h61084/codes/tsrag_time/outputs/tsrag/predictions/chronos_bolt_max/EWELD_Load/15T/long/run_0 source_launch=selena_3452080 launch_id=selena_3452080 slurm_job_id=3452080 launched_at=2026-09-17T16:14:23.163565+00:00
TIME run allocation action=skip run=/fslarge/scratch/users/h61084/codes/tsrag_time/outputs/tsrag/predictions/chronos_bolt_max/SG_Carpark/15T/short/run_0 source_launch=selena_3452080 launch_id=selena_3452080 slurm_job_id=3452080 launched_at=2026-09-17T16:14:23.170588+00:00
TIME run allocation action=skip run=/fslarge/scratch/users/h61084/codes/tsrag_time/outputs/tsrag/predictions/chronos_bolt_max/SG_Carpark/15T/medium/run_0 source_launch=selena_3452080 launch_id=selena_3452080 slurm_job_id=3452080 launched_at=2026-09-17T16:14:23.177330+00:00
TIME run allocation action=skip run=/fslarge/scratch/users/h61084/codes/tsrag_time/outputs/tsrag/predictions/chronos_bolt_max/SG_Carpark/15T/long/run_0 source_launch=selena_3452080 launch_id=selena_3452080 slurm_job_id=3452080 launched_at=2026-09-17T16:14:23.184226+00:00
TIME run allocation action=skip run=/fslarge/scratch/users/h61084/codes/tsrag_time/outputs/tsrag/predictions/chronos_bolt_max/Finland_Traffic/15T/short/run_0 source_launch=selena_3452080 launch_id=selena_3452080 slurm_job_id=3452080 launched_at=2026-09-17T16:14:23.190973+00:00
TIME run allocation action=skip run=/fslarge/scratch/users/h61084/codes/tsrag_time/outputs/tsrag/predictions/chronos_bolt_max/Finland_Traffic/15T/medium/run_0 source_launch=selena_3452080 launch_id=selena_3452080 slurm_job_id=3452080 launched_at=2026-09-17T16:14:23.197727+00:00
TIME run allocation action=skip run=/fslarge/scratch/users/h61084/codes/tsrag_time/outputs/tsrag/predictions/chronos_bolt_max/Finland_Traffic/15T/long/run_0 source_launch=selena_3452080 launch_id=selena_3452080 slurm_job_id=3452080 launched_at=2026-09-17T16:14:23.204551+00:00
TIME run allocation action=skip run=/fslarge/scratch/users/h61084/codes/tsrag_time/outputs/tsrag/predictions/chronos_bolt_max/Port_Activity/D/short/run_0 source_launch=selena_3452080 launch_id=selena_3452080 slurm_job_id=3452080 launched_at=2026-09-17T16:14:23.211307+00:00
TIME run allocation action=skip run=/fslarge/scratch/users/h61084/codes/tsrag_time/outputs/tsrag/predictions/chronos_bolt_max/Port_Activity/W/short/run_0 source_launch=selena_3452080 launch_id=selena_3452080 slurm_job_id=3452080 launched_at=2026-09-17T16:14:23.217954+00:00
TIME run allocation action=skip run=/fslarge/scratch/users/h61084/codes/tsrag_time/outputs/tsrag/predictions/chronos_bolt_max/ECDC_COVID/D/short/run_0 source_launch=selena_3452080 launch_id=selena_3452080 slurm_job_id=3452080 launched_at=2026-09-17T16:14:23.224642+00:00
TIME run allocation action=skip run=/fslarge/scratch/users/h61084/codes/tsrag_time/outputs/tsrag/predictions/chronos_bolt_max/ECDC_COVID/W/short/run_0 source_launch=selena_3452080 launch_id=selena_3452080 slurm_job_id=3452080 launched_at=2026-09-17T16:14:23.231414+00:00
TIME run allocation action=skip run=/fslarge/scratch/users/h61084/codes/tsrag_time/outputs/tsrag/predictions/chronos_bolt_max/Global_Influenza/W/short/run_0 source_launch=selena_3452080 launch_id=selena_3452080 slurm_job_id=3452080 launched_at=2026-09-17T16:14:23.238176+00:00
TIME run allocation action=skip run=/fslarge/scratch/users/h61084/codes/tsrag_time/outputs/tsrag/predictions/chronos_bolt_max/Crypto/D/short/run_0 source_launch=selena_3452080 launch_id=selena_3452080 slurm_job_id=3452080 launched_at=2026-09-17T16:14:23.245485+00:00
TIME run allocation action=skip run=/fslarge/scratch/users/h61084/codes/tsrag_time/outputs/tsrag/predictions/chronos_bolt_max/US_Term_Structure/B/short/run_0 source_launch=selena_3452080 launch_id=selena_3452080 slurm_job_id=3452080 launched_at=2026-09-17T16:14:23.252278+00:00
TIME run allocation action=skip run=/fslarge/scratch/users/h61084/codes/tsrag_time/outputs/tsrag/predictions/chronos_bolt_max/Oil_Price/B/short/run_0 source_launch=selena_3452080 launch_id=selena_3452080 slurm_job_id=3452080 launched_at=2026-09-17T16:14:23.259206+00:00
TIME run allocation action=skip run=/fslarge/scratch/users/h61084/codes/tsrag_time/outputs/tsrag/predictions/chronos_bolt_max/Job_Claims/W/short/run_0 source_launch=selena_3452080 launch_id=selena_3452080 slurm_job_id=3452080 launched_at=2026-09-17T16:14:23.265965+00:00
TIME run allocation action=skip run=/fslarge/scratch/users/h61084/codes/tsrag_time/outputs/tsrag/predictions/chronos_bolt_max/Uncertainty_1M/M/short/run_0 source_launch=selena_3452080 launch_id=selena_3452080 slurm_job_id=3452080 launched_at=2026-09-17T16:14:23.272866+00:00
TIME run allocation action=skip run=/fslarge/scratch/users/h61084/codes/tsrag_time/outputs/tsrag/predictions/chronos_bolt_max/Housing_Inventory/M/short/run_0 source_launch=selena_3452080 launch_id=selena_3452080 slurm_job_id=3452080 launched_at=2026-09-17T16:14:23.279801+00:00
TIME run allocation action=skip run=/fslarge/scratch/users/h61084/codes/tsrag_time/outputs/tsrag/predictions/chronos_bolt_max/JOLTS/M/short/run_0 source_launch=selena_3452080 launch_id=selena_3452080 slurm_job_id=3452080 launched_at=2026-09-17T16:14:23.286723+00:00
TIME run allocation action=skip run=/fslarge/scratch/users/h61084/codes/tsrag_time/outputs/tsrag/predictions/chronos_bolt_max/US_Labor/M/short/run_0 source_launch=selena_3452080 launch_id=selena_3452080 slurm_job_id=3452080 launched_at=2026-09-17T16:14:23.293656+00:00
TIME run allocation action=skip run=/fslarge/scratch/users/h61084/codes/tsrag_time/outputs/tsrag/predictions/chronos_bolt_max/Vehicle_Supply/M/short/run_0 source_launch=selena_3452080 launch_id=selena_3452080 slurm_job_id=3452080 launched_at=2026-09-17T16:14:23.300600+00:00
TIME run allocation action=skip run=/fslarge/scratch/users/h61084/codes/tsrag_time/outputs/tsrag/predictions/chronos_bolt_max/Auto_Production_SF/M/short/run_0 source_launch=selena_3452080 launch_id=selena_3452080 slurm_job_id=3452080 launched_at=2026-09-17T16:14:23.308206+00:00
TIME run allocation action=skip run=/fslarge/scratch/users/h61084/codes/tsrag_time/outputs/tsrag/predictions/chronos_bolt_max/Commodity_Production/M/short/run_0 source_launch=selena_3452080 launch_id=selena_3452080 slurm_job_id=3452080 launched_at=2026-09-17T16:14:23.314881+00:00
TIME run allocation action=skip run=/fslarge/scratch/users/h61084/codes/tsrag_time/outputs/tsrag/predictions/chronos_bolt_max/Commodity_Import/M/short/run_0 source_launch=selena_3452080 launch_id=selena_3452080 slurm_job_id=3452080 launched_at=2026-09-17T16:14:23.321356+00:00
TIME run allocation action=skip run=/fslarge/scratch/users/h61084/codes/tsrag_time/outputs/tsrag/predictions/chronos_bolt_max/WUI_Global/Q/short/run_0 source_launch=selena_3452080 launch_id=selena_3452080 slurm_job_id=3452080 launched_at=2026-09-17T16:14:23.327947+00:00
TIME run allocation action=skip run=/fslarge/scratch/users/h61084/codes/tsrag_time/outputs/tsrag/predictions/chronos_bolt_max/Global_Price/Q/short/run_0 source_launch=selena_3452080 launch_id=selena_3452080 slurm_job_id=3452080 launched_at=2026-09-17T16:14:23.335000+00:00
TIME run allocation action=skip run=/fslarge/scratch/users/h61084/codes/tsrag_time/outputs/tsrag/predictions/chronos_bolt_max/Vehicle_Sales/M/short/run_0 source_launch=selena_3452080 launch_id=selena_3452080 slurm_job_id=3452080 launched_at=2026-09-17T16:14:23.341843+00:00
TIME run allocation action=skip run=/fslarge/scratch/users/h61084/codes/tsrag_time/outputs/tsrag/predictions/chronos_bolt_max/Online_Retail_2_UCI/D/short/run_0 source_launch=selena_3452080 launch_id=selena_3452080 slurm_job_id=3452080 launched_at=2026-09-17T16:14:23.348693+00:00
TIME run allocation action=skip run=/fslarge/scratch/users/h61084/codes/tsrag_time/outputs/tsrag/predictions/chronos_bolt_max/Supply_Chain_Customer/D/short/run_0 source_launch=selena_3452080 launch_id=selena_3452080 slurm_job_id=3452080 launched_at=2026-09-17T16:14:23.355509+00:00
TIME run allocation action=skip run=/fslarge/scratch/users/h61084/codes/tsrag_time/outputs/tsrag/predictions/chronos_bolt_max/Supply_Chain_Location/D/short/run_0 source_launch=selena_3452080 launch_id=selena_3452080 slurm_job_id=3452080 launched_at=2026-09-17T16:14:23.362343+00:00
TIME run allocation action=skip run=/fslarge/scratch/users/h61084/codes/tsrag_time/outputs/tsrag/predictions/chronos_bolt_max/azure2019_U/5T/short/run_0 source_launch=selena_3452080 launch_id=selena_3452080 slurm_job_id=3452080 launched_at=2026-09-17T16:14:23.369178+00:00
TIME run allocation action=skip run=/fslarge/scratch/users/h61084/codes/tsrag_time/outputs/tsrag/predictions/chronos_bolt_max/Smart_Manufacturing/H/short/run_0 source_launch=selena_3452080 launch_id=selena_3452080 slurm_job_id=3452080 launched_at=2026-09-17T16:14:23.375911+00:00
TIME run allocation action=skip run=/fslarge/scratch/users/h61084/codes/tsrag_time/outputs/tsrag/predictions/chronos_bolt_max/Smart_Manufacturing/H/medium/run_0 source_launch=selena_3452080 launch_id=selena_3452080 slurm_job_id=3452080 launched_at=2026-09-17T16:14:23.382725+00:00
TIME run allocation action=skip run=/fslarge/scratch/users/h61084/codes/tsrag_time/outputs/tsrag/predictions/chronos_bolt_max/Smart_Manufacturing/H/long/run_0 source_launch=selena_3452080 launch_id=selena_3452080 slurm_job_id=3452080 launched_at=2026-09-17T16:14:23.389633+00:00
TIME run allocation action=skip run=/fslarge/scratch/users/h61084/codes/tsrag_time/outputs/tsrag/predictions/chronos_bolt_max/MetroPT-3/5T/short/run_0 source_launch=selena_3452080 launch_id=selena_3452080 slurm_job_id=3452080 launched_at=2026-09-17T16:14:23.397305+00:00
TIME run allocation action=skip run=/fslarge/scratch/users/h61084/codes/tsrag_time/outputs/tsrag/predictions/chronos_bolt_max/MetroPT-3/5T/medium/run_0 source_launch=selena_3452080 launch_id=selena_3452080 slurm_job_id=3452080 launched_at=2026-09-17T16:14:23.404137+00:00
TIME run allocation action=skip run=/fslarge/scratch/users/h61084/codes/tsrag_time/outputs/tsrag/predictions/chronos_bolt_max/MetroPT-3/5T/long/run_0 source_launch=selena_3452080 launch_id=selena_3452080 slurm_job_id=3452080 launched_at=2026-09-17T16:14:23.411098+00:00
TIME run allocation action=skip run=/fslarge/scratch/users/h61084/codes/tsrag_time/outputs/tsrag/predictions/chronos_t5_512/Water_Quality_Darwin/15T/short/run_0 source_launch=selena_3452080 launch_id=selena_3452080 slurm_job_id=3452080 launched_at=2026-09-17T16:14:23.418109+00:00
TIME run allocation action=skip run=/fslarge/scratch/users/h61084/codes/tsrag_time/outputs/tsrag/predictions/chronos_t5_512/Water_Quality_Darwin/15T/medium/run_0 source_launch=selena_3452080 launch_id=selena_3452080 slurm_job_id=3452080 launched_at=2026-09-17T16:14:23.424554+00:00
TIME run allocation action=skip run=/fslarge/scratch/users/h61084/codes/tsrag_time/outputs/tsrag/predictions/chronos_t5_512/Water_Quality_Darwin/15T/long/run_0 source_launch=selena_3452080 launch_id=selena_3452080 slurm_job_id=3452080 launched_at=2026-09-17T16:14:23.431546+00:00
TIME run allocation action=skip run=/fslarge/scratch/users/h61084/codes/tsrag_time/outputs/tsrag/predictions/chronos_t5_512/current_velocity/5T/short/run_0 source_launch=selena_3452080 launch_id=selena_3452080 slurm_job_id=3452080 launched_at=2026-09-17T16:14:23.438447+00:00
TIME run allocation action=skip run=/fslarge/scratch/users/h61084/codes/tsrag_time/outputs/tsrag/predictions/chronos_t5_512/current_velocity/5T/medium/run_0 source_launch=selena_3452080 launch_id=selena_3452080 slurm_job_id=3452080 launched_at=2026-09-17T16:14:23.445369+00:00
TIME run allocation action=skip run=/fslarge/scratch/users/h61084/codes/tsrag_time/outputs/tsrag/predictions/chronos_t5_512/current_velocity/5T/long/run_0 source_launch=selena_3452080 launch_id=selena_3452080 slurm_job_id=3452080 launched_at=2026-09-17T16:14:23.452172+00:00
TIME run allocation action=skip run=/fslarge/scratch/users/h61084/codes/tsrag_time/outputs/tsrag/predictions/chronos_t5_512/current_velocity/10T/short/run_0 source_launch=selena_3452080 launch_id=selena_3452080 slurm_job_id=3452080 launched_at=2026-09-17T16:14:23.459158+00:00
TIME run allocation action=skip run=/fslarge/scratch/users/h61084/codes/tsrag_time/outputs/tsrag/predictions/chronos_t5_512/current_velocity/10T/medium/run_0 source_launch=selena_3452080 launch_id=selena_3452080 slurm_job_id=3452080 launched_at=2026-09-17T16:14:23.465853+00:00
TIME run allocation action=skip run=/fslarge/scratch/users/h61084/codes/tsrag_time/outputs/tsrag/predictions/chronos_t5_512/current_velocity/10T/long/run_0 source_launch=selena_3452080 launch_id=selena_3452080 slurm_job_id=3452080 launched_at=2026-09-17T16:14:23.472699+00:00
TIME run allocation action=skip run=/fslarge/scratch/users/h61084/codes/tsrag_time/outputs/tsrag/predictions/chronos_t5_512/current_velocity/15T/short/run_0 source_launch=selena_3452080 launch_id=selena_3452080 slurm_job_id=3452080 launched_at=2026-09-17T16:14:23.479464+00:00
TIME run allocation action=skip run=/fslarge/scratch/users/h61084/codes/tsrag_time/outputs/tsrag/predictions/chronos_t5_512/current_velocity/15T/medium/run_0 source_launch=selena_3452080 launch_id=selena_3452080 slurm_job_id=3452080 launched_at=2026-09-17T16:14:23.486243+00:00
TIME run allocation action=skip run=/fslarge/scratch/users/h61084/codes/tsrag_time/outputs/tsrag/predictions/chronos_t5_512/current_velocity/15T/long/run_0 source_launch=selena_3452080 launch_id=selena_3452080 slurm_job_id=3452080 launched_at=2026-09-17T16:14:23.492947+00:00
TIME run allocation action=skip run=/fslarge/scratch/users/h61084/codes/tsrag_time/outputs/tsrag/predictions/chronos_t5_512/current_velocity/H/short/run_0 source_launch=selena_3452080 launch_id=selena_3452080 slurm_job_id=3452080 launched_at=2026-09-17T16:14:23.499878+00:00
TIME run allocation action=skip run=/fslarge/scratch/users/h61084/codes/tsrag_time/outputs/tsrag/predictions/chronos_t5_512/current_velocity/H/medium/run_0 source_launch=selena_3452080 launch_id=selena_3452080 slurm_job_id=3452080 launched_at=2026-09-17T16:14:23.506696+00:00
TIME run allocation action=skip run=/fslarge/scratch/users/h61084/codes/tsrag_time/outputs/tsrag/predictions/chronos_t5_512/current_velocity/H/long/run_0 source_launch=selena_3452080 launch_id=selena_3452080 slurm_job_id=3452080 launched_at=2026-09-17T16:14:23.513503+00:00
TIME run allocation action=skip run=/fslarge/scratch/users/h61084/codes/tsrag_time/outputs/tsrag/predictions/chronos_t5_512/CPHL/15T/short/run_0 source_launch=selena_3452080 launch_id=selena_3452080 slurm_job_id=3452080 launched_at=2026-09-17T16:14:23.520312+00:00
TIME run allocation action=skip run=/fslarge/scratch/users/h61084/codes/tsrag_time/outputs/tsrag/predictions/chronos_t5_512/CPHL/15T/medium/run_0 source_launch=selena_3452080 launch_id=selena_3452080 slurm_job_id=3452080 launched_at=2026-09-17T16:14:23.527153+00:00
TIME run allocation action=skip run=/fslarge/scratch/users/h61084/codes/tsrag_time/outputs/tsrag/predictions/chronos_t5_512/CPHL/15T/long/run_0 source_launch=selena_3452080 launch_id=selena_3452080 slurm_job_id=3452080 launched_at=2026-09-17T16:14:23.534042+00:00
TIME run allocation action=skip run=/fslarge/scratch/users/h61084/codes/tsrag_time/outputs/tsrag/predictions/chronos_t5_512/CPHL/30T/short/run_0 source_launch=selena_3452080 launch_id=selena_3452080 slurm_job_id=3452080 launched_at=2026-09-17T16:14:23.540862+00:00
TIME run allocation action=skip run=/fslarge/scratch/users/h61084/codes/tsrag_time/outputs/tsrag/predictions/chronos_t5_512/CPHL/30T/medium/run_0 source_launch=selena_3452080 launch_id=selena_3452080 slurm_job_id=3452080 launched_at=2026-09-17T16:14:23.547731+00:00
TIME run allocation action=skip run=/fslarge/scratch/users/h61084/codes/tsrag_time/outputs/tsrag/predictions/chronos_t5_512/CPHL/30T/long/run_0 source_launch=selena_3452080 launch_id=selena_3452080 slurm_job_id=3452080 launched_at=2026-09-17T16:14:23.554665+00:00
TIME run allocation action=skip run=/fslarge/scratch/users/h61084/codes/tsrag_time/outputs/tsrag/predictions/chronos_t5_512/CPHL/H/short/run_0 source_launch=selena_3452080 launch_id=selena_3452080 slurm_job_id=3452080 launched_at=2026-09-17T16:14:23.561623+00:00
TIME run allocation action=skip run=/fslarge/scratch/users/h61084/codes/tsrag_time/outputs/tsrag/predictions/chronos_t5_512/CPHL/H/medium/run_0 source_launch=selena_3452080 launch_id=selena_3452080 slurm_job_id=3452080 launched_at=2026-09-17T16:14:23.600839+00:00
TIME run allocation action=skip run=/fslarge/scratch/users/h61084/codes/tsrag_time/outputs/tsrag/predictions/chronos_t5_512/CPHL/H/long/run_0 source_launch=selena_3452080 launch_id=selena_3452080 slurm_job_id=3452080 launched_at=2026-09-17T16:14:23.608161+00:00
TIME run allocation action=skip run=/fslarge/scratch/users/h61084/codes/tsrag_time/outputs/tsrag/predictions/chronos_t5_512/Coastal_T_S/15T/short/run_0 source_launch=selena_3452080 launch_id=selena_3452080 slurm_job_id=3452080 launched_at=2026-09-17T16:14:23.615786+00:00
TIME run allocation action=skip run=/fslarge/scratch/users/h61084/codes/tsrag_time/outputs/tsrag/predictions/chronos_t5_512/Coastal_T_S/15T/medium/run_0 source_launch=selena_3452080 launch_id=selena_3452080 slurm_job_id=3452080 launched_at=2026-09-17T16:14:23.623224+00:00
TIME run allocation action=skip run=/fslarge/scratch/users/h61084/codes/tsrag_time/outputs/tsrag/predictions/chronos_t5_512/Coastal_T_S/15T/long/run_0 source_launch=selena_3452080 launch_id=selena_3452080 slurm_job_id=3452080 launched_at=2026-09-17T16:14:23.630400+00:00
TIME run allocation action=skip run=/fslarge/scratch/users/h61084/codes/tsrag_time/outputs/tsrag/predictions/chronos_t5_512/Coastal_T_S/20T/short/run_0 source_launch=selena_3452080 launch_id=selena_3452080 slurm_job_id=3452080 launched_at=2026-09-17T16:14:23.637445+00:00
TIME run allocation action=skip run=/fslarge/scratch/users/h61084/codes/tsrag_time/outputs/tsrag/predictions/chronos_t5_512/Coastal_T_S/20T/medium/run_0 source_launch=selena_3452080 launch_id=selena_3452080 slurm_job_id=3452080 launched_at=2026-09-17T16:14:23.644393+00:00
TIME run allocation action=skip run=/fslarge/scratch/users/h61084/codes/tsrag_time/outputs/tsrag/predictions/chronos_t5_512/Coastal_T_S/20T/long/run_0 source_launch=selena_3452080 launch_id=selena_3452080 slurm_job_id=3452080 launched_at=2026-09-17T16:14:23.651354+00:00
TIME run allocation action=skip run=/fslarge/scratch/users/h61084/codes/tsrag_time/outputs/tsrag/predictions/chronos_t5_512/Coastal_T_S/H/short/run_0 source_launch=selena_3452080 launch_id=selena_3452080 slurm_job_id=3452080 launched_at=2026-09-17T16:14:23.658164+00:00
TIME run allocation action=skip run=/fslarge/scratch/users/h61084/codes/tsrag_time/outputs/tsrag/predictions/chronos_t5_512/Coastal_T_S/H/medium/run_0 source_launch=selena_3452080 launch_id=selena_3452080 slurm_job_id=3452080 launched_at=2026-09-17T16:14:23.665773+00:00
TIME run allocation action=skip run=/fslarge/scratch/users/h61084/codes/tsrag_time/outputs/tsrag/predictions/chronos_t5_512/Coastal_T_S/H/long/run_0 source_launch=selena_3452080 launch_id=selena_3452080 slurm_job_id=3452080 launched_at=2026-09-17T16:14:23.674527+00:00
TIME run allocation action=skip run=/fslarge/scratch/users/h61084/codes/tsrag_time/outputs/tsrag/predictions/chronos_t5_512/SG_Weather/D/short/run_0 source_launch=selena_3452080 launch_id=selena_3452080 slurm_job_id=3452080 launched_at=2026-09-17T16:14:23.685683+00:00
TIME run allocation action=skip run=/fslarge/scratch/users/h61084/codes/tsrag_time/outputs/tsrag/predictions/chronos_t5_512/SG_Weather/D/medium/run_0 source_launch=selena_3452080 launch_id=selena_3452080 slurm_job_id=3452080 launched_at=2026-09-17T16:14:23.695872+00:00
TIME run allocation action=skip run=/fslarge/scratch/users/h61084/codes/tsrag_time/outputs/tsrag/predictions/chronos_t5_512/SG_Weather/D/long/run_0 source_launch=selena_3452080 launch_id=selena_3452080 slurm_job_id=3452080 launched_at=2026-09-17T16:14:23.703712+00:00
TIME run allocation action=skip run=/fslarge/scratch/users/h61084/codes/tsrag_time/outputs/tsrag/predictions/chronos_t5_512/SG_PM25/H/short/run_0 source_launch=selena_3452080 launch_id=selena_3452080 slurm_job_id=3452080 launched_at=2026-09-17T16:14:23.711392+00:00
TIME run allocation action=skip run=/fslarge/scratch/users/h61084/codes/tsrag_time/outputs/tsrag/predictions/chronos_t5_512/SG_PM25/H/medium/run_0 source_launch=selena_3452080 launch_id=selena_3452080 slurm_job_id=3452080 launched_at=2026-09-17T16:14:23.718206+00:00
TIME run allocation action=skip run=/fslarge/scratch/users/h61084/codes/tsrag_time/outputs/tsrag/predictions/chronos_t5_512/SG_PM25/H/long/run_0 source_launch=selena_3452080 launch_id=selena_3452080 slurm_job_id=3452080 launched_at=2026-09-17T16:14:23.725183+00:00
TIME run allocation action=skip run=/fslarge/scratch/users/h61084/codes/tsrag_time/outputs/tsrag/predictions/chronos_t5_512/NE_China_Wind/H/short/run_0 source_launch=selena_3452080 launch_id=selena_3452080 slurm_job_id=3452080 launched_at=2026-09-17T16:14:23.731924+00:00
TIME run allocation action=skip run=/fslarge/scratch/users/h61084/codes/tsrag_time/outputs/tsrag/predictions/chronos_t5_512/NE_China_Wind/H/medium/run_0 source_launch=selena_3452080 launch_id=selena_3452080 slurm_job_id=3452080 launched_at=2026-09-17T16:14:23.739052+00:00
TIME run allocation action=skip run=/fslarge/scratch/users/h61084/codes/tsrag_time/outputs/tsrag/predictions/chronos_t5_512/NE_China_Wind/H/long/run_0 source_launch=selena_3452080 launch_id=selena_3452080 slurm_job_id=3452080 launched_at=2026-09-17T16:14:23.745919+00:00
TIME run allocation action=skip run=/fslarge/scratch/users/h61084/codes/tsrag_time/outputs/tsrag/predictions/chronos_t5_512/Australia_Solar/H/short/run_0 source_launch=selena_3452080 launch_id=selena_3452080 slurm_job_id=3452080 launched_at=2026-09-17T16:14:23.752783+00:00
TIME run allocation action=skip run=/fslarge/scratch/users/h61084/codes/tsrag_time/outputs/tsrag/predictions/chronos_t5_512/Australia_Solar/H/medium/run_0 source_launch=selena_3452080 launch_id=selena_3452080 slurm_job_id=3452080 launched_at=2026-09-17T16:14:23.759510+00:00
TIME run allocation action=skip run=/fslarge/scratch/users/h61084/codes/tsrag_time/outputs/tsrag/predictions/chronos_t5_512/Australia_Solar/H/long/run_0 source_launch=selena_3452080 launch_id=selena_3452080 slurm_job_id=3452080 launched_at=2026-09-17T16:14:23.766313+00:00
TIME run allocation action=skip run=/fslarge/scratch/users/h61084/codes/tsrag_time/outputs/tsrag/predictions/chronos_t5_512/epf_electricity_price/H/short/run_0 source_launch=selena_3452080 launch_id=selena_3452080 slurm_job_id=3452080 launched_at=2026-09-17T16:14:23.773316+00:00
TIME run allocation action=skip run=/fslarge/scratch/users/h61084/codes/tsrag_time/outputs/tsrag/predictions/chronos_t5_512/epf_electricity_price/H/medium/run_0 source_launch=selena_3452080 launch_id=selena_3452080 slurm_job_id=3452080 launched_at=2026-09-17T16:14:23.780210+00:00
TIME run allocation action=skip run=/fslarge/scratch/users/h61084/codes/tsrag_time/outputs/tsrag/predictions/chronos_t5_512/epf_electricity_price/H/long/run_0 source_launch=selena_3452080 launch_id=selena_3452080 slurm_job_id=3452080 launched_at=2026-09-17T16:14:23.787042+00:00
TIME run allocation action=skip run=/fslarge/scratch/users/h61084/codes/tsrag_time/outputs/tsrag/predictions/chronos_t5_512/OpenElectricity_NEM/5T/short/run_0 source_launch=selena_3452080 launch_id=selena_3452080 slurm_job_id=3452080 launched_at=2026-09-17T16:14:23.794019+00:00
TIME run allocation action=skip run=/fslarge/scratch/users/h61084/codes/tsrag_time/outputs/tsrag/predictions/chronos_t5_512/OpenElectricity_NEM/5T/medium/run_0 source_launch=selena_3452080 launch_id=selena_3452080 slurm_job_id=3452080 launched_at=2026-09-17T16:14:23.800899+00:00
TIME run allocation action=skip run=/fslarge/scratch/users/h61084/codes/tsrag_time/outputs/tsrag/predictions/chronos_t5_512/OpenElectricity_NEM/5T/long/run_0 source_launch=selena_3452080 launch_id=selena_3452080 slurm_job_id=3452080 launched_at=2026-09-17T16:14:23.807868+00:00
TIME run allocation action=skip run=/fslarge/scratch/users/h61084/codes/tsrag_time/outputs/tsrag/predictions/chronos_t5_512/EWELD_Load/15T/short/run_0 source_launch=selena_3452080 launch_id=selena_3452080 slurm_job_id=3452080 launched_at=2026-09-17T16:14:23.814978+00:00
TIME run allocation action=skip run=/fslarge/scratch/users/h61084/codes/tsrag_time/outputs/tsrag/predictions/chronos_t5_512/EWELD_Load/15T/medium/run_0 source_launch=selena_3452080 launch_id=selena_3452080 slurm_job_id=3452080 launched_at=2026-09-17T16:14:23.821824+00:00
TIME run allocation action=skip run=/fslarge/scratch/users/h61084/codes/tsrag_time/outputs/tsrag/predictions/chronos_t5_512/EWELD_Load/15T/long/run_0 source_launch=selena_3452080 launch_id=selena_3452080 slurm_job_id=3452080 launched_at=2026-09-17T16:14:23.828846+00:00
TIME run allocation action=skip run=/fslarge/scratch/users/h61084/codes/tsrag_time/outputs/tsrag/predictions/chronos_t5_512/SG_Carpark/15T/short/run_0 source_launch=selena_3452080 launch_id=selena_3452080 slurm_job_id=3452080 launched_at=2026-09-17T16:14:23.835919+00:00
TIME run allocation action=skip run=/fslarge/scratch/users/h61084/codes/tsrag_time/outputs/tsrag/predictions/chronos_t5_512/SG_Carpark/15T/medium/run_0 source_launch=selena_3452080 launch_id=selena_3452080 slurm_job_id=3452080 launched_at=2026-09-17T16:14:23.842625+00:00
TIME run allocation action=skip run=/fslarge/scratch/users/h61084/codes/tsrag_time/outputs/tsrag/predictions/chronos_t5_512/SG_Carpark/15T/long/run_0 source_launch=selena_3452080 launch_id=selena_3452080 slurm_job_id=3452080 launched_at=2026-09-17T16:14:23.849603+00:00
TIME run allocation action=skip run=/fslarge/scratch/users/h61084/codes/tsrag_time/outputs/tsrag/predictions/chronos_t5_512/Finland_Traffic/15T/short/run_0 source_launch=selena_3452080 launch_id=selena_3452080 slurm_job_id=3452080 launched_at=2026-09-17T16:14:23.856384+00:00
TIME run allocation action=skip run=/fslarge/scratch/users/h61084/codes/tsrag_time/outputs/tsrag/predictions/chronos_t5_512/Finland_Traffic/15T/medium/run_0 source_launch=selena_3452080 launch_id=selena_3452080 slurm_job_id=3452080 launched_at=2026-09-17T16:14:23.863357+00:00
TIME run allocation action=skip run=/fslarge/scratch/users/h61084/codes/tsrag_time/outputs/tsrag/predictions/chronos_t5_512/Finland_Traffic/15T/long/run_0 source_launch=selena_3452080 launch_id=selena_3452080 slurm_job_id=3452080 launched_at=2026-09-17T16:14:23.870186+00:00
TIME run allocation action=skip run=/fslarge/scratch/users/h61084/codes/tsrag_time/outputs/tsrag/predictions/chronos_t5_512/Port_Activity/D/short/run_0 source_launch=selena_3452080 launch_id=selena_3452080 slurm_job_id=3452080 launched_at=2026-09-17T16:14:23.876925+00:00
TIME run allocation action=skip run=/fslarge/scratch/users/h61084/codes/tsrag_time/outputs/tsrag/predictions/chronos_t5_512/Port_Activity/W/short/run_0 source_launch=selena_3452080 launch_id=selena_3452080 slurm_job_id=3452080 launched_at=2026-09-17T16:14:23.883423+00:00
TIME run allocation action=skip run=/fslarge/scratch/users/h61084/codes/tsrag_time/outputs/tsrag/predictions/chronos_t5_512/ECDC_COVID/D/short/run_0 source_launch=selena_3452080 launch_id=selena_3452080 slurm_job_id=3452080 launched_at=2026-09-17T16:14:23.890182+00:00
TIME run allocation action=skip run=/fslarge/scratch/users/h61084/codes/tsrag_time/outputs/tsrag/predictions/chronos_t5_512/ECDC_COVID/W/short/run_0 source_launch=selena_3452080 launch_id=selena_3452080 slurm_job_id=3452080 launched_at=2026-09-17T16:14:23.897072+00:00
TIME run allocation action=skip run=/fslarge/scratch/users/h61084/codes/tsrag_time/outputs/tsrag/predictions/chronos_t5_512/Global_Influenza/W/short/run_0 source_launch=selena_3452080 launch_id=selena_3452080 slurm_job_id=3452080 launched_at=2026-09-17T16:14:23.903979+00:00
TIME run allocation action=skip run=/fslarge/scratch/users/h61084/codes/tsrag_time/outputs/tsrag/predictions/chronos_t5_512/Crypto/D/short/run_0 source_launch=selena_3452080 launch_id=selena_3452080 slurm_job_id=3452080 launched_at=2026-09-17T16:14:23.910721+00:00
TIME run allocation action=skip run=/fslarge/scratch/users/h61084/codes/tsrag_time/outputs/tsrag/predictions/chronos_t5_512/US_Term_Structure/B/short/run_0 source_launch=selena_3452080 launch_id=selena_3452080 slurm_job_id=3452080 launched_at=2026-09-17T16:14:23.917580+00:00
TIME run allocation action=skip run=/fslarge/scratch/users/h61084/codes/tsrag_time/outputs/tsrag/predictions/chronos_t5_512/Oil_Price/B/short/run_0 source_launch=selena_3452080 launch_id=selena_3452080 slurm_job_id=3452080 launched_at=2026-09-17T16:14:23.924248+00:00
TIME run allocation action=skip run=/fslarge/scratch/users/h61084/codes/tsrag_time/outputs/tsrag/predictions/chronos_t5_512/Job_Claims/W/short/run_0 source_launch=selena_3452080 launch_id=selena_3452080 slurm_job_id=3452080 launched_at=2026-09-17T16:14:23.931005+00:00
TIME run allocation action=skip run=/fslarge/scratch/users/h61084/codes/tsrag_time/outputs/tsrag/predictions/chronos_t5_512/Uncertainty_1M/M/short/run_0 source_launch=selena_3452080 launch_id=selena_3452080 slurm_job_id=3452080 launched_at=2026-09-17T16:14:23.937882+00:00
TIME run allocation action=skip run=/fslarge/scratch/users/h61084/codes/tsrag_time/outputs/tsrag/predictions/chronos_t5_512/Housing_Inventory/M/short/run_0 source_launch=selena_3452080 launch_id=selena_3452080 slurm_job_id=3452080 launched_at=2026-09-17T16:14:23.944823+00:00
TIME run allocation action=skip run=/fslarge/scratch/users/h61084/codes/tsrag_time/outputs/tsrag/predictions/chronos_t5_512/JOLTS/M/short/run_0 source_launch=selena_3452080 launch_id=selena_3452080 slurm_job_id=3452080 launched_at=2026-09-17T16:14:23.951726+00:00
TIME run allocation action=skip run=/fslarge/scratch/users/h61084/codes/tsrag_time/outputs/tsrag/predictions/chronos_t5_512/US_Labor/M/short/run_0 source_launch=selena_3452080 launch_id=selena_3452080 slurm_job_id=3452080 launched_at=2026-09-17T16:14:23.958524+00:00
TIME run allocation action=skip run=/fslarge/scratch/users/h61084/codes/tsrag_time/outputs/tsrag/predictions/chronos_t5_512/Vehicle_Supply/M/short/run_0 source_launch=selena_3452080 launch_id=selena_3452080 slurm_job_id=3452080 launched_at=2026-09-17T16:14:23.965318+00:00
TIME run allocation action=skip run=/fslarge/scratch/users/h61084/codes/tsrag_time/outputs/tsrag/predictions/chronos_t5_512/Auto_Production_SF/M/short/run_0 source_launch=selena_3452080 launch_id=selena_3452080 slurm_job_id=3452080 launched_at=2026-09-17T16:14:23.972099+00:00
TIME run allocation action=skip run=/fslarge/scratch/users/h61084/codes/tsrag_time/outputs/tsrag/predictions/chronos_t5_512/Commodity_Production/M/short/run_0 source_launch=selena_3452080 launch_id=selena_3452080 slurm_job_id=3452080 launched_at=2026-09-17T16:14:23.978953+00:00
TIME run allocation action=skip run=/fslarge/scratch/users/h61084/codes/tsrag_time/outputs/tsrag/predictions/chronos_t5_512/Commodity_Import/M/short/run_0 source_launch=selena_3452080 launch_id=selena_3452080 slurm_job_id=3452080 launched_at=2026-09-17T16:14:23.985746+00:00
TIME run allocation action=skip run=/fslarge/scratch/users/h61084/codes/tsrag_time/outputs/tsrag/predictions/chronos_t5_512/WUI_Global/Q/short/run_0 source_launch=selena_3452080 launch_id=selena_3452080 slurm_job_id=3452080 launched_at=2026-09-17T16:14:23.992423+00:00
TIME run allocation action=skip run=/fslarge/scratch/users/h61084/codes/tsrag_time/outputs/tsrag/predictions/chronos_t5_512/Global_Price/Q/short/run_0 source_launch=selena_3452080 launch_id=selena_3452080 slurm_job_id=3452080 launched_at=2026-09-17T16:14:23.999328+00:00
TIME run allocation action=skip run=/fslarge/scratch/users/h61084/codes/tsrag_time/outputs/tsrag/predictions/chronos_t5_512/Vehicle_Sales/M/short/run_0 source_launch=selena_3452080 launch_id=selena_3452080 slurm_job_id=3452080 launched_at=2026-09-17T16:14:24.006551+00:00
TIME run allocation action=skip run=/fslarge/scratch/users/h61084/codes/tsrag_time/outputs/tsrag/predictions/chronos_t5_512/Online_Retail_2_UCI/D/short/run_0 source_launch=selena_3452080 launch_id=selena_3452080 slurm_job_id=3452080 launched_at=2026-09-17T16:14:24.013239+00:00
TIME run allocation action=skip run=/fslarge/scratch/users/h61084/codes/tsrag_time/outputs/tsrag/predictions/chronos_t5_512/Supply_Chain_Customer/D/short/run_0 source_launch=selena_3452080 launch_id=selena_3452080 slurm_job_id=3452080 launched_at=2026-09-17T16:14:24.020121+00:00
TIME run allocation action=skip run=/fslarge/scratch/users/h61084/codes/tsrag_time/outputs/tsrag/predictions/chronos_t5_512/Supply_Chain_Location/D/short/run_0 source_launch=selena_3452080 launch_id=selena_3452080 slurm_job_id=3452080 launched_at=2026-09-17T16:14:24.027008+00:00
TIME run allocation action=skip run=/fslarge/scratch/users/h61084/codes/tsrag_time/outputs/tsrag/predictions/chronos_t5_512/azure2019_U/5T/short/run_0 source_launch=selena_3452080 launch_id=selena_3452080 slurm_job_id=3452080 launched_at=2026-09-17T16:14:24.033921+00:00
TIME run allocation action=skip run=/fslarge/scratch/users/h61084/codes/tsrag_time/outputs/tsrag/predictions/chronos_t5_512/Smart_Manufacturing/H/short/run_0 source_launch=selena_3452080 launch_id=selena_3452080 slurm_job_id=3452080 launched_at=2026-09-17T16:14:24.040675+00:00
TIME run allocation action=skip run=/fslarge/scratch/users/h61084/codes/tsrag_time/outputs/tsrag/predictions/chronos_t5_512/Smart_Manufacturing/H/medium/run_0 source_launch=selena_3452080 launch_id=selena_3452080 slurm_job_id=3452080 launched_at=2026-09-17T16:14:24.047668+00:00
TIME run allocation action=skip run=/fslarge/scratch/users/h61084/codes/tsrag_time/outputs/tsrag/predictions/chronos_t5_512/Smart_Manufacturing/H/long/run_0 source_launch=selena_3452080 launch_id=selena_3452080 slurm_job_id=3452080 launched_at=2026-09-17T16:14:24.054643+00:00
TIME run allocation action=skip run=/fslarge/scratch/users/h61084/codes/tsrag_time/outputs/tsrag/predictions/chronos_t5_512/MetroPT-3/5T/short/run_0 source_launch=selena_3452080 launch_id=selena_3452080 slurm_job_id=3452080 launched_at=2026-09-17T16:14:24.061493+00:00
TIME run allocation action=skip run=/fslarge/scratch/users/h61084/codes/tsrag_time/outputs/tsrag/predictions/chronos_t5_512/MetroPT-3/5T/medium/run_0 source_launch=selena_3452080 launch_id=selena_3452080 slurm_job_id=3452080 launched_at=2026-09-17T16:14:24.068363+00:00
TIME run allocation action=skip run=/fslarge/scratch/users/h61084/codes/tsrag_time/outputs/tsrag/predictions/chronos_t5_512/MetroPT-3/5T/long/run_0 source_launch=selena_3452080 launch_id=selena_3452080 slurm_job_id=3452080 launched_at=2026-09-17T16:14:24.075207+00:00
TIME run allocation action=skip run=/fslarge/scratch/users/h61084/codes/tsrag_time/outputs/tsrag/predictions/chronos2_max/Water_Quality_Darwin/15T/short/run_0 source_launch=selena_3452080 launch_id=selena_3452080 slurm_job_id=3452080 launched_at=2026-09-17T16:14:24.082146+00:00
TIME run allocation action=skip run=/fslarge/scratch/users/h61084/codes/tsrag_time/outputs/tsrag/predictions/chronos2_max/Water_Quality_Darwin/15T/medium/run_0 source_launch=selena_3452080 launch_id=selena_3452080 slurm_job_id=3452080 launched_at=2026-09-17T16:14:24.089053+00:00
TIME run allocation action=skip run=/fslarge/scratch/users/h61084/codes/tsrag_time/outputs/tsrag/predictions/chronos2_max/Water_Quality_Darwin/15T/long/run_0 source_launch=selena_3452080 launch_id=selena_3452080 slurm_job_id=3452080 launched_at=2026-09-17T16:14:24.096009+00:00
TIME run allocation action=skip run=/fslarge/scratch/users/h61084/codes/tsrag_time/outputs/tsrag/predictions/chronos2_max/current_velocity/5T/short/run_0 source_launch=selena_3452080 launch_id=selena_3452080 slurm_job_id=3452080 launched_at=2026-09-17T16:14:24.103055+00:00
TIME run allocation action=skip run=/fslarge/scratch/users/h61084/codes/tsrag_time/outputs/tsrag/predictions/chronos2_max/current_velocity/5T/medium/run_0 source_launch=selena_3452080 launch_id=selena_3452080 slurm_job_id=3452080 launched_at=2026-09-17T16:14:24.109982+00:00
TIME run allocation action=skip run=/fslarge/scratch/users/h61084/codes/tsrag_time/outputs/tsrag/predictions/chronos2_max/current_velocity/5T/long/run_0 source_launch=selena_3452080 launch_id=selena_3452080 slurm_job_id=3452080 launched_at=2026-09-17T16:14:24.116997+00:00
TIME run allocation action=skip run=/fslarge/scratch/users/h61084/codes/tsrag_time/outputs/tsrag/predictions/chronos2_max/current_velocity/10T/short/run_0 source_launch=selena_3452080 launch_id=selena_3452080 slurm_job_id=3452080 launched_at=2026-09-17T16:14:24.124071+00:00
TIME run allocation action=skip run=/fslarge/scratch/users/h61084/codes/tsrag_time/outputs/tsrag/predictions/chronos2_max/current_velocity/10T/medium/run_0 source_launch=selena_3452080 launch_id=selena_3452080 slurm_job_id=3452080 launched_at=2026-09-17T16:14:24.130934+00:00
TIME run allocation action=skip run=/fslarge/scratch/users/h61084/codes/tsrag_time/outputs/tsrag/predictions/chronos2_max/current_velocity/10T/long/run_0 source_launch=selena_3452080 launch_id=selena_3452080 slurm_job_id=3452080 launched_at=2026-09-17T16:14:24.137849+00:00
TIME run allocation action=skip run=/fslarge/scratch/users/h61084/codes/tsrag_time/outputs/tsrag/predictions/chronos2_max/current_velocity/15T/short/run_0 source_launch=selena_3452080 launch_id=selena_3452080 slurm_job_id=3452080 launched_at=2026-09-17T16:14:24.144573+00:00
TIME run allocation action=skip run=/fslarge/scratch/users/h61084/codes/tsrag_time/outputs/tsrag/predictions/chronos2_max/current_velocity/15T/medium/run_0 source_launch=selena_3452080 launch_id=selena_3452080 slurm_job_id=3452080 launched_at=2026-09-17T16:14:24.151436+00:00
TIME run allocation action=skip run=/fslarge/scratch/users/h61084/codes/tsrag_time/outputs/tsrag/predictions/chronos2_max/current_velocity/15T/long/run_0 source_launch=selena_3452080 launch_id=selena_3452080 slurm_job_id=3452080 launched_at=2026-09-17T16:14:24.158488+00:00
TIME run allocation action=skip run=/fslarge/scratch/users/h61084/codes/tsrag_time/outputs/tsrag/predictions/chronos2_max/current_velocity/H/short/run_0 source_launch=selena_3452080 launch_id=selena_3452080 slurm_job_id=3452080 launched_at=2026-09-17T16:14:24.165380+00:00
TIME run allocation action=skip run=/fslarge/scratch/users/h61084/codes/tsrag_time/outputs/tsrag/predictions/chronos2_max/current_velocity/H/medium/run_0 source_launch=selena_3452080 launch_id=selena_3452080 slurm_job_id=3452080 launched_at=2026-09-17T16:14:24.172237+00:00
TIME run allocation action=skip run=/fslarge/scratch/users/h61084/codes/tsrag_time/outputs/tsrag/predictions/chronos2_max/current_velocity/H/long/run_0 source_launch=selena_3452080 launch_id=selena_3452080 slurm_job_id=3452080 launched_at=2026-09-17T16:14:24.179038+00:00
TIME run allocation action=skip run=/fslarge/scratch/users/h61084/codes/tsrag_time/outputs/tsrag/predictions/chronos2_max/CPHL/15T/short/run_0 source_launch=selena_3452080 launch_id=selena_3452080 slurm_job_id=3452080 launched_at=2026-09-17T16:14:24.186064+00:00
TIME run allocation action=skip run=/fslarge/scratch/users/h61084/codes/tsrag_time/outputs/tsrag/predictions/chronos2_max/CPHL/15T/medium/run_0 source_launch=selena_3452080 launch_id=selena_3452080 slurm_job_id=3452080 launched_at=2026-09-17T16:14:24.192845+00:00
TIME run allocation action=skip run=/fslarge/scratch/users/h61084/codes/tsrag_time/outputs/tsrag/predictions/chronos2_max/CPHL/15T/long/run_0 source_launch=selena_3452080 launch_id=selena_3452080 slurm_job_id=3452080 launched_at=2026-09-17T16:14:24.199790+00:00
TIME run allocation action=skip run=/fslarge/scratch/users/h61084/codes/tsrag_time/outputs/tsrag/predictions/chronos2_max/CPHL/30T/short/run_0 source_launch=selena_3452080 launch_id=selena_3452080 slurm_job_id=3452080 launched_at=2026-09-17T16:14:24.206819+00:00
TIME run allocation action=skip run=/fslarge/scratch/users/h61084/codes/tsrag_time/outputs/tsrag/predictions/chronos2_max/CPHL/30T/medium/run_0 source_launch=selena_3452080 launch_id=selena_3452080 slurm_job_id=3452080 launched_at=2026-09-17T16:14:24.213743+00:00
TIME run allocation action=skip run=/fslarge/scratch/users/h61084/codes/tsrag_time/outputs/tsrag/predictions/chronos2_max/CPHL/30T/long/run_0 source_launch=selena_3452080 launch_id=selena_3452080 slurm_job_id=3452080 launched_at=2026-09-17T16:14:24.220747+00:00
TIME run allocation action=skip run=/fslarge/scratch/users/h61084/codes/tsrag_time/outputs/tsrag/predictions/chronos2_max/CPHL/H/short/run_0 source_launch=selena_3452080 launch_id=selena_3452080 slurm_job_id=3452080 launched_at=2026-09-17T16:14:24.227579+00:00
TIME run allocation action=skip run=/fslarge/scratch/users/h61084/codes/tsrag_time/outputs/tsrag/predictions/chronos2_max/CPHL/H/medium/run_0 source_launch=selena_3452080 launch_id=selena_3452080 slurm_job_id=3452080 launched_at=2026-09-17T16:14:24.234358+00:00
TIME run allocation action=skip run=/fslarge/scratch/users/h61084/codes/tsrag_time/outputs/tsrag/predictions/chronos2_max/CPHL/H/long/run_0 source_launch=selena_3452080 launch_id=selena_3452080 slurm_job_id=3452080 launched_at=2026-09-17T16:14:24.241093+00:00
TIME run allocation action=skip run=/fslarge/scratch/users/h61084/codes/tsrag_time/outputs/tsrag/predictions/chronos2_max/Coastal_T_S/15T/short/run_0 source_launch=selena_3452080 launch_id=selena_3452080 slurm_job_id=3452080 launched_at=2026-09-17T16:14:24.247866+00:00
TIME run allocation action=skip run=/fslarge/scratch/users/h61084/codes/tsrag_time/outputs/tsrag/predictions/chronos2_max/Coastal_T_S/15T/medium/run_0 source_launch=selena_3452080 launch_id=selena_3452080 slurm_job_id=3452080 launched_at=2026-09-17T16:14:24.254676+00:00
TIME run allocation action=skip run=/fslarge/scratch/users/h61084/codes/tsrag_time/outputs/tsrag/predictions/chronos2_max/Coastal_T_S/15T/long/run_0 source_launch=selena_3452080 launch_id=selena_3452080 slurm_job_id=3452080 launched_at=2026-09-17T16:14:24.261502+00:00
TIME run allocation action=skip run=/fslarge/scratch/users/h61084/codes/tsrag_time/outputs/tsrag/predictions/chronos2_max/Coastal_T_S/20T/short/run_0 source_launch=selena_3452080 launch_id=selena_3452080 slurm_job_id=3452080 launched_at=2026-09-17T16:14:24.268350+00:00
TIME run allocation action=skip run=/fslarge/scratch/users/h61084/codes/tsrag_time/outputs/tsrag/predictions/chronos2_max/Coastal_T_S/20T/medium/run_0 source_launch=selena_3452080 launch_id=selena_3452080 slurm_job_id=3452080 launched_at=2026-09-17T16:14:24.275212+00:00
TIME run allocation action=skip run=/fslarge/scratch/users/h61084/codes/tsrag_time/outputs/tsrag/predictions/chronos2_max/Coastal_T_S/20T/long/run_0 source_launch=selena_3452080 launch_id=selena_3452080 slurm_job_id=3452080 launched_at=2026-09-17T16:14:24.281915+00:00
TIME run allocation action=skip run=/fslarge/scratch/users/h61084/codes/tsrag_time/outputs/tsrag/predictions/chronos2_max/Coastal_T_S/H/short/run_0 source_launch=selena_3452080 launch_id=selena_3452080 slurm_job_id=3452080 launched_at=2026-09-17T16:14:24.288638+00:00
TIME run allocation action=skip run=/fslarge/scratch/users/h61084/codes/tsrag_time/outputs/tsrag/predictions/chronos2_max/Coastal_T_S/H/medium/run_0 source_launch=selena_3452080 launch_id=selena_3452080 slurm_job_id=3452080 launched_at=2026-09-17T16:14:24.295554+00:00
TIME run allocation action=skip run=/fslarge/scratch/users/h61084/codes/tsrag_time/outputs/tsrag/predictions/chronos2_max/Coastal_T_S/H/long/run_0 source_launch=selena_3452080 launch_id=selena_3452080 slurm_job_id=3452080 launched_at=2026-09-17T16:14:24.302406+00:00
TIME run allocation action=skip run=/fslarge/scratch/users/h61084/codes/tsrag_time/outputs/tsrag/predictions/chronos2_max/SG_Weather/D/short/run_0 source_launch=selena_3452080 launch_id=selena_3452080 slurm_job_id=3452080 launched_at=2026-09-17T16:14:24.309480+00:00
TIME run allocation action=skip run=/fslarge/scratch/users/h61084/codes/tsrag_time/outputs/tsrag/predictions/chronos2_max/SG_Weather/D/medium/run_0 source_launch=selena_3452080 launch_id=selena_3452080 slurm_job_id=3452080 launched_at=2026-09-17T16:14:24.316287+00:00
TIME run allocation action=skip run=/fslarge/scratch/users/h61084/codes/tsrag_time/outputs/tsrag/predictions/chronos2_max/SG_Weather/D/long/run_0 source_launch=selena_3452080 launch_id=selena_3452080 slurm_job_id=3452080 launched_at=2026-09-17T16:14:24.323139+00:00
TIME run allocation action=skip run=/fslarge/scratch/users/h61084/codes/tsrag_time/outputs/tsrag/predictions/chronos2_max/SG_PM25/H/short/run_0 source_launch=selena_3452080 launch_id=selena_3452080 slurm_job_id=3452080 launched_at=2026-09-17T16:14:24.329967+00:00
TIME run allocation action=skip run=/fslarge/scratch/users/h61084/codes/tsrag_time/outputs/tsrag/predictions/chronos2_max/SG_PM25/H/medium/run_0 source_launch=selena_3452080 launch_id=selena_3452080 slurm_job_id=3452080 launched_at=2026-09-17T16:14:24.336787+00:00
TIME run allocation action=skip run=/fslarge/scratch/users/h61084/codes/tsrag_time/outputs/tsrag/predictions/chronos2_max/SG_PM25/H/long/run_0 source_launch=selena_3452080 launch_id=selena_3452080 slurm_job_id=3452080 launched_at=2026-09-17T16:14:24.343585+00:00
TIME run allocation action=skip run=/fslarge/scratch/users/h61084/codes/tsrag_time/outputs/tsrag/predictions/chronos2_max/NE_China_Wind/H/short/run_0 source_launch=selena_3452080 launch_id=selena_3452080 slurm_job_id=3452080 launched_at=2026-09-17T16:14:24.350507+00:00
TIME run allocation action=skip run=/fslarge/scratch/users/h61084/codes/tsrag_time/outputs/tsrag/predictions/chronos2_max/NE_China_Wind/H/medium/run_0 source_launch=selena_3452080 launch_id=selena_3452080 slurm_job_id=3452080 launched_at=2026-09-17T16:14:24.357376+00:00
TIME run allocation action=skip run=/fslarge/scratch/users/h61084/codes/tsrag_time/outputs/tsrag/predictions/chronos2_max/NE_China_Wind/H/long/run_0 source_launch=selena_3452080 launch_id=selena_3452080 slurm_job_id=3452080 launched_at=2026-09-17T16:14:24.364504+00:00
TIME run allocation action=skip run=/fslarge/scratch/users/h61084/codes/tsrag_time/outputs/tsrag/predictions/chronos2_max/Australia_Solar/H/short/run_0 source_launch=selena_3452080 launch_id=selena_3452080 slurm_job_id=3452080 launched_at=2026-09-17T16:14:24.371491+00:00
TIME run allocation action=skip run=/fslarge/scratch/users/h61084/codes/tsrag_time/outputs/tsrag/predictions/chronos2_max/Australia_Solar/H/medium/run_0 source_launch=selena_3452080 launch_id=selena_3452080 slurm_job_id=3452080 launched_at=2026-09-17T16:14:24.378334+00:00
TIME run allocation action=skip run=/fslarge/scratch/users/h61084/codes/tsrag_time/outputs/tsrag/predictions/chronos2_max/Australia_Solar/H/long/run_0 source_launch=selena_3452080 launch_id=selena_3452080 slurm_job_id=3452080 launched_at=2026-09-17T16:14:24.385365+00:00
TIME run allocation action=skip run=/fslarge/scratch/users/h61084/codes/tsrag_time/outputs/tsrag/predictions/chronos2_max/epf_electricity_price/H/short/run_0 source_launch=selena_3452080 launch_id=selena_3452080 slurm_job_id=3452080 launched_at=2026-09-17T16:14:24.392317+00:00
TIME run allocation action=skip run=/fslarge/scratch/users/h61084/codes/tsrag_time/outputs/tsrag/predictions/chronos2_max/epf_electricity_price/H/medium/run_0 source_launch=selena_3452080 launch_id=selena_3452080 slurm_job_id=3452080 launched_at=2026-09-17T16:14:24.399144+00:00
TIME run allocation action=skip run=/fslarge/scratch/users/h61084/codes/tsrag_time/outputs/tsrag/predictions/chronos2_max/epf_electricity_price/H/long/run_0 source_launch=selena_3452080 launch_id=selena_3452080 slurm_job_id=3452080 launched_at=2026-09-17T16:14:24.405931+00:00
TIME run allocation action=skip run=/fslarge/scratch/users/h61084/codes/tsrag_time/outputs/tsrag/predictions/chronos2_max/OpenElectricity_NEM/5T/short/run_0 source_launch=selena_3452080 launch_id=selena_3452080 slurm_job_id=3452080 launched_at=2026-09-17T16:14:24.412864+00:00
TIME run allocation action=skip run=/fslarge/scratch/users/h61084/codes/tsrag_time/outputs/tsrag/predictions/chronos2_max/OpenElectricity_NEM/5T/medium/run_0 source_launch=selena_3452080 launch_id=selena_3452080 slurm_job_id=3452080 launched_at=2026-09-17T16:14:24.419717+00:00
TIME run allocation action=skip run=/fslarge/scratch/users/h61084/codes/tsrag_time/outputs/tsrag/predictions/chronos2_max/OpenElectricity_NEM/5T/long/run_0 source_launch=selena_3452080 launch_id=selena_3452080 slurm_job_id=3452080 launched_at=2026-09-17T16:14:24.426459+00:00
TIME run allocation action=skip run=/fslarge/scratch/users/h61084/codes/tsrag_time/outputs/tsrag/predictions/chronos2_max/EWELD_Load/15T/short/run_0 source_launch=selena_3452080 launch_id=selena_3452080 slurm_job_id=3452080 launched_at=2026-09-17T16:14:24.433290+00:00
TIME run allocation action=skip run=/fslarge/scratch/users/h61084/codes/tsrag_time/outputs/tsrag/predictions/chronos2_max/EWELD_Load/15T/medium/run_0 source_launch=selena_3452080 launch_id=selena_3452080 slurm_job_id=3452080 launched_at=2026-09-17T16:14:24.439986+00:00
TIME run allocation action=skip run=/fslarge/scratch/users/h61084/codes/tsrag_time/outputs/tsrag/predictions/chronos2_max/EWELD_Load/15T/long/run_0 source_launch=selena_3452080 launch_id=selena_3452080 slurm_job_id=3452080 launched_at=2026-09-17T16:14:24.446770+00:00
TIME run allocation action=skip run=/fslarge/scratch/users/h61084/codes/tsrag_time/outputs/tsrag/predictions/chronos2_max/SG_Carpark/15T/short/run_0 source_launch=selena_3452080 launch_id=selena_3452080 slurm_job_id=3452080 launched_at=2026-09-17T16:14:24.453382+00:00
TIME run allocation action=skip run=/fslarge/scratch/users/h61084/codes/tsrag_time/outputs/tsrag/predictions/chronos2_max/SG_Carpark/15T/medium/run_0 source_launch=selena_3452080 launch_id=selena_3452080 slurm_job_id=3452080 launched_at=2026-09-17T16:14:24.460102+00:00
TIME run allocation action=skip run=/fslarge/scratch/users/h61084/codes/tsrag_time/outputs/tsrag/predictions/chronos2_max/SG_Carpark/15T/long/run_0 source_launch=selena_3452080 launch_id=selena_3452080 slurm_job_id=3452080 launched_at=2026-09-17T16:14:24.466751+00:00
TIME run allocation action=skip run=/fslarge/scratch/users/h61084/codes/tsrag_time/outputs/tsrag/predictions/chronos2_max/Finland_Traffic/15T/short/run_0 source_launch=selena_3452080 launch_id=selena_3452080 slurm_job_id=3452080 launched_at=2026-09-17T16:14:24.473576+00:00
TIME run allocation action=skip run=/fslarge/scratch/users/h61084/codes/tsrag_time/outputs/tsrag/predictions/chronos2_max/Finland_Traffic/15T/medium/run_0 source_launch=selena_3452080 launch_id=selena_3452080 slurm_job_id=3452080 launched_at=2026-09-17T16:14:24.480437+00:00
TIME run allocation action=skip run=/fslarge/scratch/users/h61084/codes/tsrag_time/outputs/tsrag/predictions/chronos2_max/Finland_Traffic/15T/long/run_0 source_launch=selena_3452080 launch_id=selena_3452080 slurm_job_id=3452080 launched_at=2026-09-17T16:14:24.488501+00:00
TIME run allocation action=skip run=/fslarge/scratch/users/h61084/codes/tsrag_time/outputs/tsrag/predictions/chronos2_max/Port_Activity/D/short/run_0 source_launch=selena_3452080 launch_id=selena_3452080 slurm_job_id=3452080 launched_at=2026-09-17T16:14:24.497923+00:00
TIME run allocation action=skip run=/fslarge/scratch/users/h61084/codes/tsrag_time/outputs/tsrag/predictions/chronos2_max/Port_Activity/W/short/run_0 source_launch=selena_3452080 launch_id=selena_3452080 slurm_job_id=3452080 launched_at=2026-09-17T16:14:24.504769+00:00
TIME run allocation action=skip run=/fslarge/scratch/users/h61084/codes/tsrag_time/outputs/tsrag/predictions/chronos2_max/ECDC_COVID/D/short/run_0 source_launch=selena_3452080 launch_id=selena_3452080 slurm_job_id=3452080 launched_at=2026-09-17T16:14:24.511534+00:00
TIME run allocation action=skip run=/fslarge/scratch/users/h61084/codes/tsrag_time/outputs/tsrag/predictions/chronos2_max/ECDC_COVID/W/short/run_0 source_launch=selena_3452080 launch_id=selena_3452080 slurm_job_id=3452080 launched_at=2026-09-17T16:14:24.518380+00:00
TIME run allocation action=skip run=/fslarge/scratch/users/h61084/codes/tsrag_time/outputs/tsrag/predictions/chronos2_max/Global_Influenza/W/short/run_0 source_launch=selena_3452080 launch_id=selena_3452080 slurm_job_id=3452080 launched_at=2026-09-17T16:14:24.525152+00:00
TIME run allocation action=skip run=/fslarge/scratch/users/h61084/codes/tsrag_time/outputs/tsrag/predictions/chronos2_max/Crypto/D/short/run_0 source_launch=selena_3452080 launch_id=selena_3452080 slurm_job_id=3452080 launched_at=2026-09-17T16:14:24.531907+00:00
TIME run allocation action=skip run=/fslarge/scratch/users/h61084/codes/tsrag_time/outputs/tsrag/predictions/chronos2_max/US_Term_Structure/B/short/run_0 source_launch=selena_3452080 launch_id=selena_3452080 slurm_job_id=3452080 launched_at=2026-09-17T16:14:24.538621+00:00
TIME run allocation action=skip run=/fslarge/scratch/users/h61084/codes/tsrag_time/outputs/tsrag/predictions/chronos2_max/Oil_Price/B/short/run_0 source_launch=selena_3452080 launch_id=selena_3452080 slurm_job_id=3452080 launched_at=2026-09-17T16:14:24.545344+00:00
TIME run allocation action=skip run=/fslarge/scratch/users/h61084/codes/tsrag_time/outputs/tsrag/predictions/chronos2_max/Job_Claims/W/short/run_0 source_launch=selena_3452080 launch_id=selena_3452080 slurm_job_id=3452080 launched_at=2026-09-17T16:14:24.552239+00:00
TIME run allocation action=skip run=/fslarge/scratch/users/h61084/codes/tsrag_time/outputs/tsrag/predictions/chronos2_max/Uncertainty_1M/M/short/run_0 source_launch=selena_3452080 launch_id=selena_3452080 slurm_job_id=3452080 launched_at=2026-09-17T16:14:24.559178+00:00
TIME run allocation action=skip run=/fslarge/scratch/users/h61084/codes/tsrag_time/outputs/tsrag/predictions/chronos2_max/Housing_Inventory/M/short/run_0 source_launch=selena_3452080 launch_id=selena_3452080 slurm_job_id=3452080 launched_at=2026-09-17T16:14:24.565894+00:00
TIME run allocation action=skip run=/fslarge/scratch/users/h61084/codes/tsrag_time/outputs/tsrag/predictions/chronos2_max/JOLTS/M/short/run_0 source_launch=selena_3452080 launch_id=selena_3452080 slurm_job_id=3452080 launched_at=2026-09-17T16:14:24.572686+00:00
TIME run allocation action=skip run=/fslarge/scratch/users/h61084/codes/tsrag_time/outputs/tsrag/predictions/chronos2_max/US_Labor/M/short/run_0 source_launch=selena_3452080 launch_id=selena_3452080 slurm_job_id=3452080 launched_at=2026-09-17T16:14:24.579488+00:00
TIME run allocation action=skip run=/fslarge/scratch/users/h61084/codes/tsrag_time/outputs/tsrag/predictions/chronos2_max/Vehicle_Supply/M/short/run_0 source_launch=selena_3452080 launch_id=selena_3452080 slurm_job_id=3452080 launched_at=2026-09-17T16:14:24.586277+00:00
TIME run allocation action=skip run=/fslarge/scratch/users/h61084/codes/tsrag_time/outputs/tsrag/predictions/chronos2_max/Auto_Production_SF/M/short/run_0 source_launch=selena_3452080 launch_id=selena_3452080 slurm_job_id=3452080 launched_at=2026-09-17T16:14:24.592994+00:00
TIME run allocation action=skip run=/fslarge/scratch/users/h61084/codes/tsrag_time/outputs/tsrag/predictions/chronos2_max/Commodity_Production/M/short/run_0 source_launch=selena_3452080 launch_id=selena_3452080 slurm_job_id=3452080 launched_at=2026-09-17T16:14:24.599853+00:00
TIME run allocation action=skip run=/fslarge/scratch/users/h61084/codes/tsrag_time/outputs/tsrag/predictions/chronos2_max/Commodity_Import/M/short/run_0 source_launch=selena_3452080 launch_id=selena_3452080 slurm_job_id=3452080 launched_at=2026-09-17T16:14:24.606722+00:00
TIME run allocation action=skip run=/fslarge/scratch/users/h61084/codes/tsrag_time/outputs/tsrag/predictions/chronos2_max/WUI_Global/Q/short/run_0 source_launch=selena_3452080 launch_id=selena_3452080 slurm_job_id=3452080 launched_at=2026-09-17T16:14:24.613350+00:00
TIME run allocation action=skip run=/fslarge/scratch/users/h61084/codes/tsrag_time/outputs/tsrag/predictions/chronos2_max/Global_Price/Q/short/run_0 source_launch=selena_3452080 launch_id=selena_3452080 slurm_job_id=3452080 launched_at=2026-09-17T16:14:24.620234+00:00
TIME run allocation action=skip run=/fslarge/scratch/users/h61084/codes/tsrag_time/outputs/tsrag/predictions/chronos2_max/Vehicle_Sales/M/short/run_0 source_launch=selena_3452080 launch_id=selena_3452080 slurm_job_id=3452080 launched_at=2026-09-17T16:14:24.627016+00:00
TIME run allocation action=skip run=/fslarge/scratch/users/h61084/codes/tsrag_time/outputs/tsrag/predictions/chronos2_max/Online_Retail_2_UCI/D/short/run_0 source_launch=selena_3452080 launch_id=selena_3452080 slurm_job_id=3452080 launched_at=2026-09-17T16:14:24.633798+00:00
TIME run allocation action=skip run=/fslarge/scratch/users/h61084/codes/tsrag_time/outputs/tsrag/predictions/chronos2_max/Supply_Chain_Customer/D/short/run_0 source_launch=selena_3452080 launch_id=selena_3452080 slurm_job_id=3452080 launched_at=2026-09-17T16:14:24.640505+00:00
TIME run allocation action=skip run=/fslarge/scratch/users/h61084/codes/tsrag_time/outputs/tsrag/predictions/chronos2_max/Supply_Chain_Location/D/short/run_0 source_launch=selena_3452080 launch_id=selena_3452080 slurm_job_id=3452080 launched_at=2026-09-17T16:14:24.647273+00:00
TIME run allocation action=skip run=/fslarge/scratch/users/h61084/codes/tsrag_time/outputs/tsrag/predictions/chronos2_max/azure2019_U/5T/short/run_0 source_launch=selena_3452080 launch_id=selena_3452080 slurm_job_id=3452080 launched_at=2026-09-17T16:14:24.654166+00:00
TIME run allocation action=skip run=/fslarge/scratch/users/h61084/codes/tsrag_time/outputs/tsrag/predictions/chronos2_max/Smart_Manufacturing/H/short/run_0 source_launch=selena_3452080 launch_id=selena_3452080 slurm_job_id=3452080 launched_at=2026-09-17T16:14:24.661008+00:00
TIME run allocation action=skip run=/fslarge/scratch/users/h61084/codes/tsrag_time/outputs/tsrag/predictions/chronos2_max/Smart_Manufacturing/H/medium/run_0 source_launch=selena_3452080 launch_id=selena_3452080 slurm_job_id=3452080 launched_at=2026-09-17T16:14:24.667556+00:00
TIME run allocation action=skip run=/fslarge/scratch/users/h61084/codes/tsrag_time/outputs/tsrag/predictions/chronos2_max/Smart_Manufacturing/H/long/run_0 source_launch=selena_3452080 launch_id=selena_3452080 slurm_job_id=3452080 launched_at=2026-09-17T16:14:24.674473+00:00
TIME run allocation action=skip run=/fslarge/scratch/users/h61084/codes/tsrag_time/outputs/tsrag/predictions/chronos2_max/MetroPT-3/5T/short/run_0 source_launch=selena_3452080 launch_id=selena_3452080 slurm_job_id=3452080 launched_at=2026-09-17T16:14:24.681384+00:00
TIME run allocation action=skip run=/fslarge/scratch/users/h61084/codes/tsrag_time/outputs/tsrag/predictions/chronos2_max/MetroPT-3/5T/medium/run_0 source_launch=selena_3452080 launch_id=selena_3452080 slurm_job_id=3452080 launched_at=2026-09-17T16:14:24.688379+00:00
TIME run allocation action=skip run=/fslarge/scratch/users/h61084/codes/tsrag_time/outputs/tsrag/predictions/chronos2_max/MetroPT-3/5T/long/run_0 source_launch=selena_3452080 launch_id=selena_3452080 slurm_job_id=3452080 launched_at=2026-09-17T16:14:24.695189+00:00

[2026-09-17 16:14:25 UTC] stage=extract
[2026-09-17 18:14:27,314][datasets][INFO] - PyTorch version 2.9.1 available.
[2026-09-17 16:14:29 UTC] stage=extract tasks=90 seed=0 device=cuda Slurm=3452080
TIME run allocation action=skip run=/fslarge/scratch/users/h61084/codes/tsrag_time/outputs/tsrag/extractions/tsrag/Water_Quality_Darwin/15T/short/run_0 source_launch=selena_3452080 launch_id=selena_3452080 slurm_job_id=3452080 launched_at=2026-09-17T16:14:34.544328+00:00
TIME run allocation action=skip run=/fslarge/scratch/users/h61084/codes/tsrag_time/outputs/tsrag/extractions/tsrag/Water_Quality_Darwin/15T/medium/run_0 source_launch=selena_3452080 launch_id=selena_3452080 slurm_job_id=3452080 launched_at=2026-09-17T16:14:34.551420+00:00
TIME run allocation action=skip run=/fslarge/scratch/users/h61084/codes/tsrag_time/outputs/tsrag/extractions/tsrag/Water_Quality_Darwin/15T/long/run_0 source_launch=selena_3452080 launch_id=selena_3452080 slurm_job_id=3452080 launched_at=2026-09-17T16:14:34.558357+00:00
TIME run allocation action=skip run=/fslarge/scratch/users/h61084/codes/tsrag_time/outputs/tsrag/extractions/tsrag/current_velocity/5T/short/run_0 source_launch=selena_3452080 launch_id=selena_3452080 slurm_job_id=3452080 launched_at=2026-09-17T16:14:34.565313+00:00
TIME run allocation action=skip run=/fslarge/scratch/users/h61084/codes/tsrag_time/outputs/tsrag/extractions/tsrag/current_velocity/5T/medium/run_0 source_launch=selena_3452080 launch_id=selena_3452080 slurm_job_id=3452080 launched_at=2026-09-17T16:14:34.572278+00:00
TIME run allocation action=skip run=/fslarge/scratch/users/h61084/codes/tsrag_time/outputs/tsrag/extractions/tsrag/current_velocity/5T/long/run_0 source_launch=selena_3452080 launch_id=selena_3452080 slurm_job_id=3452080 launched_at=2026-09-17T16:14:34.579295+00:00
TIME run allocation action=skip run=/fslarge/scratch/users/h61084/codes/tsrag_time/outputs/tsrag/extractions/tsrag/current_velocity/10T/short/run_0 source_launch=selena_3452080 launch_id=selena_3452080 slurm_job_id=3452080 launched_at=2026-09-17T16:14:34.586271+00:00
TIME run allocation action=skip run=/fslarge/scratch/users/h61084/codes/tsrag_time/outputs/tsrag/extractions/tsrag/current_velocity/10T/medium/run_0 source_launch=selena_3452080 launch_id=selena_3452080 slurm_job_id=3452080 launched_at=2026-09-17T16:14:34.593301+00:00
TIME run allocation action=skip run=/fslarge/scratch/users/h61084/codes/tsrag_time/outputs/tsrag/extractions/tsrag/current_velocity/10T/long/run_0 source_launch=selena_3452080 launch_id=selena_3452080 slurm_job_id=3452080 launched_at=2026-09-17T16:14:34.600352+00:00
TIME run allocation action=skip run=/fslarge/scratch/users/h61084/codes/tsrag_time/outputs/tsrag/extractions/tsrag/current_velocity/15T/short/run_0 source_launch=selena_3452080 launch_id=selena_3452080 slurm_job_id=3452080 launched_at=2026-09-17T16:14:34.607332+00:00
TIME run allocation action=skip run=/fslarge/scratch/users/h61084/codes/tsrag_time/outputs/tsrag/extractions/tsrag/current_velocity/15T/medium/run_0 source_launch=selena_3452080 launch_id=selena_3452080 slurm_job_id=3452080 launched_at=2026-09-17T16:14:34.614383+00:00
TIME run allocation action=skip run=/fslarge/scratch/users/h61084/codes/tsrag_time/outputs/tsrag/extractions/tsrag/current_velocity/15T/long/run_0 source_launch=selena_3452080 launch_id=selena_3452080 slurm_job_id=3452080 launched_at=2026-09-17T16:14:34.621518+00:00
TIME run allocation action=skip run=/fslarge/scratch/users/h61084/codes/tsrag_time/outputs/tsrag/extractions/tsrag/current_velocity/H/short/run_0 source_launch=selena_3452080 launch_id=selena_3452080 slurm_job_id=3452080 launched_at=2026-09-17T16:14:34.628244+00:00
TIME run allocation action=skip run=/fslarge/scratch/users/h61084/codes/tsrag_time/outputs/tsrag/extractions/tsrag/current_velocity/H/medium/run_0 source_launch=selena_3452080 launch_id=selena_3452080 slurm_job_id=3452080 launched_at=2026-09-17T16:14:34.635473+00:00
TIME run allocation action=skip run=/fslarge/scratch/users/h61084/codes/tsrag_time/outputs/tsrag/extractions/tsrag/current_velocity/H/long/run_0 source_launch=selena_3452080 launch_id=selena_3452080 slurm_job_id=3452080 launched_at=2026-09-17T16:14:34.642702+00:00
TIME run allocation action=skip run=/fslarge/scratch/users/h61084/codes/tsrag_time/outputs/tsrag/extractions/tsrag/CPHL/15T/short/run_0 source_launch=selena_3452080 launch_id=selena_3452080 slurm_job_id=3452080 launched_at=2026-09-17T16:14:34.649741+00:00
TIME run allocation action=skip run=/fslarge/scratch/users/h61084/codes/tsrag_time/outputs/tsrag/extractions/tsrag/CPHL/15T/medium/run_0 source_launch=selena_3452080 launch_id=selena_3452080 slurm_job_id=3452080 launched_at=2026-09-17T16:14:34.656771+00:00
TIME run allocation action=skip run=/fslarge/scratch/users/h61084/codes/tsrag_time/outputs/tsrag/extractions/tsrag/CPHL/15T/long/run_0 source_launch=selena_3452080 launch_id=selena_3452080 slurm_job_id=3452080 launched_at=2026-09-17T16:14:34.663691+00:00
TIME run allocation action=skip run=/fslarge/scratch/users/h61084/codes/tsrag_time/outputs/tsrag/extractions/tsrag/CPHL/30T/short/run_0 source_launch=selena_3452080 launch_id=selena_3452080 slurm_job_id=3452080 launched_at=2026-09-17T16:14:34.670713+00:00
TIME run allocation action=skip run=/fslarge/scratch/users/h61084/codes/tsrag_time/outputs/tsrag/extractions/tsrag/CPHL/30T/medium/run_0 source_launch=selena_3452080 launch_id=selena_3452080 slurm_job_id=3452080 launched_at=2026-09-17T16:14:34.677441+00:00
TIME run allocation action=skip run=/fslarge/scratch/users/h61084/codes/tsrag_time/outputs/tsrag/extractions/tsrag/CPHL/30T/long/run_0 source_launch=selena_3452080 launch_id=selena_3452080 slurm_job_id=3452080 launched_at=2026-09-17T16:14:34.684332+00:00
TIME run allocation action=skip run=/fslarge/scratch/users/h61084/codes/tsrag_time/outputs/tsrag/extractions/tsrag/CPHL/H/short/run_0 source_launch=selena_3452080 launch_id=selena_3452080 slurm_job_id=3452080 launched_at=2026-09-17T16:14:34.691391+00:00
TIME run allocation action=skip run=/fslarge/scratch/users/h61084/codes/tsrag_time/outputs/tsrag/extractions/tsrag/CPHL/H/medium/run_0 source_launch=selena_3452080 launch_id=selena_3452080 slurm_job_id=3452080 launched_at=2026-09-17T16:14:34.698366+00:00
TIME run allocation action=skip run=/fslarge/scratch/users/h61084/codes/tsrag_time/outputs/tsrag/extractions/tsrag/CPHL/H/long/run_0 source_launch=selena_3452080 launch_id=selena_3452080 slurm_job_id=3452080 launched_at=2026-09-17T16:14:34.705241+00:00
TIME run allocation action=skip run=/fslarge/scratch/users/h61084/codes/tsrag_time/outputs/tsrag/extractions/tsrag/Coastal_T_S/15T/short/run_0 source_launch=selena_3452080 launch_id=selena_3452080 slurm_job_id=3452080 launched_at=2026-09-17T16:14:34.712188+00:00
TIME run allocation action=skip run=/fslarge/scratch/users/h61084/codes/tsrag_time/outputs/tsrag/extractions/tsrag/Coastal_T_S/15T/medium/run_0 source_launch=selena_3452080 launch_id=selena_3452080 slurm_job_id=3452080 launched_at=2026-09-17T16:14:34.719036+00:00
TIME run allocation action=skip run=/fslarge/scratch/users/h61084/codes/tsrag_time/outputs/tsrag/extractions/tsrag/Coastal_T_S/15T/long/run_0 source_launch=selena_3452080 launch_id=selena_3452080 slurm_job_id=3452080 launched_at=2026-09-17T16:14:34.726026+00:00
TIME run allocation action=skip run=/fslarge/scratch/users/h61084/codes/tsrag_time/outputs/tsrag/extractions/tsrag/Coastal_T_S/20T/short/run_0 source_launch=selena_3452080 launch_id=selena_3452080 slurm_job_id=3452080 launched_at=2026-09-17T16:14:34.732983+00:00
TIME run allocation action=skip run=/fslarge/scratch/users/h61084/codes/tsrag_time/outputs/tsrag/extractions/tsrag/Coastal_T_S/20T/medium/run_0 source_launch=selena_3452080 launch_id=selena_3452080 slurm_job_id=3452080 launched_at=2026-09-17T16:14:34.739951+00:00
TIME run allocation action=skip run=/fslarge/scratch/users/h61084/codes/tsrag_time/outputs/tsrag/extractions/tsrag/Coastal_T_S/20T/long/run_0 source_launch=selena_3452080 launch_id=selena_3452080 slurm_job_id=3452080 launched_at=2026-09-17T16:14:34.746967+00:00
TIME run allocation action=skip run=/fslarge/scratch/users/h61084/codes/tsrag_time/outputs/tsrag/extractions/tsrag/Coastal_T_S/H/short/run_0 source_launch=selena_3452080 launch_id=selena_3452080 slurm_job_id=3452080 launched_at=2026-09-17T16:14:34.753773+00:00
TIME run allocation action=skip run=/fslarge/scratch/users/h61084/codes/tsrag_time/outputs/tsrag/extractions/tsrag/Coastal_T_S/H/medium/run_0 source_launch=selena_3452080 launch_id=selena_3452080 slurm_job_id=3452080 launched_at=2026-09-17T16:14:34.760677+00:00
TIME run allocation action=skip run=/fslarge/scratch/users/h61084/codes/tsrag_time/outputs/tsrag/extractions/tsrag/Coastal_T_S/H/long/run_0 source_launch=selena_3452080 launch_id=selena_3452080 slurm_job_id=3452080 launched_at=2026-09-17T16:14:34.767603+00:00
TIME run allocation action=skip run=/fslarge/scratch/users/h61084/codes/tsrag_time/outputs/tsrag/extractions/tsrag/SG_Weather/D/short/run_0 source_launch=selena_3452080 launch_id=selena_3452080 slurm_job_id=3452080 launched_at=2026-09-17T16:14:34.774419+00:00
TIME run allocation action=skip run=/fslarge/scratch/users/h61084/codes/tsrag_time/outputs/tsrag/extractions/tsrag/SG_Weather/D/medium/run_0 source_launch=selena_3452080 launch_id=selena_3452080 slurm_job_id=3452080 launched_at=2026-09-17T16:14:34.781950+00:00
TIME run allocation action=skip run=/fslarge/scratch/users/h61084/codes/tsrag_time/outputs/tsrag/extractions/tsrag/SG_Weather/D/long/run_0 source_launch=selena_3452080 launch_id=selena_3452080 slurm_job_id=3452080 launched_at=2026-09-17T16:14:34.788796+00:00
TIME run allocation action=skip run=/fslarge/scratch/users/h61084/codes/tsrag_time/outputs/tsrag/extractions/tsrag/SG_PM25/H/short/run_0 source_launch=selena_3452080 launch_id=selena_3452080 slurm_job_id=3452080 launched_at=2026-09-17T16:14:34.795667+00:00
TIME run allocation action=skip run=/fslarge/scratch/users/h61084/codes/tsrag_time/outputs/tsrag/extractions/tsrag/SG_PM25/H/medium/run_0 source_launch=selena_3452080 launch_id=selena_3452080 slurm_job_id=3452080 launched_at=2026-09-17T16:14:34.802458+00:00
TIME run allocation action=skip run=/fslarge/scratch/users/h61084/codes/tsrag_time/outputs/tsrag/extractions/tsrag/SG_PM25/H/long/run_0 source_launch=selena_3452080 launch_id=selena_3452080 slurm_job_id=3452080 launched_at=2026-09-17T16:14:34.809361+00:00
TIME run allocation action=skip run=/fslarge/scratch/users/h61084/codes/tsrag_time/outputs/tsrag/extractions/tsrag/NE_China_Wind/H/short/run_0 source_launch=selena_3452080 launch_id=selena_3452080 slurm_job_id=3452080 launched_at=2026-09-17T16:14:34.816243+00:00
TIME run allocation action=skip run=/fslarge/scratch/users/h61084/codes/tsrag_time/outputs/tsrag/extractions/tsrag/NE_China_Wind/H/medium/run_0 source_launch=selena_3452080 launch_id=selena_3452080 slurm_job_id=3452080 launched_at=2026-09-17T16:14:34.822987+00:00
TIME run allocation action=skip run=/fslarge/scratch/users/h61084/codes/tsrag_time/outputs/tsrag/extractions/tsrag/NE_China_Wind/H/long/run_0 source_launch=selena_3452080 launch_id=selena_3452080 slurm_job_id=3452080 launched_at=2026-09-17T16:14:34.829742+00:00
TIME run allocation action=skip run=/fslarge/scratch/users/h61084/codes/tsrag_time/outputs/tsrag/extractions/tsrag/Australia_Solar/H/short/run_0 source_launch=selena_3452080 launch_id=selena_3452080 slurm_job_id=3452080 launched_at=2026-09-17T16:14:34.836705+00:00
TIME run allocation action=skip run=/fslarge/scratch/users/h61084/codes/tsrag_time/outputs/tsrag/extractions/tsrag/Australia_Solar/H/medium/run_0 source_launch=selena_3452080 launch_id=selena_3452080 slurm_job_id=3452080 launched_at=2026-09-17T16:14:34.843364+00:00
TIME run allocation action=skip run=/fslarge/scratch/users/h61084/codes/tsrag_time/outputs/tsrag/extractions/tsrag/Australia_Solar/H/long/run_0 source_launch=selena_3452080 launch_id=selena_3452080 slurm_job_id=3452080 launched_at=2026-09-17T16:14:34.850334+00:00
TIME run allocation action=skip run=/fslarge/scratch/users/h61084/codes/tsrag_time/outputs/tsrag/extractions/tsrag/epf_electricity_price/H/short/run_0 source_launch=selena_3452080 launch_id=selena_3452080 slurm_job_id=3452080 launched_at=2026-09-17T16:14:34.857223+00:00
TIME run allocation action=skip run=/fslarge/scratch/users/h61084/codes/tsrag_time/outputs/tsrag/extractions/tsrag/epf_electricity_price/H/medium/run_0 source_launch=selena_3452080 launch_id=selena_3452080 slurm_job_id=3452080 launched_at=2026-09-17T16:14:34.864107+00:00
TIME run allocation action=skip run=/fslarge/scratch/users/h61084/codes/tsrag_time/outputs/tsrag/extractions/tsrag/epf_electricity_price/H/long/run_0 source_launch=selena_3452080 launch_id=selena_3452080 slurm_job_id=3452080 launched_at=2026-09-17T16:14:34.870974+00:00
TIME run allocation action=skip run=/fslarge/scratch/users/h61084/codes/tsrag_time/outputs/tsrag/extractions/tsrag/OpenElectricity_NEM/5T/short/run_0 source_launch=selena_3452080 launch_id=selena_3452080 slurm_job_id=3452080 launched_at=2026-09-17T16:14:34.877797+00:00
TIME run allocation action=skip run=/fslarge/scratch/users/h61084/codes/tsrag_time/outputs/tsrag/extractions/tsrag/OpenElectricity_NEM/5T/medium/run_0 source_launch=selena_3452080 launch_id=selena_3452080 slurm_job_id=3452080 launched_at=2026-09-17T16:14:34.884770+00:00
TIME run allocation action=skip run=/fslarge/scratch/users/h61084/codes/tsrag_time/outputs/tsrag/extractions/tsrag/OpenElectricity_NEM/5T/long/run_0 source_launch=selena_3452080 launch_id=selena_3452080 slurm_job_id=3452080 launched_at=2026-09-17T16:14:34.891662+00:00
TIME run allocation action=skip run=/fslarge/scratch/users/h61084/codes/tsrag_time/outputs/tsrag/extractions/tsrag/EWELD_Load/15T/short/run_0 source_launch=selena_3452080 launch_id=selena_3452080 slurm_job_id=3452080 launched_at=2026-09-17T16:14:34.898395+00:00
TIME run allocation action=skip run=/fslarge/scratch/users/h61084/codes/tsrag_time/outputs/tsrag/extractions/tsrag/EWELD_Load/15T/medium/run_0 source_launch=selena_3452080 launch_id=selena_3452080 slurm_job_id=3452080 launched_at=2026-09-17T16:14:34.905331+00:00
TIME run allocation action=skip run=/fslarge/scratch/users/h61084/codes/tsrag_time/outputs/tsrag/extractions/tsrag/EWELD_Load/15T/long/run_0 source_launch=selena_3452080 launch_id=selena_3452080 slurm_job_id=3452080 launched_at=2026-09-17T16:14:34.912132+00:00
TIME run allocation action=skip run=/fslarge/scratch/users/h61084/codes/tsrag_time/outputs/tsrag/extractions/tsrag/SG_Carpark/15T/short/run_0 source_launch=selena_3452080 launch_id=selena_3452080 slurm_job_id=3452080 launched_at=2026-09-17T16:14:34.919006+00:00
TIME run allocation action=skip run=/fslarge/scratch/users/h61084/codes/tsrag_time/outputs/tsrag/extractions/tsrag/SG_Carpark/15T/medium/run_0 source_launch=selena_3452080 launch_id=selena_3452080 slurm_job_id=3452080 launched_at=2026-09-17T16:14:34.925795+00:00
TIME run allocation action=skip run=/fslarge/scratch/users/h61084/codes/tsrag_time/outputs/tsrag/extractions/tsrag/SG_Carpark/15T/long/run_0 source_launch=selena_3452080 launch_id=selena_3452080 slurm_job_id=3452080 launched_at=2026-09-17T16:14:34.932688+00:00
TIME run allocation action=skip run=/fslarge/scratch/users/h61084/codes/tsrag_time/outputs/tsrag/extractions/tsrag/Finland_Traffic/15T/short/run_0 source_launch=selena_3452080 launch_id=selena_3452080 slurm_job_id=3452080 launched_at=2026-09-17T16:14:34.939649+00:00
TIME run allocation action=skip run=/fslarge/scratch/users/h61084/codes/tsrag_time/outputs/tsrag/extractions/tsrag/Finland_Traffic/15T/medium/run_0 source_launch=selena_3452080 launch_id=selena_3452080 slurm_job_id=3452080 launched_at=2026-09-17T16:14:34.946468+00:00
TIME run allocation action=skip run=/fslarge/scratch/users/h61084/codes/tsrag_time/outputs/tsrag/extractions/tsrag/Finland_Traffic/15T/long/run_0 source_launch=selena_3452080 launch_id=selena_3452080 slurm_job_id=3452080 launched_at=2026-09-17T16:14:34.953352+00:00
TIME run allocation action=skip run=/fslarge/scratch/users/h61084/codes/tsrag_time/outputs/tsrag/extractions/tsrag/Port_Activity/D/short/run_0 source_launch=selena_3452080 launch_id=selena_3452080 slurm_job_id=3452080 launched_at=2026-09-17T16:14:34.961201+00:00
TIME run allocation action=skip run=/fslarge/scratch/users/h61084/codes/tsrag_time/outputs/tsrag/extractions/tsrag/Port_Activity/W/short/run_0 source_launch=selena_3452080 launch_id=selena_3452080 slurm_job_id=3452080 launched_at=2026-09-17T16:14:34.968127+00:00
TIME run allocation action=skip run=/fslarge/scratch/users/h61084/codes/tsrag_time/outputs/tsrag/extractions/tsrag/ECDC_COVID/D/short/run_0 source_launch=selena_3452080 launch_id=selena_3452080 slurm_job_id=3452080 launched_at=2026-09-17T16:14:34.975174+00:00
TIME run allocation action=skip run=/fslarge/scratch/users/h61084/codes/tsrag_time/outputs/tsrag/extractions/tsrag/ECDC_COVID/W/short/run_0 source_launch=selena_3452080 launch_id=selena_3452080 slurm_job_id=3452080 launched_at=2026-09-17T16:14:34.982006+00:00
TIME run allocation action=skip run=/fslarge/scratch/users/h61084/codes/tsrag_time/outputs/tsrag/extractions/tsrag/Global_Influenza/W/short/run_0 source_launch=selena_3452080 launch_id=selena_3452080 slurm_job_id=3452080 launched_at=2026-09-17T16:14:34.988854+00:00
TIME run allocation action=skip run=/fslarge/scratch/users/h61084/codes/tsrag_time/outputs/tsrag/extractions/tsrag/Crypto/D/short/run_0 source_launch=selena_3452080 launch_id=selena_3452080 slurm_job_id=3452080 launched_at=2026-09-17T16:14:34.995745+00:00
TIME run allocation action=skip run=/fslarge/scratch/users/h61084/codes/tsrag_time/outputs/tsrag/extractions/tsrag/US_Term_Structure/B/short/run_0 source_launch=selena_3452080 launch_id=selena_3452080 slurm_job_id=3452080 launched_at=2026-09-17T16:14:35.002885+00:00
TIME run allocation action=skip run=/fslarge/scratch/users/h61084/codes/tsrag_time/outputs/tsrag/extractions/tsrag/Oil_Price/B/short/run_0 source_launch=selena_3452080 launch_id=selena_3452080 slurm_job_id=3452080 launched_at=2026-09-17T16:14:35.009791+00:00
TIME run allocation action=skip run=/fslarge/scratch/users/h61084/codes/tsrag_time/outputs/tsrag/extractions/tsrag/Job_Claims/W/short/run_0 source_launch=selena_3452080 launch_id=selena_3452080 slurm_job_id=3452080 launched_at=2026-09-17T16:14:35.016720+00:00
TIME run allocation action=skip run=/fslarge/scratch/users/h61084/codes/tsrag_time/outputs/tsrag/extractions/tsrag/Uncertainty_1M/M/short/run_0 source_launch=selena_3452080 launch_id=selena_3452080 slurm_job_id=3452080 launched_at=2026-09-17T16:14:35.023679+00:00
TIME run allocation action=skip run=/fslarge/scratch/users/h61084/codes/tsrag_time/outputs/tsrag/extractions/tsrag/Housing_Inventory/M/short/run_0 source_launch=selena_3452080 launch_id=selena_3452080 slurm_job_id=3452080 launched_at=2026-09-17T16:14:35.030650+00:00
TIME run allocation action=skip run=/fslarge/scratch/users/h61084/codes/tsrag_time/outputs/tsrag/extractions/tsrag/JOLTS/M/short/run_0 source_launch=selena_3452080 launch_id=selena_3452080 slurm_job_id=3452080 launched_at=2026-09-17T16:14:35.037384+00:00
TIME run allocation action=skip run=/fslarge/scratch/users/h61084/codes/tsrag_time/outputs/tsrag/extractions/tsrag/US_Labor/M/short/run_0 source_launch=selena_3452080 launch_id=selena_3452080 slurm_job_id=3452080 launched_at=2026-09-17T16:14:35.044230+00:00
TIME run allocation action=skip run=/fslarge/scratch/users/h61084/codes/tsrag_time/outputs/tsrag/extractions/tsrag/Vehicle_Supply/M/short/run_0 source_launch=selena_3452080 launch_id=selena_3452080 slurm_job_id=3452080 launched_at=2026-09-17T16:14:35.051036+00:00
TIME run allocation action=skip run=/fslarge/scratch/users/h61084/codes/tsrag_time/outputs/tsrag/extractions/tsrag/Auto_Production_SF/M/short/run_0 source_launch=selena_3452080 launch_id=selena_3452080 slurm_job_id=3452080 launched_at=2026-09-17T16:14:35.057971+00:00
TIME run allocation action=skip run=/fslarge/scratch/users/h61084/codes/tsrag_time/outputs/tsrag/extractions/tsrag/Commodity_Production/M/short/run_0 source_launch=selena_3452080 launch_id=selena_3452080 slurm_job_id=3452080 launched_at=2026-09-17T16:14:35.064668+00:00
TIME run allocation action=skip run=/fslarge/scratch/users/h61084/codes/tsrag_time/outputs/tsrag/extractions/tsrag/Commodity_Import/M/short/run_0 source_launch=selena_3452080 launch_id=selena_3452080 slurm_job_id=3452080 launched_at=2026-09-17T16:14:35.071436+00:00
TIME run allocation action=skip run=/fslarge/scratch/users/h61084/codes/tsrag_time/outputs/tsrag/extractions/tsrag/WUI_Global/Q/short/run_0 source_launch=selena_3452080 launch_id=selena_3452080 slurm_job_id=3452080 launched_at=2026-09-17T16:14:35.078274+00:00
TIME run allocation action=skip run=/fslarge/scratch/users/h61084/codes/tsrag_time/outputs/tsrag/extractions/tsrag/Global_Price/Q/short/run_0 source_launch=selena_3452080 launch_id=selena_3452080 slurm_job_id=3452080 launched_at=2026-09-17T16:14:35.085148+00:00
TIME run allocation action=skip run=/fslarge/scratch/users/h61084/codes/tsrag_time/outputs/tsrag/extractions/tsrag/Vehicle_Sales/M/short/run_0 source_launch=selena_3452080 launch_id=selena_3452080 slurm_job_id=3452080 launched_at=2026-09-17T16:14:35.091972+00:00
TIME run allocation action=skip run=/fslarge/scratch/users/h61084/codes/tsrag_time/outputs/tsrag/extractions/tsrag/Online_Retail_2_UCI/D/short/run_0 source_launch=selena_3452080 launch_id=selena_3452080 slurm_job_id=3452080 launched_at=2026-09-17T16:14:35.098834+00:00
TIME run allocation action=skip run=/fslarge/scratch/users/h61084/codes/tsrag_time/outputs/tsrag/extractions/tsrag/Supply_Chain_Customer/D/short/run_0 source_launch=selena_3452080 launch_id=selena_3452080 slurm_job_id=3452080 launched_at=2026-09-17T16:14:35.105873+00:00
TIME run allocation action=skip run=/fslarge/scratch/users/h61084/codes/tsrag_time/outputs/tsrag/extractions/tsrag/Supply_Chain_Location/D/short/run_0 source_launch=selena_3452080 launch_id=selena_3452080 slurm_job_id=3452080 launched_at=2026-09-17T16:14:35.112922+00:00
TIME run allocation action=skip run=/fslarge/scratch/users/h61084/codes/tsrag_time/outputs/tsrag/extractions/tsrag/azure2019_U/5T/short/run_0 source_launch=selena_3452080 launch_id=selena_3452080 slurm_job_id=3452080 launched_at=2026-09-17T16:14:35.119984+00:00
TIME run allocation action=skip run=/fslarge/scratch/users/h61084/codes/tsrag_time/outputs/tsrag/extractions/tsrag/Smart_Manufacturing/H/short/run_0 source_launch=selena_3452080 launch_id=selena_3452080 slurm_job_id=3452080 launched_at=2026-09-17T16:14:35.126926+00:00
TIME run allocation action=skip run=/fslarge/scratch/users/h61084/codes/tsrag_time/outputs/tsrag/extractions/tsrag/Smart_Manufacturing/H/medium/run_0 source_launch=selena_3452080 launch_id=selena_3452080 slurm_job_id=3452080 launched_at=2026-09-17T16:14:35.133806+00:00
TIME run allocation action=skip run=/fslarge/scratch/users/h61084/codes/tsrag_time/outputs/tsrag/extractions/tsrag/Smart_Manufacturing/H/long/run_0 source_launch=selena_3452080 launch_id=selena_3452080 slurm_job_id=3452080 launched_at=2026-09-17T16:14:35.140486+00:00
TIME run allocation action=skip run=/fslarge/scratch/users/h61084/codes/tsrag_time/outputs/tsrag/extractions/tsrag/MetroPT-3/5T/short/run_0 source_launch=selena_3452080 launch_id=selena_3452080 slurm_job_id=3452080 launched_at=2026-09-17T16:14:35.147436+00:00
TIME run allocation action=skip run=/fslarge/scratch/users/h61084/codes/tsrag_time/outputs/tsrag/extractions/tsrag/MetroPT-3/5T/medium/run_0 source_launch=selena_3452080 launch_id=selena_3452080 slurm_job_id=3452080 launched_at=2026-09-17T16:14:35.154430+00:00
TIME run allocation action=skip run=/fslarge/scratch/users/h61084/codes/tsrag_time/outputs/tsrag/extractions/tsrag/MetroPT-3/5T/long/run_0 source_launch=selena_3452080 launch_id=selena_3452080 slurm_job_id=3452080 launched_at=2026-09-17T16:14:35.161334+00:00

[2026-09-17 16:14:36 UTC] stage=predict
[2026-09-17 18:14:38,280][datasets][INFO] - PyTorch version 2.9.1 available.
[2026-09-17 16:14:40 UTC] stage=predict tasks=90 seed=0 device=cuda Slurm=3452080
TIME run allocation action=resume run=/fslarge/scratch/users/h61084/codes/tsrag_time/outputs/tsrag/predictions/tsrag/Water_Quality_Darwin/15T/short/run_0 launch_id=selena_3452080 slurm_job_id=3452080 launched_at=2026-09-17T16:14:42.016125+00:00 resumed_from_launch=selena_3452080 resumed_from_job=3452080
[2026-09-17 16:14:42 UTC] predict method=tsrag dataset=Water_Quality_Darwin/15T term=short retrieval={'scope': 'all', 'aligned': False, 'query_scale': False, 'representation': 't5'} alignment_period=96 fallback=chronos_bolt_max
[2026-09-17 18:14:56,040][faiss.loader][INFO] - Loading faiss with AVX512 support.
[2026-09-17 18:14:56,040][faiss.loader][INFO] - Could not load library with AVX512 support due to:
ModuleNotFoundError("No module named 'faiss.swigfaiss_avx512'")
[2026-09-17 18:14:56,041][faiss.loader][INFO] - Loading faiss with AVX2 support.
[2026-09-17 18:14:56,041][faiss.loader][INFO] - Could not load library with AVX2 support due to:
ModuleNotFoundError("No module named 'faiss.swigfaiss_avx2'")
[2026-09-17 18:14:56,041][faiss.loader][INFO] - Loading faiss.
[2026-09-17 18:14:56,160][faiss.loader][INFO] - Successfully loaded faiss.
TIME run allocation action=resume run=/fslarge/scratch/users/h61084/codes/tsrag_time/outputs/tsrag/predictions/tsrag/Water_Quality_Darwin/15T/medium/run_0 launch_id=selena_3452080 slurm_job_id=3452080 launched_at=2026-09-17T16:21:10.720190+00:00 resumed_from_launch=selena_3452080 resumed_from_job=3452080
[2026-09-17 16:21:10 UTC] predict method=tsrag dataset=Water_Quality_Darwin/15T term=medium retrieval={'scope': 'all', 'aligned': False, 'query_scale': False, 'representation': 't5'} alignment_period=96 fallback=chronos_bolt_max
TIME run allocation action=resume run=/fslarge/scratch/users/h61084/codes/tsrag_time/outputs/tsrag/predictions/tsrag/Water_Quality_Darwin/15T/long/run_0 launch_id=selena_3452080 slurm_job_id=3452080 launched_at=2026-09-17T16:23:43.625430+00:00 resumed_from_launch=selena_3452080 resumed_from_job=3452080
[2026-09-17 16:23:43 UTC] predict method=tsrag dataset=Water_Quality_Darwin/15T term=long retrieval={'scope': 'all', 'aligned': False, 'query_scale': False, 'representation': 't5'} alignment_period=96 fallback=chronos_bolt_max
TIME run allocation action=resume run=/fslarge/scratch/users/h61084/codes/tsrag_time/outputs/tsrag/predictions/tsrag/current_velocity/5T/short/run_0 launch_id=selena_3452080 slurm_job_id=3452080 launched_at=2026-09-17T16:26:02.596589+00:00 resumed_from_launch=selena_3452080 resumed_from_job=3452080
[2026-09-17 16:26:02 UTC] predict method=tsrag dataset=current_velocity/5T term=short retrieval={'scope': 'all', 'aligned': False, 'query_scale': False, 'representation': 't5'} alignment_period=288 fallback=chronos_bolt_max
TIME run allocation action=resume run=/fslarge/scratch/users/h61084/codes/tsrag_time/outputs/tsrag/predictions/tsrag/current_velocity/5T/medium/run_0 launch_id=selena_3452080 slurm_job_id=3452080 launched_at=2026-09-17T16:26:45.567098+00:00 resumed_from_launch=selena_3452080 resumed_from_job=3452080
[2026-09-17 16:26:45 UTC] predict method=tsrag dataset=current_velocity/5T term=medium retrieval={'scope': 'all', 'aligned': False, 'query_scale': False, 'representation': 't5'} alignment_period=288 fallback=chronos_bolt_max
TIME run allocation action=resume run=/fslarge/scratch/users/h61084/codes/tsrag_time/outputs/tsrag/predictions/tsrag/current_velocity/5T/long/run_0 launch_id=selena_3452080 slurm_job_id=3452080 launched_at=2026-09-17T16:27:18.804810+00:00 resumed_from_launch=selena_3452080 resumed_from_job=3452080
[2026-09-17 16:27:18 UTC] predict method=tsrag dataset=current_velocity/5T term=long retrieval={'scope': 'all', 'aligned': False, 'query_scale': False, 'representation': 't5'} alignment_period=288 fallback=chronos_bolt_max
TIME run allocation action=resume run=/fslarge/scratch/users/h61084/codes/tsrag_time/outputs/tsrag/predictions/tsrag/current_velocity/10T/short/run_0 launch_id=selena_3452080 slurm_job_id=3452080 launched_at=2026-09-17T16:27:50.116171+00:00 resumed_from_launch=selena_3452080 resumed_from_job=3452080
[2026-09-17 16:27:50 UTC] predict method=tsrag dataset=current_velocity/10T term=short retrieval={'scope': 'all', 'aligned': False, 'query_scale': False, 'representation': 't5'} alignment_period=144 fallback=chronos_bolt_max
TIME run allocation action=resume run=/fslarge/scratch/users/h61084/codes/tsrag_time/outputs/tsrag/predictions/tsrag/current_velocity/10T/medium/run_0 launch_id=selena_3452080 slurm_job_id=3452080 launched_at=2026-09-17T16:46:00.408997+00:00 resumed_from_launch=selena_3452080 resumed_from_job=3452080
[2026-09-17 16:46:00 UTC] predict method=tsrag dataset=current_velocity/10T term=medium retrieval={'scope': 'all', 'aligned': False, 'query_scale': False, 'representation': 't5'} alignment_period=144 fallback=chronos_bolt_max
TIME run allocation action=resume run=/fslarge/scratch/users/h61084/codes/tsrag_time/outputs/tsrag/predictions/tsrag/current_velocity/10T/long/run_0 launch_id=selena_3452080 slurm_job_id=3452080 launched_at=2026-09-17T16:54:00.945807+00:00 resumed_from_launch=selena_3452080 resumed_from_job=3452080
[2026-09-17 16:54:00 UTC] predict method=tsrag dataset=current_velocity/10T term=long retrieval={'scope': 'all', 'aligned': False, 'query_scale': False, 'representation': 't5'} alignment_period=144 fallback=chronos_bolt_max
TIME run allocation action=resume run=/fslarge/scratch/users/h61084/codes/tsrag_time/outputs/tsrag/predictions/tsrag/current_velocity/15T/short/run_0 launch_id=selena_3452080 slurm_job_id=3452080 launched_at=2026-09-17T17:00:33.160365+00:00 resumed_from_launch=selena_3452080 resumed_from_job=3452080
[2026-09-17 17:00:33 UTC] predict method=tsrag dataset=current_velocity/15T term=short retrieval={'scope': 'all', 'aligned': False, 'query_scale': False, 'representation': 't5'} alignment_period=96 fallback=chronos_bolt_max
TIME run allocation action=resume run=/fslarge/scratch/users/h61084/codes/tsrag_time/outputs/tsrag/predictions/tsrag/current_velocity/15T/medium/run_0 launch_id=selena_3452080 slurm_job_id=3452080 launched_at=2026-09-17T17:04:25.775545+00:00 resumed_from_launch=selena_3452080 resumed_from_job=3452080
[2026-09-17 17:04:25 UTC] predict method=tsrag dataset=current_velocity/15T term=medium retrieval={'scope': 'all', 'aligned': False, 'query_scale': False, 'representation': 't5'} alignment_period=96 fallback=chronos_bolt_max
TIME run allocation action=resume run=/fslarge/scratch/users/h61084/codes/tsrag_time/outputs/tsrag/predictions/tsrag/current_velocity/15T/long/run_0 launch_id=selena_3452080 slurm_job_id=3452080 launched_at=2026-09-17T17:05:39.195561+00:00 resumed_from_launch=selena_3452080 resumed_from_job=3452080
[2026-09-17 17:05:39 UTC] predict method=tsrag dataset=current_velocity/15T term=long retrieval={'scope': 'all', 'aligned': False, 'query_scale': False, 'representation': 't5'} alignment_period=96 fallback=chronos_bolt_max
TIME run allocation action=resume run=/fslarge/scratch/users/h61084/codes/tsrag_time/outputs/tsrag/predictions/tsrag/current_velocity/H/short/run_0 launch_id=selena_3452080 slurm_job_id=3452080 launched_at=2026-09-17T17:06:45.142888+00:00 resumed_from_launch=selena_3452080 resumed_from_job=3452080
[2026-09-17 17:06:45 UTC] predict method=tsrag dataset=current_velocity/H term=short retrieval={'scope': 'all', 'aligned': False, 'query_scale': False, 'representation': 't5'} alignment_period=24 fallback=chronos_bolt_max
TIME run allocation action=resume run=/fslarge/scratch/users/h61084/codes/tsrag_time/outputs/tsrag/predictions/tsrag/current_velocity/H/medium/run_0 launch_id=selena_3452080 slurm_job_id=3452080 launched_at=2026-09-17T17:11:39.932205+00:00 resumed_from_launch=selena_3452080 resumed_from_job=3452080
[2026-09-17 17:11:39 UTC] predict method=tsrag dataset=current_velocity/H term=medium retrieval={'scope': 'all', 'aligned': False, 'query_scale': False, 'representation': 't5'} alignment_period=24 fallback=chronos_bolt_max
TIME run allocation action=resume run=/fslarge/scratch/users/h61084/codes/tsrag_time/outputs/tsrag/predictions/tsrag/current_velocity/H/long/run_0 launch_id=selena_3452080 slurm_job_id=3452080 launched_at=2026-09-17T17:14:31.380152+00:00 resumed_from_launch=selena_3452080 resumed_from_job=3452080
[2026-09-17 17:14:31 UTC] predict method=tsrag dataset=current_velocity/H term=long retrieval={'scope': 'all', 'aligned': False, 'query_scale': False, 'representation': 't5'} alignment_period=24 fallback=chronos_bolt_max
TIME run allocation action=resume run=/fslarge/scratch/users/h61084/codes/tsrag_time/outputs/tsrag/predictions/tsrag/CPHL/15T/short/run_0 launch_id=selena_3452080 slurm_job_id=3452080 launched_at=2026-09-17T17:17:26.660127+00:00 resumed_from_launch=selena_3452080 resumed_from_job=3452080
[2026-09-17 17:17:26 UTC] predict method=tsrag dataset=CPHL/15T term=short retrieval={'scope': 'all', 'aligned': False, 'query_scale': False, 'representation': 't5'} alignment_period=96 fallback=chronos_bolt_max
TIME run allocation action=resume run=/fslarge/scratch/users/h61084/codes/tsrag_time/outputs/tsrag/predictions/tsrag/CPHL/15T/medium/run_0 launch_id=selena_3452080 slurm_job_id=3452080 launched_at=2026-09-17T17:17:35.151749+00:00 resumed_from_launch=selena_3452080 resumed_from_job=3452080
[2026-09-17 17:17:35 UTC] predict method=tsrag dataset=CPHL/15T term=medium retrieval={'scope': 'all', 'aligned': False, 'query_scale': False, 'representation': 't5'} alignment_period=96 fallback=chronos_bolt_max
TIME run allocation action=resume run=/fslarge/scratch/users/h61084/codes/tsrag_time/outputs/tsrag/predictions/tsrag/CPHL/15T/long/run_0 launch_id=selena_3452080 slurm_job_id=3452080 launched_at=2026-09-17T17:17:36.976392+00:00 resumed_from_launch=selena_3452080 resumed_from_job=3452080
[2026-09-17 17:17:36 UTC] predict method=tsrag dataset=CPHL/15T term=long retrieval={'scope': 'all', 'aligned': False, 'query_scale': False, 'representation': 't5'} alignment_period=96 fallback=chronos_bolt_max
TIME run allocation action=resume run=/fslarge/scratch/users/h61084/codes/tsrag_time/outputs/tsrag/predictions/tsrag/CPHL/30T/short/run_0 launch_id=selena_3452080 slurm_job_id=3452080 launched_at=2026-09-17T17:17:37.955080+00:00 resumed_from_launch=selena_3452080 resumed_from_job=3452080
[2026-09-17 17:17:37 UTC] predict method=tsrag dataset=CPHL/30T term=short retrieval={'scope': 'all', 'aligned': False, 'query_scale': False, 'representation': 't5'} alignment_period=48 fallback=chronos_bolt_max
TIME run allocation action=resume run=/fslarge/scratch/users/h61084/codes/tsrag_time/outputs/tsrag/predictions/tsrag/CPHL/30T/medium/run_0 launch_id=selena_3452080 slurm_job_id=3452080 launched_at=2026-09-17T17:17:47.569908+00:00 resumed_from_launch=selena_3452080 resumed_from_job=3452080
[2026-09-17 17:17:47 UTC] predict method=tsrag dataset=CPHL/30T term=medium retrieval={'scope': 'all', 'aligned': False, 'query_scale': False, 'representation': 't5'} alignment_period=48 fallback=chronos_bolt_max
TIME run allocation action=resume run=/fslarge/scratch/users/h61084/codes/tsrag_time/outputs/tsrag/predictions/tsrag/CPHL/30T/long/run_0 launch_id=selena_3452080 slurm_job_id=3452080 launched_at=2026-09-17T17:17:50.278747+00:00 resumed_from_launch=selena_3452080 resumed_from_job=3452080
[2026-09-17 17:17:50 UTC] predict method=tsrag dataset=CPHL/30T term=long retrieval={'scope': 'all', 'aligned': False, 'query_scale': False, 'representation': 't5'} alignment_period=48 fallback=chronos_bolt_max
TIME run allocation action=resume run=/fslarge/scratch/users/h61084/codes/tsrag_time/outputs/tsrag/predictions/tsrag/CPHL/H/short/run_0 launch_id=selena_3452080 slurm_job_id=3452080 launched_at=2026-09-17T17:17:51.790311+00:00 resumed_from_launch=selena_3452080 resumed_from_job=3452080
[2026-09-17 17:17:51 UTC] predict method=tsrag dataset=CPHL/H term=short retrieval={'scope': 'all', 'aligned': False, 'query_scale': False, 'representation': 't5'} alignment_period=24 fallback=chronos_bolt_max
TIME run allocation action=resume run=/fslarge/scratch/users/h61084/codes/tsrag_time/outputs/tsrag/predictions/tsrag/CPHL/H/medium/run_0 launch_id=selena_3452080 slurm_job_id=3452080 launched_at=2026-09-17T17:17:55.811172+00:00 resumed_from_launch=selena_3452080 resumed_from_job=3452080
[2026-09-17 17:17:55 UTC] predict method=tsrag dataset=CPHL/H term=medium retrieval={'scope': 'all', 'aligned': False, 'query_scale': False, 'representation': 't5'} alignment_period=24 fallback=chronos_bolt_max
TIME run allocation action=resume run=/fslarge/scratch/users/h61084/codes/tsrag_time/outputs/tsrag/predictions/tsrag/CPHL/H/long/run_0 launch_id=selena_3452080 slurm_job_id=3452080 launched_at=2026-09-17T17:17:57.869312+00:00 resumed_from_launch=selena_3452080 resumed_from_job=3452080
[2026-09-17 17:17:57 UTC] predict method=tsrag dataset=CPHL/H term=long retrieval={'scope': 'all', 'aligned': False, 'query_scale': False, 'representation': 't5'} alignment_period=24 fallback=chronos_bolt_max
TIME run allocation action=resume run=/fslarge/scratch/users/h61084/codes/tsrag_time/outputs/tsrag/predictions/tsrag/Coastal_T_S/15T/short/run_0 launch_id=selena_3452080 slurm_job_id=3452080 launched_at=2026-09-17T17:17:59.974503+00:00 resumed_from_launch=selena_3452080 resumed_from_job=3452080
[2026-09-17 17:17:59 UTC] predict method=tsrag dataset=Coastal_T_S/15T term=short retrieval={'scope': 'all', 'aligned': False, 'query_scale': False, 'representation': 't5'} alignment_period=96 fallback=chronos_bolt_max
TIME run allocation action=resume run=/fslarge/scratch/users/h61084/codes/tsrag_time/outputs/tsrag/predictions/tsrag/Coastal_T_S/15T/medium/run_0 launch_id=selena_3452080 slurm_job_id=3452080 launched_at=2026-09-17T17:20:32.750774+00:00 resumed_from_launch=selena_3452080 resumed_from_job=3452080
[2026-09-17 17:20:32 UTC] predict method=tsrag dataset=Coastal_T_S/15T term=medium retrieval={'scope': 'all', 'aligned': False, 'query_scale': False, 'representation': 't5'} alignment_period=96 fallback=chronos_bolt_max
TIME run allocation action=resume run=/fslarge/scratch/users/h61084/codes/tsrag_time/outputs/tsrag/predictions/tsrag/Coastal_T_S/15T/long/run_0 launch_id=selena_3452080 slurm_job_id=3452080 launched_at=2026-09-17T17:21:22.476314+00:00 resumed_from_launch=selena_3452080 resumed_from_job=3452080
[2026-09-17 17:21:22 UTC] predict method=tsrag dataset=Coastal_T_S/15T term=long retrieval={'scope': 'all', 'aligned': False, 'query_scale': False, 'representation': 't5'} alignment_period=96 fallback=chronos_bolt_max
TIME run allocation action=resume run=/fslarge/scratch/users/h61084/codes/tsrag_time/outputs/tsrag/predictions/tsrag/Coastal_T_S/20T/short/run_0 launch_id=selena_3452080 slurm_job_id=3452080 launched_at=2026-09-17T17:22:06.980070+00:00 resumed_from_launch=selena_3452080 resumed_from_job=3452080
[2026-09-17 17:22:06 UTC] predict method=tsrag dataset=Coastal_T_S/20T term=short retrieval={'scope': 'all', 'aligned': False, 'query_scale': False, 'representation': 't5'} alignment_period=72 fallback=chronos_bolt_max
TIME run allocation action=resume run=/fslarge/scratch/users/h61084/codes/tsrag_time/outputs/tsrag/predictions/tsrag/Coastal_T_S/20T/medium/run_0 launch_id=selena_3452080 slurm_job_id=3452080 launched_at=2026-09-17T17:22:20.321614+00:00 resumed_from_launch=selena_3452080 resumed_from_job=3452080
[2026-09-17 17:22:20 UTC] predict method=tsrag dataset=Coastal_T_S/20T term=medium retrieval={'scope': 'all', 'aligned': False, 'query_scale': False, 'representation': 't5'} alignment_period=72 fallback=chronos_bolt_max
TIME run allocation action=resume run=/fslarge/scratch/users/h61084/codes/tsrag_time/outputs/tsrag/predictions/tsrag/Coastal_T_S/20T/long/run_0 launch_id=selena_3452080 slurm_job_id=3452080 launched_at=2026-09-17T17:22:24.620865+00:00 resumed_from_launch=selena_3452080 resumed_from_job=3452080
[2026-09-17 17:22:24 UTC] predict method=tsrag dataset=Coastal_T_S/20T term=long retrieval={'scope': 'all', 'aligned': False, 'query_scale': False, 'representation': 't5'} alignment_period=72 fallback=chronos_bolt_max
TIME run allocation action=resume run=/fslarge/scratch/users/h61084/codes/tsrag_time/outputs/tsrag/predictions/tsrag/Coastal_T_S/H/short/run_0 launch_id=selena_3452080 slurm_job_id=3452080 launched_at=2026-09-17T17:22:27.826477+00:00 resumed_from_launch=selena_3452080 resumed_from_job=3452080
[2026-09-17 17:22:27 UTC] predict method=tsrag dataset=Coastal_T_S/H term=short retrieval={'scope': 'all', 'aligned': False, 'query_scale': False, 'representation': 't5'} alignment_period=24 fallback=chronos_bolt_max
TIME run allocation action=resume run=/fslarge/scratch/users/h61084/codes/tsrag_time/outputs/tsrag/predictions/tsrag/Coastal_T_S/H/medium/run_0 launch_id=selena_3452080 slurm_job_id=3452080 launched_at=2026-09-17T17:26:07.045570+00:00 resumed_from_launch=selena_3452080 resumed_from_job=3452080
[2026-09-17 17:26:07 UTC] predict method=tsrag dataset=Coastal_T_S/H term=medium retrieval={'scope': 'all', 'aligned': False, 'query_scale': False, 'representation': 't5'} alignment_period=24 fallback=chronos_bolt_max
TIME run allocation action=resume run=/fslarge/scratch/users/h61084/codes/tsrag_time/outputs/tsrag/predictions/tsrag/Coastal_T_S/H/long/run_0 launch_id=selena_3452080 slurm_job_id=3452080 launched_at=2026-09-17T17:28:14.842546+00:00 resumed_from_launch=selena_3452080 resumed_from_job=3452080
[2026-09-17 17:28:14 UTC] predict method=tsrag dataset=Coastal_T_S/H term=long retrieval={'scope': 'all', 'aligned': False, 'query_scale': False, 'representation': 't5'} alignment_period=24 fallback=chronos_bolt_max
TIME run allocation action=resume run=/fslarge/scratch/users/h61084/codes/tsrag_time/outputs/tsrag/predictions/tsrag/SG_Weather/D/short/run_0 launch_id=selena_3452080 slurm_job_id=3452080 launched_at=2026-09-17T17:30:23.665652+00:00 resumed_from_launch=selena_3452080 resumed_from_job=3452080
[2026-09-17 17:30:23 UTC] predict method=tsrag dataset=SG_Weather/D term=short retrieval={'scope': 'all', 'aligned': False, 'query_scale': False, 'representation': 't5'} alignment_period=1 fallback=chronos_bolt_max
TIME run allocation action=resume run=/fslarge/scratch/users/h61084/codes/tsrag_time/outputs/tsrag/predictions/tsrag/SG_Weather/D/medium/run_0 launch_id=selena_3452080 slurm_job_id=3452080 launched_at=2026-09-17T17:32:32.934926+00:00 resumed_from_launch=selena_3452080 resumed_from_job=3452080
[2026-09-17 17:32:32 UTC] predict method=tsrag dataset=SG_Weather/D term=medium retrieval={'scope': 'all', 'aligned': False, 'query_scale': False, 'representation': 't5'} alignment_period=1 fallback=chronos_bolt_max
TIME run allocation action=resume run=/fslarge/scratch/users/h61084/codes/tsrag_time/outputs/tsrag/predictions/tsrag/SG_Weather/D/long/run_0 launch_id=selena_3452080 slurm_job_id=3452080 launched_at=2026-09-17T17:33:29.229298+00:00 resumed_from_launch=selena_3452080 resumed_from_job=3452080
[2026-09-17 17:33:29 UTC] predict method=tsrag dataset=SG_Weather/D term=long retrieval={'scope': 'all', 'aligned': False, 'query_scale': False, 'representation': 't5'} alignment_period=1 fallback=chronos_bolt_max
TIME run allocation action=resume run=/fslarge/scratch/users/h61084/codes/tsrag_time/outputs/tsrag/predictions/tsrag/SG_PM25/H/short/run_0 launch_id=selena_3452080 slurm_job_id=3452080 launched_at=2026-09-17T17:33:59.059458+00:00 resumed_from_launch=selena_3452080 resumed_from_job=3452080
[2026-09-17 17:33:59 UTC] predict method=tsrag dataset=SG_PM25/H term=short retrieval={'scope': 'all', 'aligned': False, 'query_scale': False, 'representation': 't5'} alignment_period=24 fallback=chronos_bolt_max
TIME run allocation action=resume run=/fslarge/scratch/users/h61084/codes/tsrag_time/outputs/tsrag/predictions/tsrag/SG_PM25/H/medium/run_0 launch_id=selena_3452080 slurm_job_id=3452080 launched_at=2026-09-17T17:34:30.719571+00:00 resumed_from_launch=selena_3452080 resumed_from_job=3452080
[2026-09-17 17:34:30 UTC] predict method=tsrag dataset=SG_PM25/H term=medium retrieval={'scope': 'all', 'aligned': False, 'query_scale': False, 'representation': 't5'} alignment_period=24 fallback=chronos_bolt_max
TIME run allocation action=resume run=/fslarge/scratch/users/h61084/codes/tsrag_time/outputs/tsrag/predictions/tsrag/SG_PM25/H/long/run_0 launch_id=selena_3452080 slurm_job_id=3452080 launched_at=2026-09-17T17:34:45.634832+00:00 resumed_from_launch=selena_3452080 resumed_from_job=3452080
[2026-09-17 17:34:45 UTC] predict method=tsrag dataset=SG_PM25/H term=long retrieval={'scope': 'all', 'aligned': False, 'query_scale': False, 'representation': 't5'} alignment_period=24 fallback=chronos_bolt_max
TIME run allocation action=resume run=/fslarge/scratch/users/h61084/codes/tsrag_time/outputs/tsrag/predictions/tsrag/NE_China_Wind/H/short/run_0 launch_id=selena_3452080 slurm_job_id=3452080 launched_at=2026-09-17T17:34:54.314214+00:00 resumed_from_launch=selena_3452080 resumed_from_job=3452080
[2026-09-17 17:34:54 UTC] predict method=tsrag dataset=NE_China_Wind/H term=short retrieval={'scope': 'all', 'aligned': False, 'query_scale': False, 'representation': 't5'} alignment_period=24 fallback=chronos_bolt_max
TIME run allocation action=resume run=/fslarge/scratch/users/h61084/codes/tsrag_time/outputs/tsrag/predictions/tsrag/NE_China_Wind/H/medium/run_0 launch_id=selena_3452080 slurm_job_id=3452080 launched_at=2026-09-17T17:34:59.614972+00:00 resumed_from_launch=selena_3452080 resumed_from_job=3452080
[2026-09-17 17:34:59 UTC] predict method=tsrag dataset=NE_China_Wind/H term=medium retrieval={'scope': 'all', 'aligned': False, 'query_scale': False, 'representation': 't5'} alignment_period=24 fallback=chronos_bolt_max
TIME run allocation action=resume run=/fslarge/scratch/users/h61084/codes/tsrag_time/outputs/tsrag/predictions/tsrag/NE_China_Wind/H/long/run_0 launch_id=selena_3452080 slurm_job_id=3452080 launched_at=2026-09-17T17:35:03.890467+00:00 resumed_from_launch=selena_3452080 resumed_from_job=3452080
[2026-09-17 17:35:03 UTC] predict method=tsrag dataset=NE_China_Wind/H term=long retrieval={'scope': 'all', 'aligned': False, 'query_scale': False, 'representation': 't5'} alignment_period=24 fallback=chronos_bolt_max
TIME run allocation action=resume run=/fslarge/scratch/users/h61084/codes/tsrag_time/outputs/tsrag/predictions/tsrag/Australia_Solar/H/short/run_0 launch_id=selena_3452080 slurm_job_id=3452080 launched_at=2026-09-17T17:35:06.825529+00:00 resumed_from_launch=selena_3452080 resumed_from_job=3452080
[2026-09-17 17:35:06 UTC] predict method=tsrag dataset=Australia_Solar/H term=short retrieval={'scope': 'all', 'aligned': False, 'query_scale': False, 'representation': 't5'} alignment_period=24 fallback=chronos_bolt_max
TIME run allocation action=resume run=/fslarge/scratch/users/h61084/codes/tsrag_time/outputs/tsrag/predictions/tsrag/Australia_Solar/H/medium/run_0 launch_id=selena_3452080 slurm_job_id=3452080 launched_at=2026-09-17T17:35:23.888917+00:00 resumed_from_launch=selena_3452080 resumed_from_job=3452080
[2026-09-17 17:35:23 UTC] predict method=tsrag dataset=Australia_Solar/H term=medium retrieval={'scope': 'all', 'aligned': False, 'query_scale': False, 'representation': 't5'} alignment_period=24 fallback=chronos_bolt_max
TIME run allocation action=resume run=/fslarge/scratch/users/h61084/codes/tsrag_time/outputs/tsrag/predictions/tsrag/Australia_Solar/H/long/run_0 launch_id=selena_3452080 slurm_job_id=3452080 launched_at=2026-09-17T17:35:32.604762+00:00 resumed_from_launch=selena_3452080 resumed_from_job=3452080
[2026-09-17 17:35:32 UTC] predict method=tsrag dataset=Australia_Solar/H term=long retrieval={'scope': 'all', 'aligned': False, 'query_scale': False, 'representation': 't5'} alignment_period=24 fallback=chronos_bolt_max
TIME run allocation action=resume run=/fslarge/scratch/users/h61084/codes/tsrag_time/outputs/tsrag/predictions/tsrag/epf_electricity_price/H/short/run_0 launch_id=selena_3452080 slurm_job_id=3452080 launched_at=2026-09-17T17:35:38.014355+00:00 resumed_from_launch=selena_3452080 resumed_from_job=3452080
[2026-09-17 17:35:38 UTC] predict method=tsrag dataset=epf_electricity_price/H term=short retrieval={'scope': 'all', 'aligned': False, 'query_scale': False, 'representation': 't5'} alignment_period=168 fallback=chronos_bolt_max
TIME run allocation action=resume run=/fslarge/scratch/users/h61084/codes/tsrag_time/outputs/tsrag/predictions/tsrag/epf_electricity_price/H/medium/run_0 launch_id=selena_3452080 slurm_job_id=3452080 launched_at=2026-09-17T17:36:18.062118+00:00 resumed_from_launch=selena_3452080 resumed_from_job=3452080
[2026-09-17 17:36:18 UTC] predict method=tsrag dataset=epf_electricity_price/H term=medium retrieval={'scope': 'all', 'aligned': False, 'query_scale': False, 'representation': 't5'} alignment_period=168 fallback=chronos_bolt_max
TIME run allocation action=resume run=/fslarge/scratch/users/h61084/codes/tsrag_time/outputs/tsrag/predictions/tsrag/epf_electricity_price/H/long/run_0 launch_id=selena_3452080 slurm_job_id=3452080 launched_at=2026-09-17T17:36:48.214420+00:00 resumed_from_launch=selena_3452080 resumed_from_job=3452080
[2026-09-17 17:36:48 UTC] predict method=tsrag dataset=epf_electricity_price/H term=long retrieval={'scope': 'all', 'aligned': False, 'query_scale': False, 'representation': 't5'} alignment_period=168 fallback=chronos_bolt_max
TIME run allocation action=resume run=/fslarge/scratch/users/h61084/codes/tsrag_time/outputs/tsrag/predictions/tsrag/OpenElectricity_NEM/5T/short/run_0 launch_id=selena_3452080 slurm_job_id=3452080 launched_at=2026-09-17T17:37:09.030881+00:00 resumed_from_launch=selena_3452080 resumed_from_job=3452080
[2026-09-17 17:37:09 UTC] predict method=tsrag dataset=OpenElectricity_NEM/5T term=short retrieval={'scope': 'all', 'aligned': False, 'query_scale': False, 'representation': 't5'} alignment_period=2016 fallback=chronos_bolt_max
TIME run allocation action=resume run=/fslarge/scratch/users/h61084/codes/tsrag_time/outputs/tsrag/predictions/tsrag/OpenElectricity_NEM/5T/medium/run_0 launch_id=selena_3452080 slurm_job_id=3452080 launched_at=2026-09-17T17:40:03.946926+00:00 resumed_from_launch=selena_3452080 resumed_from_job=3452080
[2026-09-17 17:40:03 UTC] predict method=tsrag dataset=OpenElectricity_NEM/5T term=medium retrieval={'scope': 'all', 'aligned': False, 'query_scale': False, 'representation': 't5'} alignment_period=2016 fallback=chronos_bolt_max
TIME run allocation action=resume run=/fslarge/scratch/users/h61084/codes/tsrag_time/outputs/tsrag/predictions/tsrag/OpenElectricity_NEM/5T/long/run_0 launch_id=selena_3452080 slurm_job_id=3452080 launched_at=2026-09-17T17:41:42.960721+00:00 resumed_from_launch=selena_3452080 resumed_from_job=3452080
[2026-09-17 17:41:42 UTC] predict method=tsrag dataset=OpenElectricity_NEM/5T term=long retrieval={'scope': 'all', 'aligned': False, 'query_scale': False, 'representation': 't5'} alignment_period=2016 fallback=chronos_bolt_max
TIME run allocation action=resume run=/fslarge/scratch/users/h61084/codes/tsrag_time/outputs/tsrag/predictions/tsrag/EWELD_Load/15T/short/run_0 launch_id=selena_3452080 slurm_job_id=3452080 launched_at=2026-09-17T17:43:09.084425+00:00 resumed_from_launch=selena_3452080 resumed_from_job=3452080
[2026-09-17 17:43:09 UTC] predict method=tsrag dataset=EWELD_Load/15T term=short retrieval={'scope': 'all', 'aligned': False, 'query_scale': False, 'representation': 't5'} alignment_period=672 fallback=chronos_bolt_max
TIME run allocation action=resume run=/fslarge/scratch/users/h61084/codes/tsrag_time/outputs/tsrag/predictions/tsrag/EWELD_Load/15T/medium/run_0 launch_id=selena_3452080 slurm_job_id=3452080 launched_at=2026-09-17T17:43:50.273151+00:00 resumed_from_launch=selena_3452080 resumed_from_job=3452080
[2026-09-17 17:43:50 UTC] predict method=tsrag dataset=EWELD_Load/15T term=medium retrieval={'scope': 'all', 'aligned': False, 'query_scale': False, 'representation': 't5'} alignment_period=672 fallback=chronos_bolt_max
TIME run allocation action=resume run=/fslarge/scratch/users/h61084/codes/tsrag_time/outputs/tsrag/predictions/tsrag/EWELD_Load/15T/long/run_0 launch_id=selena_3452080 slurm_job_id=3452080 launched_at=2026-09-17T17:44:15.359957+00:00 resumed_from_launch=selena_3452080 resumed_from_job=3452080
[2026-09-17 17:44:15 UTC] predict method=tsrag dataset=EWELD_Load/15T term=long retrieval={'scope': 'all', 'aligned': False, 'query_scale': False, 'representation': 't5'} alignment_period=672 fallback=chronos_bolt_max
TIME run allocation action=resume run=/fslarge/scratch/users/h61084/codes/tsrag_time/outputs/tsrag/predictions/tsrag/SG_Carpark/15T/short/run_0 launch_id=selena_3452080 slurm_job_id=3452080 launched_at=2026-09-17T17:44:37.288085+00:00 resumed_from_launch=selena_3452080 resumed_from_job=3452080
[2026-09-17 17:44:37 UTC] predict method=tsrag dataset=SG_Carpark/15T term=short retrieval={'scope': 'all', 'aligned': False, 'query_scale': False, 'representation': 't5'} alignment_period=672 fallback=chronos_bolt_max
TIME run allocation action=new run=/fslarge/scratch/users/h61084/codes/tsrag_time/outputs/tsrag/predictions/tsrag/SG_Carpark/15T/medium/run_0 launch_id=selena_3452080 slurm_job_id=3452080 launched_at=2026-09-17T23:06:40.368527+00:00
[2026-09-17 23:06:40 UTC] predict method=tsrag dataset=SG_Carpark/15T term=medium retrieval={'scope': 'all', 'aligned': False, 'query_scale': False, 'representation': 't5'} alignment_period=672 fallback=chronos_bolt_max
TIME run allocation action=new run=/fslarge/scratch/users/h61084/codes/tsrag_time/outputs/tsrag/predictions/tsrag/SG_Carpark/15T/long/run_0 launch_id=selena_3452080 slurm_job_id=3452080 launched_at=2026-09-18T01:37:04.253064+00:00
[2026-09-18 01:37:04 UTC] predict method=tsrag dataset=SG_Carpark/15T term=long retrieval={'scope': 'all', 'aligned': False, 'query_scale': False, 'representation': 't5'} alignment_period=672 fallback=chronos_bolt_max
TIME run allocation action=new run=/fslarge/scratch/users/h61084/codes/tsrag_time/outputs/tsrag/predictions/tsrag/Finland_Traffic/15T/short/run_0 launch_id=selena_3452080 slurm_job_id=3452080 launched_at=2026-09-18T01:42:11.569232+00:00
[2026-09-18 01:42:11 UTC] predict method=tsrag dataset=Finland_Traffic/15T term=short retrieval={'scope': 'all', 'aligned': False, 'query_scale': False, 'representation': 't5'} alignment_period=672 fallback=chronos_bolt_max
TIME run allocation action=new run=/fslarge/scratch/users/h61084/codes/tsrag_time/outputs/tsrag/predictions/tsrag/Finland_Traffic/15T/medium/run_0 launch_id=selena_3452080 slurm_job_id=3452080 launched_at=2026-09-18T01:42:20.616984+00:00
[2026-09-18 01:42:20 UTC] predict method=tsrag dataset=Finland_Traffic/15T term=medium retrieval={'scope': 'all', 'aligned': False, 'query_scale': False, 'representation': 't5'} alignment_period=672 fallback=chronos_bolt_max
TIME run allocation action=new run=/fslarge/scratch/users/h61084/codes/tsrag_time/outputs/tsrag/predictions/tsrag/Finland_Traffic/15T/long/run_0 launch_id=selena_3452080 slurm_job_id=3452080 launched_at=2026-09-18T01:42:23.969239+00:00
[2026-09-18 01:42:23 UTC] predict method=tsrag dataset=Finland_Traffic/15T term=long retrieval={'scope': 'all', 'aligned': False, 'query_scale': False, 'representation': 't5'} alignment_period=672 fallback=chronos_bolt_max
TIME run allocation action=new run=/fslarge/scratch/users/h61084/codes/tsrag_time/outputs/tsrag/predictions/tsrag/Port_Activity/D/short/run_0 launch_id=selena_3452080 slurm_job_id=3452080 launched_at=2026-09-18T01:42:26.894632+00:00
[2026-09-18 01:42:26 UTC] predict method=tsrag dataset=Port_Activity/D term=short retrieval={'scope': 'all', 'aligned': False, 'query_scale': False, 'representation': 't5'} alignment_period=7 fallback=chronos_bolt_max
TIME run allocation action=new run=/fslarge/scratch/users/h61084/codes/tsrag_time/outputs/tsrag/predictions/tsrag/Port_Activity/W/short/run_0 launch_id=selena_3452080 slurm_job_id=3452080 launched_at=2026-09-18T01:46:15.518853+00:00
[2026-09-18 01:46:15 UTC] predict method=tsrag dataset=Port_Activity/W term=short retrieval={'scope': 'all', 'aligned': False, 'query_scale': False, 'representation': 't5'} alignment_period=1 fallback=chronos_bolt_max
TIME run allocation action=new run=/fslarge/scratch/users/h61084/codes/tsrag_time/outputs/tsrag/predictions/tsrag/ECDC_COVID/D/short/run_0 launch_id=selena_3452080 slurm_job_id=3452080 launched_at=2026-09-18T01:46:15.759335+00:00
[2026-09-18 01:46:15 UTC] predict method=tsrag dataset=ECDC_COVID/D term=short retrieval={'scope': 'all', 'aligned': False, 'query_scale': False, 'representation': 't5'} alignment_period=7 fallback=chronos_bolt_max
TIME run allocation action=new run=/fslarge/scratch/users/h61084/codes/tsrag_time/outputs/tsrag/predictions/tsrag/ECDC_COVID/W/short/run_0 launch_id=selena_3452080 slurm_job_id=3452080 launched_at=2026-09-18T01:46:17.113922+00:00
[2026-09-18 01:46:17 UTC] predict method=tsrag dataset=ECDC_COVID/W term=short retrieval={'scope': 'all', 'aligned': False, 'query_scale': False, 'representation': 't5'} alignment_period=1 fallback=chronos_bolt_max
TIME run allocation action=new run=/fslarge/scratch/users/h61084/codes/tsrag_time/outputs/tsrag/predictions/tsrag/Global_Influenza/W/short/run_0 launch_id=selena_3452080 slurm_job_id=3452080 launched_at=2026-09-18T01:46:17.188144+00:00
[2026-09-18 01:46:17 UTC] predict method=tsrag dataset=Global_Influenza/W term=short retrieval={'scope': 'all', 'aligned': False, 'query_scale': False, 'representation': 't5'} alignment_period=1 fallback=chronos_bolt_max
TIME run allocation action=new run=/fslarge/scratch/users/h61084/codes/tsrag_time/outputs/tsrag/predictions/tsrag/Crypto/D/short/run_0 launch_id=selena_3452080 slurm_job_id=3452080 launched_at=2026-09-18T01:46:17.272235+00:00
[2026-09-18 01:46:17 UTC] predict method=tsrag dataset=Crypto/D term=short retrieval={'scope': 'all', 'aligned': False, 'query_scale': False, 'representation': 't5'} alignment_period=1 fallback=chronos_bolt_max
TIME run allocation action=new run=/fslarge/scratch/users/h61084/codes/tsrag_time/outputs/tsrag/predictions/tsrag/US_Term_Structure/B/short/run_0 launch_id=selena_3452080 slurm_job_id=3452080 launched_at=2026-09-18T01:46:18.577701+00:00
[2026-09-18 01:46:18 UTC] predict method=tsrag dataset=US_Term_Structure/B term=short retrieval={'scope': 'all', 'aligned': False, 'query_scale': False, 'representation': 't5'} alignment_period=1 fallback=chronos_bolt_max
TIME run allocation action=new run=/fslarge/scratch/users/h61084/codes/tsrag_time/outputs/tsrag/predictions/tsrag/Oil_Price/B/short/run_0 launch_id=selena_3452080 slurm_job_id=3452080 launched_at=2026-09-18T01:48:01.430280+00:00
[2026-09-18 01:48:01 UTC] predict method=tsrag dataset=Oil_Price/B term=short retrieval={'scope': 'all', 'aligned': False, 'query_scale': False, 'representation': 't5'} alignment_period=1 fallback=chronos_bolt_max
TIME run allocation action=new run=/fslarge/scratch/users/h61084/codes/tsrag_time/outputs/tsrag/predictions/tsrag/Job_Claims/W/short/run_0 launch_id=selena_3452080 slurm_job_id=3452080 launched_at=2026-09-18T01:48:13.624461+00:00
[2026-09-18 01:48:13 UTC] predict method=tsrag dataset=Job_Claims/W term=short retrieval={'scope': 'all', 'aligned': False, 'query_scale': False, 'representation': 't5'} alignment_period=1 fallback=chronos_bolt_max
TIME run allocation action=new run=/fslarge/scratch/users/h61084/codes/tsrag_time/outputs/tsrag/predictions/tsrag/Uncertainty_1M/M/short/run_0 launch_id=selena_3452080 slurm_job_id=3452080 launched_at=2026-09-18T01:48:13.712142+00:00
[2026-09-18 01:48:13 UTC] predict method=tsrag dataset=Uncertainty_1M/M term=short retrieval={'scope': 'all', 'aligned': False, 'query_scale': False, 'representation': 't5'} alignment_period=12 fallback=chronos_bolt_max
TIME run allocation action=new run=/fslarge/scratch/users/h61084/codes/tsrag_time/outputs/tsrag/predictions/tsrag/Housing_Inventory/M/short/run_0 launch_id=selena_3452080 slurm_job_id=3452080 launched_at=2026-09-18T01:48:14.332306+00:00
[2026-09-18 01:48:14 UTC] predict method=tsrag dataset=Housing_Inventory/M term=short retrieval={'scope': 'all', 'aligned': False, 'query_scale': False, 'representation': 't5'} alignment_period=12 fallback=chronos_bolt_max
TIME run allocation action=new run=/fslarge/scratch/users/h61084/codes/tsrag_time/outputs/tsrag/predictions/tsrag/JOLTS/M/short/run_0 launch_id=selena_3452080 slurm_job_id=3452080 launched_at=2026-09-18T01:48:14.404144+00:00
[2026-09-18 01:48:14 UTC] predict method=tsrag dataset=JOLTS/M term=short retrieval={'scope': 'all', 'aligned': False, 'query_scale': False, 'representation': 't5'} alignment_period=12 fallback=chronos_bolt_max
TIME run allocation action=new run=/fslarge/scratch/users/h61084/codes/tsrag_time/outputs/tsrag/predictions/tsrag/US_Labor/M/short/run_0 launch_id=selena_3452080 slurm_job_id=3452080 launched_at=2026-09-18T01:48:14.475867+00:00
[2026-09-18 01:48:14 UTC] predict method=tsrag dataset=US_Labor/M term=short retrieval={'scope': 'all', 'aligned': False, 'query_scale': False, 'representation': 't5'} alignment_period=12 fallback=chronos_bolt_max
TIME run allocation action=new run=/fslarge/scratch/users/h61084/codes/tsrag_time/outputs/tsrag/predictions/tsrag/Vehicle_Supply/M/short/run_0 launch_id=selena_3452080 slurm_job_id=3452080 launched_at=2026-09-18T01:48:14.548741+00:00
[2026-09-18 01:48:14 UTC] predict method=tsrag dataset=Vehicle_Supply/M term=short retrieval={'scope': 'all', 'aligned': False, 'query_scale': False, 'representation': 't5'} alignment_period=12 fallback=chronos_bolt_max
TIME run allocation action=new run=/fslarge/scratch/users/h61084/codes/tsrag_time/outputs/tsrag/predictions/tsrag/Auto_Production_SF/M/short/run_0 launch_id=selena_3452080 slurm_job_id=3452080 launched_at=2026-09-18T01:48:14.619043+00:00
[2026-09-18 01:48:14 UTC] predict method=tsrag dataset=Auto_Production_SF/M term=short retrieval={'scope': 'all', 'aligned': False, 'query_scale': False, 'representation': 't5'} alignment_period=12 fallback=chronos_bolt_max
TIME run allocation action=new run=/fslarge/scratch/users/h61084/codes/tsrag_time/outputs/tsrag/predictions/tsrag/Commodity_Production/M/short/run_0 launch_id=selena_3452080 slurm_job_id=3452080 launched_at=2026-09-18T01:48:14.690612+00:00
[2026-09-18 01:48:14 UTC] predict method=tsrag dataset=Commodity_Production/M term=short retrieval={'scope': 'all', 'aligned': False, 'query_scale': False, 'representation': 't5'} alignment_period=12 fallback=chronos_bolt_max
TIME run allocation action=new run=/fslarge/scratch/users/h61084/codes/tsrag_time/outputs/tsrag/predictions/tsrag/Commodity_Import/M/short/run_0 launch_id=selena_3452080 slurm_job_id=3452080 launched_at=2026-09-18T01:48:14.944018+00:00
[2026-09-18 01:48:14 UTC] predict method=tsrag dataset=Commodity_Import/M term=short retrieval={'scope': 'all', 'aligned': False, 'query_scale': False, 'representation': 't5'} alignment_period=12 fallback=chronos_bolt_max
TIME run allocation action=new run=/fslarge/scratch/users/h61084/codes/tsrag_time/outputs/tsrag/predictions/tsrag/WUI_Global/Q/short/run_0 launch_id=selena_3452080 slurm_job_id=3452080 launched_at=2026-09-18T01:48:15.716827+00:00
[2026-09-18 01:48:15 UTC] predict method=tsrag dataset=WUI_Global/Q term=short retrieval={'scope': 'all', 'aligned': False, 'query_scale': False, 'representation': 't5'} alignment_period=4 fallback=chronos_bolt_max
TIME run allocation action=new run=/fslarge/scratch/users/h61084/codes/tsrag_time/outputs/tsrag/predictions/tsrag/Global_Price/Q/short/run_0 launch_id=selena_3452080 slurm_job_id=3452080 launched_at=2026-09-18T01:48:15.792741+00:00
[2026-09-18 01:48:15 UTC] predict method=tsrag dataset=Global_Price/Q term=short retrieval={'scope': 'all', 'aligned': False, 'query_scale': False, 'representation': 't5'} alignment_period=4 fallback=chronos_bolt_max
TIME run allocation action=new run=/fslarge/scratch/users/h61084/codes/tsrag_time/outputs/tsrag/predictions/tsrag/Vehicle_Sales/M/short/run_0 launch_id=selena_3452080 slurm_job_id=3452080 launched_at=2026-09-18T01:48:15.901399+00:00
[2026-09-18 01:48:15 UTC] predict method=tsrag dataset=Vehicle_Sales/M term=short retrieval={'scope': 'all', 'aligned': False, 'query_scale': False, 'representation': 't5'} alignment_period=12 fallback=chronos_bolt_max
TIME run allocation action=new run=/fslarge/scratch/users/h61084/codes/tsrag_time/outputs/tsrag/predictions/tsrag/Online_Retail_2_UCI/D/short/run_0 launch_id=selena_3452080 slurm_job_id=3452080 launched_at=2026-09-18T01:48:16.133173+00:00
[2026-09-18 01:48:16 UTC] predict method=tsrag dataset=Online_Retail_2_UCI/D term=short retrieval={'scope': 'all', 'aligned': False, 'query_scale': False, 'representation': 't5'} alignment_period=7 fallback=chronos_bolt_max
TIME run allocation action=new run=/fslarge/scratch/users/h61084/codes/tsrag_time/outputs/tsrag/predictions/tsrag/Supply_Chain_Customer/D/short/run_0 launch_id=selena_3452080 slurm_job_id=3452080 launched_at=2026-09-18T01:48:16.283857+00:00
[2026-09-18 01:48:16 UTC] predict method=tsrag dataset=Supply_Chain_Customer/D term=short retrieval={'scope': 'all', 'aligned': False, 'query_scale': False, 'representation': 't5'} alignment_period=7 fallback=chronos_bolt_max
TIME run allocation action=new run=/fslarge/scratch/users/h61084/codes/tsrag_time/outputs/tsrag/predictions/tsrag/Supply_Chain_Location/D/short/run_0 launch_id=selena_3452080 slurm_job_id=3452080 launched_at=2026-09-18T01:48:32.105080+00:00
[2026-09-18 01:48:32 UTC] predict method=tsrag dataset=Supply_Chain_Location/D term=short retrieval={'scope': 'all', 'aligned': False, 'query_scale': False, 'representation': 't5'} alignment_period=7 fallback=chronos_bolt_max
TIME run allocation action=new run=/fslarge/scratch/users/h61084/codes/tsrag_time/outputs/tsrag/predictions/tsrag/azure2019_U/5T/short/run_0 launch_id=selena_3452080 slurm_job_id=3452080 launched_at=2026-09-18T01:48:57.065567+00:00
[2026-09-18 01:48:57 UTC] predict method=tsrag dataset=azure2019_U/5T term=short retrieval={'scope': 'all', 'aligned': False, 'query_scale': False, 'representation': 't5'} alignment_period=2016 fallback=chronos_bolt_max
TIME run allocation action=new run=/fslarge/scratch/users/h61084/codes/tsrag_time/outputs/tsrag/predictions/tsrag/Smart_Manufacturing/H/short/run_0 launch_id=selena_3452080 slurm_job_id=3452080 launched_at=2026-09-18T01:50:49.570124+00:00
[2026-09-18 01:50:49 UTC] predict method=tsrag dataset=Smart_Manufacturing/H term=short retrieval={'scope': 'all', 'aligned': False, 'query_scale': False, 'representation': 't5'} alignment_period=168 fallback=chronos_bolt_max
TIME run allocation action=new run=/fslarge/scratch/users/h61084/codes/tsrag_time/outputs/tsrag/predictions/tsrag/Smart_Manufacturing/H/medium/run_0 launch_id=selena_3452080 slurm_job_id=3452080 launched_at=2026-09-18T01:53:53.378827+00:00
[2026-09-18 01:53:53 UTC] predict method=tsrag dataset=Smart_Manufacturing/H term=medium retrieval={'scope': 'all', 'aligned': False, 'query_scale': False, 'representation': 't5'} alignment_period=168 fallback=chronos_bolt_max
TIME run allocation action=new run=/fslarge/scratch/users/h61084/codes/tsrag_time/outputs/tsrag/predictions/tsrag/Smart_Manufacturing/H/long/run_0 launch_id=selena_3452080 slurm_job_id=3452080 launched_at=2026-09-18T01:55:01.458064+00:00
[2026-09-18 01:55:01 UTC] predict method=tsrag dataset=Smart_Manufacturing/H term=long retrieval={'scope': 'all', 'aligned': False, 'query_scale': False, 'representation': 't5'} alignment_period=168 fallback=chronos_bolt_max
TIME run allocation action=new run=/fslarge/scratch/users/h61084/codes/tsrag_time/outputs/tsrag/predictions/tsrag/MetroPT-3/5T/short/run_0 launch_id=selena_3452080 slurm_job_id=3452080 launched_at=2026-09-18T01:55:13.757237+00:00
[2026-09-18 01:55:13 UTC] predict method=tsrag dataset=MetroPT-3/5T term=short retrieval={'scope': 'all', 'aligned': False, 'query_scale': False, 'representation': 't5'} alignment_period=288 fallback=chronos_bolt_max
TIME run allocation action=new run=/fslarge/scratch/users/h61084/codes/tsrag_time/outputs/tsrag/predictions/tsrag/MetroPT-3/5T/medium/run_0 launch_id=selena_3452080 slurm_job_id=3452080 launched_at=2026-09-18T01:55:26.989137+00:00
[2026-09-18 01:55:26 UTC] predict method=tsrag dataset=MetroPT-3/5T term=medium retrieval={'scope': 'all', 'aligned': False, 'query_scale': False, 'representation': 't5'} alignment_period=288 fallback=chronos_bolt_max
TIME run allocation action=new run=/fslarge/scratch/users/h61084/codes/tsrag_time/outputs/tsrag/predictions/tsrag/MetroPT-3/5T/long/run_0 launch_id=selena_3452080 slurm_job_id=3452080 launched_at=2026-09-18T01:55:31.770320+00:00
[2026-09-18 01:55:31 UTC] predict method=tsrag dataset=MetroPT-3/5T term=long retrieval={'scope': 'all', 'aligned': False, 'query_scale': False, 'representation': 't5'} alignment_period=288 fallback=chronos_bolt_max

[2026-09-18 01:55:39 UTC] stage=mix
[2026-09-18 03:55:43,872][datasets][INFO] - PyTorch version 2.9.1 available.
[2026-09-18 01:55:46 UTC] stage=mix tasks=90 seed=0 device=cuda Slurm=3452080
TIME run allocation action=new run=/fslarge/scratch/users/h61084/codes/tsrag_time/outputs/tsrag/predictions/bayes_mixture/Water_Quality_Darwin/15T/short/run_0 launch_id=selena_3452080 slurm_job_id=3452080 launched_at=2026-09-18T01:55:46.889628+00:00
TIME run allocation action=new run=/fslarge/scratch/users/h61084/codes/tsrag_time/outputs/tsrag/predictions/bayes_mixture/Water_Quality_Darwin/15T/medium/run_0 launch_id=selena_3452080 slurm_job_id=3452080 launched_at=2026-09-18T01:56:44.300531+00:00
TIME run allocation action=new run=/fslarge/scratch/users/h61084/codes/tsrag_time/outputs/tsrag/predictions/bayes_mixture/Water_Quality_Darwin/15T/long/run_0 launch_id=selena_3452080 slurm_job_id=3452080 launched_at=2026-09-18T01:56:44.467700+00:00
TIME run allocation action=new run=/fslarge/scratch/users/h61084/codes/tsrag_time/outputs/tsrag/predictions/bayes_mixture/current_velocity/5T/short/run_0 launch_id=selena_3452080 slurm_job_id=3452080 launched_at=2026-09-18T01:56:44.613638+00:00
TIME run allocation action=new run=/fslarge/scratch/users/h61084/codes/tsrag_time/outputs/tsrag/predictions/bayes_mixture/current_velocity/5T/medium/run_0 launch_id=selena_3452080 slurm_job_id=3452080 launched_at=2026-09-18T01:56:44.748996+00:00
TIME run allocation action=new run=/fslarge/scratch/users/h61084/codes/tsrag_time/outputs/tsrag/predictions/bayes_mixture/current_velocity/5T/long/run_0 launch_id=selena_3452080 slurm_job_id=3452080 launched_at=2026-09-18T01:56:44.842529+00:00
TIME run allocation action=new run=/fslarge/scratch/users/h61084/codes/tsrag_time/outputs/tsrag/predictions/bayes_mixture/current_velocity/10T/short/run_0 launch_id=selena_3452080 slurm_job_id=3452080 launched_at=2026-09-18T01:56:44.933034+00:00
TIME run allocation action=new run=/fslarge/scratch/users/h61084/codes/tsrag_time/outputs/tsrag/predictions/bayes_mixture/current_velocity/10T/medium/run_0 launch_id=selena_3452080 slurm_job_id=3452080 launched_at=2026-09-18T01:56:45.517189+00:00
TIME run allocation action=new run=/fslarge/scratch/users/h61084/codes/tsrag_time/outputs/tsrag/predictions/bayes_mixture/current_velocity/10T/long/run_0 launch_id=selena_3452080 slurm_job_id=3452080 launched_at=2026-09-18T01:56:45.745194+00:00
TIME run allocation action=new run=/fslarge/scratch/users/h61084/codes/tsrag_time/outputs/tsrag/predictions/bayes_mixture/current_velocity/15T/short/run_0 launch_id=selena_3452080 slurm_job_id=3452080 launched_at=2026-09-18T01:56:45.948293+00:00
TIME run allocation action=new run=/fslarge/scratch/users/h61084/codes/tsrag_time/outputs/tsrag/predictions/bayes_mixture/current_velocity/15T/medium/run_0 launch_id=selena_3452080 slurm_job_id=3452080 launched_at=2026-09-18T01:56:46.253786+00:00
TIME run allocation action=new run=/fslarge/scratch/users/h61084/codes/tsrag_time/outputs/tsrag/predictions/bayes_mixture/current_velocity/15T/long/run_0 launch_id=selena_3452080 slurm_job_id=3452080 launched_at=2026-09-18T01:56:46.377890+00:00
TIME run allocation action=new run=/fslarge/scratch/users/h61084/codes/tsrag_time/outputs/tsrag/predictions/bayes_mixture/current_velocity/H/short/run_0 launch_id=selena_3452080 slurm_job_id=3452080 launched_at=2026-09-18T01:56:46.484250+00:00
TIME run allocation action=new run=/fslarge/scratch/users/h61084/codes/tsrag_time/outputs/tsrag/predictions/bayes_mixture/current_velocity/H/medium/run_0 launch_id=selena_3452080 slurm_job_id=3452080 launched_at=2026-09-18T01:56:46.800452+00:00
TIME run allocation action=new run=/fslarge/scratch/users/h61084/codes/tsrag_time/outputs/tsrag/predictions/bayes_mixture/current_velocity/H/long/run_0 launch_id=selena_3452080 slurm_job_id=3452080 launched_at=2026-09-18T01:56:46.943702+00:00
TIME run allocation action=new run=/fslarge/scratch/users/h61084/codes/tsrag_time/outputs/tsrag/predictions/bayes_mixture/CPHL/15T/short/run_0 launch_id=selena_3452080 slurm_job_id=3452080 launched_at=2026-09-18T01:56:47.073029+00:00
TIME run allocation action=new run=/fslarge/scratch/users/h61084/codes/tsrag_time/outputs/tsrag/predictions/bayes_mixture/CPHL/15T/medium/run_0 launch_id=selena_3452080 slurm_job_id=3452080 launched_at=2026-09-18T01:56:47.167649+00:00
TIME run allocation action=new run=/fslarge/scratch/users/h61084/codes/tsrag_time/outputs/tsrag/predictions/bayes_mixture/CPHL/15T/long/run_0 launch_id=selena_3452080 slurm_job_id=3452080 launched_at=2026-09-18T01:56:47.246511+00:00
TIME run allocation action=new run=/fslarge/scratch/users/h61084/codes/tsrag_time/outputs/tsrag/predictions/bayes_mixture/CPHL/30T/short/run_0 launch_id=selena_3452080 slurm_job_id=3452080 launched_at=2026-09-18T01:56:47.323054+00:00
TIME run allocation action=new run=/fslarge/scratch/users/h61084/codes/tsrag_time/outputs/tsrag/predictions/bayes_mixture/CPHL/30T/medium/run_0 launch_id=selena_3452080 slurm_job_id=3452080 launched_at=2026-09-18T01:56:47.415916+00:00
TIME run allocation action=new run=/fslarge/scratch/users/h61084/codes/tsrag_time/outputs/tsrag/predictions/bayes_mixture/CPHL/30T/long/run_0 launch_id=selena_3452080 slurm_job_id=3452080 launched_at=2026-09-18T01:56:47.496191+00:00
TIME run allocation action=new run=/fslarge/scratch/users/h61084/codes/tsrag_time/outputs/tsrag/predictions/bayes_mixture/CPHL/H/short/run_0 launch_id=selena_3452080 slurm_job_id=3452080 launched_at=2026-09-18T01:56:47.575059+00:00
TIME run allocation action=new run=/fslarge/scratch/users/h61084/codes/tsrag_time/outputs/tsrag/predictions/bayes_mixture/CPHL/H/medium/run_0 launch_id=selena_3452080 slurm_job_id=3452080 launched_at=2026-09-18T01:56:47.659355+00:00
TIME run allocation action=new run=/fslarge/scratch/users/h61084/codes/tsrag_time/outputs/tsrag/predictions/bayes_mixture/CPHL/H/long/run_0 launch_id=selena_3452080 slurm_job_id=3452080 launched_at=2026-09-18T01:56:47.736699+00:00
TIME run allocation action=new run=/fslarge/scratch/users/h61084/codes/tsrag_time/outputs/tsrag/predictions/bayes_mixture/Coastal_T_S/15T/short/run_0 launch_id=selena_3452080 slurm_job_id=3452080 launched_at=2026-09-18T01:56:47.814521+00:00
TIME run allocation action=new run=/fslarge/scratch/users/h61084/codes/tsrag_time/outputs/tsrag/predictions/bayes_mixture/Coastal_T_S/15T/medium/run_0 launch_id=selena_3452080 slurm_job_id=3452080 launched_at=2026-09-18T01:56:48.017512+00:00
TIME run allocation action=new run=/fslarge/scratch/users/h61084/codes/tsrag_time/outputs/tsrag/predictions/bayes_mixture/Coastal_T_S/15T/long/run_0 launch_id=selena_3452080 slurm_job_id=3452080 launched_at=2026-09-18T01:56:48.130715+00:00
TIME run allocation action=new run=/fslarge/scratch/users/h61084/codes/tsrag_time/outputs/tsrag/predictions/bayes_mixture/Coastal_T_S/20T/short/run_0 launch_id=selena_3452080 slurm_job_id=3452080 launched_at=2026-09-18T01:56:48.234760+00:00
TIME run allocation action=new run=/fslarge/scratch/users/h61084/codes/tsrag_time/outputs/tsrag/predictions/bayes_mixture/Coastal_T_S/20T/medium/run_0 launch_id=selena_3452080 slurm_job_id=3452080 launched_at=2026-09-18T01:56:48.332951+00:00
TIME run allocation action=new run=/fslarge/scratch/users/h61084/codes/tsrag_time/outputs/tsrag/predictions/bayes_mixture/Coastal_T_S/20T/long/run_0 launch_id=selena_3452080 slurm_job_id=3452080 launched_at=2026-09-18T01:56:48.412672+00:00
TIME run allocation action=new run=/fslarge/scratch/users/h61084/codes/tsrag_time/outputs/tsrag/predictions/bayes_mixture/Coastal_T_S/H/short/run_0 launch_id=selena_3452080 slurm_job_id=3452080 launched_at=2026-09-18T01:56:48.490386+00:00
TIME run allocation action=new run=/fslarge/scratch/users/h61084/codes/tsrag_time/outputs/tsrag/predictions/bayes_mixture/Coastal_T_S/H/medium/run_0 launch_id=selena_3452080 slurm_job_id=3452080 launched_at=2026-09-18T01:56:48.717668+00:00
TIME run allocation action=new run=/fslarge/scratch/users/h61084/codes/tsrag_time/outputs/tsrag/predictions/bayes_mixture/Coastal_T_S/H/long/run_0 launch_id=selena_3452080 slurm_job_id=3452080 launched_at=2026-09-18T01:56:48.843000+00:00
TIME run allocation action=new run=/fslarge/scratch/users/h61084/codes/tsrag_time/outputs/tsrag/predictions/bayes_mixture/SG_Weather/D/short/run_0 launch_id=selena_3452080 slurm_job_id=3452080 launched_at=2026-09-18T01:56:48.973450+00:00
TIME run allocation action=new run=/fslarge/scratch/users/h61084/codes/tsrag_time/outputs/tsrag/predictions/bayes_mixture/SG_Weather/D/medium/run_0 launch_id=selena_3452080 slurm_job_id=3452080 launched_at=2026-09-18T01:56:49.225661+00:00
TIME run allocation action=new run=/fslarge/scratch/users/h61084/codes/tsrag_time/outputs/tsrag/predictions/bayes_mixture/SG_Weather/D/long/run_0 launch_id=selena_3452080 slurm_job_id=3452080 launched_at=2026-09-18T01:56:49.379863+00:00
TIME run allocation action=new run=/fslarge/scratch/users/h61084/codes/tsrag_time/outputs/tsrag/predictions/bayes_mixture/SG_PM25/H/short/run_0 launch_id=selena_3452080 slurm_job_id=3452080 launched_at=2026-09-18T01:56:49.501764+00:00
TIME run allocation action=new run=/fslarge/scratch/users/h61084/codes/tsrag_time/outputs/tsrag/predictions/bayes_mixture/SG_PM25/H/medium/run_0 launch_id=selena_3452080 slurm_job_id=3452080 launched_at=2026-09-18T01:56:49.621669+00:00
TIME run allocation action=new run=/fslarge/scratch/users/h61084/codes/tsrag_time/outputs/tsrag/predictions/bayes_mixture/SG_PM25/H/long/run_0 launch_id=selena_3452080 slurm_job_id=3452080 launched_at=2026-09-18T01:56:49.721589+00:00
TIME run allocation action=new run=/fslarge/scratch/users/h61084/codes/tsrag_time/outputs/tsrag/predictions/bayes_mixture/NE_China_Wind/H/short/run_0 launch_id=selena_3452080 slurm_job_id=3452080 launched_at=2026-09-18T01:56:49.816161+00:00
TIME run allocation action=new run=/fslarge/scratch/users/h61084/codes/tsrag_time/outputs/tsrag/predictions/bayes_mixture/NE_China_Wind/H/medium/run_0 launch_id=selena_3452080 slurm_job_id=3452080 launched_at=2026-09-18T01:56:49.900679+00:00
TIME run allocation action=new run=/fslarge/scratch/users/h61084/codes/tsrag_time/outputs/tsrag/predictions/bayes_mixture/NE_China_Wind/H/long/run_0 launch_id=selena_3452080 slurm_job_id=3452080 launched_at=2026-09-18T01:56:49.980362+00:00
TIME run allocation action=new run=/fslarge/scratch/users/h61084/codes/tsrag_time/outputs/tsrag/predictions/bayes_mixture/Australia_Solar/H/short/run_0 launch_id=selena_3452080 slurm_job_id=3452080 launched_at=2026-09-18T01:56:50.058479+00:00
TIME run allocation action=new run=/fslarge/scratch/users/h61084/codes/tsrag_time/outputs/tsrag/predictions/bayes_mixture/Australia_Solar/H/medium/run_0 launch_id=selena_3452080 slurm_job_id=3452080 launched_at=2026-09-18T01:56:50.161049+00:00
TIME run allocation action=new run=/fslarge/scratch/users/h61084/codes/tsrag_time/outputs/tsrag/predictions/bayes_mixture/Australia_Solar/H/long/run_0 launch_id=selena_3452080 slurm_job_id=3452080 launched_at=2026-09-18T01:56:50.251391+00:00
TIME run allocation action=new run=/fslarge/scratch/users/h61084/codes/tsrag_time/outputs/tsrag/predictions/bayes_mixture/epf_electricity_price/H/short/run_0 launch_id=selena_3452080 slurm_job_id=3452080 launched_at=2026-09-18T01:56:50.338226+00:00
TIME run allocation action=new run=/fslarge/scratch/users/h61084/codes/tsrag_time/outputs/tsrag/predictions/bayes_mixture/epf_electricity_price/H/medium/run_0 launch_id=selena_3452080 slurm_job_id=3452080 launched_at=2026-09-18T01:56:50.464792+00:00
TIME run allocation action=new run=/fslarge/scratch/users/h61084/codes/tsrag_time/outputs/tsrag/predictions/bayes_mixture/epf_electricity_price/H/long/run_0 launch_id=selena_3452080 slurm_job_id=3452080 launched_at=2026-09-18T01:56:50.568831+00:00
TIME run allocation action=new run=/fslarge/scratch/users/h61084/codes/tsrag_time/outputs/tsrag/predictions/bayes_mixture/OpenElectricity_NEM/5T/short/run_0 launch_id=selena_3452080 slurm_job_id=3452080 launched_at=2026-09-18T01:56:50.666906+00:00
TIME run allocation action=new run=/fslarge/scratch/users/h61084/codes/tsrag_time/outputs/tsrag/predictions/bayes_mixture/OpenElectricity_NEM/5T/medium/run_0 launch_id=selena_3452080 slurm_job_id=3452080 launched_at=2026-09-18T01:56:50.880044+00:00
TIME run allocation action=new run=/fslarge/scratch/users/h61084/codes/tsrag_time/outputs/tsrag/predictions/bayes_mixture/OpenElectricity_NEM/5T/long/run_0 launch_id=selena_3452080 slurm_job_id=3452080 launched_at=2026-09-18T01:56:51.020708+00:00
TIME run allocation action=new run=/fslarge/scratch/users/h61084/codes/tsrag_time/outputs/tsrag/predictions/bayes_mixture/EWELD_Load/15T/short/run_0 launch_id=selena_3452080 slurm_job_id=3452080 launched_at=2026-09-18T01:56:51.144829+00:00
TIME run allocation action=new run=/fslarge/scratch/users/h61084/codes/tsrag_time/outputs/tsrag/predictions/bayes_mixture/EWELD_Load/15T/medium/run_0 launch_id=selena_3452080 slurm_job_id=3452080 launched_at=2026-09-18T01:56:51.270361+00:00
TIME run allocation action=new run=/fslarge/scratch/users/h61084/codes/tsrag_time/outputs/tsrag/predictions/bayes_mixture/EWELD_Load/15T/long/run_0 launch_id=selena_3452080 slurm_job_id=3452080 launched_at=2026-09-18T01:56:51.370579+00:00
TIME run allocation action=new run=/fslarge/scratch/users/h61084/codes/tsrag_time/outputs/tsrag/predictions/bayes_mixture/SG_Carpark/15T/short/run_0 launch_id=selena_3452080 slurm_job_id=3452080 launched_at=2026-09-18T01:56:51.462853+00:00
TIME run allocation action=new run=/fslarge/scratch/users/h61084/codes/tsrag_time/outputs/tsrag/predictions/bayes_mixture/SG_Carpark/15T/medium/run_0 launch_id=selena_3452080 slurm_job_id=3452080 launched_at=2026-09-18T01:56:53.001059+00:00
TIME run allocation action=new run=/fslarge/scratch/users/h61084/codes/tsrag_time/outputs/tsrag/predictions/bayes_mixture/SG_Carpark/15T/long/run_0 launch_id=selena_3452080 slurm_job_id=3452080 launched_at=2026-09-18T01:56:53.615880+00:00
TIME run allocation action=new run=/fslarge/scratch/users/h61084/codes/tsrag_time/outputs/tsrag/predictions/bayes_mixture/Finland_Traffic/15T/short/run_0 launch_id=selena_3452080 slurm_job_id=3452080 launched_at=2026-09-18T01:56:54.094691+00:00
TIME run allocation action=new run=/fslarge/scratch/users/h61084/codes/tsrag_time/outputs/tsrag/predictions/bayes_mixture/Finland_Traffic/15T/medium/run_0 launch_id=selena_3452080 slurm_job_id=3452080 launched_at=2026-09-18T01:56:54.186345+00:00
TIME run allocation action=new run=/fslarge/scratch/users/h61084/codes/tsrag_time/outputs/tsrag/predictions/bayes_mixture/Finland_Traffic/15T/long/run_0 launch_id=selena_3452080 slurm_job_id=3452080 launched_at=2026-09-18T01:56:54.266382+00:00
TIME run allocation action=new run=/fslarge/scratch/users/h61084/codes/tsrag_time/outputs/tsrag/predictions/bayes_mixture/Port_Activity/D/short/run_0 launch_id=selena_3452080 slurm_job_id=3452080 launched_at=2026-09-18T01:56:54.343661+00:00
TIME run allocation action=new run=/fslarge/scratch/users/h61084/codes/tsrag_time/outputs/tsrag/predictions/bayes_mixture/Port_Activity/W/short/run_0 launch_id=selena_3452080 slurm_job_id=3452080 launched_at=2026-09-18T01:56:54.508488+00:00
TIME run allocation action=new run=/fslarge/scratch/users/h61084/codes/tsrag_time/outputs/tsrag/predictions/bayes_mixture/ECDC_COVID/D/short/run_0 launch_id=selena_3452080 slurm_job_id=3452080 launched_at=2026-09-18T01:56:54.607198+00:00
TIME run allocation action=new run=/fslarge/scratch/users/h61084/codes/tsrag_time/outputs/tsrag/predictions/bayes_mixture/ECDC_COVID/W/short/run_0 launch_id=selena_3452080 slurm_job_id=3452080 launched_at=2026-09-18T01:56:54.683980+00:00
TIME run allocation action=new run=/fslarge/scratch/users/h61084/codes/tsrag_time/outputs/tsrag/predictions/bayes_mixture/Global_Influenza/W/short/run_0 launch_id=selena_3452080 slurm_job_id=3452080 launched_at=2026-09-18T01:56:54.760869+00:00
TIME run allocation action=new run=/fslarge/scratch/users/h61084/codes/tsrag_time/outputs/tsrag/predictions/bayes_mixture/Crypto/D/short/run_0 launch_id=selena_3452080 slurm_job_id=3452080 launched_at=2026-09-18T01:56:54.842253+00:00
TIME run allocation action=new run=/fslarge/scratch/users/h61084/codes/tsrag_time/outputs/tsrag/predictions/bayes_mixture/US_Term_Structure/B/short/run_0 launch_id=selena_3452080 slurm_job_id=3452080 launched_at=2026-09-18T01:56:54.918559+00:00
TIME run allocation action=new run=/fslarge/scratch/users/h61084/codes/tsrag_time/outputs/tsrag/predictions/bayes_mixture/Oil_Price/B/short/run_0 launch_id=selena_3452080 slurm_job_id=3452080 launched_at=2026-09-18T01:56:55.044191+00:00
TIME run allocation action=new run=/fslarge/scratch/users/h61084/codes/tsrag_time/outputs/tsrag/predictions/bayes_mixture/Job_Claims/W/short/run_0 launch_id=selena_3452080 slurm_job_id=3452080 launched_at=2026-09-18T01:56:55.133497+00:00
TIME run allocation action=new run=/fslarge/scratch/users/h61084/codes/tsrag_time/outputs/tsrag/predictions/bayes_mixture/Uncertainty_1M/M/short/run_0 launch_id=selena_3452080 slurm_job_id=3452080 launched_at=2026-09-18T01:56:55.210572+00:00
TIME run allocation action=new run=/fslarge/scratch/users/h61084/codes/tsrag_time/outputs/tsrag/predictions/bayes_mixture/Housing_Inventory/M/short/run_0 launch_id=selena_3452080 slurm_job_id=3452080 launched_at=2026-09-18T01:56:55.285063+00:00
TIME run allocation action=new run=/fslarge/scratch/users/h61084/codes/tsrag_time/outputs/tsrag/predictions/bayes_mixture/JOLTS/M/short/run_0 launch_id=selena_3452080 slurm_job_id=3452080 launched_at=2026-09-18T01:56:55.359934+00:00
TIME run allocation action=new run=/fslarge/scratch/users/h61084/codes/tsrag_time/outputs/tsrag/predictions/bayes_mixture/US_Labor/M/short/run_0 launch_id=selena_3452080 slurm_job_id=3452080 launched_at=2026-09-18T01:56:55.435793+00:00
TIME run allocation action=new run=/fslarge/scratch/users/h61084/codes/tsrag_time/outputs/tsrag/predictions/bayes_mixture/Vehicle_Supply/M/short/run_0 launch_id=selena_3452080 slurm_job_id=3452080 launched_at=2026-09-18T01:56:55.511822+00:00
TIME run allocation action=new run=/fslarge/scratch/users/h61084/codes/tsrag_time/outputs/tsrag/predictions/bayes_mixture/Auto_Production_SF/M/short/run_0 launch_id=selena_3452080 slurm_job_id=3452080 launched_at=2026-09-18T01:56:55.592165+00:00
TIME run allocation action=new run=/fslarge/scratch/users/h61084/codes/tsrag_time/outputs/tsrag/predictions/bayes_mixture/Commodity_Production/M/short/run_0 launch_id=selena_3452080 slurm_job_id=3452080 launched_at=2026-09-18T01:56:55.666037+00:00
TIME run allocation action=new run=/fslarge/scratch/users/h61084/codes/tsrag_time/outputs/tsrag/predictions/bayes_mixture/Commodity_Import/M/short/run_0 launch_id=selena_3452080 slurm_job_id=3452080 launched_at=2026-09-18T01:56:55.745433+00:00
TIME run allocation action=new run=/fslarge/scratch/users/h61084/codes/tsrag_time/outputs/tsrag/predictions/bayes_mixture/WUI_Global/Q/short/run_0 launch_id=selena_3452080 slurm_job_id=3452080 launched_at=2026-09-18T01:56:55.822800+00:00
TIME run allocation action=new run=/fslarge/scratch/users/h61084/codes/tsrag_time/outputs/tsrag/predictions/bayes_mixture/Global_Price/Q/short/run_0 launch_id=selena_3452080 slurm_job_id=3452080 launched_at=2026-09-18T01:56:55.906295+00:00
TIME run allocation action=new run=/fslarge/scratch/users/h61084/codes/tsrag_time/outputs/tsrag/predictions/bayes_mixture/Vehicle_Sales/M/short/run_0 launch_id=selena_3452080 slurm_job_id=3452080 launched_at=2026-09-18T01:56:55.991898+00:00
TIME run allocation action=new run=/fslarge/scratch/users/h61084/codes/tsrag_time/outputs/tsrag/predictions/bayes_mixture/Online_Retail_2_UCI/D/short/run_0 launch_id=selena_3452080 slurm_job_id=3452080 launched_at=2026-09-18T01:56:56.068205+00:00
TIME run allocation action=new run=/fslarge/scratch/users/h61084/codes/tsrag_time/outputs/tsrag/predictions/bayes_mixture/Supply_Chain_Customer/D/short/run_0 launch_id=selena_3452080 slurm_job_id=3452080 launched_at=2026-09-18T01:56:56.144468+00:00
TIME run allocation action=new run=/fslarge/scratch/users/h61084/codes/tsrag_time/outputs/tsrag/predictions/bayes_mixture/Supply_Chain_Location/D/short/run_0 launch_id=selena_3452080 slurm_job_id=3452080 launched_at=2026-09-18T01:56:56.233036+00:00
TIME run allocation action=new run=/fslarge/scratch/users/h61084/codes/tsrag_time/outputs/tsrag/predictions/bayes_mixture/azure2019_U/5T/short/run_0 launch_id=selena_3452080 slurm_job_id=3452080 launched_at=2026-09-18T01:56:56.327875+00:00
TIME run allocation action=new run=/fslarge/scratch/users/h61084/codes/tsrag_time/outputs/tsrag/predictions/bayes_mixture/Smart_Manufacturing/H/short/run_0 launch_id=selena_3452080 slurm_job_id=3452080 launched_at=2026-09-18T01:56:56.466276+00:00
TIME run allocation action=new run=/fslarge/scratch/users/h61084/codes/tsrag_time/outputs/tsrag/predictions/bayes_mixture/Smart_Manufacturing/H/medium/run_0 launch_id=selena_3452080 slurm_job_id=3452080 launched_at=2026-09-18T01:56:56.707874+00:00
TIME run allocation action=new run=/fslarge/scratch/users/h61084/codes/tsrag_time/outputs/tsrag/predictions/bayes_mixture/Smart_Manufacturing/H/long/run_0 launch_id=selena_3452080 slurm_job_id=3452080 launched_at=2026-09-18T01:56:56.825076+00:00
TIME run allocation action=new run=/fslarge/scratch/users/h61084/codes/tsrag_time/outputs/tsrag/predictions/bayes_mixture/MetroPT-3/5T/short/run_0 launch_id=selena_3452080 slurm_job_id=3452080 launched_at=2026-09-18T01:56:56.927856+00:00
TIME run allocation action=new run=/fslarge/scratch/users/h61084/codes/tsrag_time/outputs/tsrag/predictions/bayes_mixture/MetroPT-3/5T/medium/run_0 launch_id=selena_3452080 slurm_job_id=3452080 launched_at=2026-09-18T01:56:57.029480+00:00
TIME run allocation action=new run=/fslarge/scratch/users/h61084/codes/tsrag_time/outputs/tsrag/predictions/bayes_mixture/MetroPT-3/5T/long/run_0 launch_id=selena_3452080 slurm_job_id=3452080 launched_at=2026-09-18T01:56:57.105750+00:00

[2026-09-18 01:56:59 UTC] stage=evaluate
[2026-09-18 03:57:00,890][datasets][INFO] - PyTorch version 2.9.1 available.
[2026-09-18 01:57:03 UTC] stage=evaluate tasks=90 seed=0 device=cuda Slurm=3452080
TIME run allocation action=new run=/fslarge/scratch/users/h61084/codes/tsrag_time/outputs/tsrag/evaluations/chronos_t5_512/Water_Quality_Darwin/15T/short/run_0 launch_id=selena_3452080 slurm_job_id=3452080 launched_at=2026-09-18T01:57:03.551662+00:00
[2026-09-18 01:57:03 UTC] evaluate method=chronos_t5_512 dataset=Water_Quality_Darwin/15T term=short
    Total instances: 3780, Series during experiment: 42, Windows: 90
    Collecting ground truth and context...
    Detected to_univariate case: 42 flat series -> 7 series x 6 variates
    Organizing data into arrays...
    Saved predictions (quantiles) to /fslarge/scratch/users/h61084/codes/tsrag_time/outputs/tsrag/evaluations/chronos_t5_512/Water_Quality_Darwin/15T/short/run_0/predictions.npz
    Computing per-window metrics...
    Saved metrics to /fslarge/scratch/users/h61084/codes/tsrag_time/outputs/tsrag/evaluations/chronos_t5_512/Water_Quality_Darwin/15T/short/run_0/metrics.npz
    Saved config to /fslarge/scratch/users/h61084/codes/tsrag_time/outputs/tsrag/evaluations/chronos_t5_512/Water_Quality_Darwin/15T/short/run_0/config.json
    Saved aggregate metrics to /fslarge/scratch/users/h61084/codes/tsrag_time/outputs/tsrag/evaluations/chronos_t5_512/Water_Quality_Darwin/15T/short/run_0/metrics_summary.json
    Metrics summary (averaged over all series/windows/variates):
      MSE: 2.8079
      MAE: 0.5472
      RMSE: 0.6476
      MAPE: 0.0669
      sMAPE: 0.0641
      MASE: 1.1482
      ND: 0.0647
      CRPS: 0.0647
TIME run allocation action=new run=/fslarge/scratch/users/h61084/codes/tsrag_time/outputs/tsrag/evaluations/chronos_bolt_512/Water_Quality_Darwin/15T/short/run_0 launch_id=selena_3452080 slurm_job_id=3452080 launched_at=2026-09-18T01:57:04.317772+00:00
[2026-09-18 01:57:04 UTC] evaluate method=chronos_bolt_512 dataset=Water_Quality_Darwin/15T term=short
    Total instances: 3780, Series during experiment: 42, Windows: 90
    Collecting ground truth and context...
    Detected to_univariate case: 42 flat series -> 7 series x 6 variates
    Organizing data into arrays...
    Saved predictions (quantiles) to /fslarge/scratch/users/h61084/codes/tsrag_time/outputs/tsrag/evaluations/chronos_bolt_512/Water_Quality_Darwin/15T/short/run_0/predictions.npz
    Computing per-window metrics...
    Saved metrics to /fslarge/scratch/users/h61084/codes/tsrag_time/outputs/tsrag/evaluations/chronos_bolt_512/Water_Quality_Darwin/15T/short/run_0/metrics.npz
    Saved config to /fslarge/scratch/users/h61084/codes/tsrag_time/outputs/tsrag/evaluations/chronos_bolt_512/Water_Quality_Darwin/15T/short/run_0/config.json
    Saved aggregate metrics to /fslarge/scratch/users/h61084/codes/tsrag_time/outputs/tsrag/evaluations/chronos_bolt_512/Water_Quality_Darwin/15T/short/run_0/metrics_summary.json
    Metrics summary (averaged over all series/windows/variates):
      MSE: 2.5073
      MAE: 0.4930
      RMSE: 0.5843
      MAPE: 0.0643
      sMAPE: 0.0612
      MASE: 0.6782
      ND: 0.0620
      CRPS: 0.0620
TIME run allocation action=new run=/fslarge/scratch/users/h61084/codes/tsrag_time/outputs/tsrag/evaluations/chronos_bolt_max/Water_Quality_Darwin/15T/short/run_0 launch_id=selena_3452080 slurm_job_id=3452080 launched_at=2026-09-18T01:57:04.855981+00:00
[2026-09-18 01:57:04 UTC] evaluate method=chronos_bolt_max dataset=Water_Quality_Darwin/15T term=short
    Total instances: 3780, Series during experiment: 42, Windows: 90
    Collecting ground truth and context...
    Detected to_univariate case: 42 flat series -> 7 series x 6 variates
    Organizing data into arrays...
    Saved predictions (quantiles) to /fslarge/scratch/users/h61084/codes/tsrag_time/outputs/tsrag/evaluations/chronos_bolt_max/Water_Quality_Darwin/15T/short/run_0/predictions.npz
    Computing per-window metrics...
    Saved metrics to /fslarge/scratch/users/h61084/codes/tsrag_time/outputs/tsrag/evaluations/chronos_bolt_max/Water_Quality_Darwin/15T/short/run_0/metrics.npz
    Saved config to /fslarge/scratch/users/h61084/codes/tsrag_time/outputs/tsrag/evaluations/chronos_bolt_max/Water_Quality_Darwin/15T/short/run_0/config.json
    Saved aggregate metrics to /fslarge/scratch/users/h61084/codes/tsrag_time/outputs/tsrag/evaluations/chronos_bolt_max/Water_Quality_Darwin/15T/short/run_0/metrics_summary.json
    Metrics summary (averaged over all series/windows/variates):
      MSE: 2.4861
      MAE: 0.4787
      RMSE: 0.5676
      MAPE: 0.0604
      sMAPE: 0.0574
      MASE: 0.6716
      ND: 0.0583
      CRPS: 0.0583
TIME run allocation action=new run=/fslarge/scratch/users/h61084/codes/tsrag_time/outputs/tsrag/evaluations/chronos2_max/Water_Quality_Darwin/15T/short/run_0 launch_id=selena_3452080 slurm_job_id=3452080 launched_at=2026-09-18T01:57:05.393792+00:00
[2026-09-18 01:57:05 UTC] evaluate method=chronos2_max dataset=Water_Quality_Darwin/15T term=short
    Total instances: 3780, Series during experiment: 42, Windows: 90
    Collecting ground truth and context...
    Detected to_univariate case: 42 flat series -> 7 series x 6 variates
    Organizing data into arrays...
    Saved predictions (quantiles) to /fslarge/scratch/users/h61084/codes/tsrag_time/outputs/tsrag/evaluations/chronos2_max/Water_Quality_Darwin/15T/short/run_0/predictions.npz
    Computing per-window metrics...
    Saved metrics to /fslarge/scratch/users/h61084/codes/tsrag_time/outputs/tsrag/evaluations/chronos2_max/Water_Quality_Darwin/15T/short/run_0/metrics.npz
    Saved config to /fslarge/scratch/users/h61084/codes/tsrag_time/outputs/tsrag/evaluations/chronos2_max/Water_Quality_Darwin/15T/short/run_0/config.json
    Saved aggregate metrics to /fslarge/scratch/users/h61084/codes/tsrag_time/outputs/tsrag/evaluations/chronos2_max/Water_Quality_Darwin/15T/short/run_0/metrics_summary.json
    Metrics summary (averaged over all series/windows/variates):
      MSE: 2.0430
      MAE: 0.4199
      RMSE: 0.5028
      MAPE: 0.0527
      sMAPE: 0.0497
      MASE: 0.6095
      ND: 0.0506
      CRPS: 0.0506
TIME run allocation action=new run=/fslarge/scratch/users/h61084/codes/tsrag_time/outputs/tsrag/evaluations/tsrag/Water_Quality_Darwin/15T/short/run_0 launch_id=selena_3452080 slurm_job_id=3452080 launched_at=2026-09-18T01:57:05.947534+00:00
[2026-09-18 01:57:05 UTC] evaluate method=tsrag dataset=Water_Quality_Darwin/15T term=short
    Total instances: 3780, Series during experiment: 42, Windows: 90
    Collecting ground truth and context...
    Detected to_univariate case: 42 flat series -> 7 series x 6 variates
    Organizing data into arrays...
    Saved predictions (quantiles) to /fslarge/scratch/users/h61084/codes/tsrag_time/outputs/tsrag/evaluations/tsrag/Water_Quality_Darwin/15T/short/run_0/predictions.npz
    Computing per-window metrics...
    Saved metrics to /fslarge/scratch/users/h61084/codes/tsrag_time/outputs/tsrag/evaluations/tsrag/Water_Quality_Darwin/15T/short/run_0/metrics.npz
    Saved config to /fslarge/scratch/users/h61084/codes/tsrag_time/outputs/tsrag/evaluations/tsrag/Water_Quality_Darwin/15T/short/run_0/config.json
    Saved aggregate metrics to /fslarge/scratch/users/h61084/codes/tsrag_time/outputs/tsrag/evaluations/tsrag/Water_Quality_Darwin/15T/short/run_0/metrics_summary.json
    Metrics summary (averaged over all series/windows/variates):
      MSE: 2.4780
      MAE: 0.4865
      RMSE: 0.5778
      MAPE: 0.0636
      sMAPE: 0.0608
      MASE: 0.6741
      ND: 0.0615
      CRPS: 0.0615
TIME run allocation action=new run=/fslarge/scratch/users/h61084/codes/tsrag_time/outputs/tsrag/evaluations/bayes_mixture/Water_Quality_Darwin/15T/short/run_0 launch_id=selena_3452080 slurm_job_id=3452080 launched_at=2026-09-18T01:57:06.525185+00:00
[2026-09-18 01:57:06 UTC] evaluate method=bayes_mixture dataset=Water_Quality_Darwin/15T term=short
    Total instances: 3780, Series during experiment: 42, Windows: 90
    Collecting ground truth and context...
    Detected to_univariate case: 42 flat series -> 7 series x 6 variates
    Organizing data into arrays...
    Saved predictions (quantiles) to /fslarge/scratch/users/h61084/codes/tsrag_time/outputs/tsrag/evaluations/bayes_mixture/Water_Quality_Darwin/15T/short/run_0/predictions.npz
    Computing per-window metrics...
    Saved metrics to /fslarge/scratch/users/h61084/codes/tsrag_time/outputs/tsrag/evaluations/bayes_mixture/Water_Quality_Darwin/15T/short/run_0/metrics.npz
    Saved config to /fslarge/scratch/users/h61084/codes/tsrag_time/outputs/tsrag/evaluations/bayes_mixture/Water_Quality_Darwin/15T/short/run_0/config.json
    Saved aggregate metrics to /fslarge/scratch/users/h61084/codes/tsrag_time/outputs/tsrag/evaluations/bayes_mixture/Water_Quality_Darwin/15T/short/run_0/metrics_summary.json
    Metrics summary (averaged over all series/windows/variates):
      MSE: 2.0622
      MAE: 0.4245
      RMSE: 0.5071
      MAPE: 0.0538
      sMAPE: 0.0510
      MASE: 0.6037
      ND: 0.0518
      CRPS: 0.0518
TIME run allocation action=new run=/fslarge/scratch/users/h61084/codes/tsrag_time/outputs/tsrag/evaluations/chronos_t5_512/Water_Quality_Darwin/15T/medium/run_0 launch_id=selena_3452080 slurm_job_id=3452080 launched_at=2026-09-18T01:57:07.098155+00:00
[2026-09-18 01:57:07 UTC] evaluate method=chronos_t5_512 dataset=Water_Quality_Darwin/15T term=medium
    Total instances: 630, Series during experiment: 42, Windows: 15
    Collecting ground truth and context...
    Detected to_univariate case: 42 flat series -> 7 series x 6 variates
    Organizing data into arrays...
    Saved predictions (quantiles) to /fslarge/scratch/users/h61084/codes/tsrag_time/outputs/tsrag/evaluations/chronos_t5_512/Water_Quality_Darwin/15T/medium/run_0/predictions.npz
    Computing per-window metrics...
    Saved metrics to /fslarge/scratch/users/h61084/codes/tsrag_time/outputs/tsrag/evaluations/chronos_t5_512/Water_Quality_Darwin/15T/medium/run_0/metrics.npz
    Saved config to /fslarge/scratch/users/h61084/codes/tsrag_time/outputs/tsrag/evaluations/chronos_t5_512/Water_Quality_Darwin/15T/medium/run_0/config.json
    Saved aggregate metrics to /fslarge/scratch/users/h61084/codes/tsrag_time/outputs/tsrag/evaluations/chronos_t5_512/Water_Quality_Darwin/15T/medium/run_0/metrics_summary.json
    Metrics summary (averaged over all series/windows/variates):
      MSE: 5.1457
      MAE: 0.8143
      RMSE: 1.0135
      MAPE: 0.1024
      sMAPE: 0.0920
      MASE: 1.5399
      ND: 0.0929
      CRPS: 0.0929
TIME run allocation action=new run=/fslarge/scratch/users/h61084/codes/tsrag_time/outputs/tsrag/evaluations/chronos_bolt_512/Water_Quality_Darwin/15T/medium/run_0 launch_id=selena_3452080 slurm_job_id=3452080 launched_at=2026-09-18T01:57:07.254229+00:00
[2026-09-18 01:57:07 UTC] evaluate method=chronos_bolt_512 dataset=Water_Quality_Darwin/15T term=medium
    Total instances: 630, Series during experiment: 42, Windows: 15
    Collecting ground truth and context...
    Detected to_univariate case: 42 flat series -> 7 series x 6 variates
    Organizing data into arrays...
    Saved predictions (quantiles) to /fslarge/scratch/users/h61084/codes/tsrag_time/outputs/tsrag/evaluations/chronos_bolt_512/Water_Quality_Darwin/15T/medium/run_0/predictions.npz
    Computing per-window metrics...
    Saved metrics to /fslarge/scratch/users/h61084/codes/tsrag_time/outputs/tsrag/evaluations/chronos_bolt_512/Water_Quality_Darwin/15T/medium/run_0/metrics.npz
    Saved config to /fslarge/scratch/users/h61084/codes/tsrag_time/outputs/tsrag/evaluations/chronos_bolt_512/Water_Quality_Darwin/15T/medium/run_0/config.json
    Saved aggregate metrics to /fslarge/scratch/users/h61084/codes/tsrag_time/outputs/tsrag/evaluations/chronos_bolt_512/Water_Quality_Darwin/15T/medium/run_0/metrics_summary.json
    Metrics summary (averaged over all series/windows/variates):
      MSE: 3.9302
      MAE: 0.6895
      RMSE: 0.8688
      MAPE: 0.0969
      sMAPE: 0.0843
      MASE: 1.0083
      ND: 0.0872
      CRPS: 0.0872
TIME run allocation action=new run=/fslarge/scratch/users/h61084/codes/tsrag_time/outputs/tsrag/evaluations/chronos_bolt_max/Water_Quality_Darwin/15T/medium/run_0 launch_id=selena_3452080 slurm_job_id=3452080 launched_at=2026-09-18T01:57:07.401829+00:00
[2026-09-18 01:57:07 UTC] evaluate method=chronos_bolt_max dataset=Water_Quality_Darwin/15T term=medium
    Total instances: 630, Series during experiment: 42, Windows: 15
    Collecting ground truth and context...
    Detected to_univariate case: 42 flat series -> 7 series x 6 variates
    Organizing data into arrays...
    Saved predictions (quantiles) to /fslarge/scratch/users/h61084/codes/tsrag_time/outputs/tsrag/evaluations/chronos_bolt_max/Water_Quality_Darwin/15T/medium/run_0/predictions.npz
    Computing per-window metrics...
    Saved metrics to /fslarge/scratch/users/h61084/codes/tsrag_time/outputs/tsrag/evaluations/chronos_bolt_max/Water_Quality_Darwin/15T/medium/run_0/metrics.npz
    Saved config to /fslarge/scratch/users/h61084/codes/tsrag_time/outputs/tsrag/evaluations/chronos_bolt_max/Water_Quality_Darwin/15T/medium/run_0/config.json
    Saved aggregate metrics to /fslarge/scratch/users/h61084/codes/tsrag_time/outputs/tsrag/evaluations/chronos_bolt_max/Water_Quality_Darwin/15T/medium/run_0/metrics_summary.json
    Metrics summary (averaged over all series/windows/variates):
      MSE: 3.7326
      MAE: 0.6411
      RMSE: 0.8156
      MAPE: 0.0820
      sMAPE: 0.0749
      MASE: 0.9366
      ND: 0.0750
      CRPS: 0.0750
TIME run allocation action=new run=/fslarge/scratch/users/h61084/codes/tsrag_time/outputs/tsrag/evaluations/chronos2_max/Water_Quality_Darwin/15T/medium/run_0 launch_id=selena_3452080 slurm_job_id=3452080 launched_at=2026-09-18T01:57:07.549049+00:00
[2026-09-18 01:57:07 UTC] evaluate method=chronos2_max dataset=Water_Quality_Darwin/15T term=medium
    Total instances: 630, Series during experiment: 42, Windows: 15
    Collecting ground truth and context...
    Detected to_univariate case: 42 flat series -> 7 series x 6 variates
    Organizing data into arrays...
    Saved predictions (quantiles) to /fslarge/scratch/users/h61084/codes/tsrag_time/outputs/tsrag/evaluations/chronos2_max/Water_Quality_Darwin/15T/medium/run_0/predictions.npz
    Computing per-window metrics...
    Saved metrics to /fslarge/scratch/users/h61084/codes/tsrag_time/outputs/tsrag/evaluations/chronos2_max/Water_Quality_Darwin/15T/medium/run_0/metrics.npz
    Saved config to /fslarge/scratch/users/h61084/codes/tsrag_time/outputs/tsrag/evaluations/chronos2_max/Water_Quality_Darwin/15T/medium/run_0/config.json
    Saved aggregate metrics to /fslarge/scratch/users/h61084/codes/tsrag_time/outputs/tsrag/evaluations/chronos2_max/Water_Quality_Darwin/15T/medium/run_0/metrics_summary.json
    Metrics summary (averaged over all series/windows/variates):
      MSE: 3.3565
      MAE: 0.5678
      RMSE: 0.7336
      MAPE: 0.0685
      sMAPE: 0.0642
      MASE: 0.8815
      ND: 0.0632
      CRPS: 0.0632
TIME run allocation action=new run=/fslarge/scratch/users/h61084/codes/tsrag_time/outputs/tsrag/evaluations/tsrag/Water_Quality_Darwin/15T/medium/run_0 launch_id=selena_3452080 slurm_job_id=3452080 launched_at=2026-09-18T01:57:07.710091+00:00
[2026-09-18 01:57:07 UTC] evaluate method=tsrag dataset=Water_Quality_Darwin/15T term=medium
    Total instances: 630, Series during experiment: 42, Windows: 15
    Collecting ground truth and context...
    Detected to_univariate case: 42 flat series -> 7 series x 6 variates
    Organizing data into arrays...
    Saved predictions (quantiles) to /fslarge/scratch/users/h61084/codes/tsrag_time/outputs/tsrag/evaluations/tsrag/Water_Quality_Darwin/15T/medium/run_0/predictions.npz
    Computing per-window metrics...
    Saved metrics to /fslarge/scratch/users/h61084/codes/tsrag_time/outputs/tsrag/evaluations/tsrag/Water_Quality_Darwin/15T/medium/run_0/metrics.npz
    Saved config to /fslarge/scratch/users/h61084/codes/tsrag_time/outputs/tsrag/evaluations/tsrag/Water_Quality_Darwin/15T/medium/run_0/config.json
    Saved aggregate metrics to /fslarge/scratch/users/h61084/codes/tsrag_time/outputs/tsrag/evaluations/tsrag/Water_Quality_Darwin/15T/medium/run_0/metrics_summary.json
    Metrics summary (averaged over all series/windows/variates):
      MSE: 3.9361
      MAE: 0.6890
      RMSE: 0.8743
      MAPE: 0.0946
      sMAPE: 0.0836
      MASE: 1.0103
      ND: 0.0856
      CRPS: 0.0856
TIME run allocation action=new run=/fslarge/scratch/users/h61084/codes/tsrag_time/outputs/tsrag/evaluations/bayes_mixture/Water_Quality_Darwin/15T/medium/run_0 launch_id=selena_3452080 slurm_job_id=3452080 launched_at=2026-09-18T01:57:07.894348+00:00
[2026-09-18 01:57:07 UTC] evaluate method=bayes_mixture dataset=Water_Quality_Darwin/15T term=medium
    Total instances: 630, Series during experiment: 42, Windows: 15
    Collecting ground truth and context...
    Detected to_univariate case: 42 flat series -> 7 series x 6 variates
    Organizing data into arrays...
    Saved predictions (quantiles) to /fslarge/scratch/users/h61084/codes/tsrag_time/outputs/tsrag/evaluations/bayes_mixture/Water_Quality_Darwin/15T/medium/run_0/predictions.npz
    Computing per-window metrics...
    Saved metrics to /fslarge/scratch/users/h61084/codes/tsrag_time/outputs/tsrag/evaluations/bayes_mixture/Water_Quality_Darwin/15T/medium/run_0/metrics.npz
    Saved config to /fslarge/scratch/users/h61084/codes/tsrag_time/outputs/tsrag/evaluations/bayes_mixture/Water_Quality_Darwin/15T/medium/run_0/config.json
    Saved aggregate metrics to /fslarge/scratch/users/h61084/codes/tsrag_time/outputs/tsrag/evaluations/bayes_mixture/Water_Quality_Darwin/15T/medium/run_0/metrics_summary.json
    Metrics summary (averaged over all series/windows/variates):
      MSE: 3.2855
      MAE: 0.5680
      RMSE: 0.7334
      MAPE: 0.0696
      sMAPE: 0.0645
      MASE: 0.8758
      ND: 0.0638
      CRPS: 0.0638
TIME run allocation action=new run=/fslarge/scratch/users/h61084/codes/tsrag_time/outputs/tsrag/evaluations/chronos_t5_512/Water_Quality_Darwin/15T/long/run_0 launch_id=selena_3452080 slurm_job_id=3452080 launched_at=2026-09-18T01:57:08.074592+00:00
[2026-09-18 01:57:08 UTC] evaluate method=chronos_t5_512 dataset=Water_Quality_Darwin/15T term=long
    Total instances: 210, Series during experiment: 42, Windows: 5
    Collecting ground truth and context...
    Detected to_univariate case: 42 flat series -> 7 series x 6 variates
    Organizing data into arrays...
    Saved predictions (quantiles) to /fslarge/scratch/users/h61084/codes/tsrag_time/outputs/tsrag/evaluations/chronos_t5_512/Water_Quality_Darwin/15T/long/run_0/predictions.npz
    Computing per-window metrics...
    Saved metrics to /fslarge/scratch/users/h61084/codes/tsrag_time/outputs/tsrag/evaluations/chronos_t5_512/Water_Quality_Darwin/15T/long/run_0/metrics.npz
    Saved config to /fslarge/scratch/users/h61084/codes/tsrag_time/outputs/tsrag/evaluations/chronos_t5_512/Water_Quality_Darwin/15T/long/run_0/config.json
    Saved aggregate metrics to /fslarge/scratch/users/h61084/codes/tsrag_time/outputs/tsrag/evaluations/chronos_t5_512/Water_Quality_Darwin/15T/long/run_0/metrics_summary.json
    Metrics summary (averaged over all series/windows/variates):
      MSE: 12.2650
      MAE: 1.1897
      RMSE: 1.4680
      MAPE: 0.1571
      sMAPE: 0.1307
      MASE: 2.0771
      ND: 0.1352
      CRPS: 0.1352
TIME run allocation action=new run=/fslarge/scratch/users/h61084/codes/tsrag_time/outputs/tsrag/evaluations/chronos_bolt_512/Water_Quality_Darwin/15T/long/run_0 launch_id=selena_3452080 slurm_job_id=3452080 launched_at=2026-09-18T01:57:08.177902+00:00
[2026-09-18 01:57:08 UTC] evaluate method=chronos_bolt_512 dataset=Water_Quality_Darwin/15T term=long
    Total instances: 210, Series during experiment: 42, Windows: 5
    Collecting ground truth and context...
    Detected to_univariate case: 42 flat series -> 7 series x 6 variates
    Organizing data into arrays...
    Saved predictions (quantiles) to /fslarge/scratch/users/h61084/codes/tsrag_time/outputs/tsrag/evaluations/chronos_bolt_512/Water_Quality_Darwin/15T/long/run_0/predictions.npz
    Computing per-window metrics...
    Saved metrics to /fslarge/scratch/users/h61084/codes/tsrag_time/outputs/tsrag/evaluations/chronos_bolt_512/Water_Quality_Darwin/15T/long/run_0/metrics.npz
    Saved config to /fslarge/scratch/users/h61084/codes/tsrag_time/outputs/tsrag/evaluations/chronos_bolt_512/Water_Quality_Darwin/15T/long/run_0/config.json
    Saved aggregate metrics to /fslarge/scratch/users/h61084/codes/tsrag_time/outputs/tsrag/evaluations/chronos_bolt_512/Water_Quality_Darwin/15T/long/run_0/metrics_summary.json
    Metrics summary (averaged over all series/windows/variates):
      MSE: 6.7471
      MAE: 0.9634
      RMSE: 1.2245
      MAPE: 0.1490
      sMAPE: 0.1188
      MASE: 1.4879
      ND: 0.1260
      CRPS: 0.1260
TIME run allocation action=new run=/fslarge/scratch/users/h61084/codes/tsrag_time/outputs/tsrag/evaluations/chronos_bolt_max/Water_Quality_Darwin/15T/long/run_0 launch_id=selena_3452080 slurm_job_id=3452080 launched_at=2026-09-18T01:57:08.273653+00:00
[2026-09-18 01:57:08 UTC] evaluate method=chronos_bolt_max dataset=Water_Quality_Darwin/15T term=long
    Total instances: 210, Series during experiment: 42, Windows: 5
    Collecting ground truth and context...
    Detected to_univariate case: 42 flat series -> 7 series x 6 variates
    Organizing data into arrays...
    Saved predictions (quantiles) to /fslarge/scratch/users/h61084/codes/tsrag_time/outputs/tsrag/evaluations/chronos_bolt_max/Water_Quality_Darwin/15T/long/run_0/predictions.npz
    Computing per-window metrics...
    Saved metrics to /fslarge/scratch/users/h61084/codes/tsrag_time/outputs/tsrag/evaluations/chronos_bolt_max/Water_Quality_Darwin/15T/long/run_0/metrics.npz
    Saved config to /fslarge/scratch/users/h61084/codes/tsrag_time/outputs/tsrag/evaluations/chronos_bolt_max/Water_Quality_Darwin/15T/long/run_0/config.json
    Saved aggregate metrics to /fslarge/scratch/users/h61084/codes/tsrag_time/outputs/tsrag/evaluations/chronos_bolt_max/Water_Quality_Darwin/15T/long/run_0/metrics_summary.json
    Metrics summary (averaged over all series/windows/variates):
      MSE: 8.6272
      MAE: 0.9885
      RMSE: 1.2461
      MAPE: 0.1323
      sMAPE: 0.1098
      MASE: 1.4996
      ND: 0.1119
      CRPS: 0.1119
TIME run allocation action=new run=/fslarge/scratch/users/h61084/codes/tsrag_time/outputs/tsrag/evaluations/chronos2_max/Water_Quality_Darwin/15T/long/run_0 launch_id=selena_3452080 slurm_job_id=3452080 launched_at=2026-09-18T01:57:08.365057+00:00
[2026-09-18 01:57:08 UTC] evaluate method=chronos2_max dataset=Water_Quality_Darwin/15T term=long
    Total instances: 210, Series during experiment: 42, Windows: 5
    Collecting ground truth and context...
    Detected to_univariate case: 42 flat series -> 7 series x 6 variates
    Organizing data into arrays...
    Saved predictions (quantiles) to /fslarge/scratch/users/h61084/codes/tsrag_time/outputs/tsrag/evaluations/chronos2_max/Water_Quality_Darwin/15T/long/run_0/predictions.npz
    Computing per-window metrics...
    Saved metrics to /fslarge/scratch/users/h61084/codes/tsrag_time/outputs/tsrag/evaluations/chronos2_max/Water_Quality_Darwin/15T/long/run_0/metrics.npz
    Saved config to /fslarge/scratch/users/h61084/codes/tsrag_time/outputs/tsrag/evaluations/chronos2_max/Water_Quality_Darwin/15T/long/run_0/config.json
    Saved aggregate metrics to /fslarge/scratch/users/h61084/codes/tsrag_time/outputs/tsrag/evaluations/chronos2_max/Water_Quality_Darwin/15T/long/run_0/metrics_summary.json
    Metrics summary (averaged over all series/windows/variates):
      MSE: 9.0304
      MAE: 0.9201
      RMSE: 1.1709
      MAPE: 0.0962
      sMAPE: 0.0940
      MASE: 1.3526
      ND: 0.0888
      CRPS: 0.0888
TIME run allocation action=new run=/fslarge/scratch/users/h61084/codes/tsrag_time/outputs/tsrag/evaluations/tsrag/Water_Quality_Darwin/15T/long/run_0 launch_id=selena_3452080 slurm_job_id=3452080 launched_at=2026-09-18T01:57:08.471042+00:00
[2026-09-18 01:57:08 UTC] evaluate method=tsrag dataset=Water_Quality_Darwin/15T term=long
    Total instances: 210, Series during experiment: 42, Windows: 5
    Collecting ground truth and context...
    Detected to_univariate case: 42 flat series -> 7 series x 6 variates
    Organizing data into arrays...
    Saved predictions (quantiles) to /fslarge/scratch/users/h61084/codes/tsrag_time/outputs/tsrag/evaluations/tsrag/Water_Quality_Darwin/15T/long/run_0/predictions.npz
    Computing per-window metrics...
    Saved metrics to /fslarge/scratch/users/h61084/codes/tsrag_time/outputs/tsrag/evaluations/tsrag/Water_Quality_Darwin/15T/long/run_0/metrics.npz
    Saved config to /fslarge/scratch/users/h61084/codes/tsrag_time/outputs/tsrag/evaluations/tsrag/Water_Quality_Darwin/15T/long/run_0/config.json
    Saved aggregate metrics to /fslarge/scratch/users/h61084/codes/tsrag_time/outputs/tsrag/evaluations/tsrag/Water_Quality_Darwin/15T/long/run_0/metrics_summary.json
    Metrics summary (averaged over all series/windows/variates):
      MSE: 7.3842
      MAE: 0.9868
      RMSE: 1.2480
      MAPE: 0.1452
      sMAPE: 0.1182
      MASE: 1.4806
      ND: 0.1240
      CRPS: 0.1240
TIME run allocation action=new run=/fslarge/scratch/users/h61084/codes/tsrag_time/outputs/tsrag/evaluations/bayes_mixture/Water_Quality_Darwin/15T/long/run_0 launch_id=selena_3452080 slurm_job_id=3452080 launched_at=2026-09-18T01:57:08.599836+00:00
[2026-09-18 01:57:08 UTC] evaluate method=bayes_mixture dataset=Water_Quality_Darwin/15T term=long
    Total instances: 210, Series during experiment: 42, Windows: 5
    Collecting ground truth and context...
    Detected to_univariate case: 42 flat series -> 7 series x 6 variates
    Organizing data into arrays...
    Saved predictions (quantiles) to /fslarge/scratch/users/h61084/codes/tsrag_time/outputs/tsrag/evaluations/bayes_mixture/Water_Quality_Darwin/15T/long/run_0/predictions.npz
    Computing per-window metrics...
    Saved metrics to /fslarge/scratch/users/h61084/codes/tsrag_time/outputs/tsrag/evaluations/bayes_mixture/Water_Quality_Darwin/15T/long/run_0/metrics.npz
    Saved config to /fslarge/scratch/users/h61084/codes/tsrag_time/outputs/tsrag/evaluations/bayes_mixture/Water_Quality_Darwin/15T/long/run_0/config.json
    Saved aggregate metrics to /fslarge/scratch/users/h61084/codes/tsrag_time/outputs/tsrag/evaluations/bayes_mixture/Water_Quality_Darwin/15T/long/run_0/metrics_summary.json
    Metrics summary (averaged over all series/windows/variates):
      MSE: 8.1304
      MAE: 0.8978
      RMSE: 1.1479
      MAPE: 0.0991
      sMAPE: 0.0921
      MASE: 1.3335
      ND: 0.0894
      CRPS: 0.0894
TIME run allocation action=new run=/fslarge/scratch/users/h61084/codes/tsrag_time/outputs/tsrag/evaluations/chronos_t5_512/current_velocity/5T/short/run_0 launch_id=selena_3452080 slurm_job_id=3452080 launched_at=2026-09-18T01:57:08.724143+00:00
[2026-09-18 01:57:08 UTC] evaluate method=chronos_t5_512 dataset=current_velocity/5T term=short
    Total instances: 720, Series during experiment: 6, Windows: 120
    Collecting ground truth and context...
    Detected to_univariate case: 6 flat series -> 1 series x 6 variates
    Organizing data into arrays...
    Saved predictions (quantiles) to /fslarge/scratch/users/h61084/codes/tsrag_time/outputs/tsrag/evaluations/chronos_t5_512/current_velocity/5T/short/run_0/predictions.npz
    Computing per-window metrics...
    Saved metrics to /fslarge/scratch/users/h61084/codes/tsrag_time/outputs/tsrag/evaluations/chronos_t5_512/current_velocity/5T/short/run_0/metrics.npz
    Saved config to /fslarge/scratch/users/h61084/codes/tsrag_time/outputs/tsrag/evaluations/chronos_t5_512/current_velocity/5T/short/run_0/config.json
    Saved aggregate metrics to /fslarge/scratch/users/h61084/codes/tsrag_time/outputs/tsrag/evaluations/chronos_t5_512/current_velocity/5T/short/run_0/metrics_summary.json
    Metrics summary (averaged over all series/windows/variates):
      MSE: 3.9557
      MAE: 0.6704
      RMSE: 0.7960
      MAPE: 0.4616
      sMAPE: 0.3985
      MASE: 0.7490
      ND: 0.3251
      CRPS: 0.3251
TIME run allocation action=new run=/fslarge/scratch/users/h61084/codes/tsrag_time/outputs/tsrag/evaluations/chronos_bolt_512/current_velocity/5T/short/run_0 launch_id=selena_3452080 slurm_job_id=3452080 launched_at=2026-09-18T01:57:08.877832+00:00
[2026-09-18 01:57:08 UTC] evaluate method=chronos_bolt_512 dataset=current_velocity/5T term=short
    Total instances: 720, Series during experiment: 6, Windows: 120
    Collecting ground truth and context...
    Detected to_univariate case: 6 flat series -> 1 series x 6 variates
    Organizing data into arrays...
    Saved predictions (quantiles) to /fslarge/scratch/users/h61084/codes/tsrag_time/outputs/tsrag/evaluations/chronos_bolt_512/current_velocity/5T/short/run_0/predictions.npz
    Computing per-window metrics...
    Saved metrics to /fslarge/scratch/users/h61084/codes/tsrag_time/outputs/tsrag/evaluations/chronos_bolt_512/current_velocity/5T/short/run_0/metrics.npz
    Saved config to /fslarge/scratch/users/h61084/codes/tsrag_time/outputs/tsrag/evaluations/chronos_bolt_512/current_velocity/5T/short/run_0/config.json
    Saved aggregate metrics to /fslarge/scratch/users/h61084/codes/tsrag_time/outputs/tsrag/evaluations/chronos_bolt_512/current_velocity/5T/short/run_0/metrics_summary.json
    Metrics summary (averaged over all series/windows/variates):
      MSE: 3.6020
      MAE: 0.5936
      RMSE: 0.7084
      MAPE: 0.4819
      sMAPE: 0.3567
      MASE: 0.4504
      ND: 0.3167
      CRPS: 0.3167
TIME run allocation action=new run=/fslarge/scratch/users/h61084/codes/tsrag_time/outputs/tsrag/evaluations/chronos_bolt_max/current_velocity/5T/short/run_0 launch_id=selena_3452080 slurm_job_id=3452080 launched_at=2026-09-18T01:57:09.024126+00:00
[2026-09-18 01:57:09 UTC] evaluate method=chronos_bolt_max dataset=current_velocity/5T term=short
    Total instances: 720, Series during experiment: 6, Windows: 120
    Collecting ground truth and context...
    Detected to_univariate case: 6 flat series -> 1 series x 6 variates
    Organizing data into arrays...
    Saved predictions (quantiles) to /fslarge/scratch/users/h61084/codes/tsrag_time/outputs/tsrag/evaluations/chronos_bolt_max/current_velocity/5T/short/run_0/predictions.npz
    Computing per-window metrics...
    Saved metrics to /fslarge/scratch/users/h61084/codes/tsrag_time/outputs/tsrag/evaluations/chronos_bolt_max/current_velocity/5T/short/run_0/metrics.npz
    Saved config to /fslarge/scratch/users/h61084/codes/tsrag_time/outputs/tsrag/evaluations/chronos_bolt_max/current_velocity/5T/short/run_0/config.json
    Saved aggregate metrics to /fslarge/scratch/users/h61084/codes/tsrag_time/outputs/tsrag/evaluations/chronos_bolt_max/current_velocity/5T/short/run_0/metrics_summary.json
    Metrics summary (averaged over all series/windows/variates):
      MSE: 3.0384
      MAE: 0.5639
      RMSE: 0.6738
      MAPE: 0.4497
      sMAPE: 0.3494
      MASE: 0.4309
      ND: 0.3037
      CRPS: 0.3037
TIME run allocation action=new run=/fslarge/scratch/users/h61084/codes/tsrag_time/outputs/tsrag/evaluations/chronos2_max/current_velocity/5T/short/run_0 launch_id=selena_3452080 slurm_job_id=3452080 launched_at=2026-09-18T01:57:09.165633+00:00
[2026-09-18 01:57:09 UTC] evaluate method=chronos2_max dataset=current_velocity/5T term=short
    Total instances: 720, Series during experiment: 6, Windows: 120
    Collecting ground truth and context...
    Detected to_univariate case: 6 flat series -> 1 series x 6 variates
    Organizing data into arrays...
    Saved predictions (quantiles) to /fslarge/scratch/users/h61084/codes/tsrag_time/outputs/tsrag/evaluations/chronos2_max/current_velocity/5T/short/run_0/predictions.npz
    Computing per-window metrics...
    Saved metrics to /fslarge/scratch/users/h61084/codes/tsrag_time/outputs/tsrag/evaluations/chronos2_max/current_velocity/5T/short/run_0/metrics.npz
    Saved config to /fslarge/scratch/users/h61084/codes/tsrag_time/outputs/tsrag/evaluations/chronos2_max/current_velocity/5T/short/run_0/config.json
    Saved aggregate metrics to /fslarge/scratch/users/h61084/codes/tsrag_time/outputs/tsrag/evaluations/chronos2_max/current_velocity/5T/short/run_0/metrics_summary.json
    Metrics summary (averaged over all series/windows/variates):
      MSE: 2.9136
      MAE: 0.5493
      RMSE: 0.6554
      MAPE: 0.4360
      sMAPE: 0.3435
      MASE: 0.3677
      ND: 0.2955
      CRPS: 0.2955
TIME run allocation action=new run=/fslarge/scratch/users/h61084/codes/tsrag_time/outputs/tsrag/evaluations/tsrag/current_velocity/5T/short/run_0 launch_id=selena_3452080 slurm_job_id=3452080 launched_at=2026-09-18T01:57:09.321402+00:00
[2026-09-18 01:57:09 UTC] evaluate method=tsrag dataset=current_velocity/5T term=short
    Total instances: 720, Series during experiment: 6, Windows: 120
    Collecting ground truth and context...
    Detected to_univariate case: 6 flat series -> 1 series x 6 variates
    Organizing data into arrays...
    Saved predictions (quantiles) to /fslarge/scratch/users/h61084/codes/tsrag_time/outputs/tsrag/evaluations/tsrag/current_velocity/5T/short/run_0/predictions.npz
    Computing per-window metrics...
    Saved metrics to /fslarge/scratch/users/h61084/codes/tsrag_time/outputs/tsrag/evaluations/tsrag/current_velocity/5T/short/run_0/metrics.npz
    Saved config to /fslarge/scratch/users/h61084/codes/tsrag_time/outputs/tsrag/evaluations/tsrag/current_velocity/5T/short/run_0/config.json
    Saved aggregate metrics to /fslarge/scratch/users/h61084/codes/tsrag_time/outputs/tsrag/evaluations/tsrag/current_velocity/5T/short/run_0/metrics_summary.json
    Metrics summary (averaged over all series/windows/variates):
      MSE: 3.5723
      MAE: 0.5937
      RMSE: 0.7078
      MAPE: 0.4725
      sMAPE: 0.3473
      MASE: 0.4476
      ND: 0.3079
      CRPS: 0.3079
TIME run allocation action=new run=/fslarge/scratch/users/h61084/codes/tsrag_time/outputs/tsrag/evaluations/bayes_mixture/current_velocity/5T/short/run_0 launch_id=selena_3452080 slurm_job_id=3452080 launched_at=2026-09-18T01:57:09.500245+00:00
[2026-09-18 01:57:09 UTC] evaluate method=bayes_mixture dataset=current_velocity/5T term=short
    Total instances: 720, Series during experiment: 6, Windows: 120
    Collecting ground truth and context...
    Detected to_univariate case: 6 flat series -> 1 series x 6 variates
    Organizing data into arrays...
    Saved predictions (quantiles) to /fslarge/scratch/users/h61084/codes/tsrag_time/outputs/tsrag/evaluations/bayes_mixture/current_velocity/5T/short/run_0/predictions.npz
    Computing per-window metrics...
    Saved metrics to /fslarge/scratch/users/h61084/codes/tsrag_time/outputs/tsrag/evaluations/bayes_mixture/current_velocity/5T/short/run_0/metrics.npz
    Saved config to /fslarge/scratch/users/h61084/codes/tsrag_time/outputs/tsrag/evaluations/bayes_mixture/current_velocity/5T/short/run_0/config.json
    Saved aggregate metrics to /fslarge/scratch/users/h61084/codes/tsrag_time/outputs/tsrag/evaluations/bayes_mixture/current_velocity/5T/short/run_0/metrics_summary.json
    Metrics summary (averaged over all series/windows/variates):
      MSE: 3.0628
      MAE: 0.5578
      RMSE: 0.6655
      MAPE: 0.4443
      sMAPE: 0.3428
      MASE: 0.3894
      ND: 0.2972
      CRPS: 0.2972
TIME run allocation action=new run=/fslarge/scratch/users/h61084/codes/tsrag_time/outputs/tsrag/evaluations/chronos_t5_512/current_velocity/5T/medium/run_0 launch_id=selena_3452080 slurm_job_id=3452080 launched_at=2026-09-18T01:57:09.672346+00:00
[2026-09-18 01:57:09 UTC] evaluate method=chronos_t5_512 dataset=current_velocity/5T term=medium
    Total instances: 90, Series during experiment: 6, Windows: 15
    Collecting ground truth and context...
    Detected to_univariate case: 6 flat series -> 1 series x 6 variates
    Organizing data into arrays...
    Saved predictions (quantiles) to /fslarge/scratch/users/h61084/codes/tsrag_time/outputs/tsrag/evaluations/chronos_t5_512/current_velocity/5T/medium/run_0/predictions.npz
    Computing per-window metrics...
    Saved metrics to /fslarge/scratch/users/h61084/codes/tsrag_time/outputs/tsrag/evaluations/chronos_t5_512/current_velocity/5T/medium/run_0/metrics.npz
    Saved config to /fslarge/scratch/users/h61084/codes/tsrag_time/outputs/tsrag/evaluations/chronos_t5_512/current_velocity/5T/medium/run_0/config.json
    Saved aggregate metrics to /fslarge/scratch/users/h61084/codes/tsrag_time/outputs/tsrag/evaluations/chronos_t5_512/current_velocity/5T/medium/run_0/metrics_summary.json
    Metrics summary (averaged over all series/windows/variates):
      MSE: 9.3176
      MAE: 1.0957
      RMSE: 1.3553
      MAPE: 0.7287
      sMAPE: 0.4863
      MASE: 1.1900
      ND: 0.3985
      CRPS: 0.3985
TIME run allocation action=new run=/fslarge/scratch/users/h61084/codes/tsrag_time/outputs/tsrag/evaluations/chronos_bolt_512/current_velocity/5T/medium/run_0 launch_id=selena_3452080 slurm_job_id=3452080 launched_at=2026-09-18T01:57:09.730074+00:00
[2026-09-18 01:57:09 UTC] evaluate method=chronos_bolt_512 dataset=current_velocity/5T term=medium
    Total instances: 90, Series during experiment: 6, Windows: 15
    Collecting ground truth and context...
    Detected to_univariate case: 6 flat series -> 1 series x 6 variates
    Organizing data into arrays...
    Saved predictions (quantiles) to /fslarge/scratch/users/h61084/codes/tsrag_time/outputs/tsrag/evaluations/chronos_bolt_512/current_velocity/5T/medium/run_0/predictions.npz
    Computing per-window metrics...
    Saved metrics to /fslarge/scratch/users/h61084/codes/tsrag_time/outputs/tsrag/evaluations/chronos_bolt_512/current_velocity/5T/medium/run_0/metrics.npz
    Saved config to /fslarge/scratch/users/h61084/codes/tsrag_time/outputs/tsrag/evaluations/chronos_bolt_512/current_velocity/5T/medium/run_0/config.json
    Saved aggregate metrics to /fslarge/scratch/users/h61084/codes/tsrag_time/outputs/tsrag/evaluations/chronos_bolt_512/current_velocity/5T/medium/run_0/metrics_summary.json
    Metrics summary (averaged over all series/windows/variates):
      MSE: 6.4498
      MAE: 0.8702
      RMSE: 1.1021
      MAPE: 0.6600
      sMAPE: 0.4048
      MASE: 0.7821
      ND: 0.3535
      CRPS: 0.3535
TIME run allocation action=new run=/fslarge/scratch/users/h61084/codes/tsrag_time/outputs/tsrag/evaluations/chronos_bolt_max/current_velocity/5T/medium/run_0 launch_id=selena_3452080 slurm_job_id=3452080 launched_at=2026-09-18T01:57:09.776258+00:00
[2026-09-18 01:57:09 UTC] evaluate method=chronos_bolt_max dataset=current_velocity/5T term=medium
    Total instances: 90, Series during experiment: 6, Windows: 15
    Collecting ground truth and context...
    Detected to_univariate case: 6 flat series -> 1 series x 6 variates
    Organizing data into arrays...
    Saved predictions (quantiles) to /fslarge/scratch/users/h61084/codes/tsrag_time/outputs/tsrag/evaluations/chronos_bolt_max/current_velocity/5T/medium/run_0/predictions.npz
    Computing per-window metrics...
    Saved metrics to /fslarge/scratch/users/h61084/codes/tsrag_time/outputs/tsrag/evaluations/chronos_bolt_max/current_velocity/5T/medium/run_0/metrics.npz
    Saved config to /fslarge/scratch/users/h61084/codes/tsrag_time/outputs/tsrag/evaluations/chronos_bolt_max/current_velocity/5T/medium/run_0/config.json
    Saved aggregate metrics to /fslarge/scratch/users/h61084/codes/tsrag_time/outputs/tsrag/evaluations/chronos_bolt_max/current_velocity/5T/medium/run_0/metrics_summary.json
    Metrics summary (averaged over all series/windows/variates):
      MSE: 5.5105
      MAE: 0.8233
      RMSE: 1.0373
      MAPE: 0.7174
      sMAPE: 0.4182
      MASE: 0.7323
      ND: 0.3717
      CRPS: 0.3717
TIME run allocation action=new run=/fslarge/scratch/users/h61084/codes/tsrag_time/outputs/tsrag/evaluations/chronos2_max/current_velocity/5T/medium/run_0 launch_id=selena_3452080 slurm_job_id=3452080 launched_at=2026-09-18T01:57:09.821149+00:00
[2026-09-18 01:57:09 UTC] evaluate method=chronos2_max dataset=current_velocity/5T term=medium
    Total instances: 90, Series during experiment: 6, Windows: 15
    Collecting ground truth and context...
    Detected to_univariate case: 6 flat series -> 1 series x 6 variates
    Organizing data into arrays...
    Saved predictions (quantiles) to /fslarge/scratch/users/h61084/codes/tsrag_time/outputs/tsrag/evaluations/chronos2_max/current_velocity/5T/medium/run_0/predictions.npz
    Computing per-window metrics...
    Saved metrics to /fslarge/scratch/users/h61084/codes/tsrag_time/outputs/tsrag/evaluations/chronos2_max/current_velocity/5T/medium/run_0/metrics.npz
    Saved config to /fslarge/scratch/users/h61084/codes/tsrag_time/outputs/tsrag/evaluations/chronos2_max/current_velocity/5T/medium/run_0/config.json
    Saved aggregate metrics to /fslarge/scratch/users/h61084/codes/tsrag_time/outputs/tsrag/evaluations/chronos2_max/current_velocity/5T/medium/run_0/metrics_summary.json
    Metrics summary (averaged over all series/windows/variates):
      MSE: 5.0089
      MAE: 0.7779
      RMSE: 0.9558
      MAPE: 0.6799
      sMAPE: 0.4154
      MASE: 0.5819
      ND: 0.3629
      CRPS: 0.3629
TIME run allocation action=new run=/fslarge/scratch/users/h61084/codes/tsrag_time/outputs/tsrag/evaluations/tsrag/current_velocity/5T/medium/run_0 launch_id=selena_3452080 slurm_job_id=3452080 launched_at=2026-09-18T01:57:09.914386+00:00
[2026-09-18 01:57:09 UTC] evaluate method=tsrag dataset=current_velocity/5T term=medium
    Total instances: 90, Series during experiment: 6, Windows: 15
    Collecting ground truth and context...
    Detected to_univariate case: 6 flat series -> 1 series x 6 variates
    Organizing data into arrays...
    Saved predictions (quantiles) to /fslarge/scratch/users/h61084/codes/tsrag_time/outputs/tsrag/evaluations/tsrag/current_velocity/5T/medium/run_0/predictions.npz
    Computing per-window metrics...
    Saved metrics to /fslarge/scratch/users/h61084/codes/tsrag_time/outputs/tsrag/evaluations/tsrag/current_velocity/5T/medium/run_0/metrics.npz
    Saved config to /fslarge/scratch/users/h61084/codes/tsrag_time/outputs/tsrag/evaluations/tsrag/current_velocity/5T/medium/run_0/config.json
    Saved aggregate metrics to /fslarge/scratch/users/h61084/codes/tsrag_time/outputs/tsrag/evaluations/tsrag/current_velocity/5T/medium/run_0/metrics_summary.json
    Metrics summary (averaged over all series/windows/variates):
      MSE: 6.3988
      MAE: 0.8718
      RMSE: 1.0997
      MAPE: 0.6805
      sMAPE: 0.4006
      MASE: 0.7959
      ND: 0.3598
      CRPS: 0.3598
TIME run allocation action=new run=/fslarge/scratch/users/h61084/codes/tsrag_time/outputs/tsrag/evaluations/bayes_mixture/current_velocity/5T/medium/run_0 launch_id=selena_3452080 slurm_job_id=3452080 launched_at=2026-09-18T01:57:09.998176+00:00
[2026-09-18 01:57:10 UTC] evaluate method=bayes_mixture dataset=current_velocity/5T term=medium
    Total instances: 90, Series during experiment: 6, Windows: 15
    Collecting ground truth and context...
    Detected to_univariate case: 6 flat series -> 1 series x 6 variates
    Organizing data into arrays...
    Saved predictions (quantiles) to /fslarge/scratch/users/h61084/codes/tsrag_time/outputs/tsrag/evaluations/bayes_mixture/current_velocity/5T/medium/run_0/predictions.npz
    Computing per-window metrics...
    Saved metrics to /fslarge/scratch/users/h61084/codes/tsrag_time/outputs/tsrag/evaluations/bayes_mixture/current_velocity/5T/medium/run_0/metrics.npz
    Saved config to /fslarge/scratch/users/h61084/codes/tsrag_time/outputs/tsrag/evaluations/bayes_mixture/current_velocity/5T/medium/run_0/config.json
    Saved aggregate metrics to /fslarge/scratch/users/h61084/codes/tsrag_time/outputs/tsrag/evaluations/bayes_mixture/current_velocity/5T/medium/run_0/metrics_summary.json
    Metrics summary (averaged over all series/windows/variates):
      MSE: 5.1854
      MAE: 0.7933
      RMSE: 0.9887
      MAPE: 0.6726
      sMAPE: 0.4016
      MASE: 0.6596
      ND: 0.3566
      CRPS: 0.3566
TIME run allocation action=new run=/fslarge/scratch/users/h61084/codes/tsrag_time/outputs/tsrag/evaluations/chronos_t5_512/current_velocity/5T/long/run_0 launch_id=selena_3452080 slurm_job_id=3452080 launched_at=2026-09-18T01:57:10.075512+00:00
[2026-09-18 01:57:10 UTC] evaluate method=chronos_t5_512 dataset=current_velocity/5T term=long
    Total instances: 30, Series during experiment: 6, Windows: 5
    Collecting ground truth and context...
    Detected to_univariate case: 6 flat series -> 1 series x 6 variates
    Organizing data into arrays...
    Saved predictions (quantiles) to /fslarge/scratch/users/h61084/codes/tsrag_time/outputs/tsrag/evaluations/chronos_t5_512/current_velocity/5T/long/run_0/predictions.npz
    Computing per-window metrics...
    Saved metrics to /fslarge/scratch/users/h61084/codes/tsrag_time/outputs/tsrag/evaluations/chronos_t5_512/current_velocity/5T/long/run_0/metrics.npz
    Saved config to /fslarge/scratch/users/h61084/codes/tsrag_time/outputs/tsrag/evaluations/chronos_t5_512/current_velocity/5T/long/run_0/config.json
    Saved aggregate metrics to /fslarge/scratch/users/h61084/codes/tsrag_time/outputs/tsrag/evaluations/chronos_t5_512/current_velocity/5T/long/run_0/metrics_summary.json
    Metrics summary (averaged over all series/windows/variates):
      MSE: 11.4583
      MAE: 1.3268
      RMSE: 1.5943
      MAPE: 0.9185
      sMAPE: 0.5915
      MASE: 1.6967
      ND: 0.4763
      CRPS: 0.4763
TIME run allocation action=new run=/fslarge/scratch/users/h61084/codes/tsrag_time/outputs/tsrag/evaluations/chronos_bolt_512/current_velocity/5T/long/run_0 launch_id=selena_3452080 slurm_job_id=3452080 launched_at=2026-09-18T01:57:10.124906+00:00
[2026-09-18 01:57:10 UTC] evaluate method=chronos_bolt_512 dataset=current_velocity/5T term=long
    Total instances: 30, Series during experiment: 6, Windows: 5
    Collecting ground truth and context...
    Detected to_univariate case: 6 flat series -> 1 series x 6 variates
    Organizing data into arrays...
    Saved predictions (quantiles) to /fslarge/scratch/users/h61084/codes/tsrag_time/outputs/tsrag/evaluations/chronos_bolt_512/current_velocity/5T/long/run_0/predictions.npz
    Computing per-window metrics...
    Saved metrics to /fslarge/scratch/users/h61084/codes/tsrag_time/outputs/tsrag/evaluations/chronos_bolt_512/current_velocity/5T/long/run_0/metrics.npz
    Saved config to /fslarge/scratch/users/h61084/codes/tsrag_time/outputs/tsrag/evaluations/chronos_bolt_512/current_velocity/5T/long/run_0/config.json
    Saved aggregate metrics to /fslarge/scratch/users/h61084/codes/tsrag_time/outputs/tsrag/evaluations/chronos_bolt_512/current_velocity/5T/long/run_0/metrics_summary.json
    Metrics summary (averaged over all series/windows/variates):
      MSE: 6.0504
      MAE: 0.9816
      RMSE: 1.1886
      MAPE: 0.8434
      sMAPE: 0.4871
      MASE: 1.2575
      ND: 0.4396
      CRPS: 0.4396
TIME run allocation action=new run=/fslarge/scratch/users/h61084/codes/tsrag_time/outputs/tsrag/evaluations/chronos_bolt_max/current_velocity/5T/long/run_0 launch_id=selena_3452080 slurm_job_id=3452080 launched_at=2026-09-18T01:57:10.162952+00:00
[2026-09-18 01:57:10 UTC] evaluate method=chronos_bolt_max dataset=current_velocity/5T term=long
    Total instances: 30, Series during experiment: 6, Windows: 5
    Collecting ground truth and context...
    Detected to_univariate case: 6 flat series -> 1 series x 6 variates
    Organizing data into arrays...
    Saved predictions (quantiles) to /fslarge/scratch/users/h61084/codes/tsrag_time/outputs/tsrag/evaluations/chronos_bolt_max/current_velocity/5T/long/run_0/predictions.npz
    Computing per-window metrics...
    Saved metrics to /fslarge/scratch/users/h61084/codes/tsrag_time/outputs/tsrag/evaluations/chronos_bolt_max/current_velocity/5T/long/run_0/metrics.npz
    Saved config to /fslarge/scratch/users/h61084/codes/tsrag_time/outputs/tsrag/evaluations/chronos_bolt_max/current_velocity/5T/long/run_0/config.json
    Saved aggregate metrics to /fslarge/scratch/users/h61084/codes/tsrag_time/outputs/tsrag/evaluations/chronos_bolt_max/current_velocity/5T/long/run_0/metrics_summary.json
    Metrics summary (averaged over all series/windows/variates):
      MSE: 7.2960
      MAE: 0.9679
      RMSE: 1.2202
      MAPE: 0.9376
      sMAPE: 0.5434
      MASE: 1.0665
      ND: 0.4727
      CRPS: 0.4727
TIME run allocation action=new run=/fslarge/scratch/users/h61084/codes/tsrag_time/outputs/tsrag/evaluations/chronos2_max/current_velocity/5T/long/run_0 launch_id=selena_3452080 slurm_job_id=3452080 launched_at=2026-09-18T01:57:10.200280+00:00
[2026-09-18 01:57:10 UTC] evaluate method=chronos2_max dataset=current_velocity/5T term=long
    Total instances: 30, Series during experiment: 6, Windows: 5
    Collecting ground truth and context...
    Detected to_univariate case: 6 flat series -> 1 series x 6 variates
    Organizing data into arrays...
    Saved predictions (quantiles) to /fslarge/scratch/users/h61084/codes/tsrag_time/outputs/tsrag/evaluations/chronos2_max/current_velocity/5T/long/run_0/predictions.npz
    Computing per-window metrics...
    Saved metrics to /fslarge/scratch/users/h61084/codes/tsrag_time/outputs/tsrag/evaluations/chronos2_max/current_velocity/5T/long/run_0/metrics.npz
    Saved config to /fslarge/scratch/users/h61084/codes/tsrag_time/outputs/tsrag/evaluations/chronos2_max/current_velocity/5T/long/run_0/config.json
    Saved aggregate metrics to /fslarge/scratch/users/h61084/codes/tsrag_time/outputs/tsrag/evaluations/chronos2_max/current_velocity/5T/long/run_0/metrics_summary.json
    Metrics summary (averaged over all series/windows/variates):
      MSE: 5.4947
      MAE: 0.8914
      RMSE: 1.0733
      MAPE: 0.8593
      sMAPE: 0.4829
      MASE: 0.8300
      ND: 0.4495
      CRPS: 0.4495
TIME run allocation action=new run=/fslarge/scratch/users/h61084/codes/tsrag_time/outputs/tsrag/evaluations/tsrag/current_velocity/5T/long/run_0 launch_id=selena_3452080 slurm_job_id=3452080 launched_at=2026-09-18T01:57:10.253041+00:00
[2026-09-18 01:57:10 UTC] evaluate method=tsrag dataset=current_velocity/5T term=long
    Total instances: 30, Series during experiment: 6, Windows: 5
    Collecting ground truth and context...
    Detected to_univariate case: 6 flat series -> 1 series x 6 variates
    Organizing data into arrays...
    Saved predictions (quantiles) to /fslarge/scratch/users/h61084/codes/tsrag_time/outputs/tsrag/evaluations/tsrag/current_velocity/5T/long/run_0/predictions.npz
    Computing per-window metrics...
    Saved metrics to /fslarge/scratch/users/h61084/codes/tsrag_time/outputs/tsrag/evaluations/tsrag/current_velocity/5T/long/run_0/metrics.npz
    Saved config to /fslarge/scratch/users/h61084/codes/tsrag_time/outputs/tsrag/evaluations/tsrag/current_velocity/5T/long/run_0/config.json
    Saved aggregate metrics to /fslarge/scratch/users/h61084/codes/tsrag_time/outputs/tsrag/evaluations/tsrag/current_velocity/5T/long/run_0/metrics_summary.json
    Metrics summary (averaged over all series/windows/variates):
      MSE: 7.1719
      MAE: 1.0435
      RMSE: 1.2763
      MAPE: 1.0665
      sMAPE: 0.4395
      MASE: 1.2929
      ND: 0.4697
      CRPS: 0.4697
TIME run allocation action=new run=/fslarge/scratch/users/h61084/codes/tsrag_time/outputs/tsrag/evaluations/bayes_mixture/current_velocity/5T/long/run_0 launch_id=selena_3452080 slurm_job_id=3452080 launched_at=2026-09-18T01:57:10.326987+00:00
[2026-09-18 01:57:10 UTC] evaluate method=bayes_mixture dataset=current_velocity/5T term=long
    Total instances: 30, Series during experiment: 6, Windows: 5
    Collecting ground truth and context...
    Detected to_univariate case: 6 flat series -> 1 series x 6 variates
    Organizing data into arrays...
    Saved predictions (quantiles) to /fslarge/scratch/users/h61084/codes/tsrag_time/outputs/tsrag/evaluations/bayes_mixture/current_velocity/5T/long/run_0/predictions.npz
    Computing per-window metrics...
    Saved metrics to /fslarge/scratch/users/h61084/codes/tsrag_time/outputs/tsrag/evaluations/bayes_mixture/current_velocity/5T/long/run_0/metrics.npz
    Saved config to /fslarge/scratch/users/h61084/codes/tsrag_time/outputs/tsrag/evaluations/bayes_mixture/current_velocity/5T/long/run_0/config.json
    Saved aggregate metrics to /fslarge/scratch/users/h61084/codes/tsrag_time/outputs/tsrag/evaluations/bayes_mixture/current_velocity/5T/long/run_0/metrics_summary.json
    Metrics summary (averaged over all series/windows/variates):
      MSE: 5.8535
      MAE: 0.9300
      RMSE: 1.1266
      MAPE: 0.9147
      sMAPE: 0.4456
      MASE: 0.9962
      ND: 0.4372
      CRPS: 0.4372
TIME run allocation action=new run=/fslarge/scratch/users/h61084/codes/tsrag_time/outputs/tsrag/evaluations/chronos_t5_512/current_velocity/10T/short/run_0 launch_id=selena_3452080 slurm_job_id=3452080 launched_at=2026-09-18T01:57:10.420537+00:00
[2026-09-18 01:57:10 UTC] evaluate method=chronos_t5_512 dataset=current_velocity/10T term=short
    Total instances: 7200, Series during experiment: 60, Windows: 120
    Collecting ground truth and context...
    Detected to_univariate case: 60 flat series -> 10 series x 6 variates
    Organizing data into arrays...
    Saved predictions (quantiles) to /fslarge/scratch/users/h61084/codes/tsrag_time/outputs/tsrag/evaluations/chronos_t5_512/current_velocity/10T/short/run_0/predictions.npz
    Computing per-window metrics...
    Saved metrics to /fslarge/scratch/users/h61084/codes/tsrag_time/outputs/tsrag/evaluations/chronos_t5_512/current_velocity/10T/short/run_0/metrics.npz
    Saved config to /fslarge/scratch/users/h61084/codes/tsrag_time/outputs/tsrag/evaluations/chronos_t5_512/current_velocity/10T/short/run_0/config.json
    Saved aggregate metrics to /fslarge/scratch/users/h61084/codes/tsrag_time/outputs/tsrag/evaluations/chronos_t5_512/current_velocity/10T/short/run_0/metrics_summary.json
    Metrics summary (averaged over all series/windows/variates):
      MSE: 8.8156
      MAE: 0.8831
      RMSE: 1.0887
      MAPE: 4632.0112
      sMAPE: 0.4784
      MASE: 1.3308
      ND: 0.3924
      CRPS: 0.3924
TIME run allocation action=new run=/fslarge/scratch/users/h61084/codes/tsrag_time/outputs/tsrag/evaluations/chronos_bolt_512/current_velocity/10T/short/run_0 launch_id=selena_3452080 slurm_job_id=3452080 launched_at=2026-09-18T01:57:11.719431+00:00
[2026-09-18 01:57:11 UTC] evaluate method=chronos_bolt_512 dataset=current_velocity/10T term=short
    Total instances: 7200, Series during experiment: 60, Windows: 120
    Collecting ground truth and context...
    Detected to_univariate case: 60 flat series -> 10 series x 6 variates
    Organizing data into arrays...
    Saved predictions (quantiles) to /fslarge/scratch/users/h61084/codes/tsrag_time/outputs/tsrag/evaluations/chronos_bolt_512/current_velocity/10T/short/run_0/predictions.npz
    Computing per-window metrics...
    Saved metrics to /fslarge/scratch/users/h61084/codes/tsrag_time/outputs/tsrag/evaluations/chronos_bolt_512/current_velocity/10T/short/run_0/metrics.npz
    Saved config to /fslarge/scratch/users/h61084/codes/tsrag_time/outputs/tsrag/evaluations/chronos_bolt_512/current_velocity/10T/short/run_0/config.json
    Saved aggregate metrics to /fslarge/scratch/users/h61084/codes/tsrag_time/outputs/tsrag/evaluations/chronos_bolt_512/current_velocity/10T/short/run_0/metrics_summary.json
    Metrics summary (averaged over all series/windows/variates):
      MSE: 8.4114
      MAE: 0.8158
      RMSE: 1.0147
      MAPE: 3223.3929
      sMAPE: 0.4979
      MASE: 0.7007
      ND: 0.3954
      CRPS: 0.3954
TIME run allocation action=new run=/fslarge/scratch/users/h61084/codes/tsrag_time/outputs/tsrag/evaluations/chronos_bolt_max/current_velocity/10T/short/run_0 launch_id=selena_3452080 slurm_job_id=3452080 launched_at=2026-09-18T01:57:13.017779+00:00
[2026-09-18 01:57:13 UTC] evaluate method=chronos_bolt_max dataset=current_velocity/10T term=short
    Total instances: 7200, Series during experiment: 60, Windows: 120
    Collecting ground truth and context...
    Detected to_univariate case: 60 flat series -> 10 series x 6 variates
    Organizing data into arrays...
    Saved predictions (quantiles) to /fslarge/scratch/users/h61084/codes/tsrag_time/outputs/tsrag/evaluations/chronos_bolt_max/current_velocity/10T/short/run_0/predictions.npz
    Computing per-window metrics...
    Saved metrics to /fslarge/scratch/users/h61084/codes/tsrag_time/outputs/tsrag/evaluations/chronos_bolt_max/current_velocity/10T/short/run_0/metrics.npz
    Saved config to /fslarge/scratch/users/h61084/codes/tsrag_time/outputs/tsrag/evaluations/chronos_bolt_max/current_velocity/10T/short/run_0/config.json
    Saved aggregate metrics to /fslarge/scratch/users/h61084/codes/tsrag_time/outputs/tsrag/evaluations/chronos_bolt_max/current_velocity/10T/short/run_0/metrics_summary.json
    Metrics summary (averaged over all series/windows/variates):
      MSE: 7.9602
      MAE: 0.7884
      RMSE: 0.9842
      MAPE: 3153.9640
      sMAPE: 0.4770
      MASE: 0.6438
      ND: 0.3664
      CRPS: 0.3664
TIME run allocation action=new run=/fslarge/scratch/users/h61084/codes/tsrag_time/outputs/tsrag/evaluations/chronos2_max/current_velocity/10T/short/run_0 launch_id=selena_3452080 slurm_job_id=3452080 launched_at=2026-09-18T01:57:14.303767+00:00
[2026-09-18 01:57:14 UTC] evaluate method=chronos2_max dataset=current_velocity/10T term=short
    Total instances: 7200, Series during experiment: 60, Windows: 120
    Collecting ground truth and context...
    Detected to_univariate case: 60 flat series -> 10 series x 6 variates
    Organizing data into arrays...
    Saved predictions (quantiles) to /fslarge/scratch/users/h61084/codes/tsrag_time/outputs/tsrag/evaluations/chronos2_max/current_velocity/10T/short/run_0/predictions.npz
    Computing per-window metrics...
    Saved metrics to /fslarge/scratch/users/h61084/codes/tsrag_time/outputs/tsrag/evaluations/chronos2_max/current_velocity/10T/short/run_0/metrics.npz
    Saved config to /fslarge/scratch/users/h61084/codes/tsrag_time/outputs/tsrag/evaluations/chronos2_max/current_velocity/10T/short/run_0/config.json
    Saved aggregate metrics to /fslarge/scratch/users/h61084/codes/tsrag_time/outputs/tsrag/evaluations/chronos2_max/current_velocity/10T/short/run_0/metrics_summary.json
    Metrics summary (averaged over all series/windows/variates):
      MSE: 7.0144
      MAE: 0.7190
      RMSE: 0.9037
      MAPE: 3150.0560
      sMAPE: 0.4371
      MASE: 0.5283
      ND: 0.3258
      CRPS: 0.3258
TIME run allocation action=new run=/fslarge/scratch/users/h61084/codes/tsrag_time/outputs/tsrag/evaluations/tsrag/current_velocity/10T/short/run_0 launch_id=selena_3452080 slurm_job_id=3452080 launched_at=2026-09-18T01:57:15.596719+00:00
[2026-09-18 01:57:15 UTC] evaluate method=tsrag dataset=current_velocity/10T term=short
    Total instances: 7200, Series during experiment: 60, Windows: 120
    Collecting ground truth and context...
    Detected to_univariate case: 60 flat series -> 10 series x 6 variates
    Organizing data into arrays...
    Saved predictions (quantiles) to /fslarge/scratch/users/h61084/codes/tsrag_time/outputs/tsrag/evaluations/tsrag/current_velocity/10T/short/run_0/predictions.npz
    Computing per-window metrics...
    Saved metrics to /fslarge/scratch/users/h61084/codes/tsrag_time/outputs/tsrag/evaluations/tsrag/current_velocity/10T/short/run_0/metrics.npz
    Saved config to /fslarge/scratch/users/h61084/codes/tsrag_time/outputs/tsrag/evaluations/tsrag/current_velocity/10T/short/run_0/config.json
    Saved aggregate metrics to /fslarge/scratch/users/h61084/codes/tsrag_time/outputs/tsrag/evaluations/tsrag/current_velocity/10T/short/run_0/metrics_summary.json
    Metrics summary (averaged over all series/windows/variates):
      MSE: 8.1811
      MAE: 0.8022
      RMSE: 0.9998
      MAPE: 3081.4834
      sMAPE: 0.4934
      MASE: 0.6718
      ND: 0.3791
      CRPS: 0.3791
TIME run allocation action=new run=/fslarge/scratch/users/h61084/codes/tsrag_time/outputs/tsrag/evaluations/bayes_mixture/current_velocity/10T/short/run_0 launch_id=selena_3452080 slurm_job_id=3452080 launched_at=2026-09-18T01:57:16.920525+00:00
[2026-09-18 01:57:16 UTC] evaluate method=bayes_mixture dataset=current_velocity/10T term=short
    Total instances: 7200, Series during experiment: 60, Windows: 120
    Collecting ground truth and context...
    Detected to_univariate case: 60 flat series -> 10 series x 6 variates
    Organizing data into arrays...
    Saved predictions (quantiles) to /fslarge/scratch/users/h61084/codes/tsrag_time/outputs/tsrag/evaluations/bayes_mixture/current_velocity/10T/short/run_0/predictions.npz
    Computing per-window metrics...
    Saved metrics to /fslarge/scratch/users/h61084/codes/tsrag_time/outputs/tsrag/evaluations/bayes_mixture/current_velocity/10T/short/run_0/metrics.npz
    Saved config to /fslarge/scratch/users/h61084/codes/tsrag_time/outputs/tsrag/evaluations/bayes_mixture/current_velocity/10T/short/run_0/config.json
    Saved aggregate metrics to /fslarge/scratch/users/h61084/codes/tsrag_time/outputs/tsrag/evaluations/bayes_mixture/current_velocity/10T/short/run_0/metrics_summary.json
    Metrics summary (averaged over all series/windows/variates):
      MSE: 7.0424
      MAE: 0.7201
      RMSE: 0.9056
      MAPE: 3135.2166
      sMAPE: 0.4426
      MASE: 0.5332
      ND: 0.3268
      CRPS: 0.3268
TIME run allocation action=new run=/fslarge/scratch/users/h61084/codes/tsrag_time/outputs/tsrag/evaluations/chronos_t5_512/current_velocity/10T/medium/run_0 launch_id=selena_3452080 slurm_job_id=3452080 launched_at=2026-09-18T01:57:18.247464+00:00
[2026-09-18 01:57:18 UTC] evaluate method=chronos_t5_512 dataset=current_velocity/10T term=medium
    Total instances: 900, Series during experiment: 60, Windows: 15
    Collecting ground truth and context...
    Detected to_univariate case: 60 flat series -> 10 series x 6 variates
    Organizing data into arrays...
    Saved predictions (quantiles) to /fslarge/scratch/users/h61084/codes/tsrag_time/outputs/tsrag/evaluations/chronos_t5_512/current_velocity/10T/medium/run_0/predictions.npz
    Computing per-window metrics...
    Saved metrics to /fslarge/scratch/users/h61084/codes/tsrag_time/outputs/tsrag/evaluations/chronos_t5_512/current_velocity/10T/medium/run_0/metrics.npz
    Saved config to /fslarge/scratch/users/h61084/codes/tsrag_time/outputs/tsrag/evaluations/chronos_t5_512/current_velocity/10T/medium/run_0/config.json
    Saved aggregate metrics to /fslarge/scratch/users/h61084/codes/tsrag_time/outputs/tsrag/evaluations/chronos_t5_512/current_velocity/10T/medium/run_0/metrics_summary.json
    Metrics summary (averaged over all series/windows/variates):
      MSE: 13.4432
      MAE: 1.2046
      RMSE: 1.5407
      MAPE: 4522.2319
      sMAPE: 0.6217
      MASE: 1.8031
      ND: 0.4648
      CRPS: 0.4648
TIME run allocation action=new run=/fslarge/scratch/users/h61084/codes/tsrag_time/outputs/tsrag/evaluations/chronos_bolt_512/current_velocity/10T/medium/run_0 launch_id=selena_3452080 slurm_job_id=3452080 launched_at=2026-09-18T01:57:18.520584+00:00
[2026-09-18 01:57:18 UTC] evaluate method=chronos_bolt_512 dataset=current_velocity/10T term=medium
    Total instances: 900, Series during experiment: 60, Windows: 15
    Collecting ground truth and context...
    Detected to_univariate case: 60 flat series -> 10 series x 6 variates
    Organizing data into arrays...
    Saved predictions (quantiles) to /fslarge/scratch/users/h61084/codes/tsrag_time/outputs/tsrag/evaluations/chronos_bolt_512/current_velocity/10T/medium/run_0/predictions.npz
    Computing per-window metrics...
    Saved metrics to /fslarge/scratch/users/h61084/codes/tsrag_time/outputs/tsrag/evaluations/chronos_bolt_512/current_velocity/10T/medium/run_0/metrics.npz
    Saved config to /fslarge/scratch/users/h61084/codes/tsrag_time/outputs/tsrag/evaluations/chronos_bolt_512/current_velocity/10T/medium/run_0/config.json
    Saved aggregate metrics to /fslarge/scratch/users/h61084/codes/tsrag_time/outputs/tsrag/evaluations/chronos_bolt_512/current_velocity/10T/medium/run_0/metrics_summary.json
    Metrics summary (averaged over all series/windows/variates):
      MSE: 13.2596
      MAE: 1.1551
      RMSE: 1.4879
      MAPE: 3661.1567
      sMAPE: 0.6450
      MASE: 1.2128
      ND: 0.4667
      CRPS: 0.4667
TIME run allocation action=new run=/fslarge/scratch/users/h61084/codes/tsrag_time/outputs/tsrag/evaluations/chronos_bolt_max/current_velocity/10T/medium/run_0 launch_id=selena_3452080 slurm_job_id=3452080 launched_at=2026-09-18T01:57:18.782462+00:00
[2026-09-18 01:57:18 UTC] evaluate method=chronos_bolt_max dataset=current_velocity/10T term=medium
    Total instances: 900, Series during experiment: 60, Windows: 15
    Collecting ground truth and context...
    Detected to_univariate case: 60 flat series -> 10 series x 6 variates
    Organizing data into arrays...
    Saved predictions (quantiles) to /fslarge/scratch/users/h61084/codes/tsrag_time/outputs/tsrag/evaluations/chronos_bolt_max/current_velocity/10T/medium/run_0/predictions.npz
    Computing per-window metrics...
    Saved metrics to /fslarge/scratch/users/h61084/codes/tsrag_time/outputs/tsrag/evaluations/chronos_bolt_max/current_velocity/10T/medium/run_0/metrics.npz
    Saved config to /fslarge/scratch/users/h61084/codes/tsrag_time/outputs/tsrag/evaluations/chronos_bolt_max/current_velocity/10T/medium/run_0/config.json
    Saved aggregate metrics to /fslarge/scratch/users/h61084/codes/tsrag_time/outputs/tsrag/evaluations/chronos_bolt_max/current_velocity/10T/medium/run_0/metrics_summary.json
    Metrics summary (averaged over all series/windows/variates):
      MSE: 11.3586
      MAE: 1.0474
      RMSE: 1.3689
      MAPE: 3522.4399
      sMAPE: 0.5790
      MASE: 1.0028
      ND: 0.4063
      CRPS: 0.4063
TIME run allocation action=new run=/fslarge/scratch/users/h61084/codes/tsrag_time/outputs/tsrag/evaluations/chronos2_max/current_velocity/10T/medium/run_0 launch_id=selena_3452080 slurm_job_id=3452080 launched_at=2026-09-18T01:57:19.042648+00:00
[2026-09-18 01:57:19 UTC] evaluate method=chronos2_max dataset=current_velocity/10T term=medium
    Total instances: 900, Series during experiment: 60, Windows: 15
    Collecting ground truth and context...
    Detected to_univariate case: 60 flat series -> 10 series x 6 variates
    Organizing data into arrays...
    Saved predictions (quantiles) to /fslarge/scratch/users/h61084/codes/tsrag_time/outputs/tsrag/evaluations/chronos2_max/current_velocity/10T/medium/run_0/predictions.npz
    Computing per-window metrics...
    Saved metrics to /fslarge/scratch/users/h61084/codes/tsrag_time/outputs/tsrag/evaluations/chronos2_max/current_velocity/10T/medium/run_0/metrics.npz
    Saved config to /fslarge/scratch/users/h61084/codes/tsrag_time/outputs/tsrag/evaluations/chronos2_max/current_velocity/10T/medium/run_0/config.json
    Saved aggregate metrics to /fslarge/scratch/users/h61084/codes/tsrag_time/outputs/tsrag/evaluations/chronos2_max/current_velocity/10T/medium/run_0/metrics_summary.json
    Metrics summary (averaged over all series/windows/variates):
      MSE: 9.5572
      MAE: 0.8879
      RMSE: 1.1819
      MAPE: 3372.1382
      sMAPE: 0.4860
      MASE: 0.6911
      ND: 0.3363
      CRPS: 0.3363
TIME run allocation action=new run=/fslarge/scratch/users/h61084/codes/tsrag_time/outputs/tsrag/evaluations/tsrag/current_velocity/10T/medium/run_0 launch_id=selena_3452080 slurm_job_id=3452080 launched_at=2026-09-18T01:57:19.318107+00:00
[2026-09-18 01:57:19 UTC] evaluate method=tsrag dataset=current_velocity/10T term=medium
    Total instances: 900, Series during experiment: 60, Windows: 15
    Collecting ground truth and context...
    Detected to_univariate case: 60 flat series -> 10 series x 6 variates
    Organizing data into arrays...
    Saved predictions (quantiles) to /fslarge/scratch/users/h61084/codes/tsrag_time/outputs/tsrag/evaluations/tsrag/current_velocity/10T/medium/run_0/predictions.npz
    Computing per-window metrics...
    Saved metrics to /fslarge/scratch/users/h61084/codes/tsrag_time/outputs/tsrag/evaluations/tsrag/current_velocity/10T/medium/run_0/metrics.npz
    Saved config to /fslarge/scratch/users/h61084/codes/tsrag_time/outputs/tsrag/evaluations/tsrag/current_velocity/10T/medium/run_0/config.json
    Saved aggregate metrics to /fslarge/scratch/users/h61084/codes/tsrag_time/outputs/tsrag/evaluations/tsrag/current_velocity/10T/medium/run_0/metrics_summary.json
    Metrics summary (averaged over all series/windows/variates):
      MSE: 12.9464
      MAE: 1.1326
      RMSE: 1.4676
      MAPE: 3240.3638
      sMAPE: 0.6435
      MASE: 1.1709
      ND: 0.4525
      CRPS: 0.4525
TIME run allocation action=new run=/fslarge/scratch/users/h61084/codes/tsrag_time/outputs/tsrag/evaluations/bayes_mixture/current_velocity/10T/medium/run_0 launch_id=selena_3452080 slurm_job_id=3452080 launched_at=2026-09-18T01:57:19.617175+00:00
[2026-09-18 01:57:19 UTC] evaluate method=bayes_mixture dataset=current_velocity/10T term=medium
    Total instances: 900, Series during experiment: 60, Windows: 15
    Collecting ground truth and context...
    Detected to_univariate case: 60 flat series -> 10 series x 6 variates
    Organizing data into arrays...
    Saved predictions (quantiles) to /fslarge/scratch/users/h61084/codes/tsrag_time/outputs/tsrag/evaluations/bayes_mixture/current_velocity/10T/medium/run_0/predictions.npz
    Computing per-window metrics...
    Saved metrics to /fslarge/scratch/users/h61084/codes/tsrag_time/outputs/tsrag/evaluations/bayes_mixture/current_velocity/10T/medium/run_0/metrics.npz
    Saved config to /fslarge/scratch/users/h61084/codes/tsrag_time/outputs/tsrag/evaluations/bayes_mixture/current_velocity/10T/medium/run_0/config.json
    Saved aggregate metrics to /fslarge/scratch/users/h61084/codes/tsrag_time/outputs/tsrag/evaluations/bayes_mixture/current_velocity/10T/medium/run_0/metrics_summary.json
    Metrics summary (averaged over all series/windows/variates):
      MSE: 9.5831
      MAE: 0.8897
      RMSE: 1.1844
      MAPE: 3362.5722
      sMAPE: 0.4883
      MASE: 0.6922
      ND: 0.3357
      CRPS: 0.3357
TIME run allocation action=new run=/fslarge/scratch/users/h61084/codes/tsrag_time/outputs/tsrag/evaluations/chronos_t5_512/current_velocity/10T/long/run_0 launch_id=selena_3452080 slurm_job_id=3452080 launched_at=2026-09-18T01:57:19.933235+00:00
[2026-09-18 01:57:19 UTC] evaluate method=chronos_t5_512 dataset=current_velocity/10T term=long
    Total instances: 300, Series during experiment: 60, Windows: 5
    Collecting ground truth and context...
    Detected to_univariate case: 60 flat series -> 10 series x 6 variates
    Organizing data into arrays...
    Saved predictions (quantiles) to /fslarge/scratch/users/h61084/codes/tsrag_time/outputs/tsrag/evaluations/chronos_t5_512/current_velocity/10T/long/run_0/predictions.npz
    Computing per-window metrics...
    Saved metrics to /fslarge/scratch/users/h61084/codes/tsrag_time/outputs/tsrag/evaluations/chronos_t5_512/current_velocity/10T/long/run_0/metrics.npz
    Saved config to /fslarge/scratch/users/h61084/codes/tsrag_time/outputs/tsrag/evaluations/chronos_t5_512/current_velocity/10T/long/run_0/config.json
    Saved aggregate metrics to /fslarge/scratch/users/h61084/codes/tsrag_time/outputs/tsrag/evaluations/chronos_t5_512/current_velocity/10T/long/run_0/metrics_summary.json
    Metrics summary (averaged over all series/windows/variates):
      MSE: 16.6373
      MAE: 1.3993
      RMSE: 1.7835
      MAPE: 6348.5229
      sMAPE: 0.6735
      MASE: 2.5215
      ND: 0.5032
      CRPS: 0.5032
TIME run allocation action=new run=/fslarge/scratch/users/h61084/codes/tsrag_time/outputs/tsrag/evaluations/chronos_bolt_512/current_velocity/10T/long/run_0 launch_id=selena_3452080 slurm_job_id=3452080 launched_at=2026-09-18T01:57:20.107189+00:00
[2026-09-18 01:57:20 UTC] evaluate method=chronos_bolt_512 dataset=current_velocity/10T term=long
    Total instances: 300, Series during experiment: 60, Windows: 5
    Collecting ground truth and context...
    Detected to_univariate case: 60 flat series -> 10 series x 6 variates
    Organizing data into arrays...
    Saved predictions (quantiles) to /fslarge/scratch/users/h61084/codes/tsrag_time/outputs/tsrag/evaluations/chronos_bolt_512/current_velocity/10T/long/run_0/predictions.npz
    Computing per-window metrics...
    Saved metrics to /fslarge/scratch/users/h61084/codes/tsrag_time/outputs/tsrag/evaluations/chronos_bolt_512/current_velocity/10T/long/run_0/metrics.npz
    Saved config to /fslarge/scratch/users/h61084/codes/tsrag_time/outputs/tsrag/evaluations/chronos_bolt_512/current_velocity/10T/long/run_0/config.json
    Saved aggregate metrics to /fslarge/scratch/users/h61084/codes/tsrag_time/outputs/tsrag/evaluations/chronos_bolt_512/current_velocity/10T/long/run_0/metrics_summary.json
    Metrics summary (averaged over all series/windows/variates):
      MSE: 17.0027
      MAE: 1.3577
      RMSE: 1.7249
      MAPE: 3574.7755
      sMAPE: 0.6926
      MASE: 1.4721
      ND: 0.4953
      CRPS: 0.4953
TIME run allocation action=new run=/fslarge/scratch/users/h61084/codes/tsrag_time/outputs/tsrag/evaluations/chronos_bolt_max/current_velocity/10T/long/run_0 launch_id=selena_3452080 slurm_job_id=3452080 launched_at=2026-09-18T01:57:20.268222+00:00
[2026-09-18 01:57:20 UTC] evaluate method=chronos_bolt_max dataset=current_velocity/10T term=long
    Total instances: 300, Series during experiment: 60, Windows: 5
    Collecting ground truth and context...
    Detected to_univariate case: 60 flat series -> 10 series x 6 variates
    Organizing data into arrays...
    Saved predictions (quantiles) to /fslarge/scratch/users/h61084/codes/tsrag_time/outputs/tsrag/evaluations/chronos_bolt_max/current_velocity/10T/long/run_0/predictions.npz
    Computing per-window metrics...
    Saved metrics to /fslarge/scratch/users/h61084/codes/tsrag_time/outputs/tsrag/evaluations/chronos_bolt_max/current_velocity/10T/long/run_0/metrics.npz
    Saved config to /fslarge/scratch/users/h61084/codes/tsrag_time/outputs/tsrag/evaluations/chronos_bolt_max/current_velocity/10T/long/run_0/config.json
    Saved aggregate metrics to /fslarge/scratch/users/h61084/codes/tsrag_time/outputs/tsrag/evaluations/chronos_bolt_max/current_velocity/10T/long/run_0/metrics_summary.json
    Metrics summary (averaged over all series/windows/variates):
      MSE: 15.1093
      MAE: 1.2842
      RMSE: 1.6389
      MAPE: 3748.8332
      sMAPE: 0.6637
      MASE: 1.3770
      ND: 0.4700
      CRPS: 0.4700
TIME run allocation action=new run=/fslarge/scratch/users/h61084/codes/tsrag_time/outputs/tsrag/evaluations/chronos2_max/current_velocity/10T/long/run_0 launch_id=selena_3452080 slurm_job_id=3452080 launched_at=2026-09-18T01:57:20.427547+00:00
[2026-09-18 01:57:20 UTC] evaluate method=chronos2_max dataset=current_velocity/10T term=long
    Total instances: 300, Series during experiment: 60, Windows: 5
    Collecting ground truth and context...
    Detected to_univariate case: 60 flat series -> 10 series x 6 variates
    Organizing data into arrays...
    Saved predictions (quantiles) to /fslarge/scratch/users/h61084/codes/tsrag_time/outputs/tsrag/evaluations/chronos2_max/current_velocity/10T/long/run_0/predictions.npz
    Computing per-window metrics...
    Saved metrics to /fslarge/scratch/users/h61084/codes/tsrag_time/outputs/tsrag/evaluations/chronos2_max/current_velocity/10T/long/run_0/metrics.npz
    Saved config to /fslarge/scratch/users/h61084/codes/tsrag_time/outputs/tsrag/evaluations/chronos2_max/current_velocity/10T/long/run_0/config.json
    Saved aggregate metrics to /fslarge/scratch/users/h61084/codes/tsrag_time/outputs/tsrag/evaluations/chronos2_max/current_velocity/10T/long/run_0/metrics_summary.json
    Metrics summary (averaged over all series/windows/variates):
      MSE: 11.6768
      MAE: 1.0309
      RMSE: 1.3565
      MAPE: 3330.7730
      sMAPE: 0.5385
      MASE: 0.9351
      ND: 0.3834
      CRPS: 0.3834
TIME run allocation action=new run=/fslarge/scratch/users/h61084/codes/tsrag_time/outputs/tsrag/evaluations/tsrag/current_velocity/10T/long/run_0 launch_id=selena_3452080 slurm_job_id=3452080 launched_at=2026-09-18T01:57:20.602395+00:00
[2026-09-18 01:57:20 UTC] evaluate method=tsrag dataset=current_velocity/10T term=long
    Total instances: 300, Series during experiment: 60, Windows: 5
    Collecting ground truth and context...
    Detected to_univariate case: 60 flat series -> 10 series x 6 variates
    Organizing data into arrays...
    Saved predictions (quantiles) to /fslarge/scratch/users/h61084/codes/tsrag_time/outputs/tsrag/evaluations/tsrag/current_velocity/10T/long/run_0/predictions.npz
    Computing per-window metrics...
    Saved metrics to /fslarge/scratch/users/h61084/codes/tsrag_time/outputs/tsrag/evaluations/tsrag/current_velocity/10T/long/run_0/metrics.npz
    Saved config to /fslarge/scratch/users/h61084/codes/tsrag_time/outputs/tsrag/evaluations/tsrag/current_velocity/10T/long/run_0/config.json
    Saved aggregate metrics to /fslarge/scratch/users/h61084/codes/tsrag_time/outputs/tsrag/evaluations/tsrag/current_velocity/10T/long/run_0/metrics_summary.json
    Metrics summary (averaged over all series/windows/variates):
      MSE: 16.3533
      MAE: 1.3305
      RMSE: 1.6896
      MAPE: 2942.0795
      sMAPE: 0.7047
      MASE: 1.4460
      ND: 0.4870
      CRPS: 0.4870
TIME run allocation action=new run=/fslarge/scratch/users/h61084/codes/tsrag_time/outputs/tsrag/evaluations/bayes_mixture/current_velocity/10T/long/run_0 launch_id=selena_3452080 slurm_job_id=3452080 launched_at=2026-09-18T01:57:20.801252+00:00
[2026-09-18 01:57:20 UTC] evaluate method=bayes_mixture dataset=current_velocity/10T term=long
    Total instances: 300, Series during experiment: 60, Windows: 5
    Collecting ground truth and context...
    Detected to_univariate case: 60 flat series -> 10 series x 6 variates
    Organizing data into arrays...
    Saved predictions (quantiles) to /fslarge/scratch/users/h61084/codes/tsrag_time/outputs/tsrag/evaluations/bayes_mixture/current_velocity/10T/long/run_0/predictions.npz
    Computing per-window metrics...
    Saved metrics to /fslarge/scratch/users/h61084/codes/tsrag_time/outputs/tsrag/evaluations/bayes_mixture/current_velocity/10T/long/run_0/metrics.npz
    Saved config to /fslarge/scratch/users/h61084/codes/tsrag_time/outputs/tsrag/evaluations/bayes_mixture/current_velocity/10T/long/run_0/config.json
    Saved aggregate metrics to /fslarge/scratch/users/h61084/codes/tsrag_time/outputs/tsrag/evaluations/bayes_mixture/current_velocity/10T/long/run_0/metrics_summary.json
    Metrics summary (averaged over all series/windows/variates):
      MSE: 11.7415
      MAE: 1.0383
      RMSE: 1.3632
      MAPE: 3263.4464
      sMAPE: 0.5463
      MASE: 0.9423
      ND: 0.3819
      CRPS: 0.3819
TIME run allocation action=new run=/fslarge/scratch/users/h61084/codes/tsrag_time/outputs/tsrag/evaluations/chronos_t5_512/current_velocity/15T/short/run_0 launch_id=selena_3452080 slurm_job_id=3452080 launched_at=2026-09-18T01:57:20.989795+00:00
[2026-09-18 01:57:20 UTC] evaluate method=chronos_t5_512 dataset=current_velocity/15T term=short
    Total instances: 3600, Series during experiment: 30, Windows: 120
    Collecting ground truth and context...
    Detected to_univariate case: 30 flat series -> 5 series x 6 variates
    Organizing data into arrays...
    Saved predictions (quantiles) to /fslarge/scratch/users/h61084/codes/tsrag_time/outputs/tsrag/evaluations/chronos_t5_512/current_velocity/15T/short/run_0/predictions.npz
    Computing per-window metrics...
    Saved metrics to /fslarge/scratch/users/h61084/codes/tsrag_time/outputs/tsrag/evaluations/chronos_t5_512/current_velocity/15T/short/run_0/metrics.npz
    Saved config to /fslarge/scratch/users/h61084/codes/tsrag_time/outputs/tsrag/evaluations/chronos_t5_512/current_velocity/15T/short/run_0/config.json
    Saved aggregate metrics to /fslarge/scratch/users/h61084/codes/tsrag_time/outputs/tsrag/evaluations/chronos_t5_512/current_velocity/15T/short/run_0/metrics_summary.json
    Metrics summary (averaged over all series/windows/variates):
      MSE: 6.8477
      MAE: 0.8628
      RMSE: 1.0338
      MAPE: 82174.3817
      sMAPE: 0.5023
      MASE: 1.7312
      ND: 0.4083
      CRPS: 0.4083
TIME run allocation action=new run=/fslarge/scratch/users/h61084/codes/tsrag_time/outputs/tsrag/evaluations/chronos_bolt_512/current_velocity/15T/short/run_0 launch_id=selena_3452080 slurm_job_id=3452080 launched_at=2026-09-18T01:57:21.473828+00:00
[2026-09-18 01:57:21 UTC] evaluate method=chronos_bolt_512 dataset=current_velocity/15T term=short
    Total instances: 3600, Series during experiment: 30, Windows: 120
    Collecting ground truth and context...
    Detected to_univariate case: 30 flat series -> 5 series x 6 variates
    Organizing data into arrays...
    Saved predictions (quantiles) to /fslarge/scratch/users/h61084/codes/tsrag_time/outputs/tsrag/evaluations/chronos_bolt_512/current_velocity/15T/short/run_0/predictions.npz
    Computing per-window metrics...
    Saved metrics to /fslarge/scratch/users/h61084/codes/tsrag_time/outputs/tsrag/evaluations/chronos_bolt_512/current_velocity/15T/short/run_0/metrics.npz
    Saved config to /fslarge/scratch/users/h61084/codes/tsrag_time/outputs/tsrag/evaluations/chronos_bolt_512/current_velocity/15T/short/run_0/config.json
    Saved aggregate metrics to /fslarge/scratch/users/h61084/codes/tsrag_time/outputs/tsrag/evaluations/chronos_bolt_512/current_velocity/15T/short/run_0/metrics_summary.json
    Metrics summary (averaged over all series/windows/variates):
      MSE: 6.3402
      MAE: 0.7601
      RMSE: 0.9233
      MAPE: 123081.0676
      sMAPE: 0.4721
      MASE: 0.5399
      ND: 0.3957
      CRPS: 0.3957
TIME run allocation action=new run=/fslarge/scratch/users/h61084/codes/tsrag_time/outputs/tsrag/evaluations/chronos_bolt_max/current_velocity/15T/short/run_0 launch_id=selena_3452080 slurm_job_id=3452080 launched_at=2026-09-18T01:57:21.948307+00:00
[2026-09-18 01:57:21 UTC] evaluate method=chronos_bolt_max dataset=current_velocity/15T term=short
    Total instances: 3600, Series during experiment: 30, Windows: 120
    Collecting ground truth and context...
    Detected to_univariate case: 30 flat series -> 5 series x 6 variates
    Organizing data into arrays...
    Saved predictions (quantiles) to /fslarge/scratch/users/h61084/codes/tsrag_time/outputs/tsrag/evaluations/chronos_bolt_max/current_velocity/15T/short/run_0/predictions.npz
    Computing per-window metrics...
    Saved metrics to /fslarge/scratch/users/h61084/codes/tsrag_time/outputs/tsrag/evaluations/chronos_bolt_max/current_velocity/15T/short/run_0/metrics.npz
    Saved config to /fslarge/scratch/users/h61084/codes/tsrag_time/outputs/tsrag/evaluations/chronos_bolt_max/current_velocity/15T/short/run_0/config.json
    Saved aggregate metrics to /fslarge/scratch/users/h61084/codes/tsrag_time/outputs/tsrag/evaluations/chronos_bolt_max/current_velocity/15T/short/run_0/metrics_summary.json
    Metrics summary (averaged over all series/windows/variates):
      MSE: 6.1848
      MAE: 0.7491
      RMSE: 0.9121
      MAPE: 122084.3246
      sMAPE: 0.4684
      MASE: 0.5264
      ND: 0.3921
      CRPS: 0.3921
TIME run allocation action=new run=/fslarge/scratch/users/h61084/codes/tsrag_time/outputs/tsrag/evaluations/chronos2_max/current_velocity/15T/short/run_0 launch_id=selena_3452080 slurm_job_id=3452080 launched_at=2026-09-18T01:57:22.422027+00:00
[2026-09-18 01:57:22 UTC] evaluate method=chronos2_max dataset=current_velocity/15T term=short
    Total instances: 3600, Series during experiment: 30, Windows: 120
    Collecting ground truth and context...
    Detected to_univariate case: 30 flat series -> 5 series x 6 variates
    Organizing data into arrays...
    Saved predictions (quantiles) to /fslarge/scratch/users/h61084/codes/tsrag_time/outputs/tsrag/evaluations/chronos2_max/current_velocity/15T/short/run_0/predictions.npz
    Computing per-window metrics...
    Saved metrics to /fslarge/scratch/users/h61084/codes/tsrag_time/outputs/tsrag/evaluations/chronos2_max/current_velocity/15T/short/run_0/metrics.npz
    Saved config to /fslarge/scratch/users/h61084/codes/tsrag_time/outputs/tsrag/evaluations/chronos2_max/current_velocity/15T/short/run_0/config.json
    Saved aggregate metrics to /fslarge/scratch/users/h61084/codes/tsrag_time/outputs/tsrag/evaluations/chronos2_max/current_velocity/15T/short/run_0/metrics_summary.json
    Metrics summary (averaged over all series/windows/variates):
      MSE: 6.0552
      MAE: 0.7411
      RMSE: 0.9016
      MAPE: 108212.8105
      sMAPE: 0.4683
      MASE: 0.5023
      ND: 0.3838
      CRPS: 0.3838
TIME run allocation action=new run=/fslarge/scratch/users/h61084/codes/tsrag_time/outputs/tsrag/evaluations/tsrag/current_velocity/15T/short/run_0 launch_id=selena_3452080 slurm_job_id=3452080 launched_at=2026-09-18T01:57:22.908905+00:00
[2026-09-18 01:57:22 UTC] evaluate method=tsrag dataset=current_velocity/15T term=short
    Total instances: 3600, Series during experiment: 30, Windows: 120
    Collecting ground truth and context...
    Detected to_univariate case: 30 flat series -> 5 series x 6 variates
    Organizing data into arrays...
    Saved predictions (quantiles) to /fslarge/scratch/users/h61084/codes/tsrag_time/outputs/tsrag/evaluations/tsrag/current_velocity/15T/short/run_0/predictions.npz
    Computing per-window metrics...
    Saved metrics to /fslarge/scratch/users/h61084/codes/tsrag_time/outputs/tsrag/evaluations/tsrag/current_velocity/15T/short/run_0/metrics.npz
    Saved config to /fslarge/scratch/users/h61084/codes/tsrag_time/outputs/tsrag/evaluations/tsrag/current_velocity/15T/short/run_0/config.json
    Saved aggregate metrics to /fslarge/scratch/users/h61084/codes/tsrag_time/outputs/tsrag/evaluations/tsrag/current_velocity/15T/short/run_0/metrics_summary.json
    Metrics summary (averaged over all series/windows/variates):
      MSE: 6.3054
      MAE: 0.7582
      RMSE: 0.9211
      MAPE: 128101.6750
      sMAPE: 0.4729
      MASE: 0.5376
      ND: 0.3925
      CRPS: 0.3925
TIME run allocation action=new run=/fslarge/scratch/users/h61084/codes/tsrag_time/outputs/tsrag/evaluations/bayes_mixture/current_velocity/15T/short/run_0 launch_id=selena_3452080 slurm_job_id=3452080 launched_at=2026-09-18T01:57:23.420542+00:00
[2026-09-18 01:57:23 UTC] evaluate method=bayes_mixture dataset=current_velocity/15T term=short
    Total instances: 3600, Series during experiment: 30, Windows: 120
    Collecting ground truth and context...
    Detected to_univariate case: 30 flat series -> 5 series x 6 variates
    Organizing data into arrays...
    Saved predictions (quantiles) to /fslarge/scratch/users/h61084/codes/tsrag_time/outputs/tsrag/evaluations/bayes_mixture/current_velocity/15T/short/run_0/predictions.npz
    Computing per-window metrics...
    Saved metrics to /fslarge/scratch/users/h61084/codes/tsrag_time/outputs/tsrag/evaluations/bayes_mixture/current_velocity/15T/short/run_0/metrics.npz
    Saved config to /fslarge/scratch/users/h61084/codes/tsrag_time/outputs/tsrag/evaluations/bayes_mixture/current_velocity/15T/short/run_0/config.json
    Saved aggregate metrics to /fslarge/scratch/users/h61084/codes/tsrag_time/outputs/tsrag/evaluations/bayes_mixture/current_velocity/15T/short/run_0/metrics_summary.json
    Metrics summary (averaged over all series/windows/variates):
      MSE: 6.0159
      MAE: 0.7375
      RMSE: 0.8981
      MAPE: 114722.2537
      sMAPE: 0.4678
      MASE: 0.5031
      ND: 0.3834
      CRPS: 0.3834
TIME run allocation action=new run=/fslarge/scratch/users/h61084/codes/tsrag_time/outputs/tsrag/evaluations/chronos_t5_512/current_velocity/15T/medium/run_0 launch_id=selena_3452080 slurm_job_id=3452080 launched_at=2026-09-18T01:57:23.923489+00:00
[2026-09-18 01:57:23 UTC] evaluate method=chronos_t5_512 dataset=current_velocity/15T term=medium
    Total instances: 450, Series during experiment: 30, Windows: 15
    Collecting ground truth and context...
    Detected to_univariate case: 30 flat series -> 5 series x 6 variates
    Organizing data into arrays...
    Saved predictions (quantiles) to /fslarge/scratch/users/h61084/codes/tsrag_time/outputs/tsrag/evaluations/chronos_t5_512/current_velocity/15T/medium/run_0/predictions.npz
    Computing per-window metrics...
    Saved metrics to /fslarge/scratch/users/h61084/codes/tsrag_time/outputs/tsrag/evaluations/chronos_t5_512/current_velocity/15T/medium/run_0/metrics.npz
    Saved config to /fslarge/scratch/users/h61084/codes/tsrag_time/outputs/tsrag/evaluations/chronos_t5_512/current_velocity/15T/medium/run_0/config.json
    Saved aggregate metrics to /fslarge/scratch/users/h61084/codes/tsrag_time/outputs/tsrag/evaluations/chronos_t5_512/current_velocity/15T/medium/run_0/metrics_summary.json
    Metrics summary (averaged over all series/windows/variates):
      MSE: 11.0369
      MAE: 1.1321
      RMSE: 1.3980
      MAPE: 121643.9795
      sMAPE: 0.6576
      MASE: 2.0541
      ND: 0.4889
      CRPS: 0.4889
TIME run allocation action=new run=/fslarge/scratch/users/h61084/codes/tsrag_time/outputs/tsrag/evaluations/chronos_bolt_512/current_velocity/15T/medium/run_0 launch_id=selena_3452080 slurm_job_id=3452080 launched_at=2026-09-18T01:57:24.031434+00:00
[2026-09-18 01:57:24 UTC] evaluate method=chronos_bolt_512 dataset=current_velocity/15T term=medium
    Total instances: 450, Series during experiment: 30, Windows: 15
    Collecting ground truth and context...
    Detected to_univariate case: 30 flat series -> 5 series x 6 variates
    Organizing data into arrays...
    Saved predictions (quantiles) to /fslarge/scratch/users/h61084/codes/tsrag_time/outputs/tsrag/evaluations/chronos_bolt_512/current_velocity/15T/medium/run_0/predictions.npz
    Computing per-window metrics...
    Saved metrics to /fslarge/scratch/users/h61084/codes/tsrag_time/outputs/tsrag/evaluations/chronos_bolt_512/current_velocity/15T/medium/run_0/metrics.npz
    Saved config to /fslarge/scratch/users/h61084/codes/tsrag_time/outputs/tsrag/evaluations/chronos_bolt_512/current_velocity/15T/medium/run_0/config.json
    Saved aggregate metrics to /fslarge/scratch/users/h61084/codes/tsrag_time/outputs/tsrag/evaluations/chronos_bolt_512/current_velocity/15T/medium/run_0/metrics_summary.json
    Metrics summary (averaged over all series/windows/variates):
      MSE: 9.6143
      MAE: 0.9899
      RMSE: 1.2456
      MAPE: 147615.7515
      sMAPE: 0.5734
      MASE: 0.8337
      ND: 0.4535
      CRPS: 0.4535
TIME run allocation action=new run=/fslarge/scratch/users/h61084/codes/tsrag_time/outputs/tsrag/evaluations/chronos_bolt_max/current_velocity/15T/medium/run_0 launch_id=selena_3452080 slurm_job_id=3452080 launched_at=2026-09-18T01:57:24.129218+00:00
[2026-09-18 01:57:24 UTC] evaluate method=chronos_bolt_max dataset=current_velocity/15T term=medium
    Total instances: 450, Series during experiment: 30, Windows: 15
    Collecting ground truth and context...
    Detected to_univariate case: 30 flat series -> 5 series x 6 variates
    Organizing data into arrays...
    Saved predictions (quantiles) to /fslarge/scratch/users/h61084/codes/tsrag_time/outputs/tsrag/evaluations/chronos_bolt_max/current_velocity/15T/medium/run_0/predictions.npz
    Computing per-window metrics...
    Saved metrics to /fslarge/scratch/users/h61084/codes/tsrag_time/outputs/tsrag/evaluations/chronos_bolt_max/current_velocity/15T/medium/run_0/metrics.npz
    Saved config to /fslarge/scratch/users/h61084/codes/tsrag_time/outputs/tsrag/evaluations/chronos_bolt_max/current_velocity/15T/medium/run_0/config.json
    Saved aggregate metrics to /fslarge/scratch/users/h61084/codes/tsrag_time/outputs/tsrag/evaluations/chronos_bolt_max/current_velocity/15T/medium/run_0/metrics_summary.json
    Metrics summary (averaged over all series/windows/variates):
      MSE: 9.1512
      MAE: 0.9650
      RMSE: 1.2224
      MAPE: 139731.8669
      sMAPE: 0.5753
      MASE: 0.7820
      ND: 0.4432
      CRPS: 0.4432
TIME run allocation action=new run=/fslarge/scratch/users/h61084/codes/tsrag_time/outputs/tsrag/evaluations/chronos2_max/current_velocity/15T/medium/run_0 launch_id=selena_3452080 slurm_job_id=3452080 launched_at=2026-09-18T01:57:24.225118+00:00
[2026-09-18 01:57:24 UTC] evaluate method=chronos2_max dataset=current_velocity/15T term=medium
    Total instances: 450, Series during experiment: 30, Windows: 15
    Collecting ground truth and context...
    Detected to_univariate case: 30 flat series -> 5 series x 6 variates
    Organizing data into arrays...
    Saved predictions (quantiles) to /fslarge/scratch/users/h61084/codes/tsrag_time/outputs/tsrag/evaluations/chronos2_max/current_velocity/15T/medium/run_0/predictions.npz
    Computing per-window metrics...
    Saved metrics to /fslarge/scratch/users/h61084/codes/tsrag_time/outputs/tsrag/evaluations/chronos2_max/current_velocity/15T/medium/run_0/metrics.npz
    Saved config to /fslarge/scratch/users/h61084/codes/tsrag_time/outputs/tsrag/evaluations/chronos2_max/current_velocity/15T/medium/run_0/config.json
    Saved aggregate metrics to /fslarge/scratch/users/h61084/codes/tsrag_time/outputs/tsrag/evaluations/chronos2_max/current_velocity/15T/medium/run_0/metrics_summary.json
    Metrics summary (averaged over all series/windows/variates):
      MSE: 8.9162
      MAE: 0.9588
      RMSE: 1.2072
      MAPE: 122394.5150
      sMAPE: 0.5727
      MASE: 0.7292
      ND: 0.4318
      CRPS: 0.4318
TIME run allocation action=new run=/fslarge/scratch/users/h61084/codes/tsrag_time/outputs/tsrag/evaluations/tsrag/current_velocity/15T/medium/run_0 launch_id=selena_3452080 slurm_job_id=3452080 launched_at=2026-09-18T01:57:24.337004+00:00
[2026-09-18 01:57:24 UTC] evaluate method=tsrag dataset=current_velocity/15T term=medium
    Total instances: 450, Series during experiment: 30, Windows: 15
    Collecting ground truth and context...
    Detected to_univariate case: 30 flat series -> 5 series x 6 variates
    Organizing data into arrays...
    Saved predictions (quantiles) to /fslarge/scratch/users/h61084/codes/tsrag_time/outputs/tsrag/evaluations/tsrag/current_velocity/15T/medium/run_0/predictions.npz
    Computing per-window metrics...
    Saved metrics to /fslarge/scratch/users/h61084/codes/tsrag_time/outputs/tsrag/evaluations/tsrag/current_velocity/15T/medium/run_0/metrics.npz
    Saved config to /fslarge/scratch/users/h61084/codes/tsrag_time/outputs/tsrag/evaluations/tsrag/current_velocity/15T/medium/run_0/config.json
    Saved aggregate metrics to /fslarge/scratch/users/h61084/codes/tsrag_time/outputs/tsrag/evaluations/tsrag/current_velocity/15T/medium/run_0/metrics_summary.json
    Metrics summary (averaged over all series/windows/variates):
      MSE: 9.5828
      MAE: 0.9823
      RMSE: 1.2387
      MAPE: 152438.8646
      sMAPE: 0.5743
      MASE: 0.8211
      ND: 0.4486
      CRPS: 0.4486
TIME run allocation action=new run=/fslarge/scratch/users/h61084/codes/tsrag_time/outputs/tsrag/evaluations/bayes_mixture/current_velocity/15T/medium/run_0 launch_id=selena_3452080 slurm_job_id=3452080 launched_at=2026-09-18T01:57:24.470890+00:00
[2026-09-18 01:57:24 UTC] evaluate method=bayes_mixture dataset=current_velocity/15T term=medium
    Total instances: 450, Series during experiment: 30, Windows: 15
    Collecting ground truth and context...
    Detected to_univariate case: 30 flat series -> 5 series x 6 variates
    Organizing data into arrays...
    Saved predictions (quantiles) to /fslarge/scratch/users/h61084/codes/tsrag_time/outputs/tsrag/evaluations/bayes_mixture/current_velocity/15T/medium/run_0/predictions.npz
    Computing per-window metrics...
    Saved metrics to /fslarge/scratch/users/h61084/codes/tsrag_time/outputs/tsrag/evaluations/bayes_mixture/current_velocity/15T/medium/run_0/metrics.npz
    Saved config to /fslarge/scratch/users/h61084/codes/tsrag_time/outputs/tsrag/evaluations/bayes_mixture/current_velocity/15T/medium/run_0/config.json
    Saved aggregate metrics to /fslarge/scratch/users/h61084/codes/tsrag_time/outputs/tsrag/evaluations/bayes_mixture/current_velocity/15T/medium/run_0/metrics_summary.json
    Metrics summary (averaged over all series/windows/variates):
      MSE: 8.7697
      MAE: 0.9483
      RMSE: 1.1948
      MAPE: 129660.6256
      sMAPE: 0.5732
      MASE: 0.7325
      ND: 0.4315
      CRPS: 0.4315
TIME run allocation action=new run=/fslarge/scratch/users/h61084/codes/tsrag_time/outputs/tsrag/evaluations/chronos_t5_512/current_velocity/15T/long/run_0 launch_id=selena_3452080 slurm_job_id=3452080 launched_at=2026-09-18T01:57:24.593840+00:00
[2026-09-18 01:57:24 UTC] evaluate method=chronos_t5_512 dataset=current_velocity/15T term=long
    Total instances: 150, Series during experiment: 30, Windows: 5
    Collecting ground truth and context...
    Detected to_univariate case: 30 flat series -> 5 series x 6 variates
    Organizing data into arrays...
    Saved predictions (quantiles) to /fslarge/scratch/users/h61084/codes/tsrag_time/outputs/tsrag/evaluations/chronos_t5_512/current_velocity/15T/long/run_0/predictions.npz
    Computing per-window metrics...
    Saved metrics to /fslarge/scratch/users/h61084/codes/tsrag_time/outputs/tsrag/evaluations/chronos_t5_512/current_velocity/15T/long/run_0/metrics.npz
    Saved config to /fslarge/scratch/users/h61084/codes/tsrag_time/outputs/tsrag/evaluations/chronos_t5_512/current_velocity/15T/long/run_0/config.json
    Saved aggregate metrics to /fslarge/scratch/users/h61084/codes/tsrag_time/outputs/tsrag/evaluations/chronos_t5_512/current_velocity/15T/long/run_0/metrics_summary.json
    Metrics summary (averaged over all series/windows/variates):
      MSE: 12.3409
      MAE: 1.2496
      RMSE: 1.5445
      MAPE: 79266.4172
      sMAPE: 0.6809
      MASE: 2.4942
      ND: 0.4849
      CRPS: 0.4849
TIME run allocation action=new run=/fslarge/scratch/users/h61084/codes/tsrag_time/outputs/tsrag/evaluations/chronos_bolt_512/current_velocity/15T/long/run_0 launch_id=selena_3452080 slurm_job_id=3452080 launched_at=2026-09-18T01:57:24.661583+00:00
[2026-09-18 01:57:24 UTC] evaluate method=chronos_bolt_512 dataset=current_velocity/15T term=long
    Total instances: 150, Series during experiment: 30, Windows: 5
    Collecting ground truth and context...
    Detected to_univariate case: 30 flat series -> 5 series x 6 variates
    Organizing data into arrays...
    Saved predictions (quantiles) to /fslarge/scratch/users/h61084/codes/tsrag_time/outputs/tsrag/evaluations/chronos_bolt_512/current_velocity/15T/long/run_0/predictions.npz
    Computing per-window metrics...
    Saved metrics to /fslarge/scratch/users/h61084/codes/tsrag_time/outputs/tsrag/evaluations/chronos_bolt_512/current_velocity/15T/long/run_0/metrics.npz
    Saved config to /fslarge/scratch/users/h61084/codes/tsrag_time/outputs/tsrag/evaluations/chronos_bolt_512/current_velocity/15T/long/run_0/config.json
    Saved aggregate metrics to /fslarge/scratch/users/h61084/codes/tsrag_time/outputs/tsrag/evaluations/chronos_bolt_512/current_velocity/15T/long/run_0/metrics_summary.json
    Metrics summary (averaged over all series/windows/variates):
      MSE: 11.8457
      MAE: 1.1046
      RMSE: 1.4056
      MAPE: 136199.9522
      sMAPE: 0.6052
      MASE: 0.9837
      ND: 0.4750
      CRPS: 0.4750
TIME run allocation action=new run=/fslarge/scratch/users/h61084/codes/tsrag_time/outputs/tsrag/evaluations/chronos_bolt_max/current_velocity/15T/long/run_0 launch_id=selena_3452080 slurm_job_id=3452080 launched_at=2026-09-18T01:57:24.720877+00:00
[2026-09-18 01:57:24 UTC] evaluate method=chronos_bolt_max dataset=current_velocity/15T term=long
    Total instances: 150, Series during experiment: 30, Windows: 5
    Collecting ground truth and context...
    Detected to_univariate case: 30 flat series -> 5 series x 6 variates
    Organizing data into arrays...
    Saved predictions (quantiles) to /fslarge/scratch/users/h61084/codes/tsrag_time/outputs/tsrag/evaluations/chronos_bolt_max/current_velocity/15T/long/run_0/predictions.npz
    Computing per-window metrics...
    Saved metrics to /fslarge/scratch/users/h61084/codes/tsrag_time/outputs/tsrag/evaluations/chronos_bolt_max/current_velocity/15T/long/run_0/metrics.npz
    Saved config to /fslarge/scratch/users/h61084/codes/tsrag_time/outputs/tsrag/evaluations/chronos_bolt_max/current_velocity/15T/long/run_0/config.json
    Saved aggregate metrics to /fslarge/scratch/users/h61084/codes/tsrag_time/outputs/tsrag/evaluations/chronos_bolt_max/current_velocity/15T/long/run_0/metrics_summary.json
    Metrics summary (averaged over all series/windows/variates):
      MSE: 10.5123
      MAE: 1.0601
      RMSE: 1.3442
      MAPE: 130329.3529
      sMAPE: 0.5984
      MASE: 0.9310
      ND: 0.4659
      CRPS: 0.4659
TIME run allocation action=new run=/fslarge/scratch/users/h61084/codes/tsrag_time/outputs/tsrag/evaluations/chronos2_max/current_velocity/15T/long/run_0 launch_id=selena_3452080 slurm_job_id=3452080 launched_at=2026-09-18T01:57:24.779556+00:00
[2026-09-18 01:57:24 UTC] evaluate method=chronos2_max dataset=current_velocity/15T term=long
    Total instances: 150, Series during experiment: 30, Windows: 5
    Collecting ground truth and context...
    Detected to_univariate case: 30 flat series -> 5 series x 6 variates
    Organizing data into arrays...
    Saved predictions (quantiles) to /fslarge/scratch/users/h61084/codes/tsrag_time/outputs/tsrag/evaluations/chronos2_max/current_velocity/15T/long/run_0/predictions.npz
    Computing per-window metrics...
    Saved metrics to /fslarge/scratch/users/h61084/codes/tsrag_time/outputs/tsrag/evaluations/chronos2_max/current_velocity/15T/long/run_0/metrics.npz
    Saved config to /fslarge/scratch/users/h61084/codes/tsrag_time/outputs/tsrag/evaluations/chronos2_max/current_velocity/15T/long/run_0/config.json
    Saved aggregate metrics to /fslarge/scratch/users/h61084/codes/tsrag_time/outputs/tsrag/evaluations/chronos2_max/current_velocity/15T/long/run_0/metrics_summary.json
    Metrics summary (averaged over all series/windows/variates):
      MSE: 10.5457
      MAE: 1.0611
      RMSE: 1.3414
      MAPE: 119975.5845
      sMAPE: 0.5962
      MASE: 0.8344
      ND: 0.4490
      CRPS: 0.4490
TIME run allocation action=new run=/fslarge/scratch/users/h61084/codes/tsrag_time/outputs/tsrag/evaluations/tsrag/current_velocity/15T/long/run_0 launch_id=selena_3452080 slurm_job_id=3452080 launched_at=2026-09-18T01:57:24.852254+00:00
[2026-09-18 01:57:24 UTC] evaluate method=tsrag dataset=current_velocity/15T term=long
    Total instances: 150, Series during experiment: 30, Windows: 5
    Collecting ground truth and context...
    Detected to_univariate case: 30 flat series -> 5 series x 6 variates
    Organizing data into arrays...
    Saved predictions (quantiles) to /fslarge/scratch/users/h61084/codes/tsrag_time/outputs/tsrag/evaluations/tsrag/current_velocity/15T/long/run_0/predictions.npz
    Computing per-window metrics...
    Saved metrics to /fslarge/scratch/users/h61084/codes/tsrag_time/outputs/tsrag/evaluations/tsrag/current_velocity/15T/long/run_0/metrics.npz
    Saved config to /fslarge/scratch/users/h61084/codes/tsrag_time/outputs/tsrag/evaluations/tsrag/current_velocity/15T/long/run_0/config.json
    Saved aggregate metrics to /fslarge/scratch/users/h61084/codes/tsrag_time/outputs/tsrag/evaluations/tsrag/current_velocity/15T/long/run_0/metrics_summary.json
    Metrics summary (averaged over all series/windows/variates):
      MSE: 11.9903
      MAE: 1.1050
      RMSE: 1.4107
      MAPE: 148235.8350
      sMAPE: 0.6012
      MASE: 0.9671
      ND: 0.4737
      CRPS: 0.4737
TIME run allocation action=new run=/fslarge/scratch/users/h61084/codes/tsrag_time/outputs/tsrag/evaluations/bayes_mixture/current_velocity/15T/long/run_0 launch_id=selena_3452080 slurm_job_id=3452080 launched_at=2026-09-18T01:57:24.948507+00:00
[2026-09-18 01:57:24 UTC] evaluate method=bayes_mixture dataset=current_velocity/15T term=long
    Total instances: 150, Series during experiment: 30, Windows: 5
    Collecting ground truth and context...
    Detected to_univariate case: 30 flat series -> 5 series x 6 variates
    Organizing data into arrays...
    Saved predictions (quantiles) to /fslarge/scratch/users/h61084/codes/tsrag_time/outputs/tsrag/evaluations/bayes_mixture/current_velocity/15T/long/run_0/predictions.npz
    Computing per-window metrics...
    Saved metrics to /fslarge/scratch/users/h61084/codes/tsrag_time/outputs/tsrag/evaluations/bayes_mixture/current_velocity/15T/long/run_0/metrics.npz
    Saved config to /fslarge/scratch/users/h61084/codes/tsrag_time/outputs/tsrag/evaluations/bayes_mixture/current_velocity/15T/long/run_0/config.json
    Saved aggregate metrics to /fslarge/scratch/users/h61084/codes/tsrag_time/outputs/tsrag/evaluations/bayes_mixture/current_velocity/15T/long/run_0/metrics_summary.json
    Metrics summary (averaged over all series/windows/variates):
      MSE: 10.4656
      MAE: 1.0518
      RMSE: 1.3328
      MAPE: 125122.4143
      sMAPE: 0.5982
      MASE: 0.8340
      ND: 0.4498
      CRPS: 0.4498
TIME run allocation action=new run=/fslarge/scratch/users/h61084/codes/tsrag_time/outputs/tsrag/evaluations/chronos_t5_512/current_velocity/H/short/run_0 launch_id=selena_3452080 slurm_job_id=3452080 launched_at=2026-09-18T01:57:25.028194+00:00
[2026-09-18 01:57:25 UTC] evaluate method=chronos_t5_512 dataset=current_velocity/H term=short
    Total instances: 3528, Series during experiment: 126, Windows: 28
    Collecting ground truth and context...
    Detected to_univariate case: 126 flat series -> 21 series x 6 variates
    Organizing data into arrays...
    Saved predictions (quantiles) to /fslarge/scratch/users/h61084/codes/tsrag_time/outputs/tsrag/evaluations/chronos_t5_512/current_velocity/H/short/run_0/predictions.npz
    Computing per-window metrics...
    Saved metrics to /fslarge/scratch/users/h61084/codes/tsrag_time/outputs/tsrag/evaluations/chronos_t5_512/current_velocity/H/short/run_0/metrics.npz
    Saved config to /fslarge/scratch/users/h61084/codes/tsrag_time/outputs/tsrag/evaluations/chronos_t5_512/current_velocity/H/short/run_0/config.json
    Saved aggregate metrics to /fslarge/scratch/users/h61084/codes/tsrag_time/outputs/tsrag/evaluations/chronos_t5_512/current_velocity/H/short/run_0/metrics_summary.json
    Metrics summary (averaged over all series/windows/variates):
      MSE: 7.1199
      MAE: 0.8789
      RMSE: 1.0857
      MAPE: 1914911751842.2239
      sMAPE: 0.4710
      MASE: 1.2199
      ND: 0.3653
      CRPS: 0.3653
TIME run allocation action=new run=/fslarge/scratch/users/h61084/codes/tsrag_time/outputs/tsrag/evaluations/chronos_bolt_512/current_velocity/H/short/run_0 launch_id=selena_3452080 slurm_job_id=3452080 launched_at=2026-09-18T01:57:25.380144+00:00
[2026-09-18 01:57:25 UTC] evaluate method=chronos_bolt_512 dataset=current_velocity/H term=short
    Total instances: 3528, Series during experiment: 126, Windows: 28
    Collecting ground truth and context...
    Detected to_univariate case: 126 flat series -> 21 series x 6 variates
    Organizing data into arrays...
    Saved predictions (quantiles) to /fslarge/scratch/users/h61084/codes/tsrag_time/outputs/tsrag/evaluations/chronos_bolt_512/current_velocity/H/short/run_0/predictions.npz
    Computing per-window metrics...
    Saved metrics to /fslarge/scratch/users/h61084/codes/tsrag_time/outputs/tsrag/evaluations/chronos_bolt_512/current_velocity/H/short/run_0/metrics.npz
    Saved config to /fslarge/scratch/users/h61084/codes/tsrag_time/outputs/tsrag/evaluations/chronos_bolt_512/current_velocity/H/short/run_0/config.json
    Saved aggregate metrics to /fslarge/scratch/users/h61084/codes/tsrag_time/outputs/tsrag/evaluations/chronos_bolt_512/current_velocity/H/short/run_0/metrics_summary.json
    Metrics summary (averaged over all series/windows/variates):
      MSE: 7.0772
      MAE: 0.8590
      RMSE: 1.0643
      MAPE: 1933947063889.5957
      sMAPE: 0.4862
      MASE: 0.8554
      ND: 0.3803
      CRPS: 0.3803
TIME run allocation action=new run=/fslarge/scratch/users/h61084/codes/tsrag_time/outputs/tsrag/evaluations/chronos_bolt_max/current_velocity/H/short/run_0 launch_id=selena_3452080 slurm_job_id=3452080 launched_at=2026-09-18T01:57:25.726892+00:00
[2026-09-18 01:57:25 UTC] evaluate method=chronos_bolt_max dataset=current_velocity/H term=short
    Total instances: 3528, Series during experiment: 126, Windows: 28
    Collecting ground truth and context...
    Detected to_univariate case: 126 flat series -> 21 series x 6 variates
    Organizing data into arrays...
    Saved predictions (quantiles) to /fslarge/scratch/users/h61084/codes/tsrag_time/outputs/tsrag/evaluations/chronos_bolt_max/current_velocity/H/short/run_0/predictions.npz
    Computing per-window metrics...
    Saved metrics to /fslarge/scratch/users/h61084/codes/tsrag_time/outputs/tsrag/evaluations/chronos_bolt_max/current_velocity/H/short/run_0/metrics.npz
    Saved config to /fslarge/scratch/users/h61084/codes/tsrag_time/outputs/tsrag/evaluations/chronos_bolt_max/current_velocity/H/short/run_0/config.json
    Saved aggregate metrics to /fslarge/scratch/users/h61084/codes/tsrag_time/outputs/tsrag/evaluations/chronos_bolt_max/current_velocity/H/short/run_0/metrics_summary.json
    Metrics summary (averaged over all series/windows/variates):
      MSE: 6.7285
      MAE: 0.8328
      RMSE: 1.0341
      MAPE: 2160691041360.9495
      sMAPE: 0.4754
      MASE: 0.8281
      ND: 0.3649
      CRPS: 0.3649
TIME run allocation action=new run=/fslarge/scratch/users/h61084/codes/tsrag_time/outputs/tsrag/evaluations/chronos2_max/current_velocity/H/short/run_0 launch_id=selena_3452080 slurm_job_id=3452080 launched_at=2026-09-18T01:57:26.075027+00:00
[2026-09-18 01:57:26 UTC] evaluate method=chronos2_max dataset=current_velocity/H term=short
    Total instances: 3528, Series during experiment: 126, Windows: 28
    Collecting ground truth and context...
    Detected to_univariate case: 126 flat series -> 21 series x 6 variates
    Organizing data into arrays...
    Saved predictions (quantiles) to /fslarge/scratch/users/h61084/codes/tsrag_time/outputs/tsrag/evaluations/chronos2_max/current_velocity/H/short/run_0/predictions.npz
    Computing per-window metrics...
    Saved metrics to /fslarge/scratch/users/h61084/codes/tsrag_time/outputs/tsrag/evaluations/chronos2_max/current_velocity/H/short/run_0/metrics.npz
    Saved config to /fslarge/scratch/users/h61084/codes/tsrag_time/outputs/tsrag/evaluations/chronos2_max/current_velocity/H/short/run_0/config.json
    Saved aggregate metrics to /fslarge/scratch/users/h61084/codes/tsrag_time/outputs/tsrag/evaluations/chronos2_max/current_velocity/H/short/run_0/metrics_summary.json
    Metrics summary (averaged over all series/windows/variates):
      MSE: 6.5846
      MAE: 0.7995
      RMSE: 0.9959
      MAPE: 1990655363804.9001
      sMAPE: 0.4414
      MASE: 0.7026
      ND: 0.3334
      CRPS: 0.3334
TIME run allocation action=new run=/fslarge/scratch/users/h61084/codes/tsrag_time/outputs/tsrag/evaluations/tsrag/current_velocity/H/short/run_0 launch_id=selena_3452080 slurm_job_id=3452080 launched_at=2026-09-18T01:57:26.435526+00:00
[2026-09-18 01:57:26 UTC] evaluate method=tsrag dataset=current_velocity/H term=short
    Total instances: 3528, Series during experiment: 126, Windows: 28
    Collecting ground truth and context...
    Detected to_univariate case: 126 flat series -> 21 series x 6 variates
    Organizing data into arrays...
    Saved predictions (quantiles) to /fslarge/scratch/users/h61084/codes/tsrag_time/outputs/tsrag/evaluations/tsrag/current_velocity/H/short/run_0/predictions.npz
    Computing per-window metrics...
    Saved metrics to /fslarge/scratch/users/h61084/codes/tsrag_time/outputs/tsrag/evaluations/tsrag/current_velocity/H/short/run_0/metrics.npz
    Saved config to /fslarge/scratch/users/h61084/codes/tsrag_time/outputs/tsrag/evaluations/tsrag/current_velocity/H/short/run_0/config.json
    Saved aggregate metrics to /fslarge/scratch/users/h61084/codes/tsrag_time/outputs/tsrag/evaluations/tsrag/current_velocity/H/short/run_0/metrics_summary.json
    Metrics summary (averaged over all series/windows/variates):
      MSE: 6.9019
      MAE: 0.8495
      RMSE: 1.0525
      MAPE: 1947982490416.4927
      sMAPE: 0.4870
      MASE: 0.8485
      ND: 0.3717
      CRPS: 0.3717
TIME run allocation action=new run=/fslarge/scratch/users/h61084/codes/tsrag_time/outputs/tsrag/evaluations/bayes_mixture/current_velocity/H/short/run_0 launch_id=selena_3452080 slurm_job_id=3452080 launched_at=2026-09-18T01:57:26.821203+00:00
[2026-09-18 01:57:26 UTC] evaluate method=bayes_mixture dataset=current_velocity/H term=short
    Total instances: 3528, Series during experiment: 126, Windows: 28
    Collecting ground truth and context...
    Detected to_univariate case: 126 flat series -> 21 series x 6 variates
    Organizing data into arrays...
    Saved predictions (quantiles) to /fslarge/scratch/users/h61084/codes/tsrag_time/outputs/tsrag/evaluations/bayes_mixture/current_velocity/H/short/run_0/predictions.npz
    Computing per-window metrics...
    Saved metrics to /fslarge/scratch/users/h61084/codes/tsrag_time/outputs/tsrag/evaluations/bayes_mixture/current_velocity/H/short/run_0/metrics.npz
    Saved config to /fslarge/scratch/users/h61084/codes/tsrag_time/outputs/tsrag/evaluations/bayes_mixture/current_velocity/H/short/run_0/config.json
    Saved aggregate metrics to /fslarge/scratch/users/h61084/codes/tsrag_time/outputs/tsrag/evaluations/bayes_mixture/current_velocity/H/short/run_0/metrics_summary.json
    Metrics summary (averaged over all series/windows/variates):
      MSE: 6.5290
      MAE: 0.7974
      RMSE: 0.9937
      MAPE: 1940964469158.7798
      sMAPE: 0.4439
      MASE: 0.7051
      ND: 0.3335
      CRPS: 0.3335
TIME run allocation action=new run=/fslarge/scratch/users/h61084/codes/tsrag_time/outputs/tsrag/evaluations/chronos_t5_512/current_velocity/H/medium/run_0 launch_id=selena_3452080 slurm_job_id=3452080 launched_at=2026-09-18T01:57:27.188874+00:00
[2026-09-18 01:57:27 UTC] evaluate method=chronos_t5_512 dataset=current_velocity/H term=medium
    Total instances: 504, Series during experiment: 126, Windows: 4
    Collecting ground truth and context...
    Detected to_univariate case: 126 flat series -> 21 series x 6 variates
    Organizing data into arrays...
    Saved predictions (quantiles) to /fslarge/scratch/users/h61084/codes/tsrag_time/outputs/tsrag/evaluations/chronos_t5_512/current_velocity/H/medium/run_0/predictions.npz
    Computing per-window metrics...
    Saved metrics to /fslarge/scratch/users/h61084/codes/tsrag_time/outputs/tsrag/evaluations/chronos_t5_512/current_velocity/H/medium/run_0/metrics.npz
    Saved config to /fslarge/scratch/users/h61084/codes/tsrag_time/outputs/tsrag/evaluations/chronos_t5_512/current_velocity/H/medium/run_0/config.json
    Saved aggregate metrics to /fslarge/scratch/users/h61084/codes/tsrag_time/outputs/tsrag/evaluations/chronos_t5_512/current_velocity/H/medium/run_0/metrics_summary.json
    Metrics summary (averaged over all series/windows/variates):
      MSE: 13.5018
      MAE: 1.2976
      RMSE: 1.6007
      MAPE: 2170794579800.1597
      sMAPE: 0.6289
      MASE: 1.8867
      ND: 0.4728
      CRPS: 0.4728
TIME run allocation action=new run=/fslarge/scratch/users/h61084/codes/tsrag_time/outputs/tsrag/evaluations/chronos_bolt_512/current_velocity/H/medium/run_0 launch_id=selena_3452080 slurm_job_id=3452080 launched_at=2026-09-18T01:57:27.291783+00:00
[2026-09-18 01:57:27 UTC] evaluate method=chronos_bolt_512 dataset=current_velocity/H term=medium
    Total instances: 504, Series during experiment: 126, Windows: 4
    Collecting ground truth and context...
    Detected to_univariate case: 126 flat series -> 21 series x 6 variates
    Organizing data into arrays...
    Saved predictions (quantiles) to /fslarge/scratch/users/h61084/codes/tsrag_time/outputs/tsrag/evaluations/chronos_bolt_512/current_velocity/H/medium/run_0/predictions.npz
    Computing per-window metrics...
    Saved metrics to /fslarge/scratch/users/h61084/codes/tsrag_time/outputs/tsrag/evaluations/chronos_bolt_512/current_velocity/H/medium/run_0/metrics.npz
    Saved config to /fslarge/scratch/users/h61084/codes/tsrag_time/outputs/tsrag/evaluations/chronos_bolt_512/current_velocity/H/medium/run_0/config.json
    Saved aggregate metrics to /fslarge/scratch/users/h61084/codes/tsrag_time/outputs/tsrag/evaluations/chronos_bolt_512/current_velocity/H/medium/run_0/metrics_summary.json
    Metrics summary (averaged over all series/windows/variates):
      MSE: 11.5964
      MAE: 1.2024
      RMSE: 1.4994
      MAPE: 1957660511548.0801
      sMAPE: 0.6493
      MASE: 1.5496
      ND: 0.5096
      CRPS: 0.5096
TIME run allocation action=new run=/fslarge/scratch/users/h61084/codes/tsrag_time/outputs/tsrag/evaluations/chronos_bolt_max/current_velocity/H/medium/run_0 launch_id=selena_3452080 slurm_job_id=3452080 launched_at=2026-09-18T01:57:27.391187+00:00
[2026-09-18 01:57:27 UTC] evaluate method=chronos_bolt_max dataset=current_velocity/H term=medium
    Total instances: 504, Series during experiment: 126, Windows: 4
    Collecting ground truth and context...
    Detected to_univariate case: 126 flat series -> 21 series x 6 variates
    Organizing data into arrays...
    Saved predictions (quantiles) to /fslarge/scratch/users/h61084/codes/tsrag_time/outputs/tsrag/evaluations/chronos_bolt_max/current_velocity/H/medium/run_0/predictions.npz
    Computing per-window metrics...
    Saved metrics to /fslarge/scratch/users/h61084/codes/tsrag_time/outputs/tsrag/evaluations/chronos_bolt_max/current_velocity/H/medium/run_0/metrics.npz
    Saved config to /fslarge/scratch/users/h61084/codes/tsrag_time/outputs/tsrag/evaluations/chronos_bolt_max/current_velocity/H/medium/run_0/config.json
    Saved aggregate metrics to /fslarge/scratch/users/h61084/codes/tsrag_time/outputs/tsrag/evaluations/chronos_bolt_max/current_velocity/H/medium/run_0/metrics_summary.json
    Metrics summary (averaged over all series/windows/variates):
      MSE: 10.8432
      MAE: 1.1585
      RMSE: 1.4553
      MAPE: 2082794964917.6562
      sMAPE: 0.6425
      MASE: 1.4834
      ND: 0.4845
      CRPS: 0.4845
TIME run allocation action=new run=/fslarge/scratch/users/h61084/codes/tsrag_time/outputs/tsrag/evaluations/chronos2_max/current_velocity/H/medium/run_0 launch_id=selena_3452080 slurm_job_id=3452080 launched_at=2026-09-18T01:57:27.489253+00:00
[2026-09-18 01:57:27 UTC] evaluate method=chronos2_max dataset=current_velocity/H term=medium
    Total instances: 504, Series during experiment: 126, Windows: 4
    Collecting ground truth and context...
    Detected to_univariate case: 126 flat series -> 21 series x 6 variates
    Organizing data into arrays...
    Saved predictions (quantiles) to /fslarge/scratch/users/h61084/codes/tsrag_time/outputs/tsrag/evaluations/chronos2_max/current_velocity/H/medium/run_0/predictions.npz
    Computing per-window metrics...
    Saved metrics to /fslarge/scratch/users/h61084/codes/tsrag_time/outputs/tsrag/evaluations/chronos2_max/current_velocity/H/medium/run_0/metrics.npz
    Saved config to /fslarge/scratch/users/h61084/codes/tsrag_time/outputs/tsrag/evaluations/chronos2_max/current_velocity/H/medium/run_0/config.json
    Saved aggregate metrics to /fslarge/scratch/users/h61084/codes/tsrag_time/outputs/tsrag/evaluations/chronos2_max/current_velocity/H/medium/run_0/metrics_summary.json
    Metrics summary (averaged over all series/windows/variates):
      MSE: 10.9568
      MAE: 1.1122
      RMSE: 1.3904
      MAPE: 2525140945340.7817
      sMAPE: 0.5615
      MASE: 1.1527
      ND: 0.4016
      CRPS: 0.4016
TIME run allocation action=new run=/fslarge/scratch/users/h61084/codes/tsrag_time/outputs/tsrag/evaluations/tsrag/current_velocity/H/medium/run_0 launch_id=selena_3452080 slurm_job_id=3452080 launched_at=2026-09-18T01:57:27.604641+00:00
[2026-09-18 01:57:27 UTC] evaluate method=tsrag dataset=current_velocity/H term=medium
    Total instances: 504, Series during experiment: 126, Windows: 4
    Collecting ground truth and context...
    Detected to_univariate case: 126 flat series -> 21 series x 6 variates
    Organizing data into arrays...
    Saved predictions (quantiles) to /fslarge/scratch/users/h61084/codes/tsrag_time/outputs/tsrag/evaluations/tsrag/current_velocity/H/medium/run_0/predictions.npz
    Computing per-window metrics...
    Saved metrics to /fslarge/scratch/users/h61084/codes/tsrag_time/outputs/tsrag/evaluations/tsrag/current_velocity/H/medium/run_0/metrics.npz
    Saved config to /fslarge/scratch/users/h61084/codes/tsrag_time/outputs/tsrag/evaluations/tsrag/current_velocity/H/medium/run_0/config.json
    Saved aggregate metrics to /fslarge/scratch/users/h61084/codes/tsrag_time/outputs/tsrag/evaluations/tsrag/current_velocity/H/medium/run_0/metrics_summary.json
    Metrics summary (averaged over all series/windows/variates):
      MSE: 11.0797
      MAE: 1.1765
      RMSE: 1.4724
      MAPE: 2052915642294.5173
      sMAPE: 0.6508
      MASE: 1.5323
      ND: 0.4925
      CRPS: 0.4925
TIME run allocation action=new run=/fslarge/scratch/users/h61084/codes/tsrag_time/outputs/tsrag/evaluations/bayes_mixture/current_velocity/H/medium/run_0 launch_id=selena_3452080 slurm_job_id=3452080 launched_at=2026-09-18T01:57:27.742449+00:00
[2026-09-18 01:57:27 UTC] evaluate method=bayes_mixture dataset=current_velocity/H term=medium
    Total instances: 504, Series during experiment: 126, Windows: 4
    Collecting ground truth and context...
    Detected to_univariate case: 126 flat series -> 21 series x 6 variates
    Organizing data into arrays...
    Saved predictions (quantiles) to /fslarge/scratch/users/h61084/codes/tsrag_time/outputs/tsrag/evaluations/bayes_mixture/current_velocity/H/medium/run_0/predictions.npz
    Computing per-window metrics...
    Saved metrics to /fslarge/scratch/users/h61084/codes/tsrag_time/outputs/tsrag/evaluations/bayes_mixture/current_velocity/H/medium/run_0/metrics.npz
    Saved config to /fslarge/scratch/users/h61084/codes/tsrag_time/outputs/tsrag/evaluations/bayes_mixture/current_velocity/H/medium/run_0/config.json
    Saved aggregate metrics to /fslarge/scratch/users/h61084/codes/tsrag_time/outputs/tsrag/evaluations/bayes_mixture/current_velocity/H/medium/run_0/metrics_summary.json
    Metrics summary (averaged over all series/windows/variates):
      MSE: 10.7880
      MAE: 1.1057
      RMSE: 1.3834
      MAPE: 2404883144299.3931
      sMAPE: 0.5679
      MASE: 1.1604
      ND: 0.4038
      CRPS: 0.4038
TIME run allocation action=new run=/fslarge/scratch/users/h61084/codes/tsrag_time/outputs/tsrag/evaluations/chronos_t5_512/current_velocity/H/long/run_0 launch_id=selena_3452080 slurm_job_id=3452080 launched_at=2026-09-18T01:57:27.860582+00:00
[2026-09-18 01:57:27 UTC] evaluate method=chronos_t5_512 dataset=current_velocity/H term=long
    Total instances: 252, Series during experiment: 126, Windows: 2
    Collecting ground truth and context...
    Detected to_univariate case: 126 flat series -> 21 series x 6 variates
    Organizing data into arrays...
    Saved predictions (quantiles) to /fslarge/scratch/users/h61084/codes/tsrag_time/outputs/tsrag/evaluations/chronos_t5_512/current_velocity/H/long/run_0/predictions.npz
    Computing per-window metrics...
    Saved metrics to /fslarge/scratch/users/h61084/codes/tsrag_time/outputs/tsrag/evaluations/chronos_t5_512/current_velocity/H/long/run_0/metrics.npz
    Saved config to /fslarge/scratch/users/h61084/codes/tsrag_time/outputs/tsrag/evaluations/chronos_t5_512/current_velocity/H/long/run_0/config.json
    Saved aggregate metrics to /fslarge/scratch/users/h61084/codes/tsrag_time/outputs/tsrag/evaluations/chronos_t5_512/current_velocity/H/long/run_0/metrics_summary.json
    Metrics summary (averaged over all series/windows/variates):
      MSE: 14.0011
      MAE: 1.3658
      RMSE: 1.6994
      MAPE: 1983929797919.8669
      sMAPE: 0.6656
      MASE: 2.2080
      ND: 0.4909
      CRPS: 0.4909
TIME run allocation action=new run=/fslarge/scratch/users/h61084/codes/tsrag_time/outputs/tsrag/evaluations/chronos_bolt_512/current_velocity/H/long/run_0 launch_id=selena_3452080 slurm_job_id=3452080 launched_at=2026-09-18T01:57:27.942124+00:00
[2026-09-18 01:57:27 UTC] evaluate method=chronos_bolt_512 dataset=current_velocity/H term=long
    Total instances: 252, Series during experiment: 126, Windows: 2
    Collecting ground truth and context...
    Detected to_univariate case: 126 flat series -> 21 series x 6 variates
    Organizing data into arrays...
    Saved predictions (quantiles) to /fslarge/scratch/users/h61084/codes/tsrag_time/outputs/tsrag/evaluations/chronos_bolt_512/current_velocity/H/long/run_0/predictions.npz
    Computing per-window metrics...
    Saved metrics to /fslarge/scratch/users/h61084/codes/tsrag_time/outputs/tsrag/evaluations/chronos_bolt_512/current_velocity/H/long/run_0/metrics.npz
    Saved config to /fslarge/scratch/users/h61084/codes/tsrag_time/outputs/tsrag/evaluations/chronos_bolt_512/current_velocity/H/long/run_0/config.json
    Saved aggregate metrics to /fslarge/scratch/users/h61084/codes/tsrag_time/outputs/tsrag/evaluations/chronos_bolt_512/current_velocity/H/long/run_0/metrics_summary.json
    Metrics summary (averaged over all series/windows/variates):
      MSE: 13.3757
      MAE: 1.2836
      RMSE: 1.6184
      MAPE: 1854028816878.2034
      sMAPE: 0.6719
      MASE: 1.7015
      ND: 0.5147
      CRPS: 0.5147
TIME run allocation action=new run=/fslarge/scratch/users/h61084/codes/tsrag_time/outputs/tsrag/evaluations/chronos_bolt_max/current_velocity/H/long/run_0 launch_id=selena_3452080 slurm_job_id=3452080 launched_at=2026-09-18T01:57:28.020843+00:00
[2026-09-18 01:57:28 UTC] evaluate method=chronos_bolt_max dataset=current_velocity/H term=long
    Total instances: 252, Series during experiment: 126, Windows: 2
    Collecting ground truth and context...
    Detected to_univariate case: 126 flat series -> 21 series x 6 variates
    Organizing data into arrays...
    Saved predictions (quantiles) to /fslarge/scratch/users/h61084/codes/tsrag_time/outputs/tsrag/evaluations/chronos_bolt_max/current_velocity/H/long/run_0/predictions.npz
    Computing per-window metrics...
    Saved metrics to /fslarge/scratch/users/h61084/codes/tsrag_time/outputs/tsrag/evaluations/chronos_bolt_max/current_velocity/H/long/run_0/metrics.npz
    Saved config to /fslarge/scratch/users/h61084/codes/tsrag_time/outputs/tsrag/evaluations/chronos_bolt_max/current_velocity/H/long/run_0/config.json
    Saved aggregate metrics to /fslarge/scratch/users/h61084/codes/tsrag_time/outputs/tsrag/evaluations/chronos_bolt_max/current_velocity/H/long/run_0/metrics_summary.json
    Metrics summary (averaged over all series/windows/variates):
      MSE: 11.8038
      MAE: 1.2344
      RMSE: 1.5632
      MAPE: 2119241958802.5740
      sMAPE: 0.6646
      MASE: 1.6267
      ND: 0.4879
      CRPS: 0.4879
TIME run allocation action=new run=/fslarge/scratch/users/h61084/codes/tsrag_time/outputs/tsrag/evaluations/chronos2_max/current_velocity/H/long/run_0 launch_id=selena_3452080 slurm_job_id=3452080 launched_at=2026-09-18T01:57:28.098687+00:00
[2026-09-18 01:57:28 UTC] evaluate method=chronos2_max dataset=current_velocity/H term=long
    Total instances: 252, Series during experiment: 126, Windows: 2
    Collecting ground truth and context...
    Detected to_univariate case: 126 flat series -> 21 series x 6 variates
    Organizing data into arrays...
    Saved predictions (quantiles) to /fslarge/scratch/users/h61084/codes/tsrag_time/outputs/tsrag/evaluations/chronos2_max/current_velocity/H/long/run_0/predictions.npz
    Computing per-window metrics...
    Saved metrics to /fslarge/scratch/users/h61084/codes/tsrag_time/outputs/tsrag/evaluations/chronos2_max/current_velocity/H/long/run_0/metrics.npz
    Saved config to /fslarge/scratch/users/h61084/codes/tsrag_time/outputs/tsrag/evaluations/chronos2_max/current_velocity/H/long/run_0/config.json
    Saved aggregate metrics to /fslarge/scratch/users/h61084/codes/tsrag_time/outputs/tsrag/evaluations/chronos2_max/current_velocity/H/long/run_0/metrics_summary.json
    Metrics summary (averaged over all series/windows/variates):
      MSE: 11.7062
      MAE: 1.1858
      RMSE: 1.4933
      MAPE: 2265187324714.3076
      sMAPE: 0.6041
      MASE: 1.3406
      ND: 0.4294
      CRPS: 0.4294
TIME run allocation action=new run=/fslarge/scratch/users/h61084/codes/tsrag_time/outputs/tsrag/evaluations/tsrag/current_velocity/H/long/run_0 launch_id=selena_3452080 slurm_job_id=3452080 launched_at=2026-09-18T01:57:28.190440+00:00
[2026-09-18 01:57:28 UTC] evaluate method=tsrag dataset=current_velocity/H term=long
    Total instances: 252, Series during experiment: 126, Windows: 2
    Collecting ground truth and context...
    Detected to_univariate case: 126 flat series -> 21 series x 6 variates
    Organizing data into arrays...
    Saved predictions (quantiles) to /fslarge/scratch/users/h61084/codes/tsrag_time/outputs/tsrag/evaluations/tsrag/current_velocity/H/long/run_0/predictions.npz
    Computing per-window metrics...
    Saved metrics to /fslarge/scratch/users/h61084/codes/tsrag_time/outputs/tsrag/evaluations/tsrag/current_velocity/H/long/run_0/metrics.npz
    Saved config to /fslarge/scratch/users/h61084/codes/tsrag_time/outputs/tsrag/evaluations/tsrag/current_velocity/H/long/run_0/config.json
    Saved aggregate metrics to /fslarge/scratch/users/h61084/codes/tsrag_time/outputs/tsrag/evaluations/tsrag/current_velocity/H/long/run_0/metrics_summary.json
    Metrics summary (averaged over all series/windows/variates):
      MSE: 12.5941
      MAE: 1.2525
      RMSE: 1.5835
      MAPE: 2087204509371.6023
      sMAPE: 0.6736
      MASE: 1.6596
      ND: 0.4987
      CRPS: 0.4987
TIME run allocation action=new run=/fslarge/scratch/users/h61084/codes/tsrag_time/outputs/tsrag/evaluations/bayes_mixture/current_velocity/H/long/run_0 launch_id=selena_3452080 slurm_job_id=3452080 launched_at=2026-09-18T01:57:28.305682+00:00
[2026-09-18 01:57:28 UTC] evaluate method=bayes_mixture dataset=current_velocity/H term=long
    Total instances: 252, Series during experiment: 126, Windows: 2
    Collecting ground truth and context...
    Detected to_univariate case: 126 flat series -> 21 series x 6 variates
    Organizing data into arrays...
    Saved predictions (quantiles) to /fslarge/scratch/users/h61084/codes/tsrag_time/outputs/tsrag/evaluations/bayes_mixture/current_velocity/H/long/run_0/predictions.npz
    Computing per-window metrics...
    Saved metrics to /fslarge/scratch/users/h61084/codes/tsrag_time/outputs/tsrag/evaluations/bayes_mixture/current_velocity/H/long/run_0/metrics.npz
    Saved config to /fslarge/scratch/users/h61084/codes/tsrag_time/outputs/tsrag/evaluations/bayes_mixture/current_velocity/H/long/run_0/config.json
    Saved aggregate metrics to /fslarge/scratch/users/h61084/codes/tsrag_time/outputs/tsrag/evaluations/bayes_mixture/current_velocity/H/long/run_0/metrics_summary.json
    Metrics summary (averaged over all series/windows/variates):
      MSE: 11.5785
      MAE: 1.1782
      RMSE: 1.4860
      MAPE: 2131745087730.0823
      sMAPE: 0.6078
      MASE: 1.3454
      ND: 0.4305
      CRPS: 0.4305
TIME run allocation action=new run=/fslarge/scratch/users/h61084/codes/tsrag_time/outputs/tsrag/evaluations/chronos_t5_512/CPHL/15T/short/run_0 launch_id=selena_3452080 slurm_job_id=3452080 launched_at=2026-09-18T01:57:28.392420+00:00
[2026-09-18 01:57:28 UTC] evaluate method=chronos_t5_512 dataset=CPHL/15T term=short
    Total instances: 240, Series during experiment: 2, Windows: 120
    Collecting ground truth and context...
    Organizing data into arrays...
    Saved predictions (quantiles) to /fslarge/scratch/users/h61084/codes/tsrag_time/outputs/tsrag/evaluations/chronos_t5_512/CPHL/15T/short/run_0/predictions.npz
    Computing per-window metrics...
    Saved metrics to /fslarge/scratch/users/h61084/codes/tsrag_time/outputs/tsrag/evaluations/chronos_t5_512/CPHL/15T/short/run_0/metrics.npz
    Saved config to /fslarge/scratch/users/h61084/codes/tsrag_time/outputs/tsrag/evaluations/chronos_t5_512/CPHL/15T/short/run_0/config.json
    Saved aggregate metrics to /fslarge/scratch/users/h61084/codes/tsrag_time/outputs/tsrag/evaluations/chronos_t5_512/CPHL/15T/short/run_0/metrics_summary.json
    Metrics summary (averaged over all series/windows/variates):
      MSE: 0.0715
      MAE: 0.1430
      RMSE: 0.1672
      MAPE: 0.1923
      sMAPE: 0.1854
      MASE: 0.6817
      ND: 0.1873
      CRPS: 0.1873
TIME run allocation action=new run=/fslarge/scratch/users/h61084/codes/tsrag_time/outputs/tsrag/evaluations/chronos_bolt_512/CPHL/15T/short/run_0 launch_id=selena_3452080 slurm_job_id=3452080 launched_at=2026-09-18T01:57:28.441078+00:00
[2026-09-18 01:57:28 UTC] evaluate method=chronos_bolt_512 dataset=CPHL/15T term=short
    Total instances: 240, Series during experiment: 2, Windows: 120
    Collecting ground truth and context...
    Organizing data into arrays...
    Saved predictions (quantiles) to /fslarge/scratch/users/h61084/codes/tsrag_time/outputs/tsrag/evaluations/chronos_bolt_512/CPHL/15T/short/run_0/predictions.npz
    Computing per-window metrics...
    Saved metrics to /fslarge/scratch/users/h61084/codes/tsrag_time/outputs/tsrag/evaluations/chronos_bolt_512/CPHL/15T/short/run_0/metrics.npz
    Saved config to /fslarge/scratch/users/h61084/codes/tsrag_time/outputs/tsrag/evaluations/chronos_bolt_512/CPHL/15T/short/run_0/config.json
    Saved aggregate metrics to /fslarge/scratch/users/h61084/codes/tsrag_time/outputs/tsrag/evaluations/chronos_bolt_512/CPHL/15T/short/run_0/metrics_summary.json
    Metrics summary (averaged over all series/windows/variates):
      MSE: 0.0660
      MAE: 0.1413
      RMSE: 0.1641
      MAPE: 0.1988
      sMAPE: 0.1851
      MASE: 0.6680
      ND: 0.1901
      CRPS: 0.1901
TIME run allocation action=new run=/fslarge/scratch/users/h61084/codes/tsrag_time/outputs/tsrag/evaluations/chronos_bolt_max/CPHL/15T/short/run_0 launch_id=selena_3452080 slurm_job_id=3452080 launched_at=2026-09-18T01:57:28.487500+00:00
[2026-09-18 01:57:28 UTC] evaluate method=chronos_bolt_max dataset=CPHL/15T term=short
    Total instances: 240, Series during experiment: 2, Windows: 120
    Collecting ground truth and context...
    Organizing data into arrays...
    Saved predictions (quantiles) to /fslarge/scratch/users/h61084/codes/tsrag_time/outputs/tsrag/evaluations/chronos_bolt_max/CPHL/15T/short/run_0/predictions.npz
    Computing per-window metrics...
    Saved metrics to /fslarge/scratch/users/h61084/codes/tsrag_time/outputs/tsrag/evaluations/chronos_bolt_max/CPHL/15T/short/run_0/metrics.npz
    Saved config to /fslarge/scratch/users/h61084/codes/tsrag_time/outputs/tsrag/evaluations/chronos_bolt_max/CPHL/15T/short/run_0/config.json
    Saved aggregate metrics to /fslarge/scratch/users/h61084/codes/tsrag_time/outputs/tsrag/evaluations/chronos_bolt_max/CPHL/15T/short/run_0/metrics_summary.json
    Metrics summary (averaged over all series/windows/variates):
      MSE: 0.0652
      MAE: 0.1387
      RMSE: 0.1624
      MAPE: 0.1952
      sMAPE: 0.1801
      MASE: 0.6561
      ND: 0.1871
      CRPS: 0.1871
TIME run allocation action=new run=/fslarge/scratch/users/h61084/codes/tsrag_time/outputs/tsrag/evaluations/chronos2_max/CPHL/15T/short/run_0 launch_id=selena_3452080 slurm_job_id=3452080 launched_at=2026-09-18T01:57:28.533445+00:00
[2026-09-18 01:57:28 UTC] evaluate method=chronos2_max dataset=CPHL/15T term=short
    Total instances: 240, Series during experiment: 2, Windows: 120
    Collecting ground truth and context...
    Organizing data into arrays...
    Saved predictions (quantiles) to /fslarge/scratch/users/h61084/codes/tsrag_time/outputs/tsrag/evaluations/chronos2_max/CPHL/15T/short/run_0/predictions.npz
    Computing per-window metrics...
    Saved metrics to /fslarge/scratch/users/h61084/codes/tsrag_time/outputs/tsrag/evaluations/chronos2_max/CPHL/15T/short/run_0/metrics.npz
    Saved config to /fslarge/scratch/users/h61084/codes/tsrag_time/outputs/tsrag/evaluations/chronos2_max/CPHL/15T/short/run_0/config.json
    Saved aggregate metrics to /fslarge/scratch/users/h61084/codes/tsrag_time/outputs/tsrag/evaluations/chronos2_max/CPHL/15T/short/run_0/metrics_summary.json
    Metrics summary (averaged over all series/windows/variates):
      MSE: 0.0638
      MAE: 0.1378
      RMSE: 0.1612
      MAPE: 0.1945
      sMAPE: 0.1776
      MASE: 0.6512
      ND: 0.1859
      CRPS: 0.1859
TIME run allocation action=new run=/fslarge/scratch/users/h61084/codes/tsrag_time/outputs/tsrag/evaluations/tsrag/CPHL/15T/short/run_0 launch_id=selena_3452080 slurm_job_id=3452080 launched_at=2026-09-18T01:57:28.593622+00:00
[2026-09-18 01:57:28 UTC] evaluate method=tsrag dataset=CPHL/15T term=short
    Total instances: 240, Series during experiment: 2, Windows: 120
    Collecting ground truth and context...
    Organizing data into arrays...
    Saved predictions (quantiles) to /fslarge/scratch/users/h61084/codes/tsrag_time/outputs/tsrag/evaluations/tsrag/CPHL/15T/short/run_0/predictions.npz
    Computing per-window metrics...
    Saved metrics to /fslarge/scratch/users/h61084/codes/tsrag_time/outputs/tsrag/evaluations/tsrag/CPHL/15T/short/run_0/metrics.npz
    Saved config to /fslarge/scratch/users/h61084/codes/tsrag_time/outputs/tsrag/evaluations/tsrag/CPHL/15T/short/run_0/config.json
    Saved aggregate metrics to /fslarge/scratch/users/h61084/codes/tsrag_time/outputs/tsrag/evaluations/tsrag/CPHL/15T/short/run_0/metrics_summary.json
    Metrics summary (averaged over all series/windows/variates):
      MSE: 0.0651
      MAE: 0.1403
      RMSE: 0.1637
      MAPE: 0.1978
      sMAPE: 0.1833
      MASE: 0.6630
      ND: 0.1898
      CRPS: 0.1898
TIME run allocation action=new run=/fslarge/scratch/users/h61084/codes/tsrag_time/outputs/tsrag/evaluations/bayes_mixture/CPHL/15T/short/run_0 launch_id=selena_3452080 slurm_job_id=3452080 launched_at=2026-09-18T01:57:28.677927+00:00
[2026-09-18 01:57:28 UTC] evaluate method=bayes_mixture dataset=CPHL/15T term=short
    Total instances: 240, Series during experiment: 2, Windows: 120
    Collecting ground truth and context...
    Organizing data into arrays...
    Saved predictions (quantiles) to /fslarge/scratch/users/h61084/codes/tsrag_time/outputs/tsrag/evaluations/bayes_mixture/CPHL/15T/short/run_0/predictions.npz
    Computing per-window metrics...
    Saved metrics to /fslarge/scratch/users/h61084/codes/tsrag_time/outputs/tsrag/evaluations/bayes_mixture/CPHL/15T/short/run_0/metrics.npz
    Saved config to /fslarge/scratch/users/h61084/codes/tsrag_time/outputs/tsrag/evaluations/bayes_mixture/CPHL/15T/short/run_0/config.json
    Saved aggregate metrics to /fslarge/scratch/users/h61084/codes/tsrag_time/outputs/tsrag/evaluations/bayes_mixture/CPHL/15T/short/run_0/metrics_summary.json
    Metrics summary (averaged over all series/windows/variates):
      MSE: 0.0638
      MAE: 0.1375
      RMSE: 0.1610
      MAPE: 0.1939
      sMAPE: 0.1780
      MASE: 0.6498
      ND: 0.1856
      CRPS: 0.1856
TIME run allocation action=new run=/fslarge/scratch/users/h61084/codes/tsrag_time/outputs/tsrag/evaluations/chronos_t5_512/CPHL/15T/medium/run_0 launch_id=selena_3452080 slurm_job_id=3452080 launched_at=2026-09-18T01:57:28.732631+00:00
[2026-09-18 01:57:28 UTC] evaluate method=chronos_t5_512 dataset=CPHL/15T term=medium
    Total instances: 30, Series during experiment: 2, Windows: 15
    Collecting ground truth and context...
    Organizing data into arrays...
    Saved predictions (quantiles) to /fslarge/scratch/users/h61084/codes/tsrag_time/outputs/tsrag/evaluations/chronos_t5_512/CPHL/15T/medium/run_0/predictions.npz
    Computing per-window metrics...
    Saved metrics to /fslarge/scratch/users/h61084/codes/tsrag_time/outputs/tsrag/evaluations/chronos_t5_512/CPHL/15T/medium/run_0/metrics.npz
    Saved config to /fslarge/scratch/users/h61084/codes/tsrag_time/outputs/tsrag/evaluations/chronos_t5_512/CPHL/15T/medium/run_0/config.json
    Saved aggregate metrics to /fslarge/scratch/users/h61084/codes/tsrag_time/outputs/tsrag/evaluations/chronos_t5_512/CPHL/15T/medium/run_0/metrics_summary.json
    Metrics summary (averaged over all series/windows/variates):
      MSE: 0.1512
      MAE: 0.2438
      RMSE: 0.3031
      MAPE: 0.3980
      sMAPE: 0.3218
      MASE: 1.1967
      ND: 0.3295
      CRPS: 0.3295
TIME run allocation action=new run=/fslarge/scratch/users/h61084/codes/tsrag_time/outputs/tsrag/evaluations/chronos_bolt_512/CPHL/15T/medium/run_0 launch_id=selena_3452080 slurm_job_id=3452080 launched_at=2026-09-18T01:57:28.762537+00:00
[2026-09-18 01:57:28 UTC] evaluate method=chronos_bolt_512 dataset=CPHL/15T term=medium
    Total instances: 30, Series during experiment: 2, Windows: 15
    Collecting ground truth and context...
    Organizing data into arrays...
    Saved predictions (quantiles) to /fslarge/scratch/users/h61084/codes/tsrag_time/outputs/tsrag/evaluations/chronos_bolt_512/CPHL/15T/medium/run_0/predictions.npz
    Computing per-window metrics...
    Saved metrics to /fslarge/scratch/users/h61084/codes/tsrag_time/outputs/tsrag/evaluations/chronos_bolt_512/CPHL/15T/medium/run_0/metrics.npz
    Saved config to /fslarge/scratch/users/h61084/codes/tsrag_time/outputs/tsrag/evaluations/chronos_bolt_512/CPHL/15T/medium/run_0/config.json
    Saved aggregate metrics to /fslarge/scratch/users/h61084/codes/tsrag_time/outputs/tsrag/evaluations/chronos_bolt_512/CPHL/15T/medium/run_0/metrics_summary.json
    Metrics summary (averaged over all series/windows/variates):
      MSE: 0.1241
      MAE: 0.2219
      RMSE: 0.2807
      MAPE: 0.3587
      sMAPE: 0.3022
      MASE: 1.0949
      ND: 0.3038
      CRPS: 0.3038
TIME run allocation action=new run=/fslarge/scratch/users/h61084/codes/tsrag_time/outputs/tsrag/evaluations/chronos_bolt_max/CPHL/15T/medium/run_0 launch_id=selena_3452080 slurm_job_id=3452080 launched_at=2026-09-18T01:57:28.789507+00:00
[2026-09-18 01:57:28 UTC] evaluate method=chronos_bolt_max dataset=CPHL/15T term=medium
    Total instances: 30, Series during experiment: 2, Windows: 15
    Collecting ground truth and context...
    Organizing data into arrays...
    Saved predictions (quantiles) to /fslarge/scratch/users/h61084/codes/tsrag_time/outputs/tsrag/evaluations/chronos_bolt_max/CPHL/15T/medium/run_0/predictions.npz
    Computing per-window metrics...
    Saved metrics to /fslarge/scratch/users/h61084/codes/tsrag_time/outputs/tsrag/evaluations/chronos_bolt_max/CPHL/15T/medium/run_0/metrics.npz
    Saved config to /fslarge/scratch/users/h61084/codes/tsrag_time/outputs/tsrag/evaluations/chronos_bolt_max/CPHL/15T/medium/run_0/config.json
    Saved aggregate metrics to /fslarge/scratch/users/h61084/codes/tsrag_time/outputs/tsrag/evaluations/chronos_bolt_max/CPHL/15T/medium/run_0/metrics_summary.json
    Metrics summary (averaged over all series/windows/variates):
      MSE: 0.1237
      MAE: 0.2165
      RMSE: 0.2740
      MAPE: 0.3424
      sMAPE: 0.2924
      MASE: 1.0637
      ND: 0.2915
      CRPS: 0.2915
TIME run allocation action=new run=/fslarge/scratch/users/h61084/codes/tsrag_time/outputs/tsrag/evaluations/chronos2_max/CPHL/15T/medium/run_0 launch_id=selena_3452080 slurm_job_id=3452080 launched_at=2026-09-18T01:57:28.816029+00:00
[2026-09-18 01:57:28 UTC] evaluate method=chronos2_max dataset=CPHL/15T term=medium
    Total instances: 30, Series during experiment: 2, Windows: 15
    Collecting ground truth and context...
    Organizing data into arrays...
    Saved predictions (quantiles) to /fslarge/scratch/users/h61084/codes/tsrag_time/outputs/tsrag/evaluations/chronos2_max/CPHL/15T/medium/run_0/predictions.npz
    Computing per-window metrics...
    Saved metrics to /fslarge/scratch/users/h61084/codes/tsrag_time/outputs/tsrag/evaluations/chronos2_max/CPHL/15T/medium/run_0/metrics.npz
    Saved config to /fslarge/scratch/users/h61084/codes/tsrag_time/outputs/tsrag/evaluations/chronos2_max/CPHL/15T/medium/run_0/config.json
    Saved aggregate metrics to /fslarge/scratch/users/h61084/codes/tsrag_time/outputs/tsrag/evaluations/chronos2_max/CPHL/15T/medium/run_0/metrics_summary.json
    Metrics summary (averaged over all series/windows/variates):
      MSE: 0.1238
      MAE: 0.2186
      RMSE: 0.2766
      MAPE: 0.3434
      sMAPE: 0.2942
      MASE: 1.0652
      ND: 0.2928
      CRPS: 0.2928
TIME run allocation action=new run=/fslarge/scratch/users/h61084/codes/tsrag_time/outputs/tsrag/evaluations/tsrag/CPHL/15T/medium/run_0 launch_id=selena_3452080 slurm_job_id=3452080 launched_at=2026-09-18T01:57:28.856780+00:00
[2026-09-18 01:57:28 UTC] evaluate method=tsrag dataset=CPHL/15T term=medium
    Total instances: 30, Series during experiment: 2, Windows: 15
    Collecting ground truth and context...
    Organizing data into arrays...
    Saved predictions (quantiles) to /fslarge/scratch/users/h61084/codes/tsrag_time/outputs/tsrag/evaluations/tsrag/CPHL/15T/medium/run_0/predictions.npz
    Computing per-window metrics...
    Saved metrics to /fslarge/scratch/users/h61084/codes/tsrag_time/outputs/tsrag/evaluations/tsrag/CPHL/15T/medium/run_0/metrics.npz
    Saved config to /fslarge/scratch/users/h61084/codes/tsrag_time/outputs/tsrag/evaluations/tsrag/CPHL/15T/medium/run_0/config.json
    Saved aggregate metrics to /fslarge/scratch/users/h61084/codes/tsrag_time/outputs/tsrag/evaluations/tsrag/CPHL/15T/medium/run_0/metrics_summary.json
    Metrics summary (averaged over all series/windows/variates):
      MSE: 0.1303
      MAE: 0.2241
      RMSE: 0.2822
      MAPE: 0.3513
      sMAPE: 0.3029
      MASE: 1.0973
      ND: 0.3031
      CRPS: 0.3031
TIME run allocation action=new run=/fslarge/scratch/users/h61084/codes/tsrag_time/outputs/tsrag/evaluations/bayes_mixture/CPHL/15T/medium/run_0 launch_id=selena_3452080 slurm_job_id=3452080 launched_at=2026-09-18T01:57:28.921364+00:00
[2026-09-18 01:57:28 UTC] evaluate method=bayes_mixture dataset=CPHL/15T term=medium
    Total instances: 30, Series during experiment: 2, Windows: 15
    Collecting ground truth and context...
    Organizing data into arrays...
    Saved predictions (quantiles) to /fslarge/scratch/users/h61084/codes/tsrag_time/outputs/tsrag/evaluations/bayes_mixture/CPHL/15T/medium/run_0/predictions.npz
    Computing per-window metrics...
    Saved metrics to /fslarge/scratch/users/h61084/codes/tsrag_time/outputs/tsrag/evaluations/bayes_mixture/CPHL/15T/medium/run_0/metrics.npz
    Saved config to /fslarge/scratch/users/h61084/codes/tsrag_time/outputs/tsrag/evaluations/bayes_mixture/CPHL/15T/medium/run_0/config.json
    Saved aggregate metrics to /fslarge/scratch/users/h61084/codes/tsrag_time/outputs/tsrag/evaluations/bayes_mixture/CPHL/15T/medium/run_0/metrics_summary.json
    Metrics summary (averaged over all series/windows/variates):
      MSE: 0.1236
      MAE: 0.2171
      RMSE: 0.2749
      MAPE: 0.3411
      sMAPE: 0.2924
      MASE: 1.0599
      ND: 0.2914
      CRPS: 0.2914
TIME run allocation action=new run=/fslarge/scratch/users/h61084/codes/tsrag_time/outputs/tsrag/evaluations/chronos_t5_512/CPHL/15T/long/run_0 launch_id=selena_3452080 slurm_job_id=3452080 launched_at=2026-09-18T01:57:28.955899+00:00
[2026-09-18 01:57:28 UTC] evaluate method=chronos_t5_512 dataset=CPHL/15T term=long
    Total instances: 10, Series during experiment: 2, Windows: 5
    Collecting ground truth and context...
    Organizing data into arrays...
    Saved predictions (quantiles) to /fslarge/scratch/users/h61084/codes/tsrag_time/outputs/tsrag/evaluations/chronos_t5_512/CPHL/15T/long/run_0/predictions.npz
    Computing per-window metrics...
    Saved metrics to /fslarge/scratch/users/h61084/codes/tsrag_time/outputs/tsrag/evaluations/chronos_t5_512/CPHL/15T/long/run_0/metrics.npz
    Saved config to /fslarge/scratch/users/h61084/codes/tsrag_time/outputs/tsrag/evaluations/chronos_t5_512/CPHL/15T/long/run_0/config.json
    Saved aggregate metrics to /fslarge/scratch/users/h61084/codes/tsrag_time/outputs/tsrag/evaluations/chronos_t5_512/CPHL/15T/long/run_0/metrics_summary.json
    Metrics summary (averaged over all series/windows/variates):
      MSE: 0.1292
      MAE: 0.2290
      RMSE: 0.3065
      MAPE: 0.3841
      sMAPE: 0.3081
      MASE: 1.1537
      ND: 0.3147
      CRPS: 0.3147
TIME run allocation action=new run=/fslarge/scratch/users/h61084/codes/tsrag_time/outputs/tsrag/evaluations/chronos_bolt_512/CPHL/15T/long/run_0 launch_id=selena_3452080 slurm_job_id=3452080 launched_at=2026-09-18T01:57:28.983519+00:00
[2026-09-18 01:57:28 UTC] evaluate method=chronos_bolt_512 dataset=CPHL/15T term=long
    Total instances: 10, Series during experiment: 2, Windows: 5
    Collecting ground truth and context...
    Organizing data into arrays...
    Saved predictions (quantiles) to /fslarge/scratch/users/h61084/codes/tsrag_time/outputs/tsrag/evaluations/chronos_bolt_512/CPHL/15T/long/run_0/predictions.npz
    Computing per-window metrics...
    Saved metrics to /fslarge/scratch/users/h61084/codes/tsrag_time/outputs/tsrag/evaluations/chronos_bolt_512/CPHL/15T/long/run_0/metrics.npz
    Saved config to /fslarge/scratch/users/h61084/codes/tsrag_time/outputs/tsrag/evaluations/chronos_bolt_512/CPHL/15T/long/run_0/config.json
    Saved aggregate metrics to /fslarge/scratch/users/h61084/codes/tsrag_time/outputs/tsrag/evaluations/chronos_bolt_512/CPHL/15T/long/run_0/metrics_summary.json
    Metrics summary (averaged over all series/windows/variates):
      MSE: 0.1436
      MAE: 0.2494
      RMSE: 0.3288
      MAPE: 0.3822
      sMAPE: 0.3428
      MASE: 1.2662
      ND: 0.3434
      CRPS: 0.3434
TIME run allocation action=new run=/fslarge/scratch/users/h61084/codes/tsrag_time/outputs/tsrag/evaluations/chronos_bolt_max/CPHL/15T/long/run_0 launch_id=selena_3452080 slurm_job_id=3452080 launched_at=2026-09-18T01:57:29.008680+00:00
[2026-09-18 01:57:29 UTC] evaluate method=chronos_bolt_max dataset=CPHL/15T term=long
    Total instances: 10, Series during experiment: 2, Windows: 5
    Collecting ground truth and context...
    Organizing data into arrays...
    Saved predictions (quantiles) to /fslarge/scratch/users/h61084/codes/tsrag_time/outputs/tsrag/evaluations/chronos_bolt_max/CPHL/15T/long/run_0/predictions.npz
    Computing per-window metrics...
    Saved metrics to /fslarge/scratch/users/h61084/codes/tsrag_time/outputs/tsrag/evaluations/chronos_bolt_max/CPHL/15T/long/run_0/metrics.npz
    Saved config to /fslarge/scratch/users/h61084/codes/tsrag_time/outputs/tsrag/evaluations/chronos_bolt_max/CPHL/15T/long/run_0/config.json
    Saved aggregate metrics to /fslarge/scratch/users/h61084/codes/tsrag_time/outputs/tsrag/evaluations/chronos_bolt_max/CPHL/15T/long/run_0/metrics_summary.json
    Metrics summary (averaged over all series/windows/variates):
      MSE: 0.1346
      MAE: 0.2401
      RMSE: 0.3164
      MAPE: 0.3809
      sMAPE: 0.3273
      MASE: 1.2028
      ND: 0.3301
      CRPS: 0.3301
TIME run allocation action=new run=/fslarge/scratch/users/h61084/codes/tsrag_time/outputs/tsrag/evaluations/chronos2_max/CPHL/15T/long/run_0 launch_id=selena_3452080 slurm_job_id=3452080 launched_at=2026-09-18T01:57:29.032636+00:00
[2026-09-18 01:57:29 UTC] evaluate method=chronos2_max dataset=CPHL/15T term=long
    Total instances: 10, Series during experiment: 2, Windows: 5
    Collecting ground truth and context...
    Organizing data into arrays...
    Saved predictions (quantiles) to /fslarge/scratch/users/h61084/codes/tsrag_time/outputs/tsrag/evaluations/chronos2_max/CPHL/15T/long/run_0/predictions.npz
    Computing per-window metrics...
    Saved metrics to /fslarge/scratch/users/h61084/codes/tsrag_time/outputs/tsrag/evaluations/chronos2_max/CPHL/15T/long/run_0/metrics.npz
    Saved config to /fslarge/scratch/users/h61084/codes/tsrag_time/outputs/tsrag/evaluations/chronos2_max/CPHL/15T/long/run_0/config.json
    Saved aggregate metrics to /fslarge/scratch/users/h61084/codes/tsrag_time/outputs/tsrag/evaluations/chronos2_max/CPHL/15T/long/run_0/metrics_summary.json
    Metrics summary (averaged over all series/windows/variates):
      MSE: 0.1268
      MAE: 0.2303
      RMSE: 0.3097
      MAPE: 0.3676
      sMAPE: 0.3149
      MASE: 1.1569
      ND: 0.3148
      CRPS: 0.3148
TIME run allocation action=new run=/fslarge/scratch/users/h61084/codes/tsrag_time/outputs/tsrag/evaluations/tsrag/CPHL/15T/long/run_0 launch_id=selena_3452080 slurm_job_id=3452080 launched_at=2026-09-18T01:57:29.071298+00:00
[2026-09-18 01:57:29 UTC] evaluate method=tsrag dataset=CPHL/15T term=long
    Total instances: 10, Series during experiment: 2, Windows: 5
    Collecting ground truth and context...
    Organizing data into arrays...
    Saved predictions (quantiles) to /fslarge/scratch/users/h61084/codes/tsrag_time/outputs/tsrag/evaluations/tsrag/CPHL/15T/long/run_0/predictions.npz
    Computing per-window metrics...
    Saved metrics to /fslarge/scratch/users/h61084/codes/tsrag_time/outputs/tsrag/evaluations/tsrag/CPHL/15T/long/run_0/metrics.npz
    Saved config to /fslarge/scratch/users/h61084/codes/tsrag_time/outputs/tsrag/evaluations/tsrag/CPHL/15T/long/run_0/config.json
    Saved aggregate metrics to /fslarge/scratch/users/h61084/codes/tsrag_time/outputs/tsrag/evaluations/tsrag/CPHL/15T/long/run_0/metrics_summary.json
    Metrics summary (averaged over all series/windows/variates):
      MSE: 0.1346
      MAE: 0.2401
      RMSE: 0.3164
      MAPE: 0.3809
      sMAPE: 0.3273
      MASE: 1.2028
      ND: 0.3301
      CRPS: 0.3301
TIME run allocation action=new run=/fslarge/scratch/users/h61084/codes/tsrag_time/outputs/tsrag/evaluations/bayes_mixture/CPHL/15T/long/run_0 launch_id=selena_3452080 slurm_job_id=3452080 launched_at=2026-09-18T01:57:29.133466+00:00
[2026-09-18 01:57:29 UTC] evaluate method=bayes_mixture dataset=CPHL/15T term=long
    Total instances: 10, Series during experiment: 2, Windows: 5
    Collecting ground truth and context...
    Organizing data into arrays...
    Saved predictions (quantiles) to /fslarge/scratch/users/h61084/codes/tsrag_time/outputs/tsrag/evaluations/bayes_mixture/CPHL/15T/long/run_0/predictions.npz
    Computing per-window metrics...
    Saved metrics to /fslarge/scratch/users/h61084/codes/tsrag_time/outputs/tsrag/evaluations/bayes_mixture/CPHL/15T/long/run_0/metrics.npz
    Saved config to /fslarge/scratch/users/h61084/codes/tsrag_time/outputs/tsrag/evaluations/bayes_mixture/CPHL/15T/long/run_0/config.json
    Saved aggregate metrics to /fslarge/scratch/users/h61084/codes/tsrag_time/outputs/tsrag/evaluations/bayes_mixture/CPHL/15T/long/run_0/metrics_summary.json
    Metrics summary (averaged over all series/windows/variates):
      MSE: 0.1278
      MAE: 0.2319
      RMSE: 0.3094
      MAPE: 0.3692
      sMAPE: 0.3165
      MASE: 1.1638
      ND: 0.3181
      CRPS: 0.3181
TIME run allocation action=new run=/fslarge/scratch/users/h61084/codes/tsrag_time/outputs/tsrag/evaluations/chronos_t5_512/CPHL/30T/short/run_0 launch_id=selena_3452080 slurm_job_id=3452080 launched_at=2026-09-18T01:57:29.166730+00:00
[2026-09-18 01:57:29 UTC] evaluate method=chronos_t5_512 dataset=CPHL/30T term=short
    Total instances: 240, Series during experiment: 2, Windows: 120
    Collecting ground truth and context...
    Organizing data into arrays...
    Saved predictions (quantiles) to /fslarge/scratch/users/h61084/codes/tsrag_time/outputs/tsrag/evaluations/chronos_t5_512/CPHL/30T/short/run_0/predictions.npz
    Computing per-window metrics...
    Saved metrics to /fslarge/scratch/users/h61084/codes/tsrag_time/outputs/tsrag/evaluations/chronos_t5_512/CPHL/30T/short/run_0/metrics.npz
    Saved config to /fslarge/scratch/users/h61084/codes/tsrag_time/outputs/tsrag/evaluations/chronos_t5_512/CPHL/30T/short/run_0/config.json
    Saved aggregate metrics to /fslarge/scratch/users/h61084/codes/tsrag_time/outputs/tsrag/evaluations/chronos_t5_512/CPHL/30T/short/run_0/metrics_summary.json
    Metrics summary (averaged over all series/windows/variates):
      MSE: 0.9371
      MAE: 0.5333
      RMSE: 0.6460
      MAPE: 0.3822
      sMAPE: 0.3470
      MASE: 1.5879
      ND: 0.3221
      CRPS: 0.3221
TIME run allocation action=new run=/fslarge/scratch/users/h61084/codes/tsrag_time/outputs/tsrag/evaluations/chronos_bolt_512/CPHL/30T/short/run_0 launch_id=selena_3452080 slurm_job_id=3452080 launched_at=2026-09-18T01:57:29.221567+00:00
[2026-09-18 01:57:29 UTC] evaluate method=chronos_bolt_512 dataset=CPHL/30T term=short
    Total instances: 240, Series during experiment: 2, Windows: 120
    Collecting ground truth and context...
    Organizing data into arrays...
    Saved predictions (quantiles) to /fslarge/scratch/users/h61084/codes/tsrag_time/outputs/tsrag/evaluations/chronos_bolt_512/CPHL/30T/short/run_0/predictions.npz
    Computing per-window metrics...
    Saved metrics to /fslarge/scratch/users/h61084/codes/tsrag_time/outputs/tsrag/evaluations/chronos_bolt_512/CPHL/30T/short/run_0/metrics.npz
    Saved config to /fslarge/scratch/users/h61084/codes/tsrag_time/outputs/tsrag/evaluations/chronos_bolt_512/CPHL/30T/short/run_0/config.json
    Saved aggregate metrics to /fslarge/scratch/users/h61084/codes/tsrag_time/outputs/tsrag/evaluations/chronos_bolt_512/CPHL/30T/short/run_0/metrics_summary.json
    Metrics summary (averaged over all series/windows/variates):
      MSE: 0.6481
      MAE: 0.4712
      RMSE: 0.5679
      MAPE: 0.4143
      sMAPE: 0.3080
      MASE: 1.4392
      ND: 0.3087
      CRPS: 0.3087
TIME run allocation action=new run=/fslarge/scratch/users/h61084/codes/tsrag_time/outputs/tsrag/evaluations/chronos_bolt_max/CPHL/30T/short/run_0 launch_id=selena_3452080 slurm_job_id=3452080 launched_at=2026-09-18T01:57:29.273354+00:00
[2026-09-18 01:57:29 UTC] evaluate method=chronos_bolt_max dataset=CPHL/30T term=short
    Total instances: 240, Series during experiment: 2, Windows: 120
    Collecting ground truth and context...
    Organizing data into arrays...
    Saved predictions (quantiles) to /fslarge/scratch/users/h61084/codes/tsrag_time/outputs/tsrag/evaluations/chronos_bolt_max/CPHL/30T/short/run_0/predictions.npz
    Computing per-window metrics...
    Saved metrics to /fslarge/scratch/users/h61084/codes/tsrag_time/outputs/tsrag/evaluations/chronos_bolt_max/CPHL/30T/short/run_0/metrics.npz
    Saved config to /fslarge/scratch/users/h61084/codes/tsrag_time/outputs/tsrag/evaluations/chronos_bolt_max/CPHL/30T/short/run_0/config.json
    Saved aggregate metrics to /fslarge/scratch/users/h61084/codes/tsrag_time/outputs/tsrag/evaluations/chronos_bolt_max/CPHL/30T/short/run_0/metrics_summary.json
    Metrics summary (averaged over all series/windows/variates):
      MSE: 0.6439
      MAE: 0.4658
      RMSE: 0.5679
      MAPE: 0.3936
      sMAPE: 0.2999
      MASE: 1.4041
      ND: 0.2962
      CRPS: 0.2962
TIME run allocation action=new run=/fslarge/scratch/users/h61084/codes/tsrag_time/outputs/tsrag/evaluations/chronos2_max/CPHL/30T/short/run_0 launch_id=selena_3452080 slurm_job_id=3452080 launched_at=2026-09-18T01:57:29.324880+00:00
[2026-09-18 01:57:29 UTC] evaluate method=chronos2_max dataset=CPHL/30T term=short
    Total instances: 240, Series during experiment: 2, Windows: 120
    Collecting ground truth and context...
    Organizing data into arrays...
    Saved predictions (quantiles) to /fslarge/scratch/users/h61084/codes/tsrag_time/outputs/tsrag/evaluations/chronos2_max/CPHL/30T/short/run_0/predictions.npz
    Computing per-window metrics...
    Saved metrics to /fslarge/scratch/users/h61084/codes/tsrag_time/outputs/tsrag/evaluations/chronos2_max/CPHL/30T/short/run_0/metrics.npz
    Saved config to /fslarge/scratch/users/h61084/codes/tsrag_time/outputs/tsrag/evaluations/chronos2_max/CPHL/30T/short/run_0/config.json
    Saved aggregate metrics to /fslarge/scratch/users/h61084/codes/tsrag_time/outputs/tsrag/evaluations/chronos2_max/CPHL/30T/short/run_0/metrics_summary.json
    Metrics summary (averaged over all series/windows/variates):
      MSE: 0.6417
      MAE: 0.4646
      RMSE: 0.5627
      MAPE: 0.3677
      sMAPE: 0.2924
      MASE: 1.3695
      ND: 0.2852
      CRPS: 0.2852
TIME run allocation action=new run=/fslarge/scratch/users/h61084/codes/tsrag_time/outputs/tsrag/evaluations/tsrag/CPHL/30T/short/run_0 launch_id=selena_3452080 slurm_job_id=3452080 launched_at=2026-09-18T01:57:29.391143+00:00
[2026-09-18 01:57:29 UTC] evaluate method=tsrag dataset=CPHL/30T term=short
    Total instances: 240, Series during experiment: 2, Windows: 120
    Collecting ground truth and context...
    Organizing data into arrays...
    Saved predictions (quantiles) to /fslarge/scratch/users/h61084/codes/tsrag_time/outputs/tsrag/evaluations/tsrag/CPHL/30T/short/run_0/predictions.npz
    Computing per-window metrics...
    Saved metrics to /fslarge/scratch/users/h61084/codes/tsrag_time/outputs/tsrag/evaluations/tsrag/CPHL/30T/short/run_0/metrics.npz
    Saved config to /fslarge/scratch/users/h61084/codes/tsrag_time/outputs/tsrag/evaluations/tsrag/CPHL/30T/short/run_0/config.json
    Saved aggregate metrics to /fslarge/scratch/users/h61084/codes/tsrag_time/outputs/tsrag/evaluations/tsrag/CPHL/30T/short/run_0/metrics_summary.json
    Metrics summary (averaged over all series/windows/variates):
      MSE: 0.6441
      MAE: 0.4668
      RMSE: 0.5689
      MAPE: 0.3966
      sMAPE: 0.3025
      MASE: 1.4155
      ND: 0.2990
      CRPS: 0.2990
TIME run allocation action=new run=/fslarge/scratch/users/h61084/codes/tsrag_time/outputs/tsrag/evaluations/bayes_mixture/CPHL/30T/short/run_0 launch_id=selena_3452080 slurm_job_id=3452080 launched_at=2026-09-18T01:57:29.496958+00:00
[2026-09-18 01:57:29 UTC] evaluate method=bayes_mixture dataset=CPHL/30T term=short
    Total instances: 240, Series during experiment: 2, Windows: 120
    Collecting ground truth and context...
    Organizing data into arrays...
    Saved predictions (quantiles) to /fslarge/scratch/users/h61084/codes/tsrag_time/outputs/tsrag/evaluations/bayes_mixture/CPHL/30T/short/run_0/predictions.npz
    Computing per-window metrics...
    Saved metrics to /fslarge/scratch/users/h61084/codes/tsrag_time/outputs/tsrag/evaluations/bayes_mixture/CPHL/30T/short/run_0/metrics.npz
    Saved config to /fslarge/scratch/users/h61084/codes/tsrag_time/outputs/tsrag/evaluations/bayes_mixture/CPHL/30T/short/run_0/config.json
    Saved aggregate metrics to /fslarge/scratch/users/h61084/codes/tsrag_time/outputs/tsrag/evaluations/bayes_mixture/CPHL/30T/short/run_0/metrics_summary.json
    Metrics summary (averaged over all series/windows/variates):
      MSE: 0.6354
      MAE: 0.4624
      RMSE: 0.5616
      MAPE: 0.3742
      sMAPE: 0.2918
      MASE: 1.3687
      ND: 0.2862
      CRPS: 0.2862
TIME run allocation action=new run=/fslarge/scratch/users/h61084/codes/tsrag_time/outputs/tsrag/evaluations/chronos_t5_512/CPHL/30T/medium/run_0 launch_id=selena_3452080 slurm_job_id=3452080 launched_at=2026-09-18T01:57:29.557136+00:00
[2026-09-18 01:57:29 UTC] evaluate method=chronos_t5_512 dataset=CPHL/30T term=medium
    Total instances: 60, Series during experiment: 2, Windows: 30
    Collecting ground truth and context...
    Organizing data into arrays...
    Saved predictions (quantiles) to /fslarge/scratch/users/h61084/codes/tsrag_time/outputs/tsrag/evaluations/chronos_t5_512/CPHL/30T/medium/run_0/predictions.npz
    Computing per-window metrics...
    Saved metrics to /fslarge/scratch/users/h61084/codes/tsrag_time/outputs/tsrag/evaluations/chronos_t5_512/CPHL/30T/medium/run_0/metrics.npz
    Saved config to /fslarge/scratch/users/h61084/codes/tsrag_time/outputs/tsrag/evaluations/chronos_t5_512/CPHL/30T/medium/run_0/config.json
    Saved aggregate metrics to /fslarge/scratch/users/h61084/codes/tsrag_time/outputs/tsrag/evaluations/chronos_t5_512/CPHL/30T/medium/run_0/metrics_summary.json
    Metrics summary (averaged over all series/windows/variates):
      MSE: 1.1477
      MAE: 0.6212
      RMSE: 0.7562
      MAPE: 0.4569
      sMAPE: 0.4262
      MASE: 1.8775
      ND: 0.3857
      CRPS: 0.3857
TIME run allocation action=new run=/fslarge/scratch/users/h61084/codes/tsrag_time/outputs/tsrag/evaluations/chronos_bolt_512/CPHL/30T/medium/run_0 launch_id=selena_3452080 slurm_job_id=3452080 launched_at=2026-09-18T01:57:29.590332+00:00
[2026-09-18 01:57:29 UTC] evaluate method=chronos_bolt_512 dataset=CPHL/30T term=medium
    Total instances: 60, Series during experiment: 2, Windows: 30
    Collecting ground truth and context...
    Organizing data into arrays...
    Saved predictions (quantiles) to /fslarge/scratch/users/h61084/codes/tsrag_time/outputs/tsrag/evaluations/chronos_bolt_512/CPHL/30T/medium/run_0/predictions.npz
    Computing per-window metrics...
    Saved metrics to /fslarge/scratch/users/h61084/codes/tsrag_time/outputs/tsrag/evaluations/chronos_bolt_512/CPHL/30T/medium/run_0/metrics.npz
    Saved config to /fslarge/scratch/users/h61084/codes/tsrag_time/outputs/tsrag/evaluations/chronos_bolt_512/CPHL/30T/medium/run_0/config.json
    Saved aggregate metrics to /fslarge/scratch/users/h61084/codes/tsrag_time/outputs/tsrag/evaluations/chronos_bolt_512/CPHL/30T/medium/run_0/metrics_summary.json
    Metrics summary (averaged over all series/windows/variates):
      MSE: 0.7502
      MAE: 0.5178
      RMSE: 0.6309
      MAPE: 0.4851
      sMAPE: 0.3421
      MASE: 1.5800
      ND: 0.3412
      CRPS: 0.3412
TIME run allocation action=new run=/fslarge/scratch/users/h61084/codes/tsrag_time/outputs/tsrag/evaluations/chronos_bolt_max/CPHL/30T/medium/run_0 launch_id=selena_3452080 slurm_job_id=3452080 launched_at=2026-09-18T01:57:29.621658+00:00
[2026-09-18 01:57:29 UTC] evaluate method=chronos_bolt_max dataset=CPHL/30T term=medium
    Total instances: 60, Series during experiment: 2, Windows: 30
    Collecting ground truth and context...
    Organizing data into arrays...
    Saved predictions (quantiles) to /fslarge/scratch/users/h61084/codes/tsrag_time/outputs/tsrag/evaluations/chronos_bolt_max/CPHL/30T/medium/run_0/predictions.npz
    Computing per-window metrics...
    Saved metrics to /fslarge/scratch/users/h61084/codes/tsrag_time/outputs/tsrag/evaluations/chronos_bolt_max/CPHL/30T/medium/run_0/metrics.npz
    Saved config to /fslarge/scratch/users/h61084/codes/tsrag_time/outputs/tsrag/evaluations/chronos_bolt_max/CPHL/30T/medium/run_0/config.json
    Saved aggregate metrics to /fslarge/scratch/users/h61084/codes/tsrag_time/outputs/tsrag/evaluations/chronos_bolt_max/CPHL/30T/medium/run_0/metrics_summary.json
    Metrics summary (averaged over all series/windows/variates):
      MSE: 0.7536
      MAE: 0.5195
      RMSE: 0.6372
      MAPE: 0.4635
      sMAPE: 0.3432
      MASE: 1.5695
      ND: 0.3360
      CRPS: 0.3360
TIME run allocation action=new run=/fslarge/scratch/users/h61084/codes/tsrag_time/outputs/tsrag/evaluations/chronos2_max/CPHL/30T/medium/run_0 launch_id=selena_3452080 slurm_job_id=3452080 launched_at=2026-09-18T01:57:29.651862+00:00
[2026-09-18 01:57:29 UTC] evaluate method=chronos2_max dataset=CPHL/30T term=medium
    Total instances: 60, Series during experiment: 2, Windows: 30
    Collecting ground truth and context...
    Organizing data into arrays...
    Saved predictions (quantiles) to /fslarge/scratch/users/h61084/codes/tsrag_time/outputs/tsrag/evaluations/chronos2_max/CPHL/30T/medium/run_0/predictions.npz
    Computing per-window metrics...
    Saved metrics to /fslarge/scratch/users/h61084/codes/tsrag_time/outputs/tsrag/evaluations/chronos2_max/CPHL/30T/medium/run_0/metrics.npz
    Saved config to /fslarge/scratch/users/h61084/codes/tsrag_time/outputs/tsrag/evaluations/chronos2_max/CPHL/30T/medium/run_0/config.json
    Saved aggregate metrics to /fslarge/scratch/users/h61084/codes/tsrag_time/outputs/tsrag/evaluations/chronos2_max/CPHL/30T/medium/run_0/metrics_summary.json
    Metrics summary (averaged over all series/windows/variates):
      MSE: 0.7479
      MAE: 0.5134
      RMSE: 0.6303
      MAPE: 0.4312
      sMAPE: 0.3324
      MASE: 1.5182
      ND: 0.3229
      CRPS: 0.3229
TIME run allocation action=new run=/fslarge/scratch/users/h61084/codes/tsrag_time/outputs/tsrag/evaluations/tsrag/CPHL/30T/medium/run_0 launch_id=selena_3452080 slurm_job_id=3452080 launched_at=2026-09-18T01:57:29.696799+00:00
[2026-09-18 01:57:29 UTC] evaluate method=tsrag dataset=CPHL/30T term=medium
    Total instances: 60, Series during experiment: 2, Windows: 30
    Collecting ground truth and context...
    Organizing data into arrays...
    Saved predictions (quantiles) to /fslarge/scratch/users/h61084/codes/tsrag_time/outputs/tsrag/evaluations/tsrag/CPHL/30T/medium/run_0/predictions.npz
    Computing per-window metrics...
    Saved metrics to /fslarge/scratch/users/h61084/codes/tsrag_time/outputs/tsrag/evaluations/tsrag/CPHL/30T/medium/run_0/metrics.npz
    Saved config to /fslarge/scratch/users/h61084/codes/tsrag_time/outputs/tsrag/evaluations/tsrag/CPHL/30T/medium/run_0/config.json
    Saved aggregate metrics to /fslarge/scratch/users/h61084/codes/tsrag_time/outputs/tsrag/evaluations/tsrag/CPHL/30T/medium/run_0/metrics_summary.json
    Metrics summary (averaged over all series/windows/variates):
      MSE: 0.7538
      MAE: 0.5207
      RMSE: 0.6385
      MAPE: 0.4681
      sMAPE: 0.3466
      MASE: 1.5831
      ND: 0.3394
      CRPS: 0.3394
TIME run allocation action=new run=/fslarge/scratch/users/h61084/codes/tsrag_time/outputs/tsrag/evaluations/bayes_mixture/CPHL/30T/medium/run_0 launch_id=selena_3452080 slurm_job_id=3452080 launched_at=2026-09-18T01:57:29.765245+00:00
[2026-09-18 01:57:29 UTC] evaluate method=bayes_mixture dataset=CPHL/30T term=medium
    Total instances: 60, Series during experiment: 2, Windows: 30
    Collecting ground truth and context...
    Organizing data into arrays...
    Saved predictions (quantiles) to /fslarge/scratch/users/h61084/codes/tsrag_time/outputs/tsrag/evaluations/bayes_mixture/CPHL/30T/medium/run_0/predictions.npz
    Computing per-window metrics...
    Saved metrics to /fslarge/scratch/users/h61084/codes/tsrag_time/outputs/tsrag/evaluations/bayes_mixture/CPHL/30T/medium/run_0/metrics.npz
    Saved config to /fslarge/scratch/users/h61084/codes/tsrag_time/outputs/tsrag/evaluations/bayes_mixture/CPHL/30T/medium/run_0/config.json
    Saved aggregate metrics to /fslarge/scratch/users/h61084/codes/tsrag_time/outputs/tsrag/evaluations/bayes_mixture/CPHL/30T/medium/run_0/metrics_summary.json
    Metrics summary (averaged over all series/windows/variates):
      MSE: 0.7431
      MAE: 0.5125
      RMSE: 0.6294
      MAPE: 0.4406
      sMAPE: 0.3323
      MASE: 1.5191
      ND: 0.3245
      CRPS: 0.3245
TIME run allocation action=new run=/fslarge/scratch/users/h61084/codes/tsrag_time/outputs/tsrag/evaluations/chronos_t5_512/CPHL/30T/long/run_0 launch_id=selena_3452080 slurm_job_id=3452080 launched_at=2026-09-18T01:57:29.804502+00:00
[2026-09-18 01:57:29 UTC] evaluate method=chronos_t5_512 dataset=CPHL/30T term=long
    Total instances: 20, Series during experiment: 2, Windows: 10
    Collecting ground truth and context...
    Organizing data into arrays...
    Saved predictions (quantiles) to /fslarge/scratch/users/h61084/codes/tsrag_time/outputs/tsrag/evaluations/chronos_t5_512/CPHL/30T/long/run_0/predictions.npz
    Computing per-window metrics...
    Saved metrics to /fslarge/scratch/users/h61084/codes/tsrag_time/outputs/tsrag/evaluations/chronos_t5_512/CPHL/30T/long/run_0/metrics.npz
    Saved config to /fslarge/scratch/users/h61084/codes/tsrag_time/outputs/tsrag/evaluations/chronos_t5_512/CPHL/30T/long/run_0/config.json
    Saved aggregate metrics to /fslarge/scratch/users/h61084/codes/tsrag_time/outputs/tsrag/evaluations/chronos_t5_512/CPHL/30T/long/run_0/metrics_summary.json
    Metrics summary (averaged over all series/windows/variates):
      MSE: 1.4239
      MAE: 0.7242
      RMSE: 0.8727
      MAPE: 0.6388
      sMAPE: 0.5290
      MASE: 2.2890
      ND: 0.4754
      CRPS: 0.4754
TIME run allocation action=new run=/fslarge/scratch/users/h61084/codes/tsrag_time/outputs/tsrag/evaluations/chronos_bolt_512/CPHL/30T/long/run_0 launch_id=selena_3452080 slurm_job_id=3452080 launched_at=2026-09-18T01:57:29.833374+00:00
[2026-09-18 01:57:29 UTC] evaluate method=chronos_bolt_512 dataset=CPHL/30T term=long
    Total instances: 20, Series during experiment: 2, Windows: 10
    Collecting ground truth and context...
    Organizing data into arrays...
    Saved predictions (quantiles) to /fslarge/scratch/users/h61084/codes/tsrag_time/outputs/tsrag/evaluations/chronos_bolt_512/CPHL/30T/long/run_0/predictions.npz
    Computing per-window metrics...
    Saved metrics to /fslarge/scratch/users/h61084/codes/tsrag_time/outputs/tsrag/evaluations/chronos_bolt_512/CPHL/30T/long/run_0/metrics.npz
    Saved config to /fslarge/scratch/users/h61084/codes/tsrag_time/outputs/tsrag/evaluations/chronos_bolt_512/CPHL/30T/long/run_0/config.json
    Saved aggregate metrics to /fslarge/scratch/users/h61084/codes/tsrag_time/outputs/tsrag/evaluations/chronos_bolt_512/CPHL/30T/long/run_0/metrics_summary.json
    Metrics summary (averaged over all series/windows/variates):
      MSE: 1.0173
      MAE: 0.6041
      RMSE: 0.7359
      MAPE: 0.6111
      sMAPE: 0.4237
      MASE: 1.8994
      ND: 0.4096
      CRPS: 0.4096
TIME run allocation action=new run=/fslarge/scratch/users/h61084/codes/tsrag_time/outputs/tsrag/evaluations/chronos_bolt_max/CPHL/30T/long/run_0 launch_id=selena_3452080 slurm_job_id=3452080 launched_at=2026-09-18T01:57:29.860274+00:00
[2026-09-18 01:57:29 UTC] evaluate method=chronos_bolt_max dataset=CPHL/30T term=long
    Total instances: 20, Series during experiment: 2, Windows: 10
    Collecting ground truth and context...
    Organizing data into arrays...
    Saved predictions (quantiles) to /fslarge/scratch/users/h61084/codes/tsrag_time/outputs/tsrag/evaluations/chronos_bolt_max/CPHL/30T/long/run_0/predictions.npz
    Computing per-window metrics...
    Saved metrics to /fslarge/scratch/users/h61084/codes/tsrag_time/outputs/tsrag/evaluations/chronos_bolt_max/CPHL/30T/long/run_0/metrics.npz
    Saved config to /fslarge/scratch/users/h61084/codes/tsrag_time/outputs/tsrag/evaluations/chronos_bolt_max/CPHL/30T/long/run_0/config.json
    Saved aggregate metrics to /fslarge/scratch/users/h61084/codes/tsrag_time/outputs/tsrag/evaluations/chronos_bolt_max/CPHL/30T/long/run_0/metrics_summary.json
    Metrics summary (averaged over all series/windows/variates):
      MSE: 1.0076
      MAE: 0.6106
      RMSE: 0.7453
      MAPE: 0.5646
      sMAPE: 0.4302
      MASE: 1.9159
      ND: 0.3980
      CRPS: 0.3980
TIME run allocation action=new run=/fslarge/scratch/users/h61084/codes/tsrag_time/outputs/tsrag/evaluations/chronos2_max/CPHL/30T/long/run_0 launch_id=selena_3452080 slurm_job_id=3452080 launched_at=2026-09-18T01:57:29.886461+00:00
[2026-09-18 01:57:29 UTC] evaluate method=chronos2_max dataset=CPHL/30T term=long
    Total instances: 20, Series during experiment: 2, Windows: 10
    Collecting ground truth and context...
    Organizing data into arrays...
    Saved predictions (quantiles) to /fslarge/scratch/users/h61084/codes/tsrag_time/outputs/tsrag/evaluations/chronos2_max/CPHL/30T/long/run_0/predictions.npz
    Computing per-window metrics...
    Saved metrics to /fslarge/scratch/users/h61084/codes/tsrag_time/outputs/tsrag/evaluations/chronos2_max/CPHL/30T/long/run_0/metrics.npz
    Saved config to /fslarge/scratch/users/h61084/codes/tsrag_time/outputs/tsrag/evaluations/chronos2_max/CPHL/30T/long/run_0/config.json
    Saved aggregate metrics to /fslarge/scratch/users/h61084/codes/tsrag_time/outputs/tsrag/evaluations/chronos2_max/CPHL/30T/long/run_0/metrics_summary.json
    Metrics summary (averaged over all series/windows/variates):
      MSE: 0.8957
      MAE: 0.5742
      RMSE: 0.7055
      MAPE: 0.5006
      sMAPE: 0.4063
      MASE: 1.7965
      ND: 0.3692
      CRPS: 0.3692
TIME run allocation action=new run=/fslarge/scratch/users/h61084/codes/tsrag_time/outputs/tsrag/evaluations/tsrag/CPHL/30T/long/run_0 launch_id=selena_3452080 slurm_job_id=3452080 launched_at=2026-09-18T01:57:29.926755+00:00
[2026-09-18 01:57:29 UTC] evaluate method=tsrag dataset=CPHL/30T term=long
    Total instances: 20, Series during experiment: 2, Windows: 10
    Collecting ground truth and context...
    Organizing data into arrays...
    Saved predictions (quantiles) to /fslarge/scratch/users/h61084/codes/tsrag_time/outputs/tsrag/evaluations/tsrag/CPHL/30T/long/run_0/predictions.npz
    Computing per-window metrics...
    Saved metrics to /fslarge/scratch/users/h61084/codes/tsrag_time/outputs/tsrag/evaluations/tsrag/CPHL/30T/long/run_0/metrics.npz
    Saved config to /fslarge/scratch/users/h61084/codes/tsrag_time/outputs/tsrag/evaluations/tsrag/CPHL/30T/long/run_0/config.json
    Saved aggregate metrics to /fslarge/scratch/users/h61084/codes/tsrag_time/outputs/tsrag/evaluations/tsrag/CPHL/30T/long/run_0/metrics_summary.json
    Metrics summary (averaged over all series/windows/variates):
      MSE: 1.0077
      MAE: 0.6113
      RMSE: 0.7460
      MAPE: 0.5685
      sMAPE: 0.4323
      MASE: 1.9234
      ND: 0.4004
      CRPS: 0.4004
TIME run allocation action=new run=/fslarge/scratch/users/h61084/codes/tsrag_time/outputs/tsrag/evaluations/bayes_mixture/CPHL/30T/long/run_0 launch_id=selena_3452080 slurm_job_id=3452080 launched_at=2026-09-18T01:57:29.990363+00:00
[2026-09-18 01:57:29 UTC] evaluate method=bayes_mixture dataset=CPHL/30T term=long
    Total instances: 20, Series during experiment: 2, Windows: 10
    Collecting ground truth and context...
    Organizing data into arrays...
    Saved predictions (quantiles) to /fslarge/scratch/users/h61084/codes/tsrag_time/outputs/tsrag/evaluations/bayes_mixture/CPHL/30T/long/run_0/predictions.npz
    Computing per-window metrics...
    Saved metrics to /fslarge/scratch/users/h61084/codes/tsrag_time/outputs/tsrag/evaluations/bayes_mixture/CPHL/30T/long/run_0/metrics.npz
    Saved config to /fslarge/scratch/users/h61084/codes/tsrag_time/outputs/tsrag/evaluations/bayes_mixture/CPHL/30T/long/run_0/config.json
    Saved aggregate metrics to /fslarge/scratch/users/h61084/codes/tsrag_time/outputs/tsrag/evaluations/bayes_mixture/CPHL/30T/long/run_0/metrics_summary.json
    Metrics summary (averaged over all series/windows/variates):
      MSE: 0.9247
      MAE: 0.5822
      RMSE: 0.7131
      MAPE: 0.5173
      sMAPE: 0.4079
      MASE: 1.8018
      ND: 0.3728
      CRPS: 0.3728
TIME run allocation action=new run=/fslarge/scratch/users/h61084/codes/tsrag_time/outputs/tsrag/evaluations/chronos_t5_512/CPHL/H/short/run_0 launch_id=selena_3452080 slurm_job_id=3452080 launched_at=2026-09-18T01:57:30.025559+00:00
[2026-09-18 01:57:30 UTC] evaluate method=chronos_t5_512 dataset=CPHL/H term=short
    Total instances: 112, Series during experiment: 4, Windows: 28
    Collecting ground truth and context...
    Organizing data into arrays...
    Saved predictions (quantiles) to /fslarge/scratch/users/h61084/codes/tsrag_time/outputs/tsrag/evaluations/chronos_t5_512/CPHL/H/short/run_0/predictions.npz
    Computing per-window metrics...
    Saved metrics to /fslarge/scratch/users/h61084/codes/tsrag_time/outputs/tsrag/evaluations/chronos_t5_512/CPHL/H/short/run_0/metrics.npz
    Saved config to /fslarge/scratch/users/h61084/codes/tsrag_time/outputs/tsrag/evaluations/chronos_t5_512/CPHL/H/short/run_0/config.json
    Saved aggregate metrics to /fslarge/scratch/users/h61084/codes/tsrag_time/outputs/tsrag/evaluations/chronos_t5_512/CPHL/H/short/run_0/metrics_summary.json
    Metrics summary (averaged over all series/windows/variates):
      MSE: 0.4073
      MAE: 0.3517
      RMSE: 0.4317
      MAPE: 0.3237
      sMAPE: 0.3089
      MASE: 1.3128
      ND: 0.2897
      CRPS: 0.2897
TIME run allocation action=new run=/fslarge/scratch/users/h61084/codes/tsrag_time/outputs/tsrag/evaluations/chronos_bolt_512/CPHL/H/short/run_0 launch_id=selena_3452080 slurm_job_id=3452080 launched_at=2026-09-18T01:57:30.061625+00:00
[2026-09-18 01:57:30 UTC] evaluate method=chronos_bolt_512 dataset=CPHL/H term=short
    Total instances: 112, Series during experiment: 4, Windows: 28
    Collecting ground truth and context...
    Organizing data into arrays...
    Saved predictions (quantiles) to /fslarge/scratch/users/h61084/codes/tsrag_time/outputs/tsrag/evaluations/chronos_bolt_512/CPHL/H/short/run_0/predictions.npz
    Computing per-window metrics...
    Saved metrics to /fslarge/scratch/users/h61084/codes/tsrag_time/outputs/tsrag/evaluations/chronos_bolt_512/CPHL/H/short/run_0/metrics.npz
    Saved config to /fslarge/scratch/users/h61084/codes/tsrag_time/outputs/tsrag/evaluations/chronos_bolt_512/CPHL/H/short/run_0/config.json
    Saved aggregate metrics to /fslarge/scratch/users/h61084/codes/tsrag_time/outputs/tsrag/evaluations/chronos_bolt_512/CPHL/H/short/run_0/metrics_summary.json
    Metrics summary (averaged over all series/windows/variates):
      MSE: 0.3756
      MAE: 0.3526
      RMSE: 0.4259
      MAPE: 0.3506
      sMAPE: 0.3072
      MASE: 1.3221
      ND: 0.3022
      CRPS: 0.3022
TIME run allocation action=new run=/fslarge/scratch/users/h61084/codes/tsrag_time/outputs/tsrag/evaluations/chronos_bolt_max/CPHL/H/short/run_0 launch_id=selena_3452080 slurm_job_id=3452080 launched_at=2026-09-18T01:57:30.095612+00:00
[2026-09-18 01:57:30 UTC] evaluate method=chronos_bolt_max dataset=CPHL/H term=short
    Total instances: 112, Series during experiment: 4, Windows: 28
    Collecting ground truth and context...
    Organizing data into arrays...
    Saved predictions (quantiles) to /fslarge/scratch/users/h61084/codes/tsrag_time/outputs/tsrag/evaluations/chronos_bolt_max/CPHL/H/short/run_0/predictions.npz
    Computing per-window metrics...
    Saved metrics to /fslarge/scratch/users/h61084/codes/tsrag_time/outputs/tsrag/evaluations/chronos_bolt_max/CPHL/H/short/run_0/metrics.npz
    Saved config to /fslarge/scratch/users/h61084/codes/tsrag_time/outputs/tsrag/evaluations/chronos_bolt_max/CPHL/H/short/run_0/config.json
    Saved aggregate metrics to /fslarge/scratch/users/h61084/codes/tsrag_time/outputs/tsrag/evaluations/chronos_bolt_max/CPHL/H/short/run_0/metrics_summary.json
    Metrics summary (averaged over all series/windows/variates):
      MSE: 0.3898
      MAE: 0.3531
      RMSE: 0.4289
      MAPE: 0.3400
      sMAPE: 0.3042
      MASE: 1.3161
      ND: 0.2990
      CRPS: 0.2990
TIME run allocation action=new run=/fslarge/scratch/users/h61084/codes/tsrag_time/outputs/tsrag/evaluations/chronos2_max/CPHL/H/short/run_0 launch_id=selena_3452080 slurm_job_id=3452080 launched_at=2026-09-18T01:57:30.128929+00:00
[2026-09-18 01:57:30 UTC] evaluate method=chronos2_max dataset=CPHL/H term=short
    Total instances: 112, Series during experiment: 4, Windows: 28
    Collecting ground truth and context...
    Organizing data into arrays...
    Saved predictions (quantiles) to /fslarge/scratch/users/h61084/codes/tsrag_time/outputs/tsrag/evaluations/chronos2_max/CPHL/H/short/run_0/predictions.npz
    Computing per-window metrics...
    Saved metrics to /fslarge/scratch/users/h61084/codes/tsrag_time/outputs/tsrag/evaluations/chronos2_max/CPHL/H/short/run_0/metrics.npz
    Saved config to /fslarge/scratch/users/h61084/codes/tsrag_time/outputs/tsrag/evaluations/chronos2_max/CPHL/H/short/run_0/config.json
    Saved aggregate metrics to /fslarge/scratch/users/h61084/codes/tsrag_time/outputs/tsrag/evaluations/chronos2_max/CPHL/H/short/run_0/metrics_summary.json
    Metrics summary (averaged over all series/windows/variates):
      MSE: 0.3634
      MAE: 0.3390
      RMSE: 0.4102
      MAPE: 0.3331
      sMAPE: 0.2884
      MASE: 1.2422
      ND: 0.2836
      CRPS: 0.2836
TIME run allocation action=new run=/fslarge/scratch/users/h61084/codes/tsrag_time/outputs/tsrag/evaluations/tsrag/CPHL/H/short/run_0 launch_id=selena_3452080 slurm_job_id=3452080 launched_at=2026-09-18T01:57:30.177258+00:00
[2026-09-18 01:57:30 UTC] evaluate method=tsrag dataset=CPHL/H term=short
    Total instances: 112, Series during experiment: 4, Windows: 28
    Collecting ground truth and context...
    Organizing data into arrays...
    Saved predictions (quantiles) to /fslarge/scratch/users/h61084/codes/tsrag_time/outputs/tsrag/evaluations/tsrag/CPHL/H/short/run_0/predictions.npz
    Computing per-window metrics...
    Saved metrics to /fslarge/scratch/users/h61084/codes/tsrag_time/outputs/tsrag/evaluations/tsrag/CPHL/H/short/run_0/metrics.npz
    Saved config to /fslarge/scratch/users/h61084/codes/tsrag_time/outputs/tsrag/evaluations/tsrag/CPHL/H/short/run_0/config.json
    Saved aggregate metrics to /fslarge/scratch/users/h61084/codes/tsrag_time/outputs/tsrag/evaluations/tsrag/CPHL/H/short/run_0/metrics_summary.json
    Metrics summary (averaged over all series/windows/variates):
      MSE: 0.3809
      MAE: 0.3477
      RMSE: 0.4218
      MAPE: 0.3326
      sMAPE: 0.3003
      MASE: 1.2985
      ND: 0.2914
      CRPS: 0.2914
TIME run allocation action=new run=/fslarge/scratch/users/h61084/codes/tsrag_time/outputs/tsrag/evaluations/bayes_mixture/CPHL/H/short/run_0 launch_id=selena_3452080 slurm_job_id=3452080 launched_at=2026-09-18T01:57:30.250790+00:00
[2026-09-18 01:57:30 UTC] evaluate method=bayes_mixture dataset=CPHL/H term=short
    Total instances: 112, Series during experiment: 4, Windows: 28
    Collecting ground truth and context...
    Organizing data into arrays...
    Saved predictions (quantiles) to /fslarge/scratch/users/h61084/codes/tsrag_time/outputs/tsrag/evaluations/bayes_mixture/CPHL/H/short/run_0/predictions.npz
    Computing per-window metrics...
    Saved metrics to /fslarge/scratch/users/h61084/codes/tsrag_time/outputs/tsrag/evaluations/bayes_mixture/CPHL/H/short/run_0/metrics.npz
    Saved config to /fslarge/scratch/users/h61084/codes/tsrag_time/outputs/tsrag/evaluations/bayes_mixture/CPHL/H/short/run_0/config.json
    Saved aggregate metrics to /fslarge/scratch/users/h61084/codes/tsrag_time/outputs/tsrag/evaluations/bayes_mixture/CPHL/H/short/run_0/metrics_summary.json
    Metrics summary (averaged over all series/windows/variates):
      MSE: 0.3673
      MAE: 0.3406
      RMSE: 0.4126
      MAPE: 0.3295
      sMAPE: 0.2905
      MASE: 1.2541
      ND: 0.2840
      CRPS: 0.2840
TIME run allocation action=new run=/fslarge/scratch/users/h61084/codes/tsrag_time/outputs/tsrag/evaluations/chronos_t5_512/CPHL/H/medium/run_0 launch_id=selena_3452080 slurm_job_id=3452080 launched_at=2026-09-18T01:57:30.292601+00:00
[2026-09-18 01:57:30 UTC] evaluate method=chronos_t5_512 dataset=CPHL/H term=medium
    Total instances: 16, Series during experiment: 4, Windows: 4
    Collecting ground truth and context...
    Organizing data into arrays...
    Saved predictions (quantiles) to /fslarge/scratch/users/h61084/codes/tsrag_time/outputs/tsrag/evaluations/chronos_t5_512/CPHL/H/medium/run_0/predictions.npz
    Computing per-window metrics...
    Saved metrics to /fslarge/scratch/users/h61084/codes/tsrag_time/outputs/tsrag/evaluations/chronos_t5_512/CPHL/H/medium/run_0/metrics.npz
    Saved config to /fslarge/scratch/users/h61084/codes/tsrag_time/outputs/tsrag/evaluations/chronos_t5_512/CPHL/H/medium/run_0/config.json
    Saved aggregate metrics to /fslarge/scratch/users/h61084/codes/tsrag_time/outputs/tsrag/evaluations/chronos_t5_512/CPHL/H/medium/run_0/metrics_summary.json
    Metrics summary (averaged over all series/windows/variates):
      MSE: 0.5539
      MAE: 0.4634
      RMSE: 0.5631
      MAPE: 0.4705
      sMAPE: 0.4538
      MASE: 1.9822
      ND: 0.4071
      CRPS: 0.4071
TIME run allocation action=new run=/fslarge/scratch/users/h61084/codes/tsrag_time/outputs/tsrag/evaluations/chronos_bolt_512/CPHL/H/medium/run_0 launch_id=selena_3452080 slurm_job_id=3452080 launched_at=2026-09-18T01:57:30.319995+00:00
[2026-09-18 01:57:30 UTC] evaluate method=chronos_bolt_512 dataset=CPHL/H term=medium
    Total instances: 16, Series during experiment: 4, Windows: 4
    Collecting ground truth and context...
    Organizing data into arrays...
    Saved predictions (quantiles) to /fslarge/scratch/users/h61084/codes/tsrag_time/outputs/tsrag/evaluations/chronos_bolt_512/CPHL/H/medium/run_0/predictions.npz
    Computing per-window metrics...
    Saved metrics to /fslarge/scratch/users/h61084/codes/tsrag_time/outputs/tsrag/evaluations/chronos_bolt_512/CPHL/H/medium/run_0/metrics.npz
    Saved config to /fslarge/scratch/users/h61084/codes/tsrag_time/outputs/tsrag/evaluations/chronos_bolt_512/CPHL/H/medium/run_0/config.json
    Saved aggregate metrics to /fslarge/scratch/users/h61084/codes/tsrag_time/outputs/tsrag/evaluations/chronos_bolt_512/CPHL/H/medium/run_0/metrics_summary.json
    Metrics summary (averaged over all series/windows/variates):
      MSE: 0.5533
      MAE: 0.4810
      RMSE: 0.5905
      MAPE: 0.5221
      sMAPE: 0.4664
      MASE: 2.0647
      ND: 0.4559
      CRPS: 0.4559
TIME run allocation action=new run=/fslarge/scratch/users/h61084/codes/tsrag_time/outputs/tsrag/evaluations/chronos_bolt_max/CPHL/H/medium/run_0 launch_id=selena_3452080 slurm_job_id=3452080 launched_at=2026-09-18T01:57:30.345284+00:00
[2026-09-18 01:57:30 UTC] evaluate method=chronos_bolt_max dataset=CPHL/H term=medium
    Total instances: 16, Series during experiment: 4, Windows: 4
    Collecting ground truth and context...
    Organizing data into arrays...
    Saved predictions (quantiles) to /fslarge/scratch/users/h61084/codes/tsrag_time/outputs/tsrag/evaluations/chronos_bolt_max/CPHL/H/medium/run_0/predictions.npz
    Computing per-window metrics...
    Saved metrics to /fslarge/scratch/users/h61084/codes/tsrag_time/outputs/tsrag/evaluations/chronos_bolt_max/CPHL/H/medium/run_0/metrics.npz
    Saved config to /fslarge/scratch/users/h61084/codes/tsrag_time/outputs/tsrag/evaluations/chronos_bolt_max/CPHL/H/medium/run_0/config.json
    Saved aggregate metrics to /fslarge/scratch/users/h61084/codes/tsrag_time/outputs/tsrag/evaluations/chronos_bolt_max/CPHL/H/medium/run_0/metrics_summary.json
    Metrics summary (averaged over all series/windows/variates):
      MSE: 0.5275
      MAE: 0.4578
      RMSE: 0.5686
      MAPE: 0.4883
      sMAPE: 0.4368
      MASE: 1.9465
      ND: 0.4288
      CRPS: 0.4288
TIME run allocation action=new run=/fslarge/scratch/users/h61084/codes/tsrag_time/outputs/tsrag/evaluations/chronos2_max/CPHL/H/medium/run_0 launch_id=selena_3452080 slurm_job_id=3452080 launched_at=2026-09-18T01:57:30.369924+00:00
[2026-09-18 01:57:30 UTC] evaluate method=chronos2_max dataset=CPHL/H term=medium
    Total instances: 16, Series during experiment: 4, Windows: 4
    Collecting ground truth and context...
    Organizing data into arrays...
    Saved predictions (quantiles) to /fslarge/scratch/users/h61084/codes/tsrag_time/outputs/tsrag/evaluations/chronos2_max/CPHL/H/medium/run_0/predictions.npz
    Computing per-window metrics...
    Saved metrics to /fslarge/scratch/users/h61084/codes/tsrag_time/outputs/tsrag/evaluations/chronos2_max/CPHL/H/medium/run_0/metrics.npz
    Saved config to /fslarge/scratch/users/h61084/codes/tsrag_time/outputs/tsrag/evaluations/chronos2_max/CPHL/H/medium/run_0/config.json
    Saved aggregate metrics to /fslarge/scratch/users/h61084/codes/tsrag_time/outputs/tsrag/evaluations/chronos2_max/CPHL/H/medium/run_0/metrics_summary.json
    Metrics summary (averaged over all series/windows/variates):
      MSE: 0.4790
      MAE: 0.4370
      RMSE: 0.5400
      MAPE: 0.4630
      sMAPE: 0.4131
      MASE: 1.8357
      ND: 0.3947
      CRPS: 0.3947
TIME run allocation action=new run=/fslarge/scratch/users/h61084/codes/tsrag_time/outputs/tsrag/evaluations/tsrag/CPHL/H/medium/run_0 launch_id=selena_3452080 slurm_job_id=3452080 launched_at=2026-09-18T01:57:30.408788+00:00
[2026-09-18 01:57:30 UTC] evaluate method=tsrag dataset=CPHL/H term=medium
    Total instances: 16, Series during experiment: 4, Windows: 4
    Collecting ground truth and context...
    Organizing data into arrays...
    Saved predictions (quantiles) to /fslarge/scratch/users/h61084/codes/tsrag_time/outputs/tsrag/evaluations/tsrag/CPHL/H/medium/run_0/predictions.npz
    Computing per-window metrics...
    Saved metrics to /fslarge/scratch/users/h61084/codes/tsrag_time/outputs/tsrag/evaluations/tsrag/CPHL/H/medium/run_0/metrics.npz
    Saved config to /fslarge/scratch/users/h61084/codes/tsrag_time/outputs/tsrag/evaluations/tsrag/CPHL/H/medium/run_0/config.json
    Saved aggregate metrics to /fslarge/scratch/users/h61084/codes/tsrag_time/outputs/tsrag/evaluations/tsrag/CPHL/H/medium/run_0/metrics_summary.json
    Metrics summary (averaged over all series/windows/variates):
      MSE: 0.5137
      MAE: 0.4550
      RMSE: 0.5663
      MAPE: 0.4892
      sMAPE: 0.4490
      MASE: 1.9822
      ND: 0.4331
      CRPS: 0.4331
TIME run allocation action=new run=/fslarge/scratch/users/h61084/codes/tsrag_time/outputs/tsrag/evaluations/bayes_mixture/CPHL/H/medium/run_0 launch_id=selena_3452080 slurm_job_id=3452080 launched_at=2026-09-18T01:57:30.471663+00:00
[2026-09-18 01:57:30 UTC] evaluate method=bayes_mixture dataset=CPHL/H term=medium
    Total instances: 16, Series during experiment: 4, Windows: 4
    Collecting ground truth and context...
    Organizing data into arrays...
    Saved predictions (quantiles) to /fslarge/scratch/users/h61084/codes/tsrag_time/outputs/tsrag/evaluations/bayes_mixture/CPHL/H/medium/run_0/predictions.npz
    Computing per-window metrics...
    Saved metrics to /fslarge/scratch/users/h61084/codes/tsrag_time/outputs/tsrag/evaluations/bayes_mixture/CPHL/H/medium/run_0/metrics.npz
    Saved config to /fslarge/scratch/users/h61084/codes/tsrag_time/outputs/tsrag/evaluations/bayes_mixture/CPHL/H/medium/run_0/config.json
    Saved aggregate metrics to /fslarge/scratch/users/h61084/codes/tsrag_time/outputs/tsrag/evaluations/bayes_mixture/CPHL/H/medium/run_0/metrics_summary.json
    Metrics summary (averaged over all series/windows/variates):
      MSE: 0.4919
      MAE: 0.4423
      RMSE: 0.5489
      MAPE: 0.4689
      sMAPE: 0.4242
      MASE: 1.8775
      ND: 0.4065
      CRPS: 0.4065
TIME run allocation action=new run=/fslarge/scratch/users/h61084/codes/tsrag_time/outputs/tsrag/evaluations/chronos_t5_512/CPHL/H/long/run_0 launch_id=selena_3452080 slurm_job_id=3452080 launched_at=2026-09-18T01:57:30.504499+00:00
[2026-09-18 01:57:30 UTC] evaluate method=chronos_t5_512 dataset=CPHL/H term=long
    Total instances: 8, Series during experiment: 4, Windows: 2
    Collecting ground truth and context...
    Organizing data into arrays...
    Saved predictions (quantiles) to /fslarge/scratch/users/h61084/codes/tsrag_time/outputs/tsrag/evaluations/chronos_t5_512/CPHL/H/long/run_0/predictions.npz
    Computing per-window metrics...
    Saved metrics to /fslarge/scratch/users/h61084/codes/tsrag_time/outputs/tsrag/evaluations/chronos_t5_512/CPHL/H/long/run_0/metrics.npz
    Saved config to /fslarge/scratch/users/h61084/codes/tsrag_time/outputs/tsrag/evaluations/chronos_t5_512/CPHL/H/long/run_0/config.json
    Saved aggregate metrics to /fslarge/scratch/users/h61084/codes/tsrag_time/outputs/tsrag/evaluations/chronos_t5_512/CPHL/H/long/run_0/metrics_summary.json
    Metrics summary (averaged over all series/windows/variates):
      MSE: 0.5581
      MAE: 0.4705
      RMSE: 0.5878
      MAPE: 0.4677
      sMAPE: 0.4805
      MASE: 2.1150
      ND: 0.4228
      CRPS: 0.4228
TIME run allocation action=new run=/fslarge/scratch/users/h61084/codes/tsrag_time/outputs/tsrag/evaluations/chronos_bolt_512/CPHL/H/long/run_0 launch_id=selena_3452080 slurm_job_id=3452080 launched_at=2026-09-18T01:57:30.530830+00:00
[2026-09-18 01:57:30 UTC] evaluate method=chronos_bolt_512 dataset=CPHL/H term=long
    Total instances: 8, Series during experiment: 4, Windows: 2
    Collecting ground truth and context...
    Organizing data into arrays...
    Saved predictions (quantiles) to /fslarge/scratch/users/h61084/codes/tsrag_time/outputs/tsrag/evaluations/chronos_bolt_512/CPHL/H/long/run_0/predictions.npz
    Computing per-window metrics...
    Saved metrics to /fslarge/scratch/users/h61084/codes/tsrag_time/outputs/tsrag/evaluations/chronos_bolt_512/CPHL/H/long/run_0/metrics.npz
    Saved config to /fslarge/scratch/users/h61084/codes/tsrag_time/outputs/tsrag/evaluations/chronos_bolt_512/CPHL/H/long/run_0/config.json
    Saved aggregate metrics to /fslarge/scratch/users/h61084/codes/tsrag_time/outputs/tsrag/evaluations/chronos_bolt_512/CPHL/H/long/run_0/metrics_summary.json
    Metrics summary (averaged over all series/windows/variates):
      MSE: 0.5809
      MAE: 0.4973
      RMSE: 0.6230
      MAPE: 0.5225
      sMAPE: 0.5172
      MASE: 2.2831
      ND: 0.4664
      CRPS: 0.4664
TIME run allocation action=new run=/fslarge/scratch/users/h61084/codes/tsrag_time/outputs/tsrag/evaluations/chronos_bolt_max/CPHL/H/long/run_0 launch_id=selena_3452080 slurm_job_id=3452080 launched_at=2026-09-18T01:57:30.555796+00:00
[2026-09-18 01:57:30 UTC] evaluate method=chronos_bolt_max dataset=CPHL/H term=long
    Total instances: 8, Series during experiment: 4, Windows: 2
    Collecting ground truth and context...
    Organizing data into arrays...
    Saved predictions (quantiles) to /fslarge/scratch/users/h61084/codes/tsrag_time/outputs/tsrag/evaluations/chronos_bolt_max/CPHL/H/long/run_0/predictions.npz
    Computing per-window metrics...
    Saved metrics to /fslarge/scratch/users/h61084/codes/tsrag_time/outputs/tsrag/evaluations/chronos_bolt_max/CPHL/H/long/run_0/metrics.npz
    Saved config to /fslarge/scratch/users/h61084/codes/tsrag_time/outputs/tsrag/evaluations/chronos_bolt_max/CPHL/H/long/run_0/config.json
    Saved aggregate metrics to /fslarge/scratch/users/h61084/codes/tsrag_time/outputs/tsrag/evaluations/chronos_bolt_max/CPHL/H/long/run_0/metrics_summary.json
    Metrics summary (averaged over all series/windows/variates):
      MSE: 0.5425
      MAE: 0.4768
      RMSE: 0.6004
      MAPE: 0.5200
      sMAPE: 0.4744
      MASE: 2.1538
      ND: 0.4488
      CRPS: 0.4488
TIME run allocation action=new run=/fslarge/scratch/users/h61084/codes/tsrag_time/outputs/tsrag/evaluations/chronos2_max/CPHL/H/long/run_0 launch_id=selena_3452080 slurm_job_id=3452080 launched_at=2026-09-18T01:57:30.579503+00:00
[2026-09-18 01:57:30 UTC] evaluate method=chronos2_max dataset=CPHL/H term=long
    Total instances: 8, Series during experiment: 4, Windows: 2
    Collecting ground truth and context...
    Organizing data into arrays...
    Saved predictions (quantiles) to /fslarge/scratch/users/h61084/codes/tsrag_time/outputs/tsrag/evaluations/chronos2_max/CPHL/H/long/run_0/predictions.npz
    Computing per-window metrics...
    Saved metrics to /fslarge/scratch/users/h61084/codes/tsrag_time/outputs/tsrag/evaluations/chronos2_max/CPHL/H/long/run_0/metrics.npz
    Saved config to /fslarge/scratch/users/h61084/codes/tsrag_time/outputs/tsrag/evaluations/chronos2_max/CPHL/H/long/run_0/config.json
    Saved aggregate metrics to /fslarge/scratch/users/h61084/codes/tsrag_time/outputs/tsrag/evaluations/chronos2_max/CPHL/H/long/run_0/metrics_summary.json
    Metrics summary (averaged over all series/windows/variates):
      MSE: 0.5239
      MAE: 0.4664
      RMSE: 0.5840
      MAPE: 0.5131
      sMAPE: 0.4727
      MASE: 2.1391
      ND: 0.4464
      CRPS: 0.4464
TIME run allocation action=new run=/fslarge/scratch/users/h61084/codes/tsrag_time/outputs/tsrag/evaluations/tsrag/CPHL/H/long/run_0 launch_id=selena_3452080 slurm_job_id=3452080 launched_at=2026-09-18T01:57:30.617971+00:00
[2026-09-18 01:57:30 UTC] evaluate method=tsrag dataset=CPHL/H term=long
    Total instances: 8, Series during experiment: 4, Windows: 2
    Collecting ground truth and context...
    Organizing data into arrays...
    Saved predictions (quantiles) to /fslarge/scratch/users/h61084/codes/tsrag_time/outputs/tsrag/evaluations/tsrag/CPHL/H/long/run_0/predictions.npz
    Computing per-window metrics...
    Saved metrics to /fslarge/scratch/users/h61084/codes/tsrag_time/outputs/tsrag/evaluations/tsrag/CPHL/H/long/run_0/metrics.npz
    Saved config to /fslarge/scratch/users/h61084/codes/tsrag_time/outputs/tsrag/evaluations/tsrag/CPHL/H/long/run_0/config.json
    Saved aggregate metrics to /fslarge/scratch/users/h61084/codes/tsrag_time/outputs/tsrag/evaluations/tsrag/CPHL/H/long/run_0/metrics_summary.json
    Metrics summary (averaged over all series/windows/variates):
      MSE: 0.5356
      MAE: 0.4765
      RMSE: 0.5959
      MAPE: 0.5034
      sMAPE: 0.5047
      MASE: 2.2219
      ND: 0.4503
      CRPS: 0.4503
TIME run allocation action=new run=/fslarge/scratch/users/h61084/codes/tsrag_time/outputs/tsrag/evaluations/bayes_mixture/CPHL/H/long/run_0 launch_id=selena_3452080 slurm_job_id=3452080 launched_at=2026-09-18T01:57:30.680335+00:00
[2026-09-18 01:57:30 UTC] evaluate method=bayes_mixture dataset=CPHL/H term=long
    Total instances: 8, Series during experiment: 4, Windows: 2
    Collecting ground truth and context...
    Organizing data into arrays...
    Saved predictions (quantiles) to /fslarge/scratch/users/h61084/codes/tsrag_time/outputs/tsrag/evaluations/bayes_mixture/CPHL/H/long/run_0/predictions.npz
    Computing per-window metrics...
    Saved metrics to /fslarge/scratch/users/h61084/codes/tsrag_time/outputs/tsrag/evaluations/bayes_mixture/CPHL/H/long/run_0/metrics.npz
    Saved config to /fslarge/scratch/users/h61084/codes/tsrag_time/outputs/tsrag/evaluations/bayes_mixture/CPHL/H/long/run_0/config.json
    Saved aggregate metrics to /fslarge/scratch/users/h61084/codes/tsrag_time/outputs/tsrag/evaluations/bayes_mixture/CPHL/H/long/run_0/metrics_summary.json
    Metrics summary (averaged over all series/windows/variates):
      MSE: 0.5238
      MAE: 0.4661
      RMSE: 0.5846
      MAPE: 0.5010
      sMAPE: 0.4763
      MASE: 2.1360
      ND: 0.4390
      CRPS: 0.4390
TIME run allocation action=new run=/fslarge/scratch/users/h61084/codes/tsrag_time/outputs/tsrag/evaluations/chronos_t5_512/Coastal_T_S/15T/short/run_0 launch_id=selena_3452080 slurm_job_id=3452080 launched_at=2026-09-18T01:57:30.727135+00:00
[2026-09-18 01:57:30 UTC] evaluate method=chronos_t5_512 dataset=Coastal_T_S/15T term=short
    Total instances: 1800, Series during experiment: 15, Windows: 120
    Collecting ground truth and context...
    Detected to_univariate case: 15 flat series -> 5 series x 3 variates
    Organizing data into arrays...
    Saved predictions (quantiles) to /fslarge/scratch/users/h61084/codes/tsrag_time/outputs/tsrag/evaluations/chronos_t5_512/Coastal_T_S/15T/short/run_0/predictions.npz
    Computing per-window metrics...
    Saved metrics to /fslarge/scratch/users/h61084/codes/tsrag_time/outputs/tsrag/evaluations/chronos_t5_512/Coastal_T_S/15T/short/run_0/metrics.npz
    Saved config to /fslarge/scratch/users/h61084/codes/tsrag_time/outputs/tsrag/evaluations/chronos_t5_512/Coastal_T_S/15T/short/run_0/config.json
    Saved aggregate metrics to /fslarge/scratch/users/h61084/codes/tsrag_time/outputs/tsrag/evaluations/chronos_t5_512/Coastal_T_S/15T/short/run_0/metrics_summary.json
    Metrics summary (averaged over all series/windows/variates):
      MSE: 193.3129
      MAE: 4.7270
      RMSE: 6.3166
      MAPE: 0.1503
      sMAPE: 0.1152
      MASE: 1.8292
      ND: 0.1183
      CRPS: 0.1183
TIME run allocation action=new run=/fslarge/scratch/users/h61084/codes/tsrag_time/outputs/tsrag/evaluations/chronos_bolt_512/Coastal_T_S/15T/short/run_0 launch_id=selena_3452080 slurm_job_id=3452080 launched_at=2026-09-18T01:57:31.024857+00:00
[2026-09-18 01:57:31 UTC] evaluate method=chronos_bolt_512 dataset=Coastal_T_S/15T term=short
    Total instances: 1800, Series during experiment: 15, Windows: 120
    Collecting ground truth and context...
    Detected to_univariate case: 15 flat series -> 5 series x 3 variates
    Organizing data into arrays...
    Saved predictions (quantiles) to /fslarge/scratch/users/h61084/codes/tsrag_time/outputs/tsrag/evaluations/chronos_bolt_512/Coastal_T_S/15T/short/run_0/predictions.npz
    Computing per-window metrics...
    Saved metrics to /fslarge/scratch/users/h61084/codes/tsrag_time/outputs/tsrag/evaluations/chronos_bolt_512/Coastal_T_S/15T/short/run_0/metrics.npz
    Saved config to /fslarge/scratch/users/h61084/codes/tsrag_time/outputs/tsrag/evaluations/chronos_bolt_512/Coastal_T_S/15T/short/run_0/config.json
    Saved aggregate metrics to /fslarge/scratch/users/h61084/codes/tsrag_time/outputs/tsrag/evaluations/chronos_bolt_512/Coastal_T_S/15T/short/run_0/metrics_summary.json
    Metrics summary (averaged over all series/windows/variates):
      MSE: 116.1702
      MAE: 4.6727
      RMSE: 4.9221
      MAPE: 0.1338
      sMAPE: 0.1197
      MASE: 1.1369
      ND: 0.1152
      CRPS: 0.1152
TIME run allocation action=new run=/fslarge/scratch/users/h61084/codes/tsrag_time/outputs/tsrag/evaluations/chronos_bolt_max/Coastal_T_S/15T/short/run_0 launch_id=selena_3452080 slurm_job_id=3452080 launched_at=2026-09-18T01:57:31.317356+00:00
[2026-09-18 01:57:31 UTC] evaluate method=chronos_bolt_max dataset=Coastal_T_S/15T term=short
    Total instances: 1800, Series during experiment: 15, Windows: 120
    Collecting ground truth and context...
    Detected to_univariate case: 15 flat series -> 5 series x 3 variates
    Organizing data into arrays...
    Saved predictions (quantiles) to /fslarge/scratch/users/h61084/codes/tsrag_time/outputs/tsrag/evaluations/chronos_bolt_max/Coastal_T_S/15T/short/run_0/predictions.npz
    Computing per-window metrics...
    Saved metrics to /fslarge/scratch/users/h61084/codes/tsrag_time/outputs/tsrag/evaluations/chronos_bolt_max/Coastal_T_S/15T/short/run_0/metrics.npz
    Saved config to /fslarge/scratch/users/h61084/codes/tsrag_time/outputs/tsrag/evaluations/chronos_bolt_max/Coastal_T_S/15T/short/run_0/config.json
    Saved aggregate metrics to /fslarge/scratch/users/h61084/codes/tsrag_time/outputs/tsrag/evaluations/chronos_bolt_max/Coastal_T_S/15T/short/run_0/metrics_summary.json
    Metrics summary (averaged over all series/windows/variates):
      MSE: 113.6218
      MAE: 4.6778
      RMSE: 4.8684
      MAPE: 0.1344
      sMAPE: 0.1200
      MASE: 1.1376
      ND: 0.1154
      CRPS: 0.1154
TIME run allocation action=new run=/fslarge/scratch/users/h61084/codes/tsrag_time/outputs/tsrag/evaluations/chronos2_max/Coastal_T_S/15T/short/run_0 launch_id=selena_3452080 slurm_job_id=3452080 launched_at=2026-09-18T01:57:31.608887+00:00
[2026-09-18 01:57:31 UTC] evaluate method=chronos2_max dataset=Coastal_T_S/15T term=short
    Total instances: 1800, Series during experiment: 15, Windows: 120
    Collecting ground truth and context...
    Detected to_univariate case: 15 flat series -> 5 series x 3 variates
    Organizing data into arrays...
    Saved predictions (quantiles) to /fslarge/scratch/users/h61084/codes/tsrag_time/outputs/tsrag/evaluations/chronos2_max/Coastal_T_S/15T/short/run_0/predictions.npz
    Computing per-window metrics...
    Saved metrics to /fslarge/scratch/users/h61084/codes/tsrag_time/outputs/tsrag/evaluations/chronos2_max/Coastal_T_S/15T/short/run_0/metrics.npz
    Saved config to /fslarge/scratch/users/h61084/codes/tsrag_time/outputs/tsrag/evaluations/chronos2_max/Coastal_T_S/15T/short/run_0/config.json
    Saved aggregate metrics to /fslarge/scratch/users/h61084/codes/tsrag_time/outputs/tsrag/evaluations/chronos2_max/Coastal_T_S/15T/short/run_0/metrics_summary.json
    Metrics summary (averaged over all series/windows/variates):
      MSE: 111.0752
      MAE: 4.6570
      RMSE: 4.8515
      MAPE: 0.1344
      sMAPE: 0.1194
      MASE: 1.1296
      ND: 0.1149
      CRPS: 0.1149
TIME run allocation action=new run=/fslarge/scratch/users/h61084/codes/tsrag_time/outputs/tsrag/evaluations/tsrag/Coastal_T_S/15T/short/run_0 launch_id=selena_3452080 slurm_job_id=3452080 launched_at=2026-09-18T01:57:31.915247+00:00
[2026-09-18 01:57:31 UTC] evaluate method=tsrag dataset=Coastal_T_S/15T term=short
    Total instances: 1800, Series during experiment: 15, Windows: 120
    Collecting ground truth and context...
    Detected to_univariate case: 15 flat series -> 5 series x 3 variates
    Organizing data into arrays...
    Saved predictions (quantiles) to /fslarge/scratch/users/h61084/codes/tsrag_time/outputs/tsrag/evaluations/tsrag/Coastal_T_S/15T/short/run_0/predictions.npz
    Computing per-window metrics...
    Saved metrics to /fslarge/scratch/users/h61084/codes/tsrag_time/outputs/tsrag/evaluations/tsrag/Coastal_T_S/15T/short/run_0/metrics.npz
    Saved config to /fslarge/scratch/users/h61084/codes/tsrag_time/outputs/tsrag/evaluations/tsrag/Coastal_T_S/15T/short/run_0/config.json
    Saved aggregate metrics to /fslarge/scratch/users/h61084/codes/tsrag_time/outputs/tsrag/evaluations/tsrag/Coastal_T_S/15T/short/run_0/metrics_summary.json
    Metrics summary (averaged over all series/windows/variates):
      MSE: 114.6300
      MAE: 4.6758
      RMSE: 4.8953
      MAPE: 0.1359
      sMAPE: 0.1198
      MASE: 1.1364
      ND: 0.1155
      CRPS: 0.1155
TIME run allocation action=new run=/fslarge/scratch/users/h61084/codes/tsrag_time/outputs/tsrag/evaluations/bayes_mixture/Coastal_T_S/15T/short/run_0 launch_id=selena_3452080 slurm_job_id=3452080 launched_at=2026-09-18T01:57:32.244304+00:00
[2026-09-18 01:57:32 UTC] evaluate method=bayes_mixture dataset=Coastal_T_S/15T term=short
    Total instances: 1800, Series during experiment: 15, Windows: 120
    Collecting ground truth and context...
    Detected to_univariate case: 15 flat series -> 5 series x 3 variates
    Organizing data into arrays...
    Saved predictions (quantiles) to /fslarge/scratch/users/h61084/codes/tsrag_time/outputs/tsrag/evaluations/bayes_mixture/Coastal_T_S/15T/short/run_0/predictions.npz
    Computing per-window metrics...
    Saved metrics to /fslarge/scratch/users/h61084/codes/tsrag_time/outputs/tsrag/evaluations/bayes_mixture/Coastal_T_S/15T/short/run_0/metrics.npz
    Saved config to /fslarge/scratch/users/h61084/codes/tsrag_time/outputs/tsrag/evaluations/bayes_mixture/Coastal_T_S/15T/short/run_0/config.json
    Saved aggregate metrics to /fslarge/scratch/users/h61084/codes/tsrag_time/outputs/tsrag/evaluations/bayes_mixture/Coastal_T_S/15T/short/run_0/metrics_summary.json
    Metrics summary (averaged over all series/windows/variates):
      MSE: 111.3335
      MAE: 4.6658
      RMSE: 4.8409
      MAPE: 0.1351
      sMAPE: 0.1197
      MASE: 1.1298
      ND: 0.1152
      CRPS: 0.1152
TIME run allocation action=new run=/fslarge/scratch/users/h61084/codes/tsrag_time/outputs/tsrag/evaluations/chronos_t5_512/Coastal_T_S/15T/medium/run_0 launch_id=selena_3452080 slurm_job_id=3452080 launched_at=2026-09-18T01:57:32.555678+00:00
[2026-09-18 01:57:32 UTC] evaluate method=chronos_t5_512 dataset=Coastal_T_S/15T term=medium
    Total instances: 225, Series during experiment: 15, Windows: 15
    Collecting ground truth and context...
    Detected to_univariate case: 15 flat series -> 5 series x 3 variates
    Organizing data into arrays...
    Saved predictions (quantiles) to /fslarge/scratch/users/h61084/codes/tsrag_time/outputs/tsrag/evaluations/chronos_t5_512/Coastal_T_S/15T/medium/run_0/predictions.npz
    Computing per-window metrics...
    Saved metrics to /fslarge/scratch/users/h61084/codes/tsrag_time/outputs/tsrag/evaluations/chronos_t5_512/Coastal_T_S/15T/medium/run_0/metrics.npz
    Saved config to /fslarge/scratch/users/h61084/codes/tsrag_time/outputs/tsrag/evaluations/chronos_t5_512/Coastal_T_S/15T/medium/run_0/config.json
    Saved aggregate metrics to /fslarge/scratch/users/h61084/codes/tsrag_time/outputs/tsrag/evaluations/chronos_t5_512/Coastal_T_S/15T/medium/run_0/metrics_summary.json
    Metrics summary (averaged over all series/windows/variates):
      MSE: 197.1444
      MAE: 4.8899
      RMSE: 6.5111
      MAPE: 0.1773
      sMAPE: 0.1198
      MASE: 2.0195
      ND: 0.1204
      CRPS: 0.1204
TIME run allocation action=new run=/fslarge/scratch/users/h61084/codes/tsrag_time/outputs/tsrag/evaluations/chronos_bolt_512/Coastal_T_S/15T/medium/run_0 launch_id=selena_3452080 slurm_job_id=3452080 launched_at=2026-09-18T01:57:32.637675+00:00
[2026-09-18 01:57:32 UTC] evaluate method=chronos_bolt_512 dataset=Coastal_T_S/15T term=medium
    Total instances: 225, Series during experiment: 15, Windows: 15
    Collecting ground truth and context...
    Detected to_univariate case: 15 flat series -> 5 series x 3 variates
    Organizing data into arrays...
    Saved predictions (quantiles) to /fslarge/scratch/users/h61084/codes/tsrag_time/outputs/tsrag/evaluations/chronos_bolt_512/Coastal_T_S/15T/medium/run_0/predictions.npz
    Computing per-window metrics...
    Saved metrics to /fslarge/scratch/users/h61084/codes/tsrag_time/outputs/tsrag/evaluations/chronos_bolt_512/Coastal_T_S/15T/medium/run_0/metrics.npz
    Saved config to /fslarge/scratch/users/h61084/codes/tsrag_time/outputs/tsrag/evaluations/chronos_bolt_512/Coastal_T_S/15T/medium/run_0/config.json
    Saved aggregate metrics to /fslarge/scratch/users/h61084/codes/tsrag_time/outputs/tsrag/evaluations/chronos_bolt_512/Coastal_T_S/15T/medium/run_0/metrics_summary.json
    Metrics summary (averaged over all series/windows/variates):
      MSE: 113.5438
      MAE: 4.7185
      RMSE: 4.9379
      MAPE: 0.1374
      sMAPE: 0.1213
      MASE: 1.2821
      ND: 0.1153
      CRPS: 0.1153
TIME run allocation action=new run=/fslarge/scratch/users/h61084/codes/tsrag_time/outputs/tsrag/evaluations/chronos_bolt_max/Coastal_T_S/15T/medium/run_0 launch_id=selena_3452080 slurm_job_id=3452080 launched_at=2026-09-18T01:57:32.713291+00:00
[2026-09-18 01:57:32 UTC] evaluate method=chronos_bolt_max dataset=Coastal_T_S/15T term=medium
    Total instances: 225, Series during experiment: 15, Windows: 15
    Collecting ground truth and context...
    Detected to_univariate case: 15 flat series -> 5 series x 3 variates
    Organizing data into arrays...
    Saved predictions (quantiles) to /fslarge/scratch/users/h61084/codes/tsrag_time/outputs/tsrag/evaluations/chronos_bolt_max/Coastal_T_S/15T/medium/run_0/predictions.npz
    Computing per-window metrics...
    Saved metrics to /fslarge/scratch/users/h61084/codes/tsrag_time/outputs/tsrag/evaluations/chronos_bolt_max/Coastal_T_S/15T/medium/run_0/metrics.npz
    Saved config to /fslarge/scratch/users/h61084/codes/tsrag_time/outputs/tsrag/evaluations/chronos_bolt_max/Coastal_T_S/15T/medium/run_0/config.json
    Saved aggregate metrics to /fslarge/scratch/users/h61084/codes/tsrag_time/outputs/tsrag/evaluations/chronos_bolt_max/Coastal_T_S/15T/medium/run_0/metrics_summary.json
    Metrics summary (averaged over all series/windows/variates):
      MSE: 111.3977
      MAE: 4.7236
      RMSE: 4.8761
      MAPE: 0.1385
      sMAPE: 0.1215
      MASE: 1.2547
      ND: 0.1153
      CRPS: 0.1153
TIME run allocation action=new run=/fslarge/scratch/users/h61084/codes/tsrag_time/outputs/tsrag/evaluations/chronos2_max/Coastal_T_S/15T/medium/run_0 launch_id=selena_3452080 slurm_job_id=3452080 launched_at=2026-09-18T01:57:32.788814+00:00
[2026-09-18 01:57:32 UTC] evaluate method=chronos2_max dataset=Coastal_T_S/15T term=medium
    Total instances: 225, Series during experiment: 15, Windows: 15
    Collecting ground truth and context...
    Detected to_univariate case: 15 flat series -> 5 series x 3 variates
    Organizing data into arrays...
    Saved predictions (quantiles) to /fslarge/scratch/users/h61084/codes/tsrag_time/outputs/tsrag/evaluations/chronos2_max/Coastal_T_S/15T/medium/run_0/predictions.npz
    Computing per-window metrics...
    Saved metrics to /fslarge/scratch/users/h61084/codes/tsrag_time/outputs/tsrag/evaluations/chronos2_max/Coastal_T_S/15T/medium/run_0/metrics.npz
    Saved config to /fslarge/scratch/users/h61084/codes/tsrag_time/outputs/tsrag/evaluations/chronos2_max/Coastal_T_S/15T/medium/run_0/config.json
    Saved aggregate metrics to /fslarge/scratch/users/h61084/codes/tsrag_time/outputs/tsrag/evaluations/chronos2_max/Coastal_T_S/15T/medium/run_0/metrics_summary.json
    Metrics summary (averaged over all series/windows/variates):
      MSE: 110.3513
      MAE: 4.7092
      RMSE: 4.8814
      MAPE: 0.1370
      sMAPE: 0.1212
      MASE: 1.2530
      ND: 0.1150
      CRPS: 0.1150
TIME run allocation action=new run=/fslarge/scratch/users/h61084/codes/tsrag_time/outputs/tsrag/evaluations/tsrag/Coastal_T_S/15T/medium/run_0 launch_id=selena_3452080 slurm_job_id=3452080 launched_at=2026-09-18T01:57:32.878500+00:00
[2026-09-18 01:57:32 UTC] evaluate method=tsrag dataset=Coastal_T_S/15T term=medium
    Total instances: 225, Series during experiment: 15, Windows: 15
    Collecting ground truth and context...
    Detected to_univariate case: 15 flat series -> 5 series x 3 variates
    Organizing data into arrays...
    Saved predictions (quantiles) to /fslarge/scratch/users/h61084/codes/tsrag_time/outputs/tsrag/evaluations/tsrag/Coastal_T_S/15T/medium/run_0/predictions.npz
    Computing per-window metrics...
    Saved metrics to /fslarge/scratch/users/h61084/codes/tsrag_time/outputs/tsrag/evaluations/tsrag/Coastal_T_S/15T/medium/run_0/metrics.npz
    Saved config to /fslarge/scratch/users/h61084/codes/tsrag_time/outputs/tsrag/evaluations/tsrag/Coastal_T_S/15T/medium/run_0/config.json
    Saved aggregate metrics to /fslarge/scratch/users/h61084/codes/tsrag_time/outputs/tsrag/evaluations/tsrag/Coastal_T_S/15T/medium/run_0/metrics_summary.json
    Metrics summary (averaged over all series/windows/variates):
      MSE: 112.3036
      MAE: 4.7235
      RMSE: 4.9158
      MAPE: 0.1392
      sMAPE: 0.1215
      MASE: 1.2851
      ND: 0.1155
      CRPS: 0.1155
TIME run allocation action=new run=/fslarge/scratch/users/h61084/codes/tsrag_time/outputs/tsrag/evaluations/bayes_mixture/Coastal_T_S/15T/medium/run_0 launch_id=selena_3452080 slurm_job_id=3452080 launched_at=2026-09-18T01:57:32.990643+00:00
[2026-09-18 01:57:32 UTC] evaluate method=bayes_mixture dataset=Coastal_T_S/15T term=medium
    Total instances: 225, Series during experiment: 15, Windows: 15
    Collecting ground truth and context...
    Detected to_univariate case: 15 flat series -> 5 series x 3 variates
    Organizing data into arrays...
    Saved predictions (quantiles) to /fslarge/scratch/users/h61084/codes/tsrag_time/outputs/tsrag/evaluations/bayes_mixture/Coastal_T_S/15T/medium/run_0/predictions.npz
    Computing per-window metrics...
    Saved metrics to /fslarge/scratch/users/h61084/codes/tsrag_time/outputs/tsrag/evaluations/bayes_mixture/Coastal_T_S/15T/medium/run_0/metrics.npz
    Saved config to /fslarge/scratch/users/h61084/codes/tsrag_time/outputs/tsrag/evaluations/bayes_mixture/Coastal_T_S/15T/medium/run_0/config.json
    Saved aggregate metrics to /fslarge/scratch/users/h61084/codes/tsrag_time/outputs/tsrag/evaluations/bayes_mixture/Coastal_T_S/15T/medium/run_0/metrics_summary.json
    Metrics summary (averaged over all series/windows/variates):
      MSE: 110.4490
      MAE: 4.7147
      RMSE: 4.8728
      MAPE: 0.1382
      sMAPE: 0.1214
      MASE: 1.2624
      ND: 0.1152
      CRPS: 0.1152
TIME run allocation action=new run=/fslarge/scratch/users/h61084/codes/tsrag_time/outputs/tsrag/evaluations/chronos_t5_512/Coastal_T_S/15T/long/run_0 launch_id=selena_3452080 slurm_job_id=3452080 launched_at=2026-09-18T01:57:33.089121+00:00
[2026-09-18 01:57:33 UTC] evaluate method=chronos_t5_512 dataset=Coastal_T_S/15T term=long
    Total instances: 75, Series during experiment: 15, Windows: 5
    Collecting ground truth and context...
    Detected to_univariate case: 15 flat series -> 5 series x 3 variates
    Organizing data into arrays...
    Saved predictions (quantiles) to /fslarge/scratch/users/h61084/codes/tsrag_time/outputs/tsrag/evaluations/chronos_t5_512/Coastal_T_S/15T/long/run_0/predictions.npz
    Computing per-window metrics...
    Saved metrics to /fslarge/scratch/users/h61084/codes/tsrag_time/outputs/tsrag/evaluations/chronos_t5_512/Coastal_T_S/15T/long/run_0/metrics.npz
    Saved config to /fslarge/scratch/users/h61084/codes/tsrag_time/outputs/tsrag/evaluations/chronos_t5_512/Coastal_T_S/15T/long/run_0/config.json
    Saved aggregate metrics to /fslarge/scratch/users/h61084/codes/tsrag_time/outputs/tsrag/evaluations/chronos_t5_512/Coastal_T_S/15T/long/run_0/metrics_summary.json
    Metrics summary (averaged over all series/windows/variates):
      MSE: 198.2996
      MAE: 4.9104
      RMSE: 6.6186
      MAPE: 0.1703
      sMAPE: 0.1214
      MASE: 2.3497
      ND: 0.1220
      CRPS: 0.1220
TIME run allocation action=new run=/fslarge/scratch/users/h61084/codes/tsrag_time/outputs/tsrag/evaluations/chronos_bolt_512/Coastal_T_S/15T/long/run_0 launch_id=selena_3452080 slurm_job_id=3452080 launched_at=2026-09-18T01:57:33.151155+00:00
[2026-09-18 01:57:33 UTC] evaluate method=chronos_bolt_512 dataset=Coastal_T_S/15T term=long
    Total instances: 75, Series during experiment: 15, Windows: 5
    Collecting ground truth and context...
    Detected to_univariate case: 15 flat series -> 5 series x 3 variates
    Organizing data into arrays...
    Saved predictions (quantiles) to /fslarge/scratch/users/h61084/codes/tsrag_time/outputs/tsrag/evaluations/chronos_bolt_512/Coastal_T_S/15T/long/run_0/predictions.npz
    Computing per-window metrics...
    Saved metrics to /fslarge/scratch/users/h61084/codes/tsrag_time/outputs/tsrag/evaluations/chronos_bolt_512/Coastal_T_S/15T/long/run_0/metrics.npz
    Saved config to /fslarge/scratch/users/h61084/codes/tsrag_time/outputs/tsrag/evaluations/chronos_bolt_512/Coastal_T_S/15T/long/run_0/config.json
    Saved aggregate metrics to /fslarge/scratch/users/h61084/codes/tsrag_time/outputs/tsrag/evaluations/chronos_bolt_512/Coastal_T_S/15T/long/run_0/metrics_summary.json
    Metrics summary (averaged over all series/windows/variates):
      MSE: 113.9072
      MAE: 4.7393
      RMSE: 4.9721
      MAPE: 0.1378
      sMAPE: 0.1224
      MASE: 1.4121
      ND: 0.1162
      CRPS: 0.1162
TIME run allocation action=new run=/fslarge/scratch/users/h61084/codes/tsrag_time/outputs/tsrag/evaluations/chronos_bolt_max/Coastal_T_S/15T/long/run_0 launch_id=selena_3452080 slurm_job_id=3452080 launched_at=2026-09-18T01:57:33.204510+00:00
[2026-09-18 01:57:33 UTC] evaluate method=chronos_bolt_max dataset=Coastal_T_S/15T term=long
    Total instances: 75, Series during experiment: 15, Windows: 5
    Collecting ground truth and context...
    Detected to_univariate case: 15 flat series -> 5 series x 3 variates
    Organizing data into arrays...
    Saved predictions (quantiles) to /fslarge/scratch/users/h61084/codes/tsrag_time/outputs/tsrag/evaluations/chronos_bolt_max/Coastal_T_S/15T/long/run_0/predictions.npz
    Computing per-window metrics...
    Saved metrics to /fslarge/scratch/users/h61084/codes/tsrag_time/outputs/tsrag/evaluations/chronos_bolt_max/Coastal_T_S/15T/long/run_0/metrics.npz
    Saved config to /fslarge/scratch/users/h61084/codes/tsrag_time/outputs/tsrag/evaluations/chronos_bolt_max/Coastal_T_S/15T/long/run_0/config.json
    Saved aggregate metrics to /fslarge/scratch/users/h61084/codes/tsrag_time/outputs/tsrag/evaluations/chronos_bolt_max/Coastal_T_S/15T/long/run_0/metrics_summary.json
    Metrics summary (averaged over all series/windows/variates):
      MSE: 110.1648
      MAE: 4.7410
      RMSE: 4.8775
      MAPE: 0.1414
      sMAPE: 0.1223
      MASE: 1.3759
      ND: 0.1160
      CRPS: 0.1160
TIME run allocation action=new run=/fslarge/scratch/users/h61084/codes/tsrag_time/outputs/tsrag/evaluations/chronos2_max/Coastal_T_S/15T/long/run_0 launch_id=selena_3452080 slurm_job_id=3452080 launched_at=2026-09-18T01:57:33.256788+00:00
[2026-09-18 01:57:33 UTC] evaluate method=chronos2_max dataset=Coastal_T_S/15T term=long
    Total instances: 75, Series during experiment: 15, Windows: 5
    Collecting ground truth and context...
    Detected to_univariate case: 15 flat series -> 5 series x 3 variates
    Organizing data into arrays...
    Saved predictions (quantiles) to /fslarge/scratch/users/h61084/codes/tsrag_time/outputs/tsrag/evaluations/chronos2_max/Coastal_T_S/15T/long/run_0/predictions.npz
    Computing per-window metrics...
    Saved metrics to /fslarge/scratch/users/h61084/codes/tsrag_time/outputs/tsrag/evaluations/chronos2_max/Coastal_T_S/15T/long/run_0/metrics.npz
    Saved config to /fslarge/scratch/users/h61084/codes/tsrag_time/outputs/tsrag/evaluations/chronos2_max/Coastal_T_S/15T/long/run_0/config.json
    Saved aggregate metrics to /fslarge/scratch/users/h61084/codes/tsrag_time/outputs/tsrag/evaluations/chronos2_max/Coastal_T_S/15T/long/run_0/metrics_summary.json
    Metrics summary (averaged over all series/windows/variates):
      MSE: 108.9629
      MAE: 4.7375
      RMSE: 4.8886
      MAPE: 0.1390
      sMAPE: 0.1226
      MASE: 1.3934
      ND: 0.1162
      CRPS: 0.1162
TIME run allocation action=new run=/fslarge/scratch/users/h61084/codes/tsrag_time/outputs/tsrag/evaluations/tsrag/Coastal_T_S/15T/long/run_0 launch_id=selena_3452080 slurm_job_id=3452080 launched_at=2026-09-18T01:57:33.323572+00:00
[2026-09-18 01:57:33 UTC] evaluate method=tsrag dataset=Coastal_T_S/15T term=long
    Total instances: 75, Series during experiment: 15, Windows: 5
    Collecting ground truth and context...
    Detected to_univariate case: 15 flat series -> 5 series x 3 variates
    Organizing data into arrays...
    Saved predictions (quantiles) to /fslarge/scratch/users/h61084/codes/tsrag_time/outputs/tsrag/evaluations/tsrag/Coastal_T_S/15T/long/run_0/predictions.npz
    Computing per-window metrics...
    Saved metrics to /fslarge/scratch/users/h61084/codes/tsrag_time/outputs/tsrag/evaluations/tsrag/Coastal_T_S/15T/long/run_0/metrics.npz
    Saved config to /fslarge/scratch/users/h61084/codes/tsrag_time/outputs/tsrag/evaluations/tsrag/Coastal_T_S/15T/long/run_0/config.json
    Saved aggregate metrics to /fslarge/scratch/users/h61084/codes/tsrag_time/outputs/tsrag/evaluations/tsrag/Coastal_T_S/15T/long/run_0/metrics_summary.json
    Metrics summary (averaged over all series/windows/variates):
      MSE: 109.5836
      MAE: 4.7479
      RMSE: 4.9014
      MAPE: 0.1429
      sMAPE: 0.1227
      MASE: 1.4192
      ND: 0.1166
      CRPS: 0.1166
TIME run allocation action=new run=/fslarge/scratch/users/h61084/codes/tsrag_time/outputs/tsrag/evaluations/bayes_mixture/Coastal_T_S/15T/long/run_0 launch_id=selena_3452080 slurm_job_id=3452080 launched_at=2026-09-18T01:57:33.413086+00:00
[2026-09-18 01:57:33 UTC] evaluate method=bayes_mixture dataset=Coastal_T_S/15T term=long
    Total instances: 75, Series during experiment: 15, Windows: 5
    Collecting ground truth and context...
    Detected to_univariate case: 15 flat series -> 5 series x 3 variates
    Organizing data into arrays...
    Saved predictions (quantiles) to /fslarge/scratch/users/h61084/codes/tsrag_time/outputs/tsrag/evaluations/bayes_mixture/Coastal_T_S/15T/long/run_0/predictions.npz
    Computing per-window metrics...
    Saved metrics to /fslarge/scratch/users/h61084/codes/tsrag_time/outputs/tsrag/evaluations/bayes_mixture/Coastal_T_S/15T/long/run_0/metrics.npz
    Saved config to /fslarge/scratch/users/h61084/codes/tsrag_time/outputs/tsrag/evaluations/bayes_mixture/Coastal_T_S/15T/long/run_0/config.json
    Saved aggregate metrics to /fslarge/scratch/users/h61084/codes/tsrag_time/outputs/tsrag/evaluations/bayes_mixture/Coastal_T_S/15T/long/run_0/metrics_summary.json
    Metrics summary (averaged over all series/windows/variates):
      MSE: 108.6947
      MAE: 4.7393
      RMSE: 4.8755
      MAPE: 0.1413
      sMAPE: 0.1225
      MASE: 1.3949
      ND: 0.1163
      CRPS: 0.1163
TIME run allocation action=new run=/fslarge/scratch/users/h61084/codes/tsrag_time/outputs/tsrag/evaluations/chronos_t5_512/Coastal_T_S/20T/short/run_0 launch_id=selena_3452080 slurm_job_id=3452080 launched_at=2026-09-18T01:57:33.476514+00:00
[2026-09-18 01:57:33 UTC] evaluate method=chronos_t5_512 dataset=Coastal_T_S/20T term=short
    Total instances: 360, Series during experiment: 3, Windows: 120
    Collecting ground truth and context...
    Detected to_univariate case: 3 flat series -> 1 series x 3 variates
    Organizing data into arrays...
    Saved predictions (quantiles) to /fslarge/scratch/users/h61084/codes/tsrag_time/outputs/tsrag/evaluations/chronos_t5_512/Coastal_T_S/20T/short/run_0/predictions.npz
    Computing per-window metrics...
    Saved metrics to /fslarge/scratch/users/h61084/codes/tsrag_time/outputs/tsrag/evaluations/chronos_t5_512/Coastal_T_S/20T/short/run_0/metrics.npz
    Saved config to /fslarge/scratch/users/h61084/codes/tsrag_time/outputs/tsrag/evaluations/chronos_t5_512/Coastal_T_S/20T/short/run_0/config.json
    Saved aggregate metrics to /fslarge/scratch/users/h61084/codes/tsrag_time/outputs/tsrag/evaluations/chronos_t5_512/Coastal_T_S/20T/short/run_0/metrics_summary.json
    Metrics summary (averaged over all series/windows/variates):
      MSE: 0.0185
      MAE: 0.0958
      RMSE: 0.1076
      MAPE: 0.0039
      sMAPE: 0.0039
      MASE: 0.7523
      ND: 0.0039
      CRPS: 0.0039
TIME run allocation action=new run=/fslarge/scratch/users/h61084/codes/tsrag_time/outputs/tsrag/evaluations/chronos_bolt_512/Coastal_T_S/20T/short/run_0 launch_id=selena_3452080 slurm_job_id=3452080 launched_at=2026-09-18T01:57:33.535227+00:00
[2026-09-18 01:57:33 UTC] evaluate method=chronos_bolt_512 dataset=Coastal_T_S/20T term=short
    Total instances: 360, Series during experiment: 3, Windows: 120
    Collecting ground truth and context...
    Detected to_univariate case: 3 flat series -> 1 series x 3 variates
    Organizing data into arrays...
    Saved predictions (quantiles) to /fslarge/scratch/users/h61084/codes/tsrag_time/outputs/tsrag/evaluations/chronos_bolt_512/Coastal_T_S/20T/short/run_0/predictions.npz
    Computing per-window metrics...
    Saved metrics to /fslarge/scratch/users/h61084/codes/tsrag_time/outputs/tsrag/evaluations/chronos_bolt_512/Coastal_T_S/20T/short/run_0/metrics.npz
    Saved config to /fslarge/scratch/users/h61084/codes/tsrag_time/outputs/tsrag/evaluations/chronos_bolt_512/Coastal_T_S/20T/short/run_0/config.json
    Saved aggregate metrics to /fslarge/scratch/users/h61084/codes/tsrag_time/outputs/tsrag/evaluations/chronos_bolt_512/Coastal_T_S/20T/short/run_0/metrics_summary.json
    Metrics summary (averaged over all series/windows/variates):
      MSE: 0.0151
      MAE: 0.0844
      RMSE: 0.0968
      MAPE: 0.0035
      sMAPE: 0.0035
      MASE: 0.6343
      ND: 0.0035
      CRPS: 0.0035
TIME run allocation action=new run=/fslarge/scratch/users/h61084/codes/tsrag_time/outputs/tsrag/evaluations/chronos_bolt_max/Coastal_T_S/20T/short/run_0 launch_id=selena_3452080 slurm_job_id=3452080 launched_at=2026-09-18T01:57:33.590465+00:00
[2026-09-18 01:57:33 UTC] evaluate method=chronos_bolt_max dataset=Coastal_T_S/20T term=short
    Total instances: 360, Series during experiment: 3, Windows: 120
    Collecting ground truth and context...
    Detected to_univariate case: 3 flat series -> 1 series x 3 variates
    Organizing data into arrays...
    Saved predictions (quantiles) to /fslarge/scratch/users/h61084/codes/tsrag_time/outputs/tsrag/evaluations/chronos_bolt_max/Coastal_T_S/20T/short/run_0/predictions.npz
    Computing per-window metrics...
    Saved metrics to /fslarge/scratch/users/h61084/codes/tsrag_time/outputs/tsrag/evaluations/chronos_bolt_max/Coastal_T_S/20T/short/run_0/metrics.npz
    Saved config to /fslarge/scratch/users/h61084/codes/tsrag_time/outputs/tsrag/evaluations/chronos_bolt_max/Coastal_T_S/20T/short/run_0/config.json
    Saved aggregate metrics to /fslarge/scratch/users/h61084/codes/tsrag_time/outputs/tsrag/evaluations/chronos_bolt_max/Coastal_T_S/20T/short/run_0/metrics_summary.json
    Metrics summary (averaged over all series/windows/variates):
      MSE: 0.0147
      MAE: 0.0821
      RMSE: 0.0951
      MAPE: 0.0035
      sMAPE: 0.0035
      MASE: 0.6112
      ND: 0.0035
      CRPS: 0.0035
TIME run allocation action=new run=/fslarge/scratch/users/h61084/codes/tsrag_time/outputs/tsrag/evaluations/chronos2_max/Coastal_T_S/20T/short/run_0 launch_id=selena_3452080 slurm_job_id=3452080 launched_at=2026-09-18T01:57:33.646390+00:00
[2026-09-18 01:57:33 UTC] evaluate method=chronos2_max dataset=Coastal_T_S/20T term=short
    Total instances: 360, Series during experiment: 3, Windows: 120
    Collecting ground truth and context...
    Detected to_univariate case: 3 flat series -> 1 series x 3 variates
    Organizing data into arrays...
    Saved predictions (quantiles) to /fslarge/scratch/users/h61084/codes/tsrag_time/outputs/tsrag/evaluations/chronos2_max/Coastal_T_S/20T/short/run_0/predictions.npz
    Computing per-window metrics...
    Saved metrics to /fslarge/scratch/users/h61084/codes/tsrag_time/outputs/tsrag/evaluations/chronos2_max/Coastal_T_S/20T/short/run_0/metrics.npz
    Saved config to /fslarge/scratch/users/h61084/codes/tsrag_time/outputs/tsrag/evaluations/chronos2_max/Coastal_T_S/20T/short/run_0/config.json
    Saved aggregate metrics to /fslarge/scratch/users/h61084/codes/tsrag_time/outputs/tsrag/evaluations/chronos2_max/Coastal_T_S/20T/short/run_0/metrics_summary.json
    Metrics summary (averaged over all series/windows/variates):
      MSE: 0.0064
      MAE: 0.0558
      RMSE: 0.0638
      MAPE: 0.0023
      sMAPE: 0.0023
      MASE: 0.4510
      ND: 0.0023
      CRPS: 0.0023
TIME run allocation action=new run=/fslarge/scratch/users/h61084/codes/tsrag_time/outputs/tsrag/evaluations/tsrag/Coastal_T_S/20T/short/run_0 launch_id=selena_3452080 slurm_job_id=3452080 launched_at=2026-09-18T01:57:33.716415+00:00
[2026-09-18 01:57:33 UTC] evaluate method=tsrag dataset=Coastal_T_S/20T term=short
    Total instances: 360, Series during experiment: 3, Windows: 120
    Collecting ground truth and context...
    Detected to_univariate case: 3 flat series -> 1 series x 3 variates
    Organizing data into arrays...
    Saved predictions (quantiles) to /fslarge/scratch/users/h61084/codes/tsrag_time/outputs/tsrag/evaluations/tsrag/Coastal_T_S/20T/short/run_0/predictions.npz
    Computing per-window metrics...
    Saved metrics to /fslarge/scratch/users/h61084/codes/tsrag_time/outputs/tsrag/evaluations/tsrag/Coastal_T_S/20T/short/run_0/metrics.npz
    Saved config to /fslarge/scratch/users/h61084/codes/tsrag_time/outputs/tsrag/evaluations/tsrag/Coastal_T_S/20T/short/run_0/config.json
    Saved aggregate metrics to /fslarge/scratch/users/h61084/codes/tsrag_time/outputs/tsrag/evaluations/tsrag/Coastal_T_S/20T/short/run_0/metrics_summary.json
    Metrics summary (averaged over all series/windows/variates):
      MSE: 0.0151
      MAE: 0.0855
      RMSE: 0.0977
      MAPE: 0.0036
      sMAPE: 0.0036
      MASE: 0.6438
      ND: 0.0036
      CRPS: 0.0036
TIME run allocation action=new run=/fslarge/scratch/users/h61084/codes/tsrag_time/outputs/tsrag/evaluations/bayes_mixture/Coastal_T_S/20T/short/run_0 launch_id=selena_3452080 slurm_job_id=3452080 launched_at=2026-09-18T01:57:33.809220+00:00
[2026-09-18 01:57:33 UTC] evaluate method=bayes_mixture dataset=Coastal_T_S/20T term=short
    Total instances: 360, Series during experiment: 3, Windows: 120
    Collecting ground truth and context...
    Detected to_univariate case: 3 flat series -> 1 series x 3 variates
    Organizing data into arrays...
    Saved predictions (quantiles) to /fslarge/scratch/users/h61084/codes/tsrag_time/outputs/tsrag/evaluations/bayes_mixture/Coastal_T_S/20T/short/run_0/predictions.npz
    Computing per-window metrics...
    Saved metrics to /fslarge/scratch/users/h61084/codes/tsrag_time/outputs/tsrag/evaluations/bayes_mixture/Coastal_T_S/20T/short/run_0/metrics.npz
    Saved config to /fslarge/scratch/users/h61084/codes/tsrag_time/outputs/tsrag/evaluations/bayes_mixture/Coastal_T_S/20T/short/run_0/config.json
    Saved aggregate metrics to /fslarge/scratch/users/h61084/codes/tsrag_time/outputs/tsrag/evaluations/bayes_mixture/Coastal_T_S/20T/short/run_0/metrics_summary.json
    Metrics summary (averaged over all series/windows/variates):
      MSE: 0.0073
      MAE: 0.0591
      RMSE: 0.0676
      MAPE: 0.0024
      sMAPE: 0.0024
      MASE: 0.4724
      ND: 0.0024
      CRPS: 0.0024
TIME run allocation action=new run=/fslarge/scratch/users/h61084/codes/tsrag_time/outputs/tsrag/evaluations/chronos_t5_512/Coastal_T_S/20T/medium/run_0 launch_id=selena_3452080 slurm_job_id=3452080 launched_at=2026-09-18T01:57:33.874867+00:00
[2026-09-18 01:57:33 UTC] evaluate method=chronos_t5_512 dataset=Coastal_T_S/20T term=medium
    Total instances: 45, Series during experiment: 3, Windows: 15
    Collecting ground truth and context...
    Detected to_univariate case: 3 flat series -> 1 series x 3 variates
    Organizing data into arrays...
    Saved predictions (quantiles) to /fslarge/scratch/users/h61084/codes/tsrag_time/outputs/tsrag/evaluations/chronos_t5_512/Coastal_T_S/20T/medium/run_0/predictions.npz
    Computing per-window metrics...
    Saved metrics to /fslarge/scratch/users/h61084/codes/tsrag_time/outputs/tsrag/evaluations/chronos_t5_512/Coastal_T_S/20T/medium/run_0/metrics.npz
    Saved config to /fslarge/scratch/users/h61084/codes/tsrag_time/outputs/tsrag/evaluations/chronos_t5_512/Coastal_T_S/20T/medium/run_0/config.json
    Saved aggregate metrics to /fslarge/scratch/users/h61084/codes/tsrag_time/outputs/tsrag/evaluations/chronos_t5_512/Coastal_T_S/20T/medium/run_0/metrics_summary.json
    Metrics summary (averaged over all series/windows/variates):
      MSE: 0.0615
      MAE: 0.1900
      RMSE: 0.2296
      MAPE: 0.0079
      sMAPE: 0.0079
      MASE: 1.4848
      ND: 0.0079
      CRPS: 0.0079
TIME run allocation action=new run=/fslarge/scratch/users/h61084/codes/tsrag_time/outputs/tsrag/evaluations/chronos_bolt_512/Coastal_T_S/20T/medium/run_0 launch_id=selena_3452080 slurm_job_id=3452080 launched_at=2026-09-18T01:57:33.906921+00:00
[2026-09-18 01:57:33 UTC] evaluate method=chronos_bolt_512 dataset=Coastal_T_S/20T term=medium
    Total instances: 45, Series during experiment: 3, Windows: 15
    Collecting ground truth and context...
    Detected to_univariate case: 3 flat series -> 1 series x 3 variates
    Organizing data into arrays...
    Saved predictions (quantiles) to /fslarge/scratch/users/h61084/codes/tsrag_time/outputs/tsrag/evaluations/chronos_bolt_512/Coastal_T_S/20T/medium/run_0/predictions.npz
    Computing per-window metrics...
    Saved metrics to /fslarge/scratch/users/h61084/codes/tsrag_time/outputs/tsrag/evaluations/chronos_bolt_512/Coastal_T_S/20T/medium/run_0/metrics.npz
    Saved config to /fslarge/scratch/users/h61084/codes/tsrag_time/outputs/tsrag/evaluations/chronos_bolt_512/Coastal_T_S/20T/medium/run_0/config.json
    Saved aggregate metrics to /fslarge/scratch/users/h61084/codes/tsrag_time/outputs/tsrag/evaluations/chronos_bolt_512/Coastal_T_S/20T/medium/run_0/metrics_summary.json
    Metrics summary (averaged over all series/windows/variates):
      MSE: 0.1340
      MAE: 0.2692
      RMSE: 0.3237
      MAPE: 0.0122
      sMAPE: 0.0121
      MASE: 1.8926
      ND: 0.0121
      CRPS: 0.0121
TIME run allocation action=new run=/fslarge/scratch/users/h61084/codes/tsrag_time/outputs/tsrag/evaluations/chronos_bolt_max/Coastal_T_S/20T/medium/run_0 launch_id=selena_3452080 slurm_job_id=3452080 launched_at=2026-09-18T01:57:33.935222+00:00
[2026-09-18 01:57:33 UTC] evaluate method=chronos_bolt_max dataset=Coastal_T_S/20T term=medium
    Total instances: 45, Series during experiment: 3, Windows: 15
    Collecting ground truth and context...
    Detected to_univariate case: 3 flat series -> 1 series x 3 variates
    Organizing data into arrays...
    Saved predictions (quantiles) to /fslarge/scratch/users/h61084/codes/tsrag_time/outputs/tsrag/evaluations/chronos_bolt_max/Coastal_T_S/20T/medium/run_0/predictions.npz
    Computing per-window metrics...
    Saved metrics to /fslarge/scratch/users/h61084/codes/tsrag_time/outputs/tsrag/evaluations/chronos_bolt_max/Coastal_T_S/20T/medium/run_0/metrics.npz
    Saved config to /fslarge/scratch/users/h61084/codes/tsrag_time/outputs/tsrag/evaluations/chronos_bolt_max/Coastal_T_S/20T/medium/run_0/config.json
    Saved aggregate metrics to /fslarge/scratch/users/h61084/codes/tsrag_time/outputs/tsrag/evaluations/chronos_bolt_max/Coastal_T_S/20T/medium/run_0/metrics_summary.json
    Metrics summary (averaged over all series/windows/variates):
      MSE: 0.1288
      MAE: 0.2530
      RMSE: 0.3104
      MAPE: 0.0115
      sMAPE: 0.0114
      MASE: 1.7548
      ND: 0.0114
      CRPS: 0.0114
TIME run allocation action=new run=/fslarge/scratch/users/h61084/codes/tsrag_time/outputs/tsrag/evaluations/chronos2_max/Coastal_T_S/20T/medium/run_0 launch_id=selena_3452080 slurm_job_id=3452080 launched_at=2026-09-18T01:57:33.962733+00:00
[2026-09-18 01:57:33 UTC] evaluate method=chronos2_max dataset=Coastal_T_S/20T term=medium
    Total instances: 45, Series during experiment: 3, Windows: 15
    Collecting ground truth and context...
    Detected to_univariate case: 3 flat series -> 1 series x 3 variates
    Organizing data into arrays...
    Saved predictions (quantiles) to /fslarge/scratch/users/h61084/codes/tsrag_time/outputs/tsrag/evaluations/chronos2_max/Coastal_T_S/20T/medium/run_0/predictions.npz
    Computing per-window metrics...
    Saved metrics to /fslarge/scratch/users/h61084/codes/tsrag_time/outputs/tsrag/evaluations/chronos2_max/Coastal_T_S/20T/medium/run_0/metrics.npz
    Saved config to /fslarge/scratch/users/h61084/codes/tsrag_time/outputs/tsrag/evaluations/chronos2_max/Coastal_T_S/20T/medium/run_0/config.json
    Saved aggregate metrics to /fslarge/scratch/users/h61084/codes/tsrag_time/outputs/tsrag/evaluations/chronos2_max/Coastal_T_S/20T/medium/run_0/metrics_summary.json
    Metrics summary (averaged over all series/windows/variates):
      MSE: 0.0305
      MAE: 0.1290
      RMSE: 0.1561
      MAPE: 0.0053
      sMAPE: 0.0053
      MASE: 1.0186
      ND: 0.0053
      CRPS: 0.0053
TIME run allocation action=new run=/fslarge/scratch/users/h61084/codes/tsrag_time/outputs/tsrag/evaluations/tsrag/Coastal_T_S/20T/medium/run_0 launch_id=selena_3452080 slurm_job_id=3452080 launched_at=2026-09-18T01:57:34.004824+00:00
[2026-09-18 01:57:34 UTC] evaluate method=tsrag dataset=Coastal_T_S/20T term=medium
    Total instances: 45, Series during experiment: 3, Windows: 15
    Collecting ground truth and context...
    Detected to_univariate case: 3 flat series -> 1 series x 3 variates
    Organizing data into arrays...
    Saved predictions (quantiles) to /fslarge/scratch/users/h61084/codes/tsrag_time/outputs/tsrag/evaluations/tsrag/Coastal_T_S/20T/medium/run_0/predictions.npz
    Computing per-window metrics...
    Saved metrics to /fslarge/scratch/users/h61084/codes/tsrag_time/outputs/tsrag/evaluations/tsrag/Coastal_T_S/20T/medium/run_0/metrics.npz
    Saved config to /fslarge/scratch/users/h61084/codes/tsrag_time/outputs/tsrag/evaluations/tsrag/Coastal_T_S/20T/medium/run_0/config.json
    Saved aggregate metrics to /fslarge/scratch/users/h61084/codes/tsrag_time/outputs/tsrag/evaluations/tsrag/Coastal_T_S/20T/medium/run_0/metrics_summary.json
    Metrics summary (averaged over all series/windows/variates):
      MSE: 0.1363
      MAE: 0.2703
      RMSE: 0.3289
      MAPE: 0.0119
      sMAPE: 0.0120
      MASE: 1.9342
      ND: 0.0119
      CRPS: 0.0119
TIME run allocation action=new run=/fslarge/scratch/users/h61084/codes/tsrag_time/outputs/tsrag/evaluations/bayes_mixture/Coastal_T_S/20T/medium/run_0 launch_id=selena_3452080 slurm_job_id=3452080 launched_at=2026-09-18T01:57:34.070048+00:00
[2026-09-18 01:57:34 UTC] evaluate method=bayes_mixture dataset=Coastal_T_S/20T term=medium
    Total instances: 45, Series during experiment: 3, Windows: 15
    Collecting ground truth and context...
    Detected to_univariate case: 3 flat series -> 1 series x 3 variates
    Organizing data into arrays...
    Saved predictions (quantiles) to /fslarge/scratch/users/h61084/codes/tsrag_time/outputs/tsrag/evaluations/bayes_mixture/Coastal_T_S/20T/medium/run_0/predictions.npz
    Computing per-window metrics...
    Saved metrics to /fslarge/scratch/users/h61084/codes/tsrag_time/outputs/tsrag/evaluations/bayes_mixture/Coastal_T_S/20T/medium/run_0/metrics.npz
    Saved config to /fslarge/scratch/users/h61084/codes/tsrag_time/outputs/tsrag/evaluations/bayes_mixture/Coastal_T_S/20T/medium/run_0/config.json
    Saved aggregate metrics to /fslarge/scratch/users/h61084/codes/tsrag_time/outputs/tsrag/evaluations/bayes_mixture/Coastal_T_S/20T/medium/run_0/metrics_summary.json
    Metrics summary (averaged over all series/windows/variates):
      MSE: 0.0304
      MAE: 0.1295
      RMSE: 0.1560
      MAPE: 0.0053
      sMAPE: 0.0053
      MASE: 1.0191
      ND: 0.0053
      CRPS: 0.0053
TIME run allocation action=new run=/fslarge/scratch/users/h61084/codes/tsrag_time/outputs/tsrag/evaluations/chronos_t5_512/Coastal_T_S/20T/long/run_0 launch_id=selena_3452080 slurm_job_id=3452080 launched_at=2026-09-18T01:57:34.108100+00:00
[2026-09-18 01:57:34 UTC] evaluate method=chronos_t5_512 dataset=Coastal_T_S/20T term=long
    Total instances: 15, Series during experiment: 3, Windows: 5
    Collecting ground truth and context...
    Detected to_univariate case: 3 flat series -> 1 series x 3 variates
    Organizing data into arrays...
    Saved predictions (quantiles) to /fslarge/scratch/users/h61084/codes/tsrag_time/outputs/tsrag/evaluations/chronos_t5_512/Coastal_T_S/20T/long/run_0/predictions.npz
    Computing per-window metrics...
    Saved metrics to /fslarge/scratch/users/h61084/codes/tsrag_time/outputs/tsrag/evaluations/chronos_t5_512/Coastal_T_S/20T/long/run_0/metrics.npz
    Saved config to /fslarge/scratch/users/h61084/codes/tsrag_time/outputs/tsrag/evaluations/chronos_t5_512/Coastal_T_S/20T/long/run_0/config.json
    Saved aggregate metrics to /fslarge/scratch/users/h61084/codes/tsrag_time/outputs/tsrag/evaluations/chronos_t5_512/Coastal_T_S/20T/long/run_0/metrics_summary.json
    Metrics summary (averaged over all series/windows/variates):
      MSE: 0.1519
      MAE: 0.3008
      RMSE: 0.3743
      MAPE: 0.0126
      sMAPE: 0.0127
      MASE: 2.2942
      ND: 0.0126
      CRPS: 0.0126
TIME run allocation action=new run=/fslarge/scratch/users/h61084/codes/tsrag_time/outputs/tsrag/evaluations/chronos_bolt_512/Coastal_T_S/20T/long/run_0 launch_id=selena_3452080 slurm_job_id=3452080 launched_at=2026-09-18T01:57:34.136666+00:00
[2026-09-18 01:57:34 UTC] evaluate method=chronos_bolt_512 dataset=Coastal_T_S/20T term=long
    Total instances: 15, Series during experiment: 3, Windows: 5
    Collecting ground truth and context...
    Detected to_univariate case: 3 flat series -> 1 series x 3 variates
    Organizing data into arrays...
    Saved predictions (quantiles) to /fslarge/scratch/users/h61084/codes/tsrag_time/outputs/tsrag/evaluations/chronos_bolt_512/Coastal_T_S/20T/long/run_0/predictions.npz
    Computing per-window metrics...
    Saved metrics to /fslarge/scratch/users/h61084/codes/tsrag_time/outputs/tsrag/evaluations/chronos_bolt_512/Coastal_T_S/20T/long/run_0/metrics.npz
    Saved config to /fslarge/scratch/users/h61084/codes/tsrag_time/outputs/tsrag/evaluations/chronos_bolt_512/Coastal_T_S/20T/long/run_0/config.json
    Saved aggregate metrics to /fslarge/scratch/users/h61084/codes/tsrag_time/outputs/tsrag/evaluations/chronos_bolt_512/Coastal_T_S/20T/long/run_0/metrics_summary.json
    Metrics summary (averaged over all series/windows/variates):
      MSE: 0.2090
      MAE: 0.3492
      RMSE: 0.4188
      MAPE: 0.0153
      sMAPE: 0.0153
      MASE: 2.5406
      ND: 0.0153
      CRPS: 0.0153
TIME run allocation action=new run=/fslarge/scratch/users/h61084/codes/tsrag_time/outputs/tsrag/evaluations/chronos_bolt_max/Coastal_T_S/20T/long/run_0 launch_id=selena_3452080 slurm_job_id=3452080 launched_at=2026-09-18T01:57:34.162165+00:00
[2026-09-18 01:57:34 UTC] evaluate method=chronos_bolt_max dataset=Coastal_T_S/20T term=long
    Total instances: 15, Series during experiment: 3, Windows: 5
    Collecting ground truth and context...
    Detected to_univariate case: 3 flat series -> 1 series x 3 variates
    Organizing data into arrays...
    Saved predictions (quantiles) to /fslarge/scratch/users/h61084/codes/tsrag_time/outputs/tsrag/evaluations/chronos_bolt_max/Coastal_T_S/20T/long/run_0/predictions.npz
    Computing per-window metrics...
    Saved metrics to /fslarge/scratch/users/h61084/codes/tsrag_time/outputs/tsrag/evaluations/chronos_bolt_max/Coastal_T_S/20T/long/run_0/metrics.npz
    Saved config to /fslarge/scratch/users/h61084/codes/tsrag_time/outputs/tsrag/evaluations/chronos_bolt_max/Coastal_T_S/20T/long/run_0/config.json
    Saved aggregate metrics to /fslarge/scratch/users/h61084/codes/tsrag_time/outputs/tsrag/evaluations/chronos_bolt_max/Coastal_T_S/20T/long/run_0/metrics_summary.json
    Metrics summary (averaged over all series/windows/variates):
      MSE: 0.2062
      MAE: 0.3311
      RMSE: 0.4023
      MAPE: 0.0147
      sMAPE: 0.0147
      MASE: 2.3705
      ND: 0.0147
      CRPS: 0.0147
TIME run allocation action=new run=/fslarge/scratch/users/h61084/codes/tsrag_time/outputs/tsrag/evaluations/chronos2_max/Coastal_T_S/20T/long/run_0 launch_id=selena_3452080 slurm_job_id=3452080 launched_at=2026-09-18T01:57:34.187021+00:00
[2026-09-18 01:57:34 UTC] evaluate method=chronos2_max dataset=Coastal_T_S/20T term=long
    Total instances: 15, Series during experiment: 3, Windows: 5
    Collecting ground truth and context...
    Detected to_univariate case: 3 flat series -> 1 series x 3 variates
    Organizing data into arrays...
    Saved predictions (quantiles) to /fslarge/scratch/users/h61084/codes/tsrag_time/outputs/tsrag/evaluations/chronos2_max/Coastal_T_S/20T/long/run_0/predictions.npz
    Computing per-window metrics...
    Saved metrics to /fslarge/scratch/users/h61084/codes/tsrag_time/outputs/tsrag/evaluations/chronos2_max/Coastal_T_S/20T/long/run_0/metrics.npz
    Saved config to /fslarge/scratch/users/h61084/codes/tsrag_time/outputs/tsrag/evaluations/chronos2_max/Coastal_T_S/20T/long/run_0/config.json
    Saved aggregate metrics to /fslarge/scratch/users/h61084/codes/tsrag_time/outputs/tsrag/evaluations/chronos2_max/Coastal_T_S/20T/long/run_0/metrics_summary.json
    Metrics summary (averaged over all series/windows/variates):
      MSE: 0.0822
      MAE: 0.1989
      RMSE: 0.2429
      MAPE: 0.0081
      sMAPE: 0.0080
      MASE: 1.6549
      ND: 0.0080
      CRPS: 0.0080
TIME run allocation action=new run=/fslarge/scratch/users/h61084/codes/tsrag_time/outputs/tsrag/evaluations/tsrag/Coastal_T_S/20T/long/run_0 launch_id=selena_3452080 slurm_job_id=3452080 launched_at=2026-09-18T01:57:34.226328+00:00
[2026-09-18 01:57:34 UTC] evaluate method=tsrag dataset=Coastal_T_S/20T term=long
    Total instances: 15, Series during experiment: 3, Windows: 5
    Collecting ground truth and context...
    Detected to_univariate case: 3 flat series -> 1 series x 3 variates
    Organizing data into arrays...
    Saved predictions (quantiles) to /fslarge/scratch/users/h61084/codes/tsrag_time/outputs/tsrag/evaluations/tsrag/Coastal_T_S/20T/long/run_0/predictions.npz
    Computing per-window metrics...
    Saved metrics to /fslarge/scratch/users/h61084/codes/tsrag_time/outputs/tsrag/evaluations/tsrag/Coastal_T_S/20T/long/run_0/metrics.npz
    Saved config to /fslarge/scratch/users/h61084/codes/tsrag_time/outputs/tsrag/evaluations/tsrag/Coastal_T_S/20T/long/run_0/config.json
    Saved aggregate metrics to /fslarge/scratch/users/h61084/codes/tsrag_time/outputs/tsrag/evaluations/tsrag/Coastal_T_S/20T/long/run_0/metrics_summary.json
    Metrics summary (averaged over all series/windows/variates):
      MSE: 0.1969
      MAE: 0.3355
      RMSE: 0.4104
      MAPE: 0.0147
      sMAPE: 0.0148
      MASE: 2.4277
      ND: 0.0147
      CRPS: 0.0147
TIME run allocation action=new run=/fslarge/scratch/users/h61084/codes/tsrag_time/outputs/tsrag/evaluations/bayes_mixture/Coastal_T_S/20T/long/run_0 launch_id=selena_3452080 slurm_job_id=3452080 launched_at=2026-09-18T01:57:34.288686+00:00
[2026-09-18 01:57:34 UTC] evaluate method=bayes_mixture dataset=Coastal_T_S/20T term=long
    Total instances: 15, Series during experiment: 3, Windows: 5
    Collecting ground truth and context...
    Detected to_univariate case: 3 flat series -> 1 series x 3 variates
    Organizing data into arrays...
    Saved predictions (quantiles) to /fslarge/scratch/users/h61084/codes/tsrag_time/outputs/tsrag/evaluations/bayes_mixture/Coastal_T_S/20T/long/run_0/predictions.npz
    Computing per-window metrics...
    Saved metrics to /fslarge/scratch/users/h61084/codes/tsrag_time/outputs/tsrag/evaluations/bayes_mixture/Coastal_T_S/20T/long/run_0/metrics.npz
    Saved config to /fslarge/scratch/users/h61084/codes/tsrag_time/outputs/tsrag/evaluations/bayes_mixture/Coastal_T_S/20T/long/run_0/config.json
    Saved aggregate metrics to /fslarge/scratch/users/h61084/codes/tsrag_time/outputs/tsrag/evaluations/bayes_mixture/Coastal_T_S/20T/long/run_0/metrics_summary.json
    Metrics summary (averaged over all series/windows/variates):
      MSE: 0.0783
      MAE: 0.1975
      RMSE: 0.2431
      MAPE: 0.0080
      sMAPE: 0.0080
      MASE: 1.5528
      ND: 0.0080
      CRPS: 0.0080
TIME run allocation action=new run=/fslarge/scratch/users/h61084/codes/tsrag_time/outputs/tsrag/evaluations/chronos_t5_512/Coastal_T_S/H/short/run_0 launch_id=selena_3452080 slurm_job_id=3452080 launched_at=2026-09-18T01:57:34.333515+00:00
[2026-09-18 01:57:34 UTC] evaluate method=chronos_t5_512 dataset=Coastal_T_S/H term=short
    Total instances: 2016, Series during experiment: 72, Windows: 28
    Collecting ground truth and context...
    Detected to_univariate case: 72 flat series -> 24 series x 3 variates
    Organizing data into arrays...
    Saved predictions (quantiles) to /fslarge/scratch/users/h61084/codes/tsrag_time/outputs/tsrag/evaluations/chronos_t5_512/Coastal_T_S/H/short/run_0/predictions.npz
    Computing per-window metrics...
    Saved metrics to /fslarge/scratch/users/h61084/codes/tsrag_time/outputs/tsrag/evaluations/chronos_t5_512/Coastal_T_S/H/short/run_0/metrics.npz
    Saved config to /fslarge/scratch/users/h61084/codes/tsrag_time/outputs/tsrag/evaluations/chronos_t5_512/Coastal_T_S/H/short/run_0/config.json
    Saved aggregate metrics to /fslarge/scratch/users/h61084/codes/tsrag_time/outputs/tsrag/evaluations/chronos_t5_512/Coastal_T_S/H/short/run_0/metrics_summary.json
    Metrics summary (averaged over all series/windows/variates):
      MSE: 16.6592
      MAE: 1.1690
      RMSE: 1.4450
      MAPE: 0.0307
      sMAPE: 0.0296
      MASE: 1.6952
      ND: 0.0291
      CRPS: 0.0291
TIME run allocation action=new run=/fslarge/scratch/users/h61084/codes/tsrag_time/outputs/tsrag/evaluations/chronos_bolt_512/Coastal_T_S/H/short/run_0 launch_id=selena_3452080 slurm_job_id=3452080 launched_at=2026-09-18T01:57:34.574817+00:00
[2026-09-18 01:57:34 UTC] evaluate method=chronos_bolt_512 dataset=Coastal_T_S/H term=short
    Total instances: 2016, Series during experiment: 72, Windows: 28
    Collecting ground truth and context...
    Detected to_univariate case: 72 flat series -> 24 series x 3 variates
    Organizing data into arrays...
    Saved predictions (quantiles) to /fslarge/scratch/users/h61084/codes/tsrag_time/outputs/tsrag/evaluations/chronos_bolt_512/Coastal_T_S/H/short/run_0/predictions.npz
    Computing per-window metrics...
    Saved metrics to /fslarge/scratch/users/h61084/codes/tsrag_time/outputs/tsrag/evaluations/chronos_bolt_512/Coastal_T_S/H/short/run_0/metrics.npz
    Saved config to /fslarge/scratch/users/h61084/codes/tsrag_time/outputs/tsrag/evaluations/chronos_bolt_512/Coastal_T_S/H/short/run_0/config.json
    Saved aggregate metrics to /fslarge/scratch/users/h61084/codes/tsrag_time/outputs/tsrag/evaluations/chronos_bolt_512/Coastal_T_S/H/short/run_0/metrics_summary.json
    Metrics summary (averaged over all series/windows/variates):
      MSE: 15.7816
      MAE: 1.1276
      RMSE: 1.3889
      MAPE: 0.0306
      sMAPE: 0.0290
      MASE: 0.9901
      ND: 0.0285
      CRPS: 0.0285
TIME run allocation action=new run=/fslarge/scratch/users/h61084/codes/tsrag_time/outputs/tsrag/evaluations/chronos_bolt_max/Coastal_T_S/H/short/run_0 launch_id=selena_3452080 slurm_job_id=3452080 launched_at=2026-09-18T01:57:34.811440+00:00
[2026-09-18 01:57:34 UTC] evaluate method=chronos_bolt_max dataset=Coastal_T_S/H term=short
    Total instances: 2016, Series during experiment: 72, Windows: 28
    Collecting ground truth and context...
    Detected to_univariate case: 72 flat series -> 24 series x 3 variates
    Organizing data into arrays...
    Saved predictions (quantiles) to /fslarge/scratch/users/h61084/codes/tsrag_time/outputs/tsrag/evaluations/chronos_bolt_max/Coastal_T_S/H/short/run_0/predictions.npz
    Computing per-window metrics...
    Saved metrics to /fslarge/scratch/users/h61084/codes/tsrag_time/outputs/tsrag/evaluations/chronos_bolt_max/Coastal_T_S/H/short/run_0/metrics.npz
    Saved config to /fslarge/scratch/users/h61084/codes/tsrag_time/outputs/tsrag/evaluations/chronos_bolt_max/Coastal_T_S/H/short/run_0/config.json
    Saved aggregate metrics to /fslarge/scratch/users/h61084/codes/tsrag_time/outputs/tsrag/evaluations/chronos_bolt_max/Coastal_T_S/H/short/run_0/metrics_summary.json
    Metrics summary (averaged over all series/windows/variates):
      MSE: 15.3482
      MAE: 1.1244
      RMSE: 1.3869
      MAPE: 0.0307
      sMAPE: 0.0289
      MASE: 0.9819
      ND: 0.0285
      CRPS: 0.0285
TIME run allocation action=new run=/fslarge/scratch/users/h61084/codes/tsrag_time/outputs/tsrag/evaluations/chronos2_max/Coastal_T_S/H/short/run_0 launch_id=selena_3452080 slurm_job_id=3452080 launched_at=2026-09-18T01:57:35.047042+00:00
[2026-09-18 01:57:35 UTC] evaluate method=chronos2_max dataset=Coastal_T_S/H term=short
    Total instances: 2016, Series during experiment: 72, Windows: 28
    Collecting ground truth and context...
    Detected to_univariate case: 72 flat series -> 24 series x 3 variates
    Organizing data into arrays...
    Saved predictions (quantiles) to /fslarge/scratch/users/h61084/codes/tsrag_time/outputs/tsrag/evaluations/chronos2_max/Coastal_T_S/H/short/run_0/predictions.npz
    Computing per-window metrics...
    Saved metrics to /fslarge/scratch/users/h61084/codes/tsrag_time/outputs/tsrag/evaluations/chronos2_max/Coastal_T_S/H/short/run_0/metrics.npz
    Saved config to /fslarge/scratch/users/h61084/codes/tsrag_time/outputs/tsrag/evaluations/chronos2_max/Coastal_T_S/H/short/run_0/config.json
    Saved aggregate metrics to /fslarge/scratch/users/h61084/codes/tsrag_time/outputs/tsrag/evaluations/chronos2_max/Coastal_T_S/H/short/run_0/metrics_summary.json
    Metrics summary (averaged over all series/windows/variates):
      MSE: 14.5924
      MAE: 1.0799
      RMSE: 1.3386
      MAPE: 0.0294
      sMAPE: 0.0275
      MASE: 0.9169
      ND: 0.0272
      CRPS: 0.0272
TIME run allocation action=new run=/fslarge/scratch/users/h61084/codes/tsrag_time/outputs/tsrag/evaluations/tsrag/Coastal_T_S/H/short/run_0 launch_id=selena_3452080 slurm_job_id=3452080 launched_at=2026-09-18T01:57:35.298802+00:00
[2026-09-18 01:57:35 UTC] evaluate method=tsrag dataset=Coastal_T_S/H term=short
    Total instances: 2016, Series during experiment: 72, Windows: 28
    Collecting ground truth and context...
    Detected to_univariate case: 72 flat series -> 24 series x 3 variates
    Organizing data into arrays...
    Saved predictions (quantiles) to /fslarge/scratch/users/h61084/codes/tsrag_time/outputs/tsrag/evaluations/tsrag/Coastal_T_S/H/short/run_0/predictions.npz
    Computing per-window metrics...
    Saved metrics to /fslarge/scratch/users/h61084/codes/tsrag_time/outputs/tsrag/evaluations/tsrag/Coastal_T_S/H/short/run_0/metrics.npz
    Saved config to /fslarge/scratch/users/h61084/codes/tsrag_time/outputs/tsrag/evaluations/tsrag/Coastal_T_S/H/short/run_0/config.json
    Saved aggregate metrics to /fslarge/scratch/users/h61084/codes/tsrag_time/outputs/tsrag/evaluations/tsrag/Coastal_T_S/H/short/run_0/metrics_summary.json
    Metrics summary (averaged over all series/windows/variates):
      MSE: 15.7884
      MAE: 1.1283
      RMSE: 1.3872
      MAPE: 0.0305
      sMAPE: 0.0290
      MASE: 0.9900
      ND: 0.0285
      CRPS: 0.0285
TIME run allocation action=new run=/fslarge/scratch/users/h61084/codes/tsrag_time/outputs/tsrag/evaluations/bayes_mixture/Coastal_T_S/H/short/run_0 launch_id=selena_3452080 slurm_job_id=3452080 launched_at=2026-09-18T01:57:35.572580+00:00
[2026-09-18 01:57:35 UTC] evaluate method=bayes_mixture dataset=Coastal_T_S/H term=short
    Total instances: 2016, Series during experiment: 72, Windows: 28
    Collecting ground truth and context...
    Detected to_univariate case: 72 flat series -> 24 series x 3 variates
    Organizing data into arrays...
    Saved predictions (quantiles) to /fslarge/scratch/users/h61084/codes/tsrag_time/outputs/tsrag/evaluations/bayes_mixture/Coastal_T_S/H/short/run_0/predictions.npz
    Computing per-window metrics...
    Saved metrics to /fslarge/scratch/users/h61084/codes/tsrag_time/outputs/tsrag/evaluations/bayes_mixture/Coastal_T_S/H/short/run_0/metrics.npz
    Saved config to /fslarge/scratch/users/h61084/codes/tsrag_time/outputs/tsrag/evaluations/bayes_mixture/Coastal_T_S/H/short/run_0/config.json
    Saved aggregate metrics to /fslarge/scratch/users/h61084/codes/tsrag_time/outputs/tsrag/evaluations/bayes_mixture/Coastal_T_S/H/short/run_0/metrics_summary.json
    Metrics summary (averaged over all series/windows/variates):
      MSE: 14.7956
      MAE: 1.0826
      RMSE: 1.3402
      MAPE: 0.0293
      sMAPE: 0.0275
      MASE: 0.9208
      ND: 0.0272
      CRPS: 0.0272
TIME run allocation action=new run=/fslarge/scratch/users/h61084/codes/tsrag_time/outputs/tsrag/evaluations/chronos_t5_512/Coastal_T_S/H/medium/run_0 launch_id=selena_3452080 slurm_job_id=3452080 launched_at=2026-09-18T01:57:35.828012+00:00
[2026-09-18 01:57:35 UTC] evaluate method=chronos_t5_512 dataset=Coastal_T_S/H term=medium
    Total instances: 288, Series during experiment: 72, Windows: 4
    Collecting ground truth and context...
    Detected to_univariate case: 72 flat series -> 24 series x 3 variates
    Organizing data into arrays...
    Saved predictions (quantiles) to /fslarge/scratch/users/h61084/codes/tsrag_time/outputs/tsrag/evaluations/chronos_t5_512/Coastal_T_S/H/medium/run_0/predictions.npz
    Computing per-window metrics...
    Saved metrics to /fslarge/scratch/users/h61084/codes/tsrag_time/outputs/tsrag/evaluations/chronos_t5_512/Coastal_T_S/H/medium/run_0/metrics.npz
    Saved config to /fslarge/scratch/users/h61084/codes/tsrag_time/outputs/tsrag/evaluations/chronos_t5_512/Coastal_T_S/H/medium/run_0/config.json
    Saved aggregate metrics to /fslarge/scratch/users/h61084/codes/tsrag_time/outputs/tsrag/evaluations/chronos_t5_512/Coastal_T_S/H/medium/run_0/metrics_summary.json
    Metrics summary (averaged over all series/windows/variates):
      MSE: 25.8600
      MAE: 1.5662
      RMSE: 1.9367
      MAPE: 0.0458
      sMAPE: 0.0425
      MASE: 2.6363
      ND: 0.0444
      CRPS: 0.0444
TIME run allocation action=new run=/fslarge/scratch/users/h61084/codes/tsrag_time/outputs/tsrag/evaluations/chronos_bolt_512/Coastal_T_S/H/medium/run_0 launch_id=selena_3452080 slurm_job_id=3452080 launched_at=2026-09-18T01:57:35.909446+00:00
[2026-09-18 01:57:35 UTC] evaluate method=chronos_bolt_512 dataset=Coastal_T_S/H term=medium
    Total instances: 288, Series during experiment: 72, Windows: 4
    Collecting ground truth and context...
    Detected to_univariate case: 72 flat series -> 24 series x 3 variates
    Organizing data into arrays...
    Saved predictions (quantiles) to /fslarge/scratch/users/h61084/codes/tsrag_time/outputs/tsrag/evaluations/chronos_bolt_512/Coastal_T_S/H/medium/run_0/predictions.npz
    Computing per-window metrics...
    Saved metrics to /fslarge/scratch/users/h61084/codes/tsrag_time/outputs/tsrag/evaluations/chronos_bolt_512/Coastal_T_S/H/medium/run_0/metrics.npz
    Saved config to /fslarge/scratch/users/h61084/codes/tsrag_time/outputs/tsrag/evaluations/chronos_bolt_512/Coastal_T_S/H/medium/run_0/config.json
    Saved aggregate metrics to /fslarge/scratch/users/h61084/codes/tsrag_time/outputs/tsrag/evaluations/chronos_bolt_512/Coastal_T_S/H/medium/run_0/metrics_summary.json
    Metrics summary (averaged over all series/windows/variates):
      MSE: 29.1996
      MAE: 1.5717
      RMSE: 1.9284
      MAPE: 0.0461
      sMAPE: 0.0424
      MASE: 1.9055
      ND: 0.0439
      CRPS: 0.0439
TIME run allocation action=new run=/fslarge/scratch/users/h61084/codes/tsrag_time/outputs/tsrag/evaluations/chronos_bolt_max/Coastal_T_S/H/medium/run_0 launch_id=selena_3452080 slurm_job_id=3452080 launched_at=2026-09-18T01:57:35.988690+00:00
[2026-09-18 01:57:35 UTC] evaluate method=chronos_bolt_max dataset=Coastal_T_S/H term=medium
    Total instances: 288, Series during experiment: 72, Windows: 4
    Collecting ground truth and context...
    Detected to_univariate case: 72 flat series -> 24 series x 3 variates
    Organizing data into arrays...
    Saved predictions (quantiles) to /fslarge/scratch/users/h61084/codes/tsrag_time/outputs/tsrag/evaluations/chronos_bolt_max/Coastal_T_S/H/medium/run_0/predictions.npz
    Computing per-window metrics...
    Saved metrics to /fslarge/scratch/users/h61084/codes/tsrag_time/outputs/tsrag/evaluations/chronos_bolt_max/Coastal_T_S/H/medium/run_0/metrics.npz
    Saved config to /fslarge/scratch/users/h61084/codes/tsrag_time/outputs/tsrag/evaluations/chronos_bolt_max/Coastal_T_S/H/medium/run_0/config.json
    Saved aggregate metrics to /fslarge/scratch/users/h61084/codes/tsrag_time/outputs/tsrag/evaluations/chronos_bolt_max/Coastal_T_S/H/medium/run_0/metrics_summary.json
    Metrics summary (averaged over all series/windows/variates):
      MSE: 21.9113
      MAE: 1.4095
      RMSE: 1.7617
      MAPE: 0.0429
      sMAPE: 0.0380
      MASE: 1.7441
      ND: 0.0406
      CRPS: 0.0406
TIME run allocation action=new run=/fslarge/scratch/users/h61084/codes/tsrag_time/outputs/tsrag/evaluations/chronos2_max/Coastal_T_S/H/medium/run_0 launch_id=selena_3452080 slurm_job_id=3452080 launched_at=2026-09-18T01:57:36.065952+00:00
[2026-09-18 01:57:36 UTC] evaluate method=chronos2_max dataset=Coastal_T_S/H term=medium
    Total instances: 288, Series during experiment: 72, Windows: 4
    Collecting ground truth and context...
    Detected to_univariate case: 72 flat series -> 24 series x 3 variates
    Organizing data into arrays...
    Saved predictions (quantiles) to /fslarge/scratch/users/h61084/codes/tsrag_time/outputs/tsrag/evaluations/chronos2_max/Coastal_T_S/H/medium/run_0/predictions.npz
    Computing per-window metrics...
    Saved metrics to /fslarge/scratch/users/h61084/codes/tsrag_time/outputs/tsrag/evaluations/chronos2_max/Coastal_T_S/H/medium/run_0/metrics.npz
    Saved config to /fslarge/scratch/users/h61084/codes/tsrag_time/outputs/tsrag/evaluations/chronos2_max/Coastal_T_S/H/medium/run_0/config.json
    Saved aggregate metrics to /fslarge/scratch/users/h61084/codes/tsrag_time/outputs/tsrag/evaluations/chronos2_max/Coastal_T_S/H/medium/run_0/metrics_summary.json
    Metrics summary (averaged over all series/windows/variates):
      MSE: 21.7698
      MAE: 1.3562
      RMSE: 1.6914
      MAPE: 0.0415
      sMAPE: 0.0363
      MASE: 1.6218
      ND: 0.0392
      CRPS: 0.0392
TIME run allocation action=new run=/fslarge/scratch/users/h61084/codes/tsrag_time/outputs/tsrag/evaluations/tsrag/Coastal_T_S/H/medium/run_0 launch_id=selena_3452080 slurm_job_id=3452080 launched_at=2026-09-18T01:57:36.157104+00:00
[2026-09-18 01:57:36 UTC] evaluate method=tsrag dataset=Coastal_T_S/H term=medium
    Total instances: 288, Series during experiment: 72, Windows: 4
    Collecting ground truth and context...
    Detected to_univariate case: 72 flat series -> 24 series x 3 variates
    Organizing data into arrays...
    Saved predictions (quantiles) to /fslarge/scratch/users/h61084/codes/tsrag_time/outputs/tsrag/evaluations/tsrag/Coastal_T_S/H/medium/run_0/predictions.npz
    Computing per-window metrics...
    Saved metrics to /fslarge/scratch/users/h61084/codes/tsrag_time/outputs/tsrag/evaluations/tsrag/Coastal_T_S/H/medium/run_0/metrics.npz
    Saved config to /fslarge/scratch/users/h61084/codes/tsrag_time/outputs/tsrag/evaluations/tsrag/Coastal_T_S/H/medium/run_0/config.json
    Saved aggregate metrics to /fslarge/scratch/users/h61084/codes/tsrag_time/outputs/tsrag/evaluations/tsrag/Coastal_T_S/H/medium/run_0/metrics_summary.json
    Metrics summary (averaged over all series/windows/variates):
      MSE: 29.8501
      MAE: 1.5958
      RMSE: 1.9475
      MAPE: 0.0463
      sMAPE: 0.0428
      MASE: 1.8962
      ND: 0.0443
      CRPS: 0.0443
TIME run allocation action=new run=/fslarge/scratch/users/h61084/codes/tsrag_time/outputs/tsrag/evaluations/bayes_mixture/Coastal_T_S/H/medium/run_0 launch_id=selena_3452080 slurm_job_id=3452080 launched_at=2026-09-18T01:57:36.272240+00:00
[2026-09-18 01:57:36 UTC] evaluate method=bayes_mixture dataset=Coastal_T_S/H term=medium
    Total instances: 288, Series during experiment: 72, Windows: 4
    Collecting ground truth and context...
    Detected to_univariate case: 72 flat series -> 24 series x 3 variates
    Organizing data into arrays...
    Saved predictions (quantiles) to /fslarge/scratch/users/h61084/codes/tsrag_time/outputs/tsrag/evaluations/bayes_mixture/Coastal_T_S/H/medium/run_0/predictions.npz
    Computing per-window metrics...
    Saved metrics to /fslarge/scratch/users/h61084/codes/tsrag_time/outputs/tsrag/evaluations/bayes_mixture/Coastal_T_S/H/medium/run_0/metrics.npz
    Saved config to /fslarge/scratch/users/h61084/codes/tsrag_time/outputs/tsrag/evaluations/bayes_mixture/Coastal_T_S/H/medium/run_0/config.json
    Saved aggregate metrics to /fslarge/scratch/users/h61084/codes/tsrag_time/outputs/tsrag/evaluations/bayes_mixture/Coastal_T_S/H/medium/run_0/metrics_summary.json
    Metrics summary (averaged over all series/windows/variates):
      MSE: 22.5008
      MAE: 1.3862
      RMSE: 1.7227
      MAPE: 0.0418
      sMAPE: 0.0369
      MASE: 1.6571
      ND: 0.0396
      CRPS: 0.0396
TIME run allocation action=new run=/fslarge/scratch/users/h61084/codes/tsrag_time/outputs/tsrag/evaluations/chronos_t5_512/Coastal_T_S/H/long/run_0 launch_id=selena_3452080 slurm_job_id=3452080 launched_at=2026-09-18T01:57:36.368580+00:00
[2026-09-18 01:57:36 UTC] evaluate method=chronos_t5_512 dataset=Coastal_T_S/H term=long
    Total instances: 144, Series during experiment: 72, Windows: 2
    Collecting ground truth and context...
    Detected to_univariate case: 72 flat series -> 24 series x 3 variates
    Organizing data into arrays...
    Saved predictions (quantiles) to /fslarge/scratch/users/h61084/codes/tsrag_time/outputs/tsrag/evaluations/chronos_t5_512/Coastal_T_S/H/long/run_0/predictions.npz
    Computing per-window metrics...
    Saved metrics to /fslarge/scratch/users/h61084/codes/tsrag_time/outputs/tsrag/evaluations/chronos_t5_512/Coastal_T_S/H/long/run_0/metrics.npz
    Saved config to /fslarge/scratch/users/h61084/codes/tsrag_time/outputs/tsrag/evaluations/chronos_t5_512/Coastal_T_S/H/long/run_0/config.json
    Saved aggregate metrics to /fslarge/scratch/users/h61084/codes/tsrag_time/outputs/tsrag/evaluations/chronos_t5_512/Coastal_T_S/H/long/run_0/metrics_summary.json
    Metrics summary (averaged over all series/windows/variates):
      MSE: 29.7620
      MAE: 1.7098
      RMSE: 2.1427
      MAPE: 0.0513
      sMAPE: 0.0481
      MASE: 3.4886
      ND: 0.0474
      CRPS: 0.0474
TIME run allocation action=new run=/fslarge/scratch/users/h61084/codes/tsrag_time/outputs/tsrag/evaluations/chronos_bolt_512/Coastal_T_S/H/long/run_0 launch_id=selena_3452080 slurm_job_id=3452080 launched_at=2026-09-18T01:57:36.436006+00:00
[2026-09-18 01:57:36 UTC] evaluate method=chronos_bolt_512 dataset=Coastal_T_S/H term=long
    Total instances: 144, Series during experiment: 72, Windows: 2
    Collecting ground truth and context...
    Detected to_univariate case: 72 flat series -> 24 series x 3 variates
    Organizing data into arrays...
    Saved predictions (quantiles) to /fslarge/scratch/users/h61084/codes/tsrag_time/outputs/tsrag/evaluations/chronos_bolt_512/Coastal_T_S/H/long/run_0/predictions.npz
    Computing per-window metrics...
    Saved metrics to /fslarge/scratch/users/h61084/codes/tsrag_time/outputs/tsrag/evaluations/chronos_bolt_512/Coastal_T_S/H/long/run_0/metrics.npz
    Saved config to /fslarge/scratch/users/h61084/codes/tsrag_time/outputs/tsrag/evaluations/chronos_bolt_512/Coastal_T_S/H/long/run_0/config.json
    Saved aggregate metrics to /fslarge/scratch/users/h61084/codes/tsrag_time/outputs/tsrag/evaluations/chronos_bolt_512/Coastal_T_S/H/long/run_0/metrics_summary.json
    Metrics summary (averaged over all series/windows/variates):
      MSE: 37.8144
      MAE: 1.7857
      RMSE: 2.2073
      MAPE: 0.0535
      sMAPE: 0.0501
      MASE: 2.6195
      ND: 0.0481
      CRPS: 0.0481
TIME run allocation action=new run=/fslarge/scratch/users/h61084/codes/tsrag_time/outputs/tsrag/evaluations/chronos_bolt_max/Coastal_T_S/H/long/run_0 launch_id=selena_3452080 slurm_job_id=3452080 launched_at=2026-09-18T01:57:36.500421+00:00
[2026-09-18 01:57:36 UTC] evaluate method=chronos_bolt_max dataset=Coastal_T_S/H term=long
    Total instances: 144, Series during experiment: 72, Windows: 2
    Collecting ground truth and context...
    Detected to_univariate case: 72 flat series -> 24 series x 3 variates
    Organizing data into arrays...
    Saved predictions (quantiles) to /fslarge/scratch/users/h61084/codes/tsrag_time/outputs/tsrag/evaluations/chronos_bolt_max/Coastal_T_S/H/long/run_0/predictions.npz
    Computing per-window metrics...
    Saved metrics to /fslarge/scratch/users/h61084/codes/tsrag_time/outputs/tsrag/evaluations/chronos_bolt_max/Coastal_T_S/H/long/run_0/metrics.npz
    Saved config to /fslarge/scratch/users/h61084/codes/tsrag_time/outputs/tsrag/evaluations/chronos_bolt_max/Coastal_T_S/H/long/run_0/config.json
    Saved aggregate metrics to /fslarge/scratch/users/h61084/codes/tsrag_time/outputs/tsrag/evaluations/chronos_bolt_max/Coastal_T_S/H/long/run_0/metrics_summary.json
    Metrics summary (averaged over all series/windows/variates):
      MSE: 22.8227
      MAE: 1.5095
      RMSE: 1.9304
      MAPE: 0.0476
      sMAPE: 0.0428
      MASE: 2.4030
      ND: 0.0428
      CRPS: 0.0428
TIME run allocation action=new run=/fslarge/scratch/users/h61084/codes/tsrag_time/outputs/tsrag/evaluations/chronos2_max/Coastal_T_S/H/long/run_0 launch_id=selena_3452080 slurm_job_id=3452080 launched_at=2026-09-18T01:57:36.564095+00:00
[2026-09-18 01:57:36 UTC] evaluate method=chronos2_max dataset=Coastal_T_S/H term=long
    Total instances: 144, Series during experiment: 72, Windows: 2
    Collecting ground truth and context...
    Detected to_univariate case: 72 flat series -> 24 series x 3 variates
    Organizing data into arrays...
    Saved predictions (quantiles) to /fslarge/scratch/users/h61084/codes/tsrag_time/outputs/tsrag/evaluations/chronos2_max/Coastal_T_S/H/long/run_0/predictions.npz
    Computing per-window metrics...
    Saved metrics to /fslarge/scratch/users/h61084/codes/tsrag_time/outputs/tsrag/evaluations/chronos2_max/Coastal_T_S/H/long/run_0/metrics.npz
    Saved config to /fslarge/scratch/users/h61084/codes/tsrag_time/outputs/tsrag/evaluations/chronos2_max/Coastal_T_S/H/long/run_0/config.json
    Saved aggregate metrics to /fslarge/scratch/users/h61084/codes/tsrag_time/outputs/tsrag/evaluations/chronos2_max/Coastal_T_S/H/long/run_0/metrics_summary.json
    Metrics summary (averaged over all series/windows/variates):
      MSE: 23.3840
      MAE: 1.4582
      RMSE: 1.8620
      MAPE: 0.0469
      sMAPE: 0.0411
      MASE: 2.3177
      ND: 0.0416
      CRPS: 0.0416
TIME run allocation action=new run=/fslarge/scratch/users/h61084/codes/tsrag_time/outputs/tsrag/evaluations/tsrag/Coastal_T_S/H/long/run_0 launch_id=selena_3452080 slurm_job_id=3452080 launched_at=2026-09-18T01:57:36.641881+00:00
[2026-09-18 01:57:36 UTC] evaluate method=tsrag dataset=Coastal_T_S/H term=long
    Total instances: 144, Series during experiment: 72, Windows: 2
    Collecting ground truth and context...
    Detected to_univariate case: 72 flat series -> 24 series x 3 variates
    Organizing data into arrays...
    Saved predictions (quantiles) to /fslarge/scratch/users/h61084/codes/tsrag_time/outputs/tsrag/evaluations/tsrag/Coastal_T_S/H/long/run_0/predictions.npz
    Computing per-window metrics...
    Saved metrics to /fslarge/scratch/users/h61084/codes/tsrag_time/outputs/tsrag/evaluations/tsrag/Coastal_T_S/H/long/run_0/metrics.npz
    Saved config to /fslarge/scratch/users/h61084/codes/tsrag_time/outputs/tsrag/evaluations/tsrag/Coastal_T_S/H/long/run_0/config.json
    Saved aggregate metrics to /fslarge/scratch/users/h61084/codes/tsrag_time/outputs/tsrag/evaluations/tsrag/Coastal_T_S/H/long/run_0/metrics_summary.json
    Metrics summary (averaged over all series/windows/variates):
      MSE: 38.4167
      MAE: 1.8217
      RMSE: 2.2312
      MAPE: 0.0534
      sMAPE: 0.0505
      MASE: 2.6244
      ND: 0.0484
      CRPS: 0.0484
TIME run allocation action=new run=/fslarge/scratch/users/h61084/codes/tsrag_time/outputs/tsrag/evaluations/bayes_mixture/Coastal_T_S/H/long/run_0 launch_id=selena_3452080 slurm_job_id=3452080 launched_at=2026-09-18T01:57:36.743090+00:00
[2026-09-18 01:57:36 UTC] evaluate method=bayes_mixture dataset=Coastal_T_S/H term=long
    Total instances: 144, Series during experiment: 72, Windows: 2
    Collecting ground truth and context...
    Detected to_univariate case: 72 flat series -> 24 series x 3 variates
    Organizing data into arrays...
    Saved predictions (quantiles) to /fslarge/scratch/users/h61084/codes/tsrag_time/outputs/tsrag/evaluations/bayes_mixture/Coastal_T_S/H/long/run_0/predictions.npz
    Computing per-window metrics...
    Saved metrics to /fslarge/scratch/users/h61084/codes/tsrag_time/outputs/tsrag/evaluations/bayes_mixture/Coastal_T_S/H/long/run_0/metrics.npz
    Saved config to /fslarge/scratch/users/h61084/codes/tsrag_time/outputs/tsrag/evaluations/bayes_mixture/Coastal_T_S/H/long/run_0/config.json
    Saved aggregate metrics to /fslarge/scratch/users/h61084/codes/tsrag_time/outputs/tsrag/evaluations/bayes_mixture/Coastal_T_S/H/long/run_0/metrics_summary.json
    Metrics summary (averaged over all series/windows/variates):
      MSE: 25.8825
      MAE: 1.5381
      RMSE: 1.9444
      MAPE: 0.0477
      sMAPE: 0.0425
      MASE: 2.3811
      ND: 0.0427
      CRPS: 0.0427
TIME run allocation action=new run=/fslarge/scratch/users/h61084/codes/tsrag_time/outputs/tsrag/evaluations/chronos_t5_512/SG_Weather/D/short/run_0 launch_id=selena_3452080 slurm_job_id=3452080 launched_at=2026-09-18T01:57:36.819257+00:00
[2026-09-18 01:57:36 UTC] evaluate method=chronos_t5_512 dataset=SG_Weather/D term=short
    Total instances: 2928, Series during experiment: 24, Windows: 122
    Collecting ground truth and context...
    Detected to_univariate case: 24 flat series -> 6 series x 4 variates
    Organizing data into arrays...
    Saved predictions (quantiles) to /fslarge/scratch/users/h61084/codes/tsrag_time/outputs/tsrag/evaluations/chronos_t5_512/SG_Weather/D/short/run_0/predictions.npz
    Computing per-window metrics...
    Saved metrics to /fslarge/scratch/users/h61084/codes/tsrag_time/outputs/tsrag/evaluations/chronos_t5_512/SG_Weather/D/short/run_0/metrics.npz
    Saved config to /fslarge/scratch/users/h61084/codes/tsrag_time/outputs/tsrag/evaluations/chronos_t5_512/SG_Weather/D/short/run_0/config.json
    Saved aggregate metrics to /fslarge/scratch/users/h61084/codes/tsrag_time/outputs/tsrag/evaluations/chronos_t5_512/SG_Weather/D/short/run_0/metrics_summary.json
    Metrics summary (averaged over all series/windows/variates):
      MSE: 3119.0243
      MAE: 19.0556
      RMSE: 22.8710
      MAPE: 0.3609
      sMAPE: 0.2389
      MASE: 0.9091
      ND: 0.2425
      CRPS: 0.2425
TIME run allocation action=new run=/fslarge/scratch/users/h61084/codes/tsrag_time/outputs/tsrag/evaluations/chronos_bolt_512/SG_Weather/D/short/run_0 launch_id=selena_3452080 slurm_job_id=3452080 launched_at=2026-09-18T01:57:37.063961+00:00
[2026-09-18 01:57:37 UTC] evaluate method=chronos_bolt_512 dataset=SG_Weather/D term=short
    Total instances: 2928, Series during experiment: 24, Windows: 122
    Collecting ground truth and context...
    Detected to_univariate case: 24 flat series -> 6 series x 4 variates
    Organizing data into arrays...
    Saved predictions (quantiles) to /fslarge/scratch/users/h61084/codes/tsrag_time/outputs/tsrag/evaluations/chronos_bolt_512/SG_Weather/D/short/run_0/predictions.npz
    Computing per-window metrics...
    Saved metrics to /fslarge/scratch/users/h61084/codes/tsrag_time/outputs/tsrag/evaluations/chronos_bolt_512/SG_Weather/D/short/run_0/metrics.npz
    Saved config to /fslarge/scratch/users/h61084/codes/tsrag_time/outputs/tsrag/evaluations/chronos_bolt_512/SG_Weather/D/short/run_0/config.json
    Saved aggregate metrics to /fslarge/scratch/users/h61084/codes/tsrag_time/outputs/tsrag/evaluations/chronos_bolt_512/SG_Weather/D/short/run_0/metrics_summary.json
    Metrics summary (averaged over all series/windows/variates):
      MSE: 2213.1234
      MAE: 17.9289
      RMSE: 20.5900
      MAPE: 0.4042
      sMAPE: 0.2290
      MASE: 0.8802
      ND: 0.2579
      CRPS: 0.2579
TIME run allocation action=new run=/fslarge/scratch/users/h61084/codes/tsrag_time/outputs/tsrag/evaluations/chronos_bolt_max/SG_Weather/D/short/run_0 launch_id=selena_3452080 slurm_job_id=3452080 launched_at=2026-09-18T01:57:37.307100+00:00
[2026-09-18 01:57:37 UTC] evaluate method=chronos_bolt_max dataset=SG_Weather/D term=short
    Total instances: 2928, Series during experiment: 24, Windows: 122
    Collecting ground truth and context...
    Detected to_univariate case: 24 flat series -> 6 series x 4 variates
    Organizing data into arrays...
    Saved predictions (quantiles) to /fslarge/scratch/users/h61084/codes/tsrag_time/outputs/tsrag/evaluations/chronos_bolt_max/SG_Weather/D/short/run_0/predictions.npz
    Computing per-window metrics...
    Saved metrics to /fslarge/scratch/users/h61084/codes/tsrag_time/outputs/tsrag/evaluations/chronos_bolt_max/SG_Weather/D/short/run_0/metrics.npz
    Saved config to /fslarge/scratch/users/h61084/codes/tsrag_time/outputs/tsrag/evaluations/chronos_bolt_max/SG_Weather/D/short/run_0/config.json
    Saved aggregate metrics to /fslarge/scratch/users/h61084/codes/tsrag_time/outputs/tsrag/evaluations/chronos_bolt_max/SG_Weather/D/short/run_0/metrics_summary.json
    Metrics summary (averaged over all series/windows/variates):
      MSE: 2187.5583
      MAE: 17.8336
      RMSE: 20.5050
      MAPE: 0.3912
      sMAPE: 0.2273
      MASE: 0.8705
      ND: 0.2521
      CRPS: 0.2521
TIME run allocation action=new run=/fslarge/scratch/users/h61084/codes/tsrag_time/outputs/tsrag/evaluations/chronos2_max/SG_Weather/D/short/run_0 launch_id=selena_3452080 slurm_job_id=3452080 launched_at=2026-09-18T01:57:37.548834+00:00
[2026-09-18 01:57:37 UTC] evaluate method=chronos2_max dataset=SG_Weather/D term=short
    Total instances: 2928, Series during experiment: 24, Windows: 122
    Collecting ground truth and context...
    Detected to_univariate case: 24 flat series -> 6 series x 4 variates
    Organizing data into arrays...
    Saved predictions (quantiles) to /fslarge/scratch/users/h61084/codes/tsrag_time/outputs/tsrag/evaluations/chronos2_max/SG_Weather/D/short/run_0/predictions.npz
    Computing per-window metrics...
    Saved metrics to /fslarge/scratch/users/h61084/codes/tsrag_time/outputs/tsrag/evaluations/chronos2_max/SG_Weather/D/short/run_0/metrics.npz
    Saved config to /fslarge/scratch/users/h61084/codes/tsrag_time/outputs/tsrag/evaluations/chronos2_max/SG_Weather/D/short/run_0/config.json
    Saved aggregate metrics to /fslarge/scratch/users/h61084/codes/tsrag_time/outputs/tsrag/evaluations/chronos2_max/SG_Weather/D/short/run_0/metrics_summary.json
    Metrics summary (averaged over all series/windows/variates):
      MSE: 2268.2579
      MAE: 17.0659
      RMSE: 20.0979
      MAPE: 0.3431
      sMAPE: 0.2193
      MASE: 0.8503
      ND: 0.2265
      CRPS: 0.2265
TIME run allocation action=new run=/fslarge/scratch/users/h61084/codes/tsrag_time/outputs/tsrag/evaluations/tsrag/SG_Weather/D/short/run_0 launch_id=selena_3452080 slurm_job_id=3452080 launched_at=2026-09-18T01:57:37.805201+00:00
[2026-09-18 01:57:37 UTC] evaluate method=tsrag dataset=SG_Weather/D term=short
    Total instances: 2928, Series during experiment: 24, Windows: 122
    Collecting ground truth and context...
    Detected to_univariate case: 24 flat series -> 6 series x 4 variates
    Organizing data into arrays...
    Saved predictions (quantiles) to /fslarge/scratch/users/h61084/codes/tsrag_time/outputs/tsrag/evaluations/tsrag/SG_Weather/D/short/run_0/predictions.npz
    Computing per-window metrics...
    Saved metrics to /fslarge/scratch/users/h61084/codes/tsrag_time/outputs/tsrag/evaluations/tsrag/SG_Weather/D/short/run_0/metrics.npz
    Saved config to /fslarge/scratch/users/h61084/codes/tsrag_time/outputs/tsrag/evaluations/tsrag/SG_Weather/D/short/run_0/config.json
    Saved aggregate metrics to /fslarge/scratch/users/h61084/codes/tsrag_time/outputs/tsrag/evaluations/tsrag/SG_Weather/D/short/run_0/metrics_summary.json
    Metrics summary (averaged over all series/windows/variates):
      MSE: 2186.7801
      MAE: 17.8174
      RMSE: 20.4888
      MAPE: 0.3910
      sMAPE: 0.2272
      MASE: 0.8704
      ND: 0.2520
      CRPS: 0.2520
TIME run allocation action=new run=/fslarge/scratch/users/h61084/codes/tsrag_time/outputs/tsrag/evaluations/bayes_mixture/SG_Weather/D/short/run_0 launch_id=selena_3452080 slurm_job_id=3452080 launched_at=2026-09-18T01:57:38.085440+00:00
[2026-09-18 01:57:38 UTC] evaluate method=bayes_mixture dataset=SG_Weather/D term=short
    Total instances: 2928, Series during experiment: 24, Windows: 122
    Collecting ground truth and context...
    Detected to_univariate case: 24 flat series -> 6 series x 4 variates
    Organizing data into arrays...
    Saved predictions (quantiles) to /fslarge/scratch/users/h61084/codes/tsrag_time/outputs/tsrag/evaluations/bayes_mixture/SG_Weather/D/short/run_0/predictions.npz
    Computing per-window metrics...
    Saved metrics to /fslarge/scratch/users/h61084/codes/tsrag_time/outputs/tsrag/evaluations/bayes_mixture/SG_Weather/D/short/run_0/metrics.npz
    Saved config to /fslarge/scratch/users/h61084/codes/tsrag_time/outputs/tsrag/evaluations/bayes_mixture/SG_Weather/D/short/run_0/config.json
    Saved aggregate metrics to /fslarge/scratch/users/h61084/codes/tsrag_time/outputs/tsrag/evaluations/bayes_mixture/SG_Weather/D/short/run_0/metrics_summary.json
    Metrics summary (averaged over all series/windows/variates):
      MSE: 2197.5070
      MAE: 17.2413
      RMSE: 20.0998
      MAPE: 0.3627
      sMAPE: 0.2219
      MASE: 0.8547
      ND: 0.2358
      CRPS: 0.2358
TIME run allocation action=new run=/fslarge/scratch/users/h61084/codes/tsrag_time/outputs/tsrag/evaluations/chronos_t5_512/SG_Weather/D/medium/run_0 launch_id=selena_3452080 slurm_job_id=3452080 launched_at=2026-09-18T01:57:38.336782+00:00
[2026-09-18 01:57:38 UTC] evaluate method=chronos_t5_512 dataset=SG_Weather/D term=medium
    Total instances: 1248, Series during experiment: 24, Windows: 52
    Collecting ground truth and context...
    Detected to_univariate case: 24 flat series -> 6 series x 4 variates
    Organizing data into arrays...
    Saved predictions (quantiles) to /fslarge/scratch/users/h61084/codes/tsrag_time/outputs/tsrag/evaluations/chronos_t5_512/SG_Weather/D/medium/run_0/predictions.npz
    Computing per-window metrics...
    Saved metrics to /fslarge/scratch/users/h61084/codes/tsrag_time/outputs/tsrag/evaluations/chronos_t5_512/SG_Weather/D/medium/run_0/metrics.npz
    Saved config to /fslarge/scratch/users/h61084/codes/tsrag_time/outputs/tsrag/evaluations/chronos_t5_512/SG_Weather/D/medium/run_0/config.json
    Saved aggregate metrics to /fslarge/scratch/users/h61084/codes/tsrag_time/outputs/tsrag/evaluations/chronos_t5_512/SG_Weather/D/medium/run_0/metrics_summary.json
    Metrics summary (averaged over all series/windows/variates):
      MSE: 3175.3783
      MAE: 19.5664
      RMSE: 25.3314
      MAPE: 0.3507
      sMAPE: 0.2452
      MASE: 0.9585
      ND: 0.2358
      CRPS: 0.2358
TIME run allocation action=new run=/fslarge/scratch/users/h61084/codes/tsrag_time/outputs/tsrag/evaluations/chronos_bolt_512/SG_Weather/D/medium/run_0 launch_id=selena_3452080 slurm_job_id=3452080 launched_at=2026-09-18T01:57:38.457438+00:00
[2026-09-18 01:57:38 UTC] evaluate method=chronos_bolt_512 dataset=SG_Weather/D term=medium
    Total instances: 1248, Series during experiment: 24, Windows: 52
    Collecting ground truth and context...
    Detected to_univariate case: 24 flat series -> 6 series x 4 variates
    Organizing data into arrays...
    Saved predictions (quantiles) to /fslarge/scratch/users/h61084/codes/tsrag_time/outputs/tsrag/evaluations/chronos_bolt_512/SG_Weather/D/medium/run_0/predictions.npz
    Computing per-window metrics...
    Saved metrics to /fslarge/scratch/users/h61084/codes/tsrag_time/outputs/tsrag/evaluations/chronos_bolt_512/SG_Weather/D/medium/run_0/metrics.npz
    Saved config to /fslarge/scratch/users/h61084/codes/tsrag_time/outputs/tsrag/evaluations/chronos_bolt_512/SG_Weather/D/medium/run_0/config.json
    Saved aggregate metrics to /fslarge/scratch/users/h61084/codes/tsrag_time/outputs/tsrag/evaluations/chronos_bolt_512/SG_Weather/D/medium/run_0/metrics_summary.json
    Metrics summary (averaged over all series/windows/variates):
      MSE: 2279.7245
      MAE: 18.4750
      RMSE: 22.5053
      MAPE: 0.4098
      sMAPE: 0.2349
      MASE: 0.9248
      ND: 0.2378
      CRPS: 0.2378
TIME run allocation action=new run=/fslarge/scratch/users/h61084/codes/tsrag_time/outputs/tsrag/evaluations/chronos_bolt_max/SG_Weather/D/medium/run_0 launch_id=selena_3452080 slurm_job_id=3452080 launched_at=2026-09-18T01:57:38.575275+00:00
[2026-09-18 01:57:38 UTC] evaluate method=chronos_bolt_max dataset=SG_Weather/D term=medium
    Total instances: 1248, Series during experiment: 24, Windows: 52
    Collecting ground truth and context...
    Detected to_univariate case: 24 flat series -> 6 series x 4 variates
    Organizing data into arrays...
    Saved predictions (quantiles) to /fslarge/scratch/users/h61084/codes/tsrag_time/outputs/tsrag/evaluations/chronos_bolt_max/SG_Weather/D/medium/run_0/predictions.npz
    Computing per-window metrics...
    Saved metrics to /fslarge/scratch/users/h61084/codes/tsrag_time/outputs/tsrag/evaluations/chronos_bolt_max/SG_Weather/D/medium/run_0/metrics.npz
    Saved config to /fslarge/scratch/users/h61084/codes/tsrag_time/outputs/tsrag/evaluations/chronos_bolt_max/SG_Weather/D/medium/run_0/config.json
    Saved aggregate metrics to /fslarge/scratch/users/h61084/codes/tsrag_time/outputs/tsrag/evaluations/chronos_bolt_max/SG_Weather/D/medium/run_0/metrics_summary.json
    Metrics summary (averaged over all series/windows/variates):
      MSE: 2264.9417
      MAE: 18.3903
      RMSE: 22.3920
      MAPE: 0.3959
      sMAPE: 0.2331
      MASE: 0.9120
      ND: 0.2322
      CRPS: 0.2322
TIME run allocation action=new run=/fslarge/scratch/users/h61084/codes/tsrag_time/outputs/tsrag/evaluations/chronos2_max/SG_Weather/D/medium/run_0 launch_id=selena_3452080 slurm_job_id=3452080 launched_at=2026-09-18T01:57:38.692378+00:00
[2026-09-18 01:57:38 UTC] evaluate method=chronos2_max dataset=SG_Weather/D term=medium
    Total instances: 1248, Series during experiment: 24, Windows: 52
    Collecting ground truth and context...
    Detected to_univariate case: 24 flat series -> 6 series x 4 variates
    Organizing data into arrays...
    Saved predictions (quantiles) to /fslarge/scratch/users/h61084/codes/tsrag_time/outputs/tsrag/evaluations/chronos2_max/SG_Weather/D/medium/run_0/predictions.npz
    Computing per-window metrics...
    Saved metrics to /fslarge/scratch/users/h61084/codes/tsrag_time/outputs/tsrag/evaluations/chronos2_max/SG_Weather/D/medium/run_0/metrics.npz
    Saved config to /fslarge/scratch/users/h61084/codes/tsrag_time/outputs/tsrag/evaluations/chronos2_max/SG_Weather/D/medium/run_0/config.json
    Saved aggregate metrics to /fslarge/scratch/users/h61084/codes/tsrag_time/outputs/tsrag/evaluations/chronos2_max/SG_Weather/D/medium/run_0/metrics_summary.json
    Metrics summary (averaged over all series/windows/variates):
      MSE: 2293.0160
      MAE: 17.4155
      RMSE: 22.1103
      MAPE: 0.3482
      sMAPE: 0.2234
      MASE: 0.8850
      ND: 0.2168
      CRPS: 0.2168
TIME run allocation action=new run=/fslarge/scratch/users/h61084/codes/tsrag_time/outputs/tsrag/evaluations/tsrag/SG_Weather/D/medium/run_0 launch_id=selena_3452080 slurm_job_id=3452080 launched_at=2026-09-18T01:57:38.824574+00:00
[2026-09-18 01:57:38 UTC] evaluate method=tsrag dataset=SG_Weather/D term=medium
    Total instances: 1248, Series during experiment: 24, Windows: 52
    Collecting ground truth and context...
    Detected to_univariate case: 24 flat series -> 6 series x 4 variates
    Organizing data into arrays...
    Saved predictions (quantiles) to /fslarge/scratch/users/h61084/codes/tsrag_time/outputs/tsrag/evaluations/tsrag/SG_Weather/D/medium/run_0/predictions.npz
    Computing per-window metrics...
    Saved metrics to /fslarge/scratch/users/h61084/codes/tsrag_time/outputs/tsrag/evaluations/tsrag/SG_Weather/D/medium/run_0/metrics.npz
    Saved config to /fslarge/scratch/users/h61084/codes/tsrag_time/outputs/tsrag/evaluations/tsrag/SG_Weather/D/medium/run_0/config.json
    Saved aggregate metrics to /fslarge/scratch/users/h61084/codes/tsrag_time/outputs/tsrag/evaluations/tsrag/SG_Weather/D/medium/run_0/metrics_summary.json
    Metrics summary (averaged over all series/windows/variates):
      MSE: 2265.7609
      MAE: 18.3875
      RMSE: 22.3950
      MAPE: 0.3958
      sMAPE: 0.2330
      MASE: 0.9118
      ND: 0.2321
      CRPS: 0.2321
TIME run allocation action=new run=/fslarge/scratch/users/h61084/codes/tsrag_time/outputs/tsrag/evaluations/bayes_mixture/SG_Weather/D/medium/run_0 launch_id=selena_3452080 slurm_job_id=3452080 launched_at=2026-09-18T01:57:38.979564+00:00
[2026-09-18 01:57:38 UTC] evaluate method=bayes_mixture dataset=SG_Weather/D term=medium
    Total instances: 1248, Series during experiment: 24, Windows: 52
    Collecting ground truth and context...
    Detected to_univariate case: 24 flat series -> 6 series x 4 variates
    Organizing data into arrays...
    Saved predictions (quantiles) to /fslarge/scratch/users/h61084/codes/tsrag_time/outputs/tsrag/evaluations/bayes_mixture/SG_Weather/D/medium/run_0/predictions.npz
    Computing per-window metrics...
    Saved metrics to /fslarge/scratch/users/h61084/codes/tsrag_time/outputs/tsrag/evaluations/bayes_mixture/SG_Weather/D/medium/run_0/metrics.npz
    Saved config to /fslarge/scratch/users/h61084/codes/tsrag_time/outputs/tsrag/evaluations/bayes_mixture/SG_Weather/D/medium/run_0/config.json
    Saved aggregate metrics to /fslarge/scratch/users/h61084/codes/tsrag_time/outputs/tsrag/evaluations/bayes_mixture/SG_Weather/D/medium/run_0/metrics_summary.json
    Metrics summary (averaged over all series/windows/variates):
      MSE: 2242.9864
      MAE: 17.7141
      RMSE: 22.0469
      MAPE: 0.3684
      sMAPE: 0.2270
      MASE: 0.8928
      ND: 0.2220
      CRPS: 0.2220
TIME run allocation action=new run=/fslarge/scratch/users/h61084/codes/tsrag_time/outputs/tsrag/evaluations/chronos_t5_512/SG_Weather/D/long/run_0 launch_id=selena_3452080 slurm_job_id=3452080 launched_at=2026-09-18T01:57:39.105508+00:00
[2026-09-18 01:57:39 UTC] evaluate method=chronos_t5_512 dataset=SG_Weather/D term=long
    Total instances: 624, Series during experiment: 24, Windows: 26
    Collecting ground truth and context...
    Detected to_univariate case: 24 flat series -> 6 series x 4 variates
    Organizing data into arrays...
    Saved predictions (quantiles) to /fslarge/scratch/users/h61084/codes/tsrag_time/outputs/tsrag/evaluations/chronos_t5_512/SG_Weather/D/long/run_0/predictions.npz
    Computing per-window metrics...
    Saved metrics to /fslarge/scratch/users/h61084/codes/tsrag_time/outputs/tsrag/evaluations/chronos_t5_512/SG_Weather/D/long/run_0/metrics.npz
    Saved config to /fslarge/scratch/users/h61084/codes/tsrag_time/outputs/tsrag/evaluations/chronos_t5_512/SG_Weather/D/long/run_0/config.json
    Saved aggregate metrics to /fslarge/scratch/users/h61084/codes/tsrag_time/outputs/tsrag/evaluations/chronos_t5_512/SG_Weather/D/long/run_0/metrics_summary.json
    Metrics summary (averaged over all series/windows/variates):
      MSE: 3076.8251
      MAE: 19.2559
      RMSE: 25.8245
      MAPE: 0.3501
      sMAPE: 0.2442
      MASE: 0.9630
      ND: 0.2316
      CRPS: 0.2316
TIME run allocation action=new run=/fslarge/scratch/users/h61084/codes/tsrag_time/outputs/tsrag/evaluations/chronos_bolt_512/SG_Weather/D/long/run_0 launch_id=selena_3452080 slurm_job_id=3452080 launched_at=2026-09-18T01:57:39.181586+00:00
[2026-09-18 01:57:39 UTC] evaluate method=chronos_bolt_512 dataset=SG_Weather/D term=long
    Total instances: 624, Series during experiment: 24, Windows: 26
    Collecting ground truth and context...
    Detected to_univariate case: 24 flat series -> 6 series x 4 variates
    Organizing data into arrays...
    Saved predictions (quantiles) to /fslarge/scratch/users/h61084/codes/tsrag_time/outputs/tsrag/evaluations/chronos_bolt_512/SG_Weather/D/long/run_0/predictions.npz
    Computing per-window metrics...
    Saved metrics to /fslarge/scratch/users/h61084/codes/tsrag_time/outputs/tsrag/evaluations/chronos_bolt_512/SG_Weather/D/long/run_0/metrics.npz
    Saved config to /fslarge/scratch/users/h61084/codes/tsrag_time/outputs/tsrag/evaluations/chronos_bolt_512/SG_Weather/D/long/run_0/config.json
    Saved aggregate metrics to /fslarge/scratch/users/h61084/codes/tsrag_time/outputs/tsrag/evaluations/chronos_bolt_512/SG_Weather/D/long/run_0/metrics_summary.json
    Metrics summary (averaged over all series/windows/variates):
      MSE: 2277.0912
      MAE: 18.5083
      RMSE: 23.2378
      MAPE: 0.4111
      sMAPE: 0.2373
      MASE: 0.9428
      ND: 0.2316
      CRPS: 0.2316
TIME run allocation action=new run=/fslarge/scratch/users/h61084/codes/tsrag_time/outputs/tsrag/evaluations/chronos_bolt_max/SG_Weather/D/long/run_0 launch_id=selena_3452080 slurm_job_id=3452080 launched_at=2026-09-18T01:57:39.255081+00:00
[2026-09-18 01:57:39 UTC] evaluate method=chronos_bolt_max dataset=SG_Weather/D term=long
    Total instances: 624, Series during experiment: 24, Windows: 26
    Collecting ground truth and context...
    Detected to_univariate case: 24 flat series -> 6 series x 4 variates
    Organizing data into arrays...
    Saved predictions (quantiles) to /fslarge/scratch/users/h61084/codes/tsrag_time/outputs/tsrag/evaluations/chronos_bolt_max/SG_Weather/D/long/run_0/predictions.npz
    Computing per-window metrics...
    Saved metrics to /fslarge/scratch/users/h61084/codes/tsrag_time/outputs/tsrag/evaluations/chronos_bolt_max/SG_Weather/D/long/run_0/metrics.npz
    Saved config to /fslarge/scratch/users/h61084/codes/tsrag_time/outputs/tsrag/evaluations/chronos_bolt_max/SG_Weather/D/long/run_0/config.json
    Saved aggregate metrics to /fslarge/scratch/users/h61084/codes/tsrag_time/outputs/tsrag/evaluations/chronos_bolt_max/SG_Weather/D/long/run_0/metrics_summary.json
    Metrics summary (averaged over all series/windows/variates):
      MSE: 2282.6128
      MAE: 18.5438
      RMSE: 23.2289
      MAPE: 0.4004
      sMAPE: 0.2365
      MASE: 0.9297
      ND: 0.2298
      CRPS: 0.2298
TIME run allocation action=new run=/fslarge/scratch/users/h61084/codes/tsrag_time/outputs/tsrag/evaluations/chronos2_max/SG_Weather/D/long/run_0 launch_id=selena_3452080 slurm_job_id=3452080 launched_at=2026-09-18T01:57:39.328437+00:00
[2026-09-18 01:57:39 UTC] evaluate method=chronos2_max dataset=SG_Weather/D term=long
    Total instances: 624, Series during experiment: 24, Windows: 26
    Collecting ground truth and context...
    Detected to_univariate case: 24 flat series -> 6 series x 4 variates
    Organizing data into arrays...
    Saved predictions (quantiles) to /fslarge/scratch/users/h61084/codes/tsrag_time/outputs/tsrag/evaluations/chronos2_max/SG_Weather/D/long/run_0/predictions.npz
    Computing per-window metrics...
    Saved metrics to /fslarge/scratch/users/h61084/codes/tsrag_time/outputs/tsrag/evaluations/chronos2_max/SG_Weather/D/long/run_0/metrics.npz
    Saved config to /fslarge/scratch/users/h61084/codes/tsrag_time/outputs/tsrag/evaluations/chronos2_max/SG_Weather/D/long/run_0/config.json
    Saved aggregate metrics to /fslarge/scratch/users/h61084/codes/tsrag_time/outputs/tsrag/evaluations/chronos2_max/SG_Weather/D/long/run_0/metrics_summary.json
    Metrics summary (averaged over all series/windows/variates):
      MSE: 2284.1941
      MAE: 17.4142
      RMSE: 22.9106
      MAPE: 0.3499
      sMAPE: 0.2253
      MASE: 0.8988
      ND: 0.2139
      CRPS: 0.2139
TIME run allocation action=new run=/fslarge/scratch/users/h61084/codes/tsrag_time/outputs/tsrag/evaluations/tsrag/SG_Weather/D/long/run_0 launch_id=selena_3452080 slurm_job_id=3452080 launched_at=2026-09-18T01:57:39.433214+00:00
[2026-09-18 01:57:39 UTC] evaluate method=tsrag dataset=SG_Weather/D term=long
    Total instances: 624, Series during experiment: 24, Windows: 26
    Collecting ground truth and context...
    Detected to_univariate case: 24 flat series -> 6 series x 4 variates
    Organizing data into arrays...
    Saved predictions (quantiles) to /fslarge/scratch/users/h61084/codes/tsrag_time/outputs/tsrag/evaluations/tsrag/SG_Weather/D/long/run_0/predictions.npz
    Computing per-window metrics...
    Saved metrics to /fslarge/scratch/users/h61084/codes/tsrag_time/outputs/tsrag/evaluations/tsrag/SG_Weather/D/long/run_0/metrics.npz
    Saved config to /fslarge/scratch/users/h61084/codes/tsrag_time/outputs/tsrag/evaluations/tsrag/SG_Weather/D/long/run_0/config.json
    Saved aggregate metrics to /fslarge/scratch/users/h61084/codes/tsrag_time/outputs/tsrag/evaluations/tsrag/SG_Weather/D/long/run_0/metrics_summary.json
    Metrics summary (averaged over all series/windows/variates):
      MSE: 2286.7505
      MAE: 18.5507
      RMSE: 23.2747
      MAPE: 0.4002
      sMAPE: 0.2365
      MASE: 0.9298
      ND: 0.2298
      CRPS: 0.2298
TIME run allocation action=new run=/fslarge/scratch/users/h61084/codes/tsrag_time/outputs/tsrag/evaluations/bayes_mixture/SG_Weather/D/long/run_0 launch_id=selena_3452080 slurm_job_id=3452080 launched_at=2026-09-18T01:57:39.544353+00:00
[2026-09-18 01:57:39 UTC] evaluate method=bayes_mixture dataset=SG_Weather/D term=long
    Total instances: 624, Series during experiment: 24, Windows: 26
    Collecting ground truth and context...
    Detected to_univariate case: 24 flat series -> 6 series x 4 variates
    Organizing data into arrays...
    Saved predictions (quantiles) to /fslarge/scratch/users/h61084/codes/tsrag_time/outputs/tsrag/evaluations/bayes_mixture/SG_Weather/D/long/run_0/predictions.npz
    Computing per-window metrics...
    Saved metrics to /fslarge/scratch/users/h61084/codes/tsrag_time/outputs/tsrag/evaluations/bayes_mixture/SG_Weather/D/long/run_0/metrics.npz
    Saved config to /fslarge/scratch/users/h61084/codes/tsrag_time/outputs/tsrag/evaluations/bayes_mixture/SG_Weather/D/long/run_0/config.json
    Saved aggregate metrics to /fslarge/scratch/users/h61084/codes/tsrag_time/outputs/tsrag/evaluations/bayes_mixture/SG_Weather/D/long/run_0/metrics_summary.json
    Metrics summary (averaged over all series/windows/variates):
      MSE: 2243.8176
      MAE: 17.7526
      RMSE: 22.8568
      MAPE: 0.3694
      sMAPE: 0.2294
      MASE: 0.9068
      ND: 0.2187
      CRPS: 0.2187
TIME run allocation action=new run=/fslarge/scratch/users/h61084/codes/tsrag_time/outputs/tsrag/evaluations/chronos_t5_512/SG_PM25/H/short/run_0 launch_id=selena_3452080 slurm_job_id=3452080 launched_at=2026-09-18T01:57:39.655291+00:00
[2026-09-18 01:57:39 UTC] evaluate method=chronos_t5_512 dataset=SG_PM25/H term=short
    Total instances: 460, Series during experiment: 5, Windows: 92
    Collecting ground truth and context...
    Detected to_univariate case: 5 flat series -> 1 series x 5 variates
    Organizing data into arrays...
    Saved predictions (quantiles) to /fslarge/scratch/users/h61084/codes/tsrag_time/outputs/tsrag/evaluations/chronos_t5_512/SG_PM25/H/short/run_0/predictions.npz
    Computing per-window metrics...
    Saved metrics to /fslarge/scratch/users/h61084/codes/tsrag_time/outputs/tsrag/evaluations/chronos_t5_512/SG_PM25/H/short/run_0/metrics.npz
    Saved config to /fslarge/scratch/users/h61084/codes/tsrag_time/outputs/tsrag/evaluations/chronos_t5_512/SG_PM25/H/short/run_0/config.json
    Saved aggregate metrics to /fslarge/scratch/users/h61084/codes/tsrag_time/outputs/tsrag/evaluations/chronos_t5_512/SG_PM25/H/short/run_0/metrics_summary.json
    Metrics summary (averaged over all series/windows/variates):
      MSE: 44.0046
      MAE: 4.8304
      RMSE: 5.9512
      MAPE: 0.5380
      sMAPE: 0.4073
      MASE: 0.9202
      ND: 0.4145
      CRPS: 0.4145
TIME run allocation action=new run=/fslarge/scratch/users/h61084/codes/tsrag_time/outputs/tsrag/evaluations/chronos_bolt_512/SG_PM25/H/short/run_0 launch_id=selena_3452080 slurm_job_id=3452080 launched_at=2026-09-18T01:57:39.792557+00:00
[2026-09-18 01:57:39 UTC] evaluate method=chronos_bolt_512 dataset=SG_PM25/H term=short
    Total instances: 460, Series during experiment: 5, Windows: 92
    Collecting ground truth and context...
    Detected to_univariate case: 5 flat series -> 1 series x 5 variates
    Organizing data into arrays...
    Saved predictions (quantiles) to /fslarge/scratch/users/h61084/codes/tsrag_time/outputs/tsrag/evaluations/chronos_bolt_512/SG_PM25/H/short/run_0/predictions.npz
    Computing per-window metrics...
    Saved metrics to /fslarge/scratch/users/h61084/codes/tsrag_time/outputs/tsrag/evaluations/chronos_bolt_512/SG_PM25/H/short/run_0/metrics.npz
    Saved config to /fslarge/scratch/users/h61084/codes/tsrag_time/outputs/tsrag/evaluations/chronos_bolt_512/SG_PM25/H/short/run_0/config.json
    Saved aggregate metrics to /fslarge/scratch/users/h61084/codes/tsrag_time/outputs/tsrag/evaluations/chronos_bolt_512/SG_PM25/H/short/run_0/metrics_summary.json
    Metrics summary (averaged over all series/windows/variates):
      MSE: 43.3888
      MAE: 4.7045
      RMSE: 5.8162
      MAPE: 0.4988
      sMAPE: 0.3995
      MASE: 0.8940
      ND: 0.3993
      CRPS: 0.3993
TIME run allocation action=new run=/fslarge/scratch/users/h61084/codes/tsrag_time/outputs/tsrag/evaluations/chronos_bolt_max/SG_PM25/H/short/run_0 launch_id=selena_3452080 slurm_job_id=3452080 launched_at=2026-09-18T01:57:39.916348+00:00
[2026-09-18 01:57:39 UTC] evaluate method=chronos_bolt_max dataset=SG_PM25/H term=short
    Total instances: 460, Series during experiment: 5, Windows: 92
    Collecting ground truth and context...
    Detected to_univariate case: 5 flat series -> 1 series x 5 variates
    Organizing data into arrays...
    Saved predictions (quantiles) to /fslarge/scratch/users/h61084/codes/tsrag_time/outputs/tsrag/evaluations/chronos_bolt_max/SG_PM25/H/short/run_0/predictions.npz
    Computing per-window metrics...
    Saved metrics to /fslarge/scratch/users/h61084/codes/tsrag_time/outputs/tsrag/evaluations/chronos_bolt_max/SG_PM25/H/short/run_0/metrics.npz
    Saved config to /fslarge/scratch/users/h61084/codes/tsrag_time/outputs/tsrag/evaluations/chronos_bolt_max/SG_PM25/H/short/run_0/config.json
    Saved aggregate metrics to /fslarge/scratch/users/h61084/codes/tsrag_time/outputs/tsrag/evaluations/chronos_bolt_max/SG_PM25/H/short/run_0/metrics_summary.json
    Metrics summary (averaged over all series/windows/variates):
      MSE: 44.0598
      MAE: 4.7375
      RMSE: 5.8469
      MAPE: 0.5007
      sMAPE: 0.4009
      MASE: 0.9001
      ND: 0.4028
      CRPS: 0.4028
TIME run allocation action=new run=/fslarge/scratch/users/h61084/codes/tsrag_time/outputs/tsrag/evaluations/chronos2_max/SG_PM25/H/short/run_0 launch_id=selena_3452080 slurm_job_id=3452080 launched_at=2026-09-18T01:57:40.039491+00:00
[2026-09-18 01:57:40 UTC] evaluate method=chronos2_max dataset=SG_PM25/H term=short
    Total instances: 460, Series during experiment: 5, Windows: 92
    Collecting ground truth and context...
    Detected to_univariate case: 5 flat series -> 1 series x 5 variates
    Organizing data into arrays...
    Saved predictions (quantiles) to /fslarge/scratch/users/h61084/codes/tsrag_time/outputs/tsrag/evaluations/chronos2_max/SG_PM25/H/short/run_0/predictions.npz
    Computing per-window metrics...
    Saved metrics to /fslarge/scratch/users/h61084/codes/tsrag_time/outputs/tsrag/evaluations/chronos2_max/SG_PM25/H/short/run_0/metrics.npz
    Saved config to /fslarge/scratch/users/h61084/codes/tsrag_time/outputs/tsrag/evaluations/chronos2_max/SG_PM25/H/short/run_0/config.json
    Saved aggregate metrics to /fslarge/scratch/users/h61084/codes/tsrag_time/outputs/tsrag/evaluations/chronos2_max/SG_PM25/H/short/run_0/metrics_summary.json
    Metrics summary (averaged over all series/windows/variates):
      MSE: 40.9557
      MAE: 4.6339
      RMSE: 5.7175
      MAPE: 0.4953
      sMAPE: 0.3954
      MASE: 0.8815
      ND: 0.3926
      CRPS: 0.3926
TIME run allocation action=new run=/fslarge/scratch/users/h61084/codes/tsrag_time/outputs/tsrag/evaluations/tsrag/SG_PM25/H/short/run_0 launch_id=selena_3452080 slurm_job_id=3452080 launched_at=2026-09-18T01:57:40.177120+00:00
[2026-09-18 01:57:40 UTC] evaluate method=tsrag dataset=SG_PM25/H term=short
    Total instances: 460, Series during experiment: 5, Windows: 92
    Collecting ground truth and context...
    Detected to_univariate case: 5 flat series -> 1 series x 5 variates
    Organizing data into arrays...
    Saved predictions (quantiles) to /fslarge/scratch/users/h61084/codes/tsrag_time/outputs/tsrag/evaluations/tsrag/SG_PM25/H/short/run_0/predictions.npz
    Computing per-window metrics...
    Saved metrics to /fslarge/scratch/users/h61084/codes/tsrag_time/outputs/tsrag/evaluations/tsrag/SG_PM25/H/short/run_0/metrics.npz
    Saved config to /fslarge/scratch/users/h61084/codes/tsrag_time/outputs/tsrag/evaluations/tsrag/SG_PM25/H/short/run_0/config.json
    Saved aggregate metrics to /fslarge/scratch/users/h61084/codes/tsrag_time/outputs/tsrag/evaluations/tsrag/SG_PM25/H/short/run_0/metrics_summary.json
    Metrics summary (averaged over all series/windows/variates):
      MSE: 43.8476
      MAE: 4.7393
      RMSE: 5.8391
      MAPE: 0.5015
      sMAPE: 0.4018
      MASE: 0.9007
      ND: 0.4033
      CRPS: 0.4033
TIME run allocation action=new run=/fslarge/scratch/users/h61084/codes/tsrag_time/outputs/tsrag/evaluations/bayes_mixture/SG_PM25/H/short/run_0 launch_id=selena_3452080 slurm_job_id=3452080 launched_at=2026-09-18T01:57:40.338119+00:00
[2026-09-18 01:57:40 UTC] evaluate method=bayes_mixture dataset=SG_PM25/H term=short
    Total instances: 460, Series during experiment: 5, Windows: 92
    Collecting ground truth and context...
    Detected to_univariate case: 5 flat series -> 1 series x 5 variates
    Organizing data into arrays...
    Saved predictions (quantiles) to /fslarge/scratch/users/h61084/codes/tsrag_time/outputs/tsrag/evaluations/bayes_mixture/SG_PM25/H/short/run_0/predictions.npz
    Computing per-window metrics...
    Saved metrics to /fslarge/scratch/users/h61084/codes/tsrag_time/outputs/tsrag/evaluations/bayes_mixture/SG_PM25/H/short/run_0/metrics.npz
    Saved config to /fslarge/scratch/users/h61084/codes/tsrag_time/outputs/tsrag/evaluations/bayes_mixture/SG_PM25/H/short/run_0/config.json
    Saved aggregate metrics to /fslarge/scratch/users/h61084/codes/tsrag_time/outputs/tsrag/evaluations/bayes_mixture/SG_PM25/H/short/run_0/metrics_summary.json
    Metrics summary (averaged over all series/windows/variates):
      MSE: 41.4096
      MAE: 4.6384
      RMSE: 5.7202
      MAPE: 0.4943
      sMAPE: 0.3951
      MASE: 0.8820
      ND: 0.3937
      CRPS: 0.3937
TIME run allocation action=new run=/fslarge/scratch/users/h61084/codes/tsrag_time/outputs/tsrag/evaluations/chronos_t5_512/SG_PM25/H/medium/run_0 launch_id=selena_3452080 slurm_job_id=3452080 launched_at=2026-09-18T01:57:40.497050+00:00
[2026-09-18 01:57:40 UTC] evaluate method=chronos_t5_512 dataset=SG_PM25/H term=medium
    Total instances: 150, Series during experiment: 5, Windows: 30
    Collecting ground truth and context...
    Detected to_univariate case: 5 flat series -> 1 series x 5 variates
    Organizing data into arrays...
    Saved predictions (quantiles) to /fslarge/scratch/users/h61084/codes/tsrag_time/outputs/tsrag/evaluations/chronos_t5_512/SG_PM25/H/medium/run_0/predictions.npz
    Computing per-window metrics...
    Saved metrics to /fslarge/scratch/users/h61084/codes/tsrag_time/outputs/tsrag/evaluations/chronos_t5_512/SG_PM25/H/medium/run_0/metrics.npz
    Saved config to /fslarge/scratch/users/h61084/codes/tsrag_time/outputs/tsrag/evaluations/chronos_t5_512/SG_PM25/H/medium/run_0/config.json
    Saved aggregate metrics to /fslarge/scratch/users/h61084/codes/tsrag_time/outputs/tsrag/evaluations/chronos_t5_512/SG_PM25/H/medium/run_0/metrics_summary.json
    Metrics summary (averaged over all series/windows/variates):
      MSE: 47.7471
      MAE: 5.0139
      RMSE: 6.3827
      MAPE: 0.5463
      sMAPE: 0.4231
      MASE: 0.9536
      ND: 0.4150
      CRPS: 0.4150
TIME run allocation action=new run=/fslarge/scratch/users/h61084/codes/tsrag_time/outputs/tsrag/evaluations/chronos_bolt_512/SG_PM25/H/medium/run_0 launch_id=selena_3452080 slurm_job_id=3452080 launched_at=2026-09-18T01:57:40.575812+00:00
[2026-09-18 01:57:40 UTC] evaluate method=chronos_bolt_512 dataset=SG_PM25/H term=medium
    Total instances: 150, Series during experiment: 5, Windows: 30
    Collecting ground truth and context...
    Detected to_univariate case: 5 flat series -> 1 series x 5 variates
    Organizing data into arrays...
    Saved predictions (quantiles) to /fslarge/scratch/users/h61084/codes/tsrag_time/outputs/tsrag/evaluations/chronos_bolt_512/SG_PM25/H/medium/run_0/predictions.npz
    Computing per-window metrics...
    Saved metrics to /fslarge/scratch/users/h61084/codes/tsrag_time/outputs/tsrag/evaluations/chronos_bolt_512/SG_PM25/H/medium/run_0/metrics.npz
    Saved config to /fslarge/scratch/users/h61084/codes/tsrag_time/outputs/tsrag/evaluations/chronos_bolt_512/SG_PM25/H/medium/run_0/config.json
    Saved aggregate metrics to /fslarge/scratch/users/h61084/codes/tsrag_time/outputs/tsrag/evaluations/chronos_bolt_512/SG_PM25/H/medium/run_0/metrics_summary.json
    Metrics summary (averaged over all series/windows/variates):
      MSE: 49.4104
      MAE: 4.9881
      RMSE: 6.3762
      MAPE: 0.5141
      sMAPE: 0.4207
      MASE: 0.9462
      ND: 0.4076
      CRPS: 0.4076
TIME run allocation action=new run=/fslarge/scratch/users/h61084/codes/tsrag_time/outputs/tsrag/evaluations/chronos_bolt_max/SG_PM25/H/medium/run_0 launch_id=selena_3452080 slurm_job_id=3452080 launched_at=2026-09-18T01:57:40.640243+00:00
[2026-09-18 01:57:40 UTC] evaluate method=chronos_bolt_max dataset=SG_PM25/H term=medium
    Total instances: 150, Series during experiment: 5, Windows: 30
    Collecting ground truth and context...
    Detected to_univariate case: 5 flat series -> 1 series x 5 variates
    Organizing data into arrays...
    Saved predictions (quantiles) to /fslarge/scratch/users/h61084/codes/tsrag_time/outputs/tsrag/evaluations/chronos_bolt_max/SG_PM25/H/medium/run_0/predictions.npz
    Computing per-window metrics...
    Saved metrics to /fslarge/scratch/users/h61084/codes/tsrag_time/outputs/tsrag/evaluations/chronos_bolt_max/SG_PM25/H/medium/run_0/metrics.npz
    Saved config to /fslarge/scratch/users/h61084/codes/tsrag_time/outputs/tsrag/evaluations/chronos_bolt_max/SG_PM25/H/medium/run_0/config.json
    Saved aggregate metrics to /fslarge/scratch/users/h61084/codes/tsrag_time/outputs/tsrag/evaluations/chronos_bolt_max/SG_PM25/H/medium/run_0/metrics_summary.json
    Metrics summary (averaged over all series/windows/variates):
      MSE: 51.6239
      MAE: 5.1286
      RMSE: 6.5366
      MAPE: 0.5289
      sMAPE: 0.4297
      MASE: 0.9730
      ND: 0.4202
      CRPS: 0.4202
TIME run allocation action=new run=/fslarge/scratch/users/h61084/codes/tsrag_time/outputs/tsrag/evaluations/chronos2_max/SG_PM25/H/medium/run_0 launch_id=selena_3452080 slurm_job_id=3452080 launched_at=2026-09-18T01:57:40.704691+00:00
[2026-09-18 01:57:40 UTC] evaluate method=chronos2_max dataset=SG_PM25/H term=medium
    Total instances: 150, Series during experiment: 5, Windows: 30
    Collecting ground truth and context...
    Detected to_univariate case: 5 flat series -> 1 series x 5 variates
    Organizing data into arrays...
    Saved predictions (quantiles) to /fslarge/scratch/users/h61084/codes/tsrag_time/outputs/tsrag/evaluations/chronos2_max/SG_PM25/H/medium/run_0/predictions.npz
    Computing per-window metrics...
    Saved metrics to /fslarge/scratch/users/h61084/codes/tsrag_time/outputs/tsrag/evaluations/chronos2_max/SG_PM25/H/medium/run_0/metrics.npz
    Saved config to /fslarge/scratch/users/h61084/codes/tsrag_time/outputs/tsrag/evaluations/chronos2_max/SG_PM25/H/medium/run_0/config.json
    Saved aggregate metrics to /fslarge/scratch/users/h61084/codes/tsrag_time/outputs/tsrag/evaluations/chronos2_max/SG_PM25/H/medium/run_0/metrics_summary.json
    Metrics summary (averaged over all series/windows/variates):
      MSE: 47.1329
      MAE: 4.9147
      RMSE: 6.2847
      MAPE: 0.5108
      sMAPE: 0.4164
      MASE: 0.9340
      ND: 0.4022
      CRPS: 0.4022
TIME run allocation action=new run=/fslarge/scratch/users/h61084/codes/tsrag_time/outputs/tsrag/evaluations/tsrag/SG_PM25/H/medium/run_0 launch_id=selena_3452080 slurm_job_id=3452080 launched_at=2026-09-18T01:57:40.783875+00:00
[2026-09-18 01:57:40 UTC] evaluate method=tsrag dataset=SG_PM25/H term=medium
    Total instances: 150, Series during experiment: 5, Windows: 30
    Collecting ground truth and context...
    Detected to_univariate case: 5 flat series -> 1 series x 5 variates
    Organizing data into arrays...
    Saved predictions (quantiles) to /fslarge/scratch/users/h61084/codes/tsrag_time/outputs/tsrag/evaluations/tsrag/SG_PM25/H/medium/run_0/predictions.npz
    Computing per-window metrics...
    Saved metrics to /fslarge/scratch/users/h61084/codes/tsrag_time/outputs/tsrag/evaluations/tsrag/SG_PM25/H/medium/run_0/metrics.npz
    Saved config to /fslarge/scratch/users/h61084/codes/tsrag_time/outputs/tsrag/evaluations/tsrag/SG_PM25/H/medium/run_0/config.json
    Saved aggregate metrics to /fslarge/scratch/users/h61084/codes/tsrag_time/outputs/tsrag/evaluations/tsrag/SG_PM25/H/medium/run_0/metrics_summary.json
    Metrics summary (averaged over all series/windows/variates):
      MSE: 51.4384
      MAE: 5.1180
      RMSE: 6.5274
      MAPE: 0.5272
      sMAPE: 0.4288
      MASE: 0.9709
      ND: 0.4192
      CRPS: 0.4192
TIME run allocation action=new run=/fslarge/scratch/users/h61084/codes/tsrag_time/outputs/tsrag/evaluations/bayes_mixture/SG_PM25/H/medium/run_0 launch_id=selena_3452080 slurm_job_id=3452080 launched_at=2026-09-18T01:57:40.885859+00:00
[2026-09-18 01:57:40 UTC] evaluate method=bayes_mixture dataset=SG_PM25/H term=medium
    Total instances: 150, Series during experiment: 5, Windows: 30
    Collecting ground truth and context...
    Detected to_univariate case: 5 flat series -> 1 series x 5 variates
    Organizing data into arrays...
    Saved predictions (quantiles) to /fslarge/scratch/users/h61084/codes/tsrag_time/outputs/tsrag/evaluations/bayes_mixture/SG_PM25/H/medium/run_0/predictions.npz
    Computing per-window metrics...
    Saved metrics to /fslarge/scratch/users/h61084/codes/tsrag_time/outputs/tsrag/evaluations/bayes_mixture/SG_PM25/H/medium/run_0/metrics.npz
    Saved config to /fslarge/scratch/users/h61084/codes/tsrag_time/outputs/tsrag/evaluations/bayes_mixture/SG_PM25/H/medium/run_0/config.json
    Saved aggregate metrics to /fslarge/scratch/users/h61084/codes/tsrag_time/outputs/tsrag/evaluations/bayes_mixture/SG_PM25/H/medium/run_0/metrics_summary.json
    Metrics summary (averaged over all series/windows/variates):
      MSE: 47.3235
      MAE: 4.9212
      RMSE: 6.2880
      MAPE: 0.5111
      sMAPE: 0.4164
      MASE: 0.9349
      ND: 0.4026
      CRPS: 0.4026
TIME run allocation action=new run=/fslarge/scratch/users/h61084/codes/tsrag_time/outputs/tsrag/evaluations/chronos_t5_512/SG_PM25/H/long/run_0 launch_id=selena_3452080 slurm_job_id=3452080 launched_at=2026-09-18T01:57:40.987240+00:00
[2026-09-18 01:57:40 UTC] evaluate method=chronos_t5_512 dataset=SG_PM25/H term=long
    Total instances: 65, Series during experiment: 5, Windows: 13
    Collecting ground truth and context...
    Detected to_univariate case: 5 flat series -> 1 series x 5 variates
    Organizing data into arrays...
    Saved predictions (quantiles) to /fslarge/scratch/users/h61084/codes/tsrag_time/outputs/tsrag/evaluations/chronos_t5_512/SG_PM25/H/long/run_0/predictions.npz
    Computing per-window metrics...
    Saved metrics to /fslarge/scratch/users/h61084/codes/tsrag_time/outputs/tsrag/evaluations/chronos_t5_512/SG_PM25/H/long/run_0/metrics.npz
    Saved config to /fslarge/scratch/users/h61084/codes/tsrag_time/outputs/tsrag/evaluations/chronos_t5_512/SG_PM25/H/long/run_0/config.json
    Saved aggregate metrics to /fslarge/scratch/users/h61084/codes/tsrag_time/outputs/tsrag/evaluations/chronos_t5_512/SG_PM25/H/long/run_0/metrics_summary.json
    Metrics summary (averaged over all series/windows/variates):
      MSE: 51.8186
      MAE: 5.2711
      RMSE: 6.8327
      MAPE: 0.5619
      sMAPE: 0.4421
      MASE: 1.0018
      ND: 0.4315
      CRPS: 0.4315
TIME run allocation action=new run=/fslarge/scratch/users/h61084/codes/tsrag_time/outputs/tsrag/evaluations/chronos_bolt_512/SG_PM25/H/long/run_0 launch_id=selena_3452080 slurm_job_id=3452080 launched_at=2026-09-18T01:57:41.048122+00:00
[2026-09-18 01:57:41 UTC] evaluate method=chronos_bolt_512 dataset=SG_PM25/H term=long
    Total instances: 65, Series during experiment: 5, Windows: 13
    Collecting ground truth and context...
    Detected to_univariate case: 5 flat series -> 1 series x 5 variates
    Organizing data into arrays...
    Saved predictions (quantiles) to /fslarge/scratch/users/h61084/codes/tsrag_time/outputs/tsrag/evaluations/chronos_bolt_512/SG_PM25/H/long/run_0/predictions.npz
    Computing per-window metrics...
    Saved metrics to /fslarge/scratch/users/h61084/codes/tsrag_time/outputs/tsrag/evaluations/chronos_bolt_512/SG_PM25/H/long/run_0/metrics.npz
    Saved config to /fslarge/scratch/users/h61084/codes/tsrag_time/outputs/tsrag/evaluations/chronos_bolt_512/SG_PM25/H/long/run_0/config.json
    Saved aggregate metrics to /fslarge/scratch/users/h61084/codes/tsrag_time/outputs/tsrag/evaluations/chronos_bolt_512/SG_PM25/H/long/run_0/metrics_summary.json
    Metrics summary (averaged over all series/windows/variates):
      MSE: 50.4839
      MAE: 5.0862
      RMSE: 6.7271
      MAPE: 0.5135
      sMAPE: 0.4301
      MASE: 0.9665
      ND: 0.4146
      CRPS: 0.4146
TIME run allocation action=new run=/fslarge/scratch/users/h61084/codes/tsrag_time/outputs/tsrag/evaluations/chronos_bolt_max/SG_PM25/H/long/run_0 launch_id=selena_3452080 slurm_job_id=3452080 launched_at=2026-09-18T01:57:41.094782+00:00
[2026-09-18 01:57:41 UTC] evaluate method=chronos_bolt_max dataset=SG_PM25/H term=long
    Total instances: 65, Series during experiment: 5, Windows: 13
    Collecting ground truth and context...
    Detected to_univariate case: 5 flat series -> 1 series x 5 variates
    Organizing data into arrays...
    Saved predictions (quantiles) to /fslarge/scratch/users/h61084/codes/tsrag_time/outputs/tsrag/evaluations/chronos_bolt_max/SG_PM25/H/long/run_0/predictions.npz
    Computing per-window metrics...
    Saved metrics to /fslarge/scratch/users/h61084/codes/tsrag_time/outputs/tsrag/evaluations/chronos_bolt_max/SG_PM25/H/long/run_0/metrics.npz
    Saved config to /fslarge/scratch/users/h61084/codes/tsrag_time/outputs/tsrag/evaluations/chronos_bolt_max/SG_PM25/H/long/run_0/config.json
    Saved aggregate metrics to /fslarge/scratch/users/h61084/codes/tsrag_time/outputs/tsrag/evaluations/chronos_bolt_max/SG_PM25/H/long/run_0/metrics_summary.json
    Metrics summary (averaged over all series/windows/variates):
      MSE: 51.6894
      MAE: 5.1893
      RMSE: 6.8288
      MAPE: 0.5216
      sMAPE: 0.4365
      MASE: 0.9863
      ND: 0.4244
      CRPS: 0.4244
TIME run allocation action=new run=/fslarge/scratch/users/h61084/codes/tsrag_time/outputs/tsrag/evaluations/chronos2_max/SG_PM25/H/long/run_0 launch_id=selena_3452080 slurm_job_id=3452080 launched_at=2026-09-18T01:57:41.140660+00:00
[2026-09-18 01:57:41 UTC] evaluate method=chronos2_max dataset=SG_PM25/H term=long
    Total instances: 65, Series during experiment: 5, Windows: 13
    Collecting ground truth and context...
    Detected to_univariate case: 5 flat series -> 1 series x 5 variates
    Organizing data into arrays...
    Saved predictions (quantiles) to /fslarge/scratch/users/h61084/codes/tsrag_time/outputs/tsrag/evaluations/chronos2_max/SG_PM25/H/long/run_0/predictions.npz
    Computing per-window metrics...
    Saved metrics to /fslarge/scratch/users/h61084/codes/tsrag_time/outputs/tsrag/evaluations/chronos2_max/SG_PM25/H/long/run_0/metrics.npz
    Saved config to /fslarge/scratch/users/h61084/codes/tsrag_time/outputs/tsrag/evaluations/chronos2_max/SG_PM25/H/long/run_0/config.json
    Saved aggregate metrics to /fslarge/scratch/users/h61084/codes/tsrag_time/outputs/tsrag/evaluations/chronos2_max/SG_PM25/H/long/run_0/metrics_summary.json
    Metrics summary (averaged over all series/windows/variates):
      MSE: 49.1567
      MAE: 5.0626
      RMSE: 6.6204
      MAPE: 0.5347
      sMAPE: 0.4263
      MASE: 0.9633
      ND: 0.4131
      CRPS: 0.4131
TIME run allocation action=new run=/fslarge/scratch/users/h61084/codes/tsrag_time/outputs/tsrag/evaluations/tsrag/SG_PM25/H/long/run_0 launch_id=selena_3452080 slurm_job_id=3452080 launched_at=2026-09-18T01:57:41.201074+00:00
[2026-09-18 01:57:41 UTC] evaluate method=tsrag dataset=SG_PM25/H term=long
    Total instances: 65, Series during experiment: 5, Windows: 13
    Collecting ground truth and context...
    Detected to_univariate case: 5 flat series -> 1 series x 5 variates
    Organizing data into arrays...
    Saved predictions (quantiles) to /fslarge/scratch/users/h61084/codes/tsrag_time/outputs/tsrag/evaluations/tsrag/SG_PM25/H/long/run_0/predictions.npz
    Computing per-window metrics...
    Saved metrics to /fslarge/scratch/users/h61084/codes/tsrag_time/outputs/tsrag/evaluations/tsrag/SG_PM25/H/long/run_0/metrics.npz
    Saved config to /fslarge/scratch/users/h61084/codes/tsrag_time/outputs/tsrag/evaluations/tsrag/SG_PM25/H/long/run_0/config.json
    Saved aggregate metrics to /fslarge/scratch/users/h61084/codes/tsrag_time/outputs/tsrag/evaluations/tsrag/SG_PM25/H/long/run_0/metrics_summary.json
    Metrics summary (averaged over all series/windows/variates):
      MSE: 52.2624
      MAE: 5.2144
      RMSE: 6.8629
      MAPE: 0.5233
      sMAPE: 0.4387
      MASE: 0.9914
      ND: 0.4265
      CRPS: 0.4265
TIME run allocation action=new run=/fslarge/scratch/users/h61084/codes/tsrag_time/outputs/tsrag/evaluations/bayes_mixture/SG_PM25/H/long/run_0 launch_id=selena_3452080 slurm_job_id=3452080 launched_at=2026-09-18T01:57:41.284503+00:00
[2026-09-18 01:57:41 UTC] evaluate method=bayes_mixture dataset=SG_PM25/H term=long
    Total instances: 65, Series during experiment: 5, Windows: 13
    Collecting ground truth and context...
    Detected to_univariate case: 5 flat series -> 1 series x 5 variates
    Organizing data into arrays...
    Saved predictions (quantiles) to /fslarge/scratch/users/h61084/codes/tsrag_time/outputs/tsrag/evaluations/bayes_mixture/SG_PM25/H/long/run_0/predictions.npz
    Computing per-window metrics...
    Saved metrics to /fslarge/scratch/users/h61084/codes/tsrag_time/outputs/tsrag/evaluations/bayes_mixture/SG_PM25/H/long/run_0/metrics.npz
    Saved config to /fslarge/scratch/users/h61084/codes/tsrag_time/outputs/tsrag/evaluations/bayes_mixture/SG_PM25/H/long/run_0/config.json
    Saved aggregate metrics to /fslarge/scratch/users/h61084/codes/tsrag_time/outputs/tsrag/evaluations/bayes_mixture/SG_PM25/H/long/run_0/metrics_summary.json
    Metrics summary (averaged over all series/windows/variates):
      MSE: 49.1601
      MAE: 5.0557
      RMSE: 6.6292
      MAPE: 0.5256
      sMAPE: 0.4265
      MASE: 0.9616
      ND: 0.4129
      CRPS: 0.4129
TIME run allocation action=new run=/fslarge/scratch/users/h61084/codes/tsrag_time/outputs/tsrag/evaluations/chronos_t5_512/NE_China_Wind/H/short/run_0 launch_id=selena_3452080 slurm_job_id=3452080 launched_at=2026-09-18T01:57:41.344089+00:00
[2026-09-18 01:57:41 UTC] evaluate method=chronos_t5_512 dataset=NE_China_Wind/H term=short
    Total instances: 120, Series during experiment: 4, Windows: 30
    Collecting ground truth and context...
    Detected to_univariate case: 4 flat series -> 1 series x 4 variates
    Organizing data into arrays...
    Saved predictions (quantiles) to /fslarge/scratch/users/h61084/codes/tsrag_time/outputs/tsrag/evaluations/chronos_t5_512/NE_China_Wind/H/short/run_0/predictions.npz
    Computing per-window metrics...
    Saved metrics to /fslarge/scratch/users/h61084/codes/tsrag_time/outputs/tsrag/evaluations/chronos_t5_512/NE_China_Wind/H/short/run_0/metrics.npz
    Saved config to /fslarge/scratch/users/h61084/codes/tsrag_time/outputs/tsrag/evaluations/chronos_t5_512/NE_China_Wind/H/short/run_0/config.json
    Saved aggregate metrics to /fslarge/scratch/users/h61084/codes/tsrag_time/outputs/tsrag/evaluations/chronos_t5_512/NE_China_Wind/H/short/run_0/metrics_summary.json
    Metrics summary (averaged over all series/windows/variates):
      MSE: 0.1024
      MAE: 0.2177
      RMSE: 0.2566
      MAPE: 0.8361
      sMAPE: 0.4958
      MASE: 0.5207
      ND: 0.4420
      CRPS: 0.4420
TIME run allocation action=new run=/fslarge/scratch/users/h61084/codes/tsrag_time/outputs/tsrag/evaluations/chronos_bolt_512/NE_China_Wind/H/short/run_0 launch_id=selena_3452080 slurm_job_id=3452080 launched_at=2026-09-18T01:57:41.383878+00:00
[2026-09-18 01:57:41 UTC] evaluate method=chronos_bolt_512 dataset=NE_China_Wind/H term=short
    Total instances: 120, Series during experiment: 4, Windows: 30
    Collecting ground truth and context...
    Detected to_univariate case: 4 flat series -> 1 series x 4 variates
    Organizing data into arrays...
    Saved predictions (quantiles) to /fslarge/scratch/users/h61084/codes/tsrag_time/outputs/tsrag/evaluations/chronos_bolt_512/NE_China_Wind/H/short/run_0/predictions.npz
    Computing per-window metrics...
    Saved metrics to /fslarge/scratch/users/h61084/codes/tsrag_time/outputs/tsrag/evaluations/chronos_bolt_512/NE_China_Wind/H/short/run_0/metrics.npz
    Saved config to /fslarge/scratch/users/h61084/codes/tsrag_time/outputs/tsrag/evaluations/chronos_bolt_512/NE_China_Wind/H/short/run_0/config.json
    Saved aggregate metrics to /fslarge/scratch/users/h61084/codes/tsrag_time/outputs/tsrag/evaluations/chronos_bolt_512/NE_China_Wind/H/short/run_0/metrics_summary.json
    Metrics summary (averaged over all series/windows/variates):
      MSE: 0.1046
      MAE: 0.2215
      RMSE: 0.2595
      MAPE: 0.9062
      sMAPE: 0.4917
      MASE: 0.5381
      ND: 0.4663
      CRPS: 0.4663
TIME run allocation action=new run=/fslarge/scratch/users/h61084/codes/tsrag_time/outputs/tsrag/evaluations/chronos_bolt_max/NE_China_Wind/H/short/run_0 launch_id=selena_3452080 slurm_job_id=3452080 launched_at=2026-09-18T01:57:41.419937+00:00
[2026-09-18 01:57:41 UTC] evaluate method=chronos_bolt_max dataset=NE_China_Wind/H term=short
    Total instances: 120, Series during experiment: 4, Windows: 30
    Collecting ground truth and context...
    Detected to_univariate case: 4 flat series -> 1 series x 4 variates
    Organizing data into arrays...
    Saved predictions (quantiles) to /fslarge/scratch/users/h61084/codes/tsrag_time/outputs/tsrag/evaluations/chronos_bolt_max/NE_China_Wind/H/short/run_0/predictions.npz
    Computing per-window metrics...
    Saved metrics to /fslarge/scratch/users/h61084/codes/tsrag_time/outputs/tsrag/evaluations/chronos_bolt_max/NE_China_Wind/H/short/run_0/metrics.npz
    Saved config to /fslarge/scratch/users/h61084/codes/tsrag_time/outputs/tsrag/evaluations/chronos_bolt_max/NE_China_Wind/H/short/run_0/config.json
    Saved aggregate metrics to /fslarge/scratch/users/h61084/codes/tsrag_time/outputs/tsrag/evaluations/chronos_bolt_max/NE_China_Wind/H/short/run_0/metrics_summary.json
    Metrics summary (averaged over all series/windows/variates):
      MSE: 0.1024
      MAE: 0.2177
      RMSE: 0.2547
      MAPE: 0.8341
      sMAPE: 0.4933
      MASE: 0.5333
      ND: 0.4345
      CRPS: 0.4345
TIME run allocation action=new run=/fslarge/scratch/users/h61084/codes/tsrag_time/outputs/tsrag/evaluations/chronos2_max/NE_China_Wind/H/short/run_0 launch_id=selena_3452080 slurm_job_id=3452080 launched_at=2026-09-18T01:57:41.455553+00:00
[2026-09-18 01:57:41 UTC] evaluate method=chronos2_max dataset=NE_China_Wind/H term=short
    Total instances: 120, Series during experiment: 4, Windows: 30
    Collecting ground truth and context...
    Detected to_univariate case: 4 flat series -> 1 series x 4 variates
    Organizing data into arrays...
    Saved predictions (quantiles) to /fslarge/scratch/users/h61084/codes/tsrag_time/outputs/tsrag/evaluations/chronos2_max/NE_China_Wind/H/short/run_0/predictions.npz
    Computing per-window metrics...
    Saved metrics to /fslarge/scratch/users/h61084/codes/tsrag_time/outputs/tsrag/evaluations/chronos2_max/NE_China_Wind/H/short/run_0/metrics.npz
    Saved config to /fslarge/scratch/users/h61084/codes/tsrag_time/outputs/tsrag/evaluations/chronos2_max/NE_China_Wind/H/short/run_0/config.json
    Saved aggregate metrics to /fslarge/scratch/users/h61084/codes/tsrag_time/outputs/tsrag/evaluations/chronos2_max/NE_China_Wind/H/short/run_0/metrics_summary.json
    Metrics summary (averaged over all series/windows/variates):
      MSE: 0.0986
      MAE: 0.2133
      RMSE: 0.2496
      MAPE: 0.8395
      sMAPE: 0.4869
      MASE: 0.5042
      ND: 0.4323
      CRPS: 0.4323
TIME run allocation action=new run=/fslarge/scratch/users/h61084/codes/tsrag_time/outputs/tsrag/evaluations/tsrag/NE_China_Wind/H/short/run_0 launch_id=selena_3452080 slurm_job_id=3452080 launched_at=2026-09-18T01:57:41.505345+00:00
[2026-09-18 01:57:41 UTC] evaluate method=tsrag dataset=NE_China_Wind/H term=short
    Total instances: 120, Series during experiment: 4, Windows: 30
    Collecting ground truth and context...
    Detected to_univariate case: 4 flat series -> 1 series x 4 variates
    Organizing data into arrays...
    Saved predictions (quantiles) to /fslarge/scratch/users/h61084/codes/tsrag_time/outputs/tsrag/evaluations/tsrag/NE_China_Wind/H/short/run_0/predictions.npz
    Computing per-window metrics...
    Saved metrics to /fslarge/scratch/users/h61084/codes/tsrag_time/outputs/tsrag/evaluations/tsrag/NE_China_Wind/H/short/run_0/metrics.npz
    Saved config to /fslarge/scratch/users/h61084/codes/tsrag_time/outputs/tsrag/evaluations/tsrag/NE_China_Wind/H/short/run_0/config.json
    Saved aggregate metrics to /fslarge/scratch/users/h61084/codes/tsrag_time/outputs/tsrag/evaluations/tsrag/NE_China_Wind/H/short/run_0/metrics_summary.json
    Metrics summary (averaged over all series/windows/variates):
      MSE: 0.1052
      MAE: 0.2215
      RMSE: 0.2598
      MAPE: 0.9038
      sMAPE: 0.4935
      MASE: 0.5307
      ND: 0.4569
      CRPS: 0.4569
TIME run allocation action=new run=/fslarge/scratch/users/h61084/codes/tsrag_time/outputs/tsrag/evaluations/bayes_mixture/NE_China_Wind/H/short/run_0 launch_id=selena_3452080 slurm_job_id=3452080 launched_at=2026-09-18T01:57:41.590851+00:00
[2026-09-18 01:57:41 UTC] evaluate method=bayes_mixture dataset=NE_China_Wind/H term=short
    Total instances: 120, Series during experiment: 4, Windows: 30
    Collecting ground truth and context...
    Detected to_univariate case: 4 flat series -> 1 series x 4 variates
    Organizing data into arrays...
    Saved predictions (quantiles) to /fslarge/scratch/users/h61084/codes/tsrag_time/outputs/tsrag/evaluations/bayes_mixture/NE_China_Wind/H/short/run_0/predictions.npz
    Computing per-window metrics...
    Saved metrics to /fslarge/scratch/users/h61084/codes/tsrag_time/outputs/tsrag/evaluations/bayes_mixture/NE_China_Wind/H/short/run_0/metrics.npz
    Saved config to /fslarge/scratch/users/h61084/codes/tsrag_time/outputs/tsrag/evaluations/bayes_mixture/NE_China_Wind/H/short/run_0/config.json
    Saved aggregate metrics to /fslarge/scratch/users/h61084/codes/tsrag_time/outputs/tsrag/evaluations/bayes_mixture/NE_China_Wind/H/short/run_0/metrics_summary.json
    Metrics summary (averaged over all series/windows/variates):
      MSE: 0.0985
      MAE: 0.2127
      RMSE: 0.2493
      MAPE: 0.8437
      sMAPE: 0.4844
      MASE: 0.5053
      ND: 0.4344
      CRPS: 0.4344
TIME run allocation action=new run=/fslarge/scratch/users/h61084/codes/tsrag_time/outputs/tsrag/evaluations/chronos_t5_512/NE_China_Wind/H/medium/run_0 launch_id=selena_3452080 slurm_job_id=3452080 launched_at=2026-09-18T01:57:41.639738+00:00
[2026-09-18 01:57:41 UTC] evaluate method=chronos_t5_512 dataset=NE_China_Wind/H term=medium
    Total instances: 40, Series during experiment: 4, Windows: 10
    Collecting ground truth and context...
    Detected to_univariate case: 4 flat series -> 1 series x 4 variates
    Organizing data into arrays...
    Saved predictions (quantiles) to /fslarge/scratch/users/h61084/codes/tsrag_time/outputs/tsrag/evaluations/chronos_t5_512/NE_China_Wind/H/medium/run_0/predictions.npz
    Computing per-window metrics...
    Saved metrics to /fslarge/scratch/users/h61084/codes/tsrag_time/outputs/tsrag/evaluations/chronos_t5_512/NE_China_Wind/H/medium/run_0/metrics.npz
    Saved config to /fslarge/scratch/users/h61084/codes/tsrag_time/outputs/tsrag/evaluations/chronos_t5_512/NE_China_Wind/H/medium/run_0/config.json
    Saved aggregate metrics to /fslarge/scratch/users/h61084/codes/tsrag_time/outputs/tsrag/evaluations/chronos_t5_512/NE_China_Wind/H/medium/run_0/metrics_summary.json
    Metrics summary (averaged over all series/windows/variates):
      MSE: 0.2797
      MAE: 0.3819
      RMSE: 0.4503
      MAPE: 0.9957
      sMAPE: 0.7252
      MASE: 0.9529
      ND: 0.5655
      CRPS: 0.5655
TIME run allocation action=new run=/fslarge/scratch/users/h61084/codes/tsrag_time/outputs/tsrag/evaluations/chronos_bolt_512/NE_China_Wind/H/medium/run_0 launch_id=selena_3452080 slurm_job_id=3452080 launched_at=2026-09-18T01:57:41.672292+00:00
[2026-09-18 01:57:41 UTC] evaluate method=chronos_bolt_512 dataset=NE_China_Wind/H term=medium
    Total instances: 40, Series during experiment: 4, Windows: 10
    Collecting ground truth and context...
    Detected to_univariate case: 4 flat series -> 1 series x 4 variates
    Organizing data into arrays...
    Saved predictions (quantiles) to /fslarge/scratch/users/h61084/codes/tsrag_time/outputs/tsrag/evaluations/chronos_bolt_512/NE_China_Wind/H/medium/run_0/predictions.npz
    Computing per-window metrics...
    Saved metrics to /fslarge/scratch/users/h61084/codes/tsrag_time/outputs/tsrag/evaluations/chronos_bolt_512/NE_China_Wind/H/medium/run_0/metrics.npz
    Saved config to /fslarge/scratch/users/h61084/codes/tsrag_time/outputs/tsrag/evaluations/chronos_bolt_512/NE_China_Wind/H/medium/run_0/config.json
    Saved aggregate metrics to /fslarge/scratch/users/h61084/codes/tsrag_time/outputs/tsrag/evaluations/chronos_bolt_512/NE_China_Wind/H/medium/run_0/metrics_summary.json
    Metrics summary (averaged over all series/windows/variates):
      MSE: 0.2459
      MAE: 0.3589
      RMSE: 0.4220
      MAPE: 1.1559
      sMAPE: 0.6947
      MASE: 0.8917
      ND: 0.6062
      CRPS: 0.6062
TIME run allocation action=new run=/fslarge/scratch/users/h61084/codes/tsrag_time/outputs/tsrag/evaluations/chronos_bolt_max/NE_China_Wind/H/medium/run_0 launch_id=selena_3452080 slurm_job_id=3452080 launched_at=2026-09-18T01:57:41.701323+00:00
[2026-09-18 01:57:41 UTC] evaluate method=chronos_bolt_max dataset=NE_China_Wind/H term=medium
    Total instances: 40, Series during experiment: 4, Windows: 10
    Collecting ground truth and context...
    Detected to_univariate case: 4 flat series -> 1 series x 4 variates
    Organizing data into arrays...
    Saved predictions (quantiles) to /fslarge/scratch/users/h61084/codes/tsrag_time/outputs/tsrag/evaluations/chronos_bolt_max/NE_China_Wind/H/medium/run_0/predictions.npz
    Computing per-window metrics...
    Saved metrics to /fslarge/scratch/users/h61084/codes/tsrag_time/outputs/tsrag/evaluations/chronos_bolt_max/NE_China_Wind/H/medium/run_0/metrics.npz
    Saved config to /fslarge/scratch/users/h61084/codes/tsrag_time/outputs/tsrag/evaluations/chronos_bolt_max/NE_China_Wind/H/medium/run_0/config.json
    Saved aggregate metrics to /fslarge/scratch/users/h61084/codes/tsrag_time/outputs/tsrag/evaluations/chronos_bolt_max/NE_China_Wind/H/medium/run_0/metrics_summary.json
    Metrics summary (averaged over all series/windows/variates):
      MSE: 0.2650
      MAE: 0.3702
      RMSE: 0.4323
      MAPE: 0.8880
      sMAPE: 0.7226
      MASE: 0.9417
      ND: 0.5539
      CRPS: 0.5539
TIME run allocation action=new run=/fslarge/scratch/users/h61084/codes/tsrag_time/outputs/tsrag/evaluations/chronos2_max/NE_China_Wind/H/medium/run_0 launch_id=selena_3452080 slurm_job_id=3452080 launched_at=2026-09-18T01:57:41.729924+00:00
[2026-09-18 01:57:41 UTC] evaluate method=chronos2_max dataset=NE_China_Wind/H term=medium
    Total instances: 40, Series during experiment: 4, Windows: 10
    Collecting ground truth and context...
    Detected to_univariate case: 4 flat series -> 1 series x 4 variates
    Organizing data into arrays...
    Saved predictions (quantiles) to /fslarge/scratch/users/h61084/codes/tsrag_time/outputs/tsrag/evaluations/chronos2_max/NE_China_Wind/H/medium/run_0/predictions.npz
    Computing per-window metrics...
    Saved metrics to /fslarge/scratch/users/h61084/codes/tsrag_time/outputs/tsrag/evaluations/chronos2_max/NE_China_Wind/H/medium/run_0/metrics.npz
    Saved config to /fslarge/scratch/users/h61084/codes/tsrag_time/outputs/tsrag/evaluations/chronos2_max/NE_China_Wind/H/medium/run_0/config.json
    Saved aggregate metrics to /fslarge/scratch/users/h61084/codes/tsrag_time/outputs/tsrag/evaluations/chronos2_max/NE_China_Wind/H/medium/run_0/metrics_summary.json
    Metrics summary (averaged over all series/windows/variates):
      MSE: 0.2382
      MAE: 0.3584
      RMSE: 0.4166
      MAPE: 0.9946
      sMAPE: 0.6860
      MASE: 0.8980
      ND: 0.5423
      CRPS: 0.5423
TIME run allocation action=new run=/fslarge/scratch/users/h61084/codes/tsrag_time/outputs/tsrag/evaluations/tsrag/NE_China_Wind/H/medium/run_0 launch_id=selena_3452080 slurm_job_id=3452080 launched_at=2026-09-18T01:57:41.773337+00:00
[2026-09-18 01:57:41 UTC] evaluate method=tsrag dataset=NE_China_Wind/H term=medium
    Total instances: 40, Series during experiment: 4, Windows: 10
    Collecting ground truth and context...
    Detected to_univariate case: 4 flat series -> 1 series x 4 variates
    Organizing data into arrays...
    Saved predictions (quantiles) to /fslarge/scratch/users/h61084/codes/tsrag_time/outputs/tsrag/evaluations/tsrag/NE_China_Wind/H/medium/run_0/predictions.npz
    Computing per-window metrics...
    Saved metrics to /fslarge/scratch/users/h61084/codes/tsrag_time/outputs/tsrag/evaluations/tsrag/NE_China_Wind/H/medium/run_0/metrics.npz
    Saved config to /fslarge/scratch/users/h61084/codes/tsrag_time/outputs/tsrag/evaluations/tsrag/NE_China_Wind/H/medium/run_0/config.json
    Saved aggregate metrics to /fslarge/scratch/users/h61084/codes/tsrag_time/outputs/tsrag/evaluations/tsrag/NE_China_Wind/H/medium/run_0/metrics_summary.json
    Metrics summary (averaged over all series/windows/variates):
      MSE: 0.2517
      MAE: 0.3554
      RMSE: 0.4180
      MAPE: 1.1608
      sMAPE: 0.6844
      MASE: 0.8902
      ND: 0.5781
      CRPS: 0.5781
TIME run allocation action=new run=/fslarge/scratch/users/h61084/codes/tsrag_time/outputs/tsrag/evaluations/bayes_mixture/NE_China_Wind/H/medium/run_0 launch_id=selena_3452080 slurm_job_id=3452080 launched_at=2026-09-18T01:57:41.840747+00:00
[2026-09-18 01:57:41 UTC] evaluate method=bayes_mixture dataset=NE_China_Wind/H term=medium
    Total instances: 40, Series during experiment: 4, Windows: 10
    Collecting ground truth and context...
    Detected to_univariate case: 4 flat series -> 1 series x 4 variates
    Organizing data into arrays...
    Saved predictions (quantiles) to /fslarge/scratch/users/h61084/codes/tsrag_time/outputs/tsrag/evaluations/bayes_mixture/NE_China_Wind/H/medium/run_0/predictions.npz
    Computing per-window metrics...
    Saved metrics to /fslarge/scratch/users/h61084/codes/tsrag_time/outputs/tsrag/evaluations/bayes_mixture/NE_China_Wind/H/medium/run_0/metrics.npz
    Saved config to /fslarge/scratch/users/h61084/codes/tsrag_time/outputs/tsrag/evaluations/bayes_mixture/NE_China_Wind/H/medium/run_0/config.json
    Saved aggregate metrics to /fslarge/scratch/users/h61084/codes/tsrag_time/outputs/tsrag/evaluations/bayes_mixture/NE_China_Wind/H/medium/run_0/metrics_summary.json
    Metrics summary (averaged over all series/windows/variates):
      MSE: 0.2387
      MAE: 0.3510
      RMSE: 0.4111
      MAPE: 1.0503
      sMAPE: 0.6716
      MASE: 0.8807
      ND: 0.5481
      CRPS: 0.5481
TIME run allocation action=new run=/fslarge/scratch/users/h61084/codes/tsrag_time/outputs/tsrag/evaluations/chronos_t5_512/NE_China_Wind/H/long/run_0 launch_id=selena_3452080 slurm_job_id=3452080 launched_at=2026-09-18T01:57:41.881511+00:00
[2026-09-18 01:57:41 UTC] evaluate method=chronos_t5_512 dataset=NE_China_Wind/H term=long
    Total instances: 16, Series during experiment: 4, Windows: 4
    Collecting ground truth and context...
    Detected to_univariate case: 4 flat series -> 1 series x 4 variates
    Organizing data into arrays...
    Saved predictions (quantiles) to /fslarge/scratch/users/h61084/codes/tsrag_time/outputs/tsrag/evaluations/chronos_t5_512/NE_China_Wind/H/long/run_0/predictions.npz
    Computing per-window metrics...
    Saved metrics to /fslarge/scratch/users/h61084/codes/tsrag_time/outputs/tsrag/evaluations/chronos_t5_512/NE_China_Wind/H/long/run_0/metrics.npz
    Saved config to /fslarge/scratch/users/h61084/codes/tsrag_time/outputs/tsrag/evaluations/chronos_t5_512/NE_China_Wind/H/long/run_0/config.json
    Saved aggregate metrics to /fslarge/scratch/users/h61084/codes/tsrag_time/outputs/tsrag/evaluations/chronos_t5_512/NE_China_Wind/H/long/run_0/metrics_summary.json
    Metrics summary (averaged over all series/windows/variates):
      MSE: 0.3247
      MAE: 0.4376
      RMSE: 0.5299
      MAPE: 1.2094
      sMAPE: 0.8320
      MASE: 1.1461
      ND: 0.5988
      CRPS: 0.5988
TIME run allocation action=new run=/fslarge/scratch/users/h61084/codes/tsrag_time/outputs/tsrag/evaluations/chronos_bolt_512/NE_China_Wind/H/long/run_0 launch_id=selena_3452080 slurm_job_id=3452080 launched_at=2026-09-18T01:57:41.912294+00:00
[2026-09-18 01:57:41 UTC] evaluate method=chronos_bolt_512 dataset=NE_China_Wind/H term=long
    Total instances: 16, Series during experiment: 4, Windows: 4
    Collecting ground truth and context...
    Detected to_univariate case: 4 flat series -> 1 series x 4 variates
    Organizing data into arrays...
    Saved predictions (quantiles) to /fslarge/scratch/users/h61084/codes/tsrag_time/outputs/tsrag/evaluations/chronos_bolt_512/NE_China_Wind/H/long/run_0/predictions.npz
    Computing per-window metrics...
    Saved metrics to /fslarge/scratch/users/h61084/codes/tsrag_time/outputs/tsrag/evaluations/chronos_bolt_512/NE_China_Wind/H/long/run_0/metrics.npz
    Saved config to /fslarge/scratch/users/h61084/codes/tsrag_time/outputs/tsrag/evaluations/chronos_bolt_512/NE_China_Wind/H/long/run_0/config.json
    Saved aggregate metrics to /fslarge/scratch/users/h61084/codes/tsrag_time/outputs/tsrag/evaluations/chronos_bolt_512/NE_China_Wind/H/long/run_0/metrics_summary.json
    Metrics summary (averaged over all series/windows/variates):
      MSE: 0.2934
      MAE: 0.4037
      RMSE: 0.4998
      MAPE: 1.0833
      sMAPE: 0.7584
      MASE: 1.0639
      ND: 0.5604
      CRPS: 0.5604
TIME run allocation action=new run=/fslarge/scratch/users/h61084/codes/tsrag_time/outputs/tsrag/evaluations/chronos_bolt_max/NE_China_Wind/H/long/run_0 launch_id=selena_3452080 slurm_job_id=3452080 launched_at=2026-09-18T01:57:41.938794+00:00
[2026-09-18 01:57:41 UTC] evaluate method=chronos_bolt_max dataset=NE_China_Wind/H term=long
    Total instances: 16, Series during experiment: 4, Windows: 4
    Collecting ground truth and context...
    Detected to_univariate case: 4 flat series -> 1 series x 4 variates
    Organizing data into arrays...
    Saved predictions (quantiles) to /fslarge/scratch/users/h61084/codes/tsrag_time/outputs/tsrag/evaluations/chronos_bolt_max/NE_China_Wind/H/long/run_0/predictions.npz
    Computing per-window metrics...
    Saved metrics to /fslarge/scratch/users/h61084/codes/tsrag_time/outputs/tsrag/evaluations/chronos_bolt_max/NE_China_Wind/H/long/run_0/metrics.npz
    Saved config to /fslarge/scratch/users/h61084/codes/tsrag_time/outputs/tsrag/evaluations/chronos_bolt_max/NE_China_Wind/H/long/run_0/config.json
    Saved aggregate metrics to /fslarge/scratch/users/h61084/codes/tsrag_time/outputs/tsrag/evaluations/chronos_bolt_max/NE_China_Wind/H/long/run_0/metrics_summary.json
    Metrics summary (averaged over all series/windows/variates):
      MSE: 0.3511
      MAE: 0.4531
      RMSE: 0.5548
      MAPE: 1.0509
      sMAPE: 0.8280
      MASE: 1.2606
      ND: 0.6125
      CRPS: 0.6125
TIME run allocation action=new run=/fslarge/scratch/users/h61084/codes/tsrag_time/outputs/tsrag/evaluations/chronos2_max/NE_China_Wind/H/long/run_0 launch_id=selena_3452080 slurm_job_id=3452080 launched_at=2026-09-18T01:57:41.964556+00:00
[2026-09-18 01:57:41 UTC] evaluate method=chronos2_max dataset=NE_China_Wind/H term=long
    Total instances: 16, Series during experiment: 4, Windows: 4
    Collecting ground truth and context...
    Detected to_univariate case: 4 flat series -> 1 series x 4 variates
    Organizing data into arrays...
    Saved predictions (quantiles) to /fslarge/scratch/users/h61084/codes/tsrag_time/outputs/tsrag/evaluations/chronos2_max/NE_China_Wind/H/long/run_0/predictions.npz
    Computing per-window metrics...
    Saved metrics to /fslarge/scratch/users/h61084/codes/tsrag_time/outputs/tsrag/evaluations/chronos2_max/NE_China_Wind/H/long/run_0/metrics.npz
    Saved config to /fslarge/scratch/users/h61084/codes/tsrag_time/outputs/tsrag/evaluations/chronos2_max/NE_China_Wind/H/long/run_0/config.json
    Saved aggregate metrics to /fslarge/scratch/users/h61084/codes/tsrag_time/outputs/tsrag/evaluations/chronos2_max/NE_China_Wind/H/long/run_0/metrics_summary.json
    Metrics summary (averaged over all series/windows/variates):
      MSE: 0.3216
      MAE: 0.4365
      RMSE: 0.5253
      MAPE: 1.1979
      sMAPE: 0.7967
      MASE: 1.1843
      ND: 0.6048
      CRPS: 0.6048
TIME run allocation action=new run=/fslarge/scratch/users/h61084/codes/tsrag_time/outputs/tsrag/evaluations/tsrag/NE_China_Wind/H/long/run_0 launch_id=selena_3452080 slurm_job_id=3452080 launched_at=2026-09-18T01:57:42.005038+00:00
[2026-09-18 01:57:42 UTC] evaluate method=tsrag dataset=NE_China_Wind/H term=long
    Total instances: 16, Series during experiment: 4, Windows: 4
    Collecting ground truth and context...
    Detected to_univariate case: 4 flat series -> 1 series x 4 variates
    Organizing data into arrays...
    Saved predictions (quantiles) to /fslarge/scratch/users/h61084/codes/tsrag_time/outputs/tsrag/evaluations/tsrag/NE_China_Wind/H/long/run_0/predictions.npz
    Computing per-window metrics...
    Saved metrics to /fslarge/scratch/users/h61084/codes/tsrag_time/outputs/tsrag/evaluations/tsrag/NE_China_Wind/H/long/run_0/metrics.npz
    Saved config to /fslarge/scratch/users/h61084/codes/tsrag_time/outputs/tsrag/evaluations/tsrag/NE_China_Wind/H/long/run_0/config.json
    Saved aggregate metrics to /fslarge/scratch/users/h61084/codes/tsrag_time/outputs/tsrag/evaluations/tsrag/NE_China_Wind/H/long/run_0/metrics_summary.json
    Metrics summary (averaged over all series/windows/variates):
      MSE: 0.2996
      MAE: 0.4212
      RMSE: 0.5168
      MAPE: 1.1337
      sMAPE: 0.8154
      MASE: 1.1188
      ND: 0.5924
      CRPS: 0.5924
TIME run allocation action=new run=/fslarge/scratch/users/h61084/codes/tsrag_time/outputs/tsrag/evaluations/bayes_mixture/NE_China_Wind/H/long/run_0 launch_id=selena_3452080 slurm_job_id=3452080 launched_at=2026-09-18T01:57:42.068458+00:00
[2026-09-18 01:57:42 UTC] evaluate method=bayes_mixture dataset=NE_China_Wind/H term=long
    Total instances: 16, Series during experiment: 4, Windows: 4
    Collecting ground truth and context...
    Detected to_univariate case: 4 flat series -> 1 series x 4 variates
    Organizing data into arrays...
    Saved predictions (quantiles) to /fslarge/scratch/users/h61084/codes/tsrag_time/outputs/tsrag/evaluations/bayes_mixture/NE_China_Wind/H/long/run_0/predictions.npz
    Computing per-window metrics...
    Saved metrics to /fslarge/scratch/users/h61084/codes/tsrag_time/outputs/tsrag/evaluations/bayes_mixture/NE_China_Wind/H/long/run_0/metrics.npz
    Saved config to /fslarge/scratch/users/h61084/codes/tsrag_time/outputs/tsrag/evaluations/bayes_mixture/NE_China_Wind/H/long/run_0/config.json
    Saved aggregate metrics to /fslarge/scratch/users/h61084/codes/tsrag_time/outputs/tsrag/evaluations/bayes_mixture/NE_China_Wind/H/long/run_0/metrics_summary.json
    Metrics summary (averaged over all series/windows/variates):
      MSE: 0.3065
      MAE: 0.4272
      RMSE: 0.5167
      MAPE: 1.1591
      sMAPE: 0.7959
      MASE: 1.1503
      ND: 0.5953
      CRPS: 0.5953
TIME run allocation action=new run=/fslarge/scratch/users/h61084/codes/tsrag_time/outputs/tsrag/evaluations/chronos_t5_512/Australia_Solar/H/short/run_0 launch_id=selena_3452080 slurm_job_id=3452080 launched_at=2026-09-18T01:57:42.118475+00:00
[2026-09-18 01:57:42 UTC] evaluate method=chronos_t5_512 dataset=Australia_Solar/H term=short
    Total instances: 315, Series during experiment: 3, Windows: 105
    Collecting ground truth and context...
    Detected to_univariate case: 3 flat series -> 1 series x 3 variates
    Organizing data into arrays...
    ⚠️  Predictions max value (1707954.00) exceeds float16 safe range.
    ⚠️  Applying scale factor: 100 (values will be divided)
    Saved predictions (quantiles) to /fslarge/scratch/users/h61084/codes/tsrag_time/outputs/tsrag/evaluations/chronos_t5_512/Australia_Solar/H/short/run_0/predictions.npz
    Computing per-window metrics...
    Saved metrics to /fslarge/scratch/users/h61084/codes/tsrag_time/outputs/tsrag/evaluations/chronos_t5_512/Australia_Solar/H/short/run_0/metrics.npz
    Saved config to /fslarge/scratch/users/h61084/codes/tsrag_time/outputs/tsrag/evaluations/chronos_t5_512/Australia_Solar/H/short/run_0/config.json
    Saved aggregate metrics to /fslarge/scratch/users/h61084/codes/tsrag_time/outputs/tsrag/evaluations/chronos_t5_512/Australia_Solar/H/short/run_0/metrics_summary.json
    Metrics summary (averaged over all series/windows/variates):
      MSE: 68848675307.1113
      MAE: 181641.0043
      RMSE: 218144.1096
      MAPE: 3940.4928
      sMAPE: 0.8365
      MASE: 3.3508
      ND: 0.8459
      CRPS: 0.8459
TIME run allocation action=new run=/fslarge/scratch/users/h61084/codes/tsrag_time/outputs/tsrag/evaluations/chronos_bolt_512/Australia_Solar/H/short/run_0 launch_id=selena_3452080 slurm_job_id=3452080 launched_at=2026-09-18T01:57:42.213091+00:00
[2026-09-18 01:57:42 UTC] evaluate method=chronos_bolt_512 dataset=Australia_Solar/H term=short
    Total instances: 315, Series during experiment: 3, Windows: 105
    Collecting ground truth and context...
    Detected to_univariate case: 3 flat series -> 1 series x 3 variates
    Organizing data into arrays...
    ⚠️  Predictions max value (1897811.38) exceeds float16 safe range.
    ⚠️  Applying scale factor: 100 (values will be divided)
    Saved predictions (quantiles) to /fslarge/scratch/users/h61084/codes/tsrag_time/outputs/tsrag/evaluations/chronos_bolt_512/Australia_Solar/H/short/run_0/predictions.npz
    Computing per-window metrics...
    Saved metrics to /fslarge/scratch/users/h61084/codes/tsrag_time/outputs/tsrag/evaluations/chronos_bolt_512/Australia_Solar/H/short/run_0/metrics.npz
    Saved config to /fslarge/scratch/users/h61084/codes/tsrag_time/outputs/tsrag/evaluations/chronos_bolt_512/Australia_Solar/H/short/run_0/config.json
    Saved aggregate metrics to /fslarge/scratch/users/h61084/codes/tsrag_time/outputs/tsrag/evaluations/chronos_bolt_512/Australia_Solar/H/short/run_0/metrics_summary.json
    Metrics summary (averaged over all series/windows/variates):
      MSE: 25707114900.5196
      MAE: 80444.0003
      RMSE: 105319.9349
      MAPE: 94.8332
      sMAPE: 0.5645
      MASE: 1.1014
      ND: 0.3288
      CRPS: 0.3288
TIME run allocation action=new run=/fslarge/scratch/users/h61084/codes/tsrag_time/outputs/tsrag/evaluations/chronos_bolt_max/Australia_Solar/H/short/run_0 launch_id=selena_3452080 slurm_job_id=3452080 launched_at=2026-09-18T01:57:42.299717+00:00
[2026-09-18 01:57:42 UTC] evaluate method=chronos_bolt_max dataset=Australia_Solar/H term=short
    Total instances: 315, Series during experiment: 3, Windows: 105
    Collecting ground truth and context...
    Detected to_univariate case: 3 flat series -> 1 series x 3 variates
    Organizing data into arrays...
    ⚠️  Predictions max value (1789314.00) exceeds float16 safe range.
    ⚠️  Applying scale factor: 100 (values will be divided)
    Saved predictions (quantiles) to /fslarge/scratch/users/h61084/codes/tsrag_time/outputs/tsrag/evaluations/chronos_bolt_max/Australia_Solar/H/short/run_0/predictions.npz
    Computing per-window metrics...
    Saved metrics to /fslarge/scratch/users/h61084/codes/tsrag_time/outputs/tsrag/evaluations/chronos_bolt_max/Australia_Solar/H/short/run_0/metrics.npz
    Saved config to /fslarge/scratch/users/h61084/codes/tsrag_time/outputs/tsrag/evaluations/chronos_bolt_max/Australia_Solar/H/short/run_0/config.json
    Saved aggregate metrics to /fslarge/scratch/users/h61084/codes/tsrag_time/outputs/tsrag/evaluations/chronos_bolt_max/Australia_Solar/H/short/run_0/metrics_summary.json
    Metrics summary (averaged over all series/windows/variates):
      MSE: 24319664966.6561
      MAE: 79146.9306
      RMSE: 103897.6783
      MAPE: 84.3252
      sMAPE: 0.5580
      MASE: 1.1027
      ND: 0.3368
      CRPS: 0.3368
TIME run allocation action=new run=/fslarge/scratch/users/h61084/codes/tsrag_time/outputs/tsrag/evaluations/chronos2_max/Australia_Solar/H/short/run_0 launch_id=selena_3452080 slurm_job_id=3452080 launched_at=2026-09-18T01:57:42.386381+00:00
[2026-09-18 01:57:42 UTC] evaluate method=chronos2_max dataset=Australia_Solar/H term=short
    Total instances: 315, Series during experiment: 3, Windows: 105
    Collecting ground truth and context...
    Detected to_univariate case: 3 flat series -> 1 series x 3 variates
    Organizing data into arrays...
    ⚠️  Predictions max value (1848281.62) exceeds float16 safe range.
    ⚠️  Applying scale factor: 100 (values will be divided)
    Saved predictions (quantiles) to /fslarge/scratch/users/h61084/codes/tsrag_time/outputs/tsrag/evaluations/chronos2_max/Australia_Solar/H/short/run_0/predictions.npz
    Computing per-window metrics...
    Saved metrics to /fslarge/scratch/users/h61084/codes/tsrag_time/outputs/tsrag/evaluations/chronos2_max/Australia_Solar/H/short/run_0/metrics.npz
    Saved config to /fslarge/scratch/users/h61084/codes/tsrag_time/outputs/tsrag/evaluations/chronos2_max/Australia_Solar/H/short/run_0/config.json
    Saved aggregate metrics to /fslarge/scratch/users/h61084/codes/tsrag_time/outputs/tsrag/evaluations/chronos2_max/Australia_Solar/H/short/run_0/metrics_summary.json
    Metrics summary (averaged over all series/windows/variates):
      MSE: 25681173523.8935
      MAE: 80595.9886
      RMSE: 105275.9073
      MAPE: 201.8890
      sMAPE: 0.5864
      MASE: 1.0930
      ND: 0.3179
      CRPS: 0.3179
TIME run allocation action=new run=/fslarge/scratch/users/h61084/codes/tsrag_time/outputs/tsrag/evaluations/tsrag/Australia_Solar/H/short/run_0 launch_id=selena_3452080 slurm_job_id=3452080 launched_at=2026-09-18T01:57:42.487615+00:00
[2026-09-18 01:57:42 UTC] evaluate method=tsrag dataset=Australia_Solar/H term=short
    Total instances: 315, Series during experiment: 3, Windows: 105
    Collecting ground truth and context...
    Detected to_univariate case: 3 flat series -> 1 series x 3 variates
    Organizing data into arrays...
    ⚠️  Predictions max value (1901053.88) exceeds float16 safe range.
    ⚠️  Applying scale factor: 100 (values will be divided)
    Saved predictions (quantiles) to /fslarge/scratch/users/h61084/codes/tsrag_time/outputs/tsrag/evaluations/tsrag/Australia_Solar/H/short/run_0/predictions.npz
    Computing per-window metrics...
    Saved metrics to /fslarge/scratch/users/h61084/codes/tsrag_time/outputs/tsrag/evaluations/tsrag/Australia_Solar/H/short/run_0/metrics.npz
    Saved config to /fslarge/scratch/users/h61084/codes/tsrag_time/outputs/tsrag/evaluations/tsrag/Australia_Solar/H/short/run_0/config.json
    Saved aggregate metrics to /fslarge/scratch/users/h61084/codes/tsrag_time/outputs/tsrag/evaluations/tsrag/Australia_Solar/H/short/run_0/metrics_summary.json
    Metrics summary (averaged over all series/windows/variates):
      MSE: 25811635978.1421
      MAE: 80391.1909
      RMSE: 105247.1781
      MAPE: 78.6472
      sMAPE: 0.5683
      MASE: 1.1125
      ND: 0.3433
      CRPS: 0.3433
TIME run allocation action=new run=/fslarge/scratch/users/h61084/codes/tsrag_time/outputs/tsrag/evaluations/bayes_mixture/Australia_Solar/H/short/run_0 launch_id=selena_3452080 slurm_job_id=3452080 launched_at=2026-09-18T01:57:42.611480+00:00
[2026-09-18 01:57:42 UTC] evaluate method=bayes_mixture dataset=Australia_Solar/H term=short
    Total instances: 315, Series during experiment: 3, Windows: 105
    Collecting ground truth and context...
    Detected to_univariate case: 3 flat series -> 1 series x 3 variates
    Organizing data into arrays...
    ⚠️  Predictions max value (1854025.38) exceeds float16 safe range.
    ⚠️  Applying scale factor: 100 (values will be divided)
    Saved predictions (quantiles) to /fslarge/scratch/users/h61084/codes/tsrag_time/outputs/tsrag/evaluations/bayes_mixture/Australia_Solar/H/short/run_0/predictions.npz
    Computing per-window metrics...
    Saved metrics to /fslarge/scratch/users/h61084/codes/tsrag_time/outputs/tsrag/evaluations/bayes_mixture/Australia_Solar/H/short/run_0/metrics.npz
    Saved config to /fslarge/scratch/users/h61084/codes/tsrag_time/outputs/tsrag/evaluations/bayes_mixture/Australia_Solar/H/short/run_0/config.json
    Saved aggregate metrics to /fslarge/scratch/users/h61084/codes/tsrag_time/outputs/tsrag/evaluations/bayes_mixture/Australia_Solar/H/short/run_0/metrics_summary.json
    Metrics summary (averaged over all series/windows/variates):
      MSE: 24262938452.8886
      MAE: 76723.2402
      RMSE: 101143.9662
      MAPE: 141.8032
      sMAPE: 0.5475
      MASE: 1.0424
      ND: 0.3133
      CRPS: 0.3133
TIME run allocation action=new run=/fslarge/scratch/users/h61084/codes/tsrag_time/outputs/tsrag/evaluations/chronos_t5_512/Australia_Solar/H/medium/run_0 launch_id=selena_3452080 slurm_job_id=3452080 launched_at=2026-09-18T01:57:42.720364+00:00
[2026-09-18 01:57:42 UTC] evaluate method=chronos_t5_512 dataset=Australia_Solar/H term=medium
    Total instances: 105, Series during experiment: 3, Windows: 35
    Collecting ground truth and context...
    Detected to_univariate case: 3 flat series -> 1 series x 3 variates
    Organizing data into arrays...
    ⚠️  Predictions max value (1705575.25) exceeds float16 safe range.
    ⚠️  Applying scale factor: 100 (values will be divided)
    Saved predictions (quantiles) to /fslarge/scratch/users/h61084/codes/tsrag_time/outputs/tsrag/evaluations/chronos_t5_512/Australia_Solar/H/medium/run_0/predictions.npz
    Computing per-window metrics...
    Saved metrics to /fslarge/scratch/users/h61084/codes/tsrag_time/outputs/tsrag/evaluations/chronos_t5_512/Australia_Solar/H/medium/run_0/metrics.npz
    Saved config to /fslarge/scratch/users/h61084/codes/tsrag_time/outputs/tsrag/evaluations/chronos_t5_512/Australia_Solar/H/medium/run_0/config.json
    Saved aggregate metrics to /fslarge/scratch/users/h61084/codes/tsrag_time/outputs/tsrag/evaluations/chronos_t5_512/Australia_Solar/H/medium/run_0/metrics_summary.json
    Metrics summary (averaged over all series/windows/variates):
      MSE: 91342721405.2387
      MAE: 212199.4762
      RMSE: 261743.6782
      MAPE: 5033.6521
      sMAPE: 0.8732
      MASE: 3.9214
      ND: 0.9004
      CRPS: 0.9004
TIME run allocation action=new run=/fslarge/scratch/users/h61084/codes/tsrag_time/outputs/tsrag/evaluations/chronos_bolt_512/Australia_Solar/H/medium/run_0 launch_id=selena_3452080 slurm_job_id=3452080 launched_at=2026-09-18T01:57:42.775893+00:00
[2026-09-18 01:57:42 UTC] evaluate method=chronos_bolt_512 dataset=Australia_Solar/H term=medium
    Total instances: 105, Series during experiment: 3, Windows: 35
    Collecting ground truth and context...
    Detected to_univariate case: 3 flat series -> 1 series x 3 variates
    Organizing data into arrays...
    ⚠️  Predictions max value (1897811.38) exceeds float16 safe range.
    ⚠️  Applying scale factor: 100 (values will be divided)
    Saved predictions (quantiles) to /fslarge/scratch/users/h61084/codes/tsrag_time/outputs/tsrag/evaluations/chronos_bolt_512/Australia_Solar/H/medium/run_0/predictions.npz
    Computing per-window metrics...
    Saved metrics to /fslarge/scratch/users/h61084/codes/tsrag_time/outputs/tsrag/evaluations/chronos_bolt_512/Australia_Solar/H/medium/run_0/metrics.npz
    Saved config to /fslarge/scratch/users/h61084/codes/tsrag_time/outputs/tsrag/evaluations/chronos_bolt_512/Australia_Solar/H/medium/run_0/config.json
    Saved aggregate metrics to /fslarge/scratch/users/h61084/codes/tsrag_time/outputs/tsrag/evaluations/chronos_bolt_512/Australia_Solar/H/medium/run_0/metrics_summary.json
    Metrics summary (averaged over all series/windows/variates):
      MSE: 27293687292.4805
      MAE: 84743.2017
      RMSE: 124305.4444
      MAPE: 59.3157
      sMAPE: 0.5791
      MASE: 1.2044
      ND: 0.3009
      CRPS: 0.3009
TIME run allocation action=new run=/fslarge/scratch/users/h61084/codes/tsrag_time/outputs/tsrag/evaluations/chronos_bolt_max/Australia_Solar/H/medium/run_0 launch_id=selena_3452080 slurm_job_id=3452080 launched_at=2026-09-18T01:57:42.823171+00:00
[2026-09-18 01:57:42 UTC] evaluate method=chronos_bolt_max dataset=Australia_Solar/H term=medium
    Total instances: 105, Series during experiment: 3, Windows: 35
    Collecting ground truth and context...
    Detected to_univariate case: 3 flat series -> 1 series x 3 variates
    Organizing data into arrays...
    ⚠️  Predictions max value (1756853.00) exceeds float16 safe range.
    ⚠️  Applying scale factor: 100 (values will be divided)
    Saved predictions (quantiles) to /fslarge/scratch/users/h61084/codes/tsrag_time/outputs/tsrag/evaluations/chronos_bolt_max/Australia_Solar/H/medium/run_0/predictions.npz
    Computing per-window metrics...
    Saved metrics to /fslarge/scratch/users/h61084/codes/tsrag_time/outputs/tsrag/evaluations/chronos_bolt_max/Australia_Solar/H/medium/run_0/metrics.npz
    Saved config to /fslarge/scratch/users/h61084/codes/tsrag_time/outputs/tsrag/evaluations/chronos_bolt_max/Australia_Solar/H/medium/run_0/config.json
    Saved aggregate metrics to /fslarge/scratch/users/h61084/codes/tsrag_time/outputs/tsrag/evaluations/chronos_bolt_max/Australia_Solar/H/medium/run_0/metrics_summary.json
    Metrics summary (averaged over all series/windows/variates):
      MSE: 25772971386.1128
      MAE: 82552.6867
      RMSE: 122263.7378
      MAPE: 84.2985
      sMAPE: 0.5705
      MASE: 1.1873
      ND: 0.3012
      CRPS: 0.3012
TIME run allocation action=new run=/fslarge/scratch/users/h61084/codes/tsrag_time/outputs/tsrag/evaluations/chronos2_max/Australia_Solar/H/medium/run_0 launch_id=selena_3452080 slurm_job_id=3452080 launched_at=2026-09-18T01:57:42.869620+00:00
[2026-09-18 01:57:42 UTC] evaluate method=chronos2_max dataset=Australia_Solar/H term=medium
    Total instances: 105, Series during experiment: 3, Windows: 35
    Collecting ground truth and context...
    Detected to_univariate case: 3 flat series -> 1 series x 3 variates
    Organizing data into arrays...
    ⚠️  Predictions max value (1855403.25) exceeds float16 safe range.
    ⚠️  Applying scale factor: 100 (values will be divided)
    Saved predictions (quantiles) to /fslarge/scratch/users/h61084/codes/tsrag_time/outputs/tsrag/evaluations/chronos2_max/Australia_Solar/H/medium/run_0/predictions.npz
    Computing per-window metrics...
    Saved metrics to /fslarge/scratch/users/h61084/codes/tsrag_time/outputs/tsrag/evaluations/chronos2_max/Australia_Solar/H/medium/run_0/metrics.npz
    Saved config to /fslarge/scratch/users/h61084/codes/tsrag_time/outputs/tsrag/evaluations/chronos2_max/Australia_Solar/H/medium/run_0/config.json
    Saved aggregate metrics to /fslarge/scratch/users/h61084/codes/tsrag_time/outputs/tsrag/evaluations/chronos2_max/Australia_Solar/H/medium/run_0/metrics_summary.json
    Metrics summary (averaged over all series/windows/variates):
      MSE: 28984571827.2903
      MAE: 86466.6084
      RMSE: 125407.8752
      MAPE: 221.1131
      sMAPE: 0.6062
      MASE: 1.2043
      ND: 0.2893
      CRPS: 0.2893
TIME run allocation action=new run=/fslarge/scratch/users/h61084/codes/tsrag_time/outputs/tsrag/evaluations/tsrag/Australia_Solar/H/medium/run_0 launch_id=selena_3452080 slurm_job_id=3452080 launched_at=2026-09-18T01:57:42.931352+00:00
[2026-09-18 01:57:42 UTC] evaluate method=tsrag dataset=Australia_Solar/H term=medium
    Total instances: 105, Series during experiment: 3, Windows: 35
    Collecting ground truth and context...
    Detected to_univariate case: 3 flat series -> 1 series x 3 variates
    Organizing data into arrays...
    ⚠️  Predictions max value (1901053.88) exceeds float16 safe range.
    ⚠️  Applying scale factor: 100 (values will be divided)
    Saved predictions (quantiles) to /fslarge/scratch/users/h61084/codes/tsrag_time/outputs/tsrag/evaluations/tsrag/Australia_Solar/H/medium/run_0/predictions.npz
    Computing per-window metrics...
    Saved metrics to /fslarge/scratch/users/h61084/codes/tsrag_time/outputs/tsrag/evaluations/tsrag/Australia_Solar/H/medium/run_0/metrics.npz
    Saved config to /fslarge/scratch/users/h61084/codes/tsrag_time/outputs/tsrag/evaluations/tsrag/Australia_Solar/H/medium/run_0/config.json
    Saved aggregate metrics to /fslarge/scratch/users/h61084/codes/tsrag_time/outputs/tsrag/evaluations/tsrag/Australia_Solar/H/medium/run_0/metrics_summary.json
    Metrics summary (averaged over all series/windows/variates):
      MSE: 27560578801.6903
      MAE: 83925.5833
      RMSE: 123951.2544
      MAPE: 77.4853
      sMAPE: 0.5791
      MASE: 1.1982
      ND: 0.3047
      CRPS: 0.3047
TIME run allocation action=new run=/fslarge/scratch/users/h61084/codes/tsrag_time/outputs/tsrag/evaluations/bayes_mixture/Australia_Solar/H/medium/run_0 launch_id=selena_3452080 slurm_job_id=3452080 launched_at=2026-09-18T01:57:43.015398+00:00
[2026-09-18 01:57:43 UTC] evaluate method=bayes_mixture dataset=Australia_Solar/H term=medium
    Total instances: 105, Series during experiment: 3, Windows: 35
    Collecting ground truth and context...
    Detected to_univariate case: 3 flat series -> 1 series x 3 variates
    Organizing data into arrays...
    ⚠️  Predictions max value (1857574.62) exceeds float16 safe range.
    ⚠️  Applying scale factor: 100 (values will be divided)
    Saved predictions (quantiles) to /fslarge/scratch/users/h61084/codes/tsrag_time/outputs/tsrag/evaluations/bayes_mixture/Australia_Solar/H/medium/run_0/predictions.npz
    Computing per-window metrics...
    Saved metrics to /fslarge/scratch/users/h61084/codes/tsrag_time/outputs/tsrag/evaluations/bayes_mixture/Australia_Solar/H/medium/run_0/metrics.npz
    Saved config to /fslarge/scratch/users/h61084/codes/tsrag_time/outputs/tsrag/evaluations/bayes_mixture/Australia_Solar/H/medium/run_0/config.json
    Saved aggregate metrics to /fslarge/scratch/users/h61084/codes/tsrag_time/outputs/tsrag/evaluations/bayes_mixture/Australia_Solar/H/medium/run_0/metrics_summary.json
    Metrics summary (averaged over all series/windows/variates):
      MSE: 26770147061.4913
      MAE: 81814.6262
      RMSE: 120947.4530
      MAPE: 152.8132
      sMAPE: 0.5587
      MASE: 1.1431
      ND: 0.2809
      CRPS: 0.2809
TIME run allocation action=new run=/fslarge/scratch/users/h61084/codes/tsrag_time/outputs/tsrag/evaluations/chronos_t5_512/Australia_Solar/H/long/run_0 launch_id=selena_3452080 slurm_job_id=3452080 launched_at=2026-09-18T01:57:43.085648+00:00
[2026-09-18 01:57:43 UTC] evaluate method=chronos_t5_512 dataset=Australia_Solar/H term=long
    Total instances: 45, Series during experiment: 3, Windows: 15
    Collecting ground truth and context...
    Detected to_univariate case: 3 flat series -> 1 series x 3 variates
    Organizing data into arrays...
    ⚠️  Predictions max value (1548405.25) exceeds float16 safe range.
    ⚠️  Applying scale factor: 100 (values will be divided)
    Saved predictions (quantiles) to /fslarge/scratch/users/h61084/codes/tsrag_time/outputs/tsrag/evaluations/chronos_t5_512/Australia_Solar/H/long/run_0/predictions.npz
    Computing per-window metrics...
    Saved metrics to /fslarge/scratch/users/h61084/codes/tsrag_time/outputs/tsrag/evaluations/chronos_t5_512/Australia_Solar/H/long/run_0/metrics.npz
    Saved config to /fslarge/scratch/users/h61084/codes/tsrag_time/outputs/tsrag/evaluations/chronos_t5_512/Australia_Solar/H/long/run_0/config.json
    Saved aggregate metrics to /fslarge/scratch/users/h61084/codes/tsrag_time/outputs/tsrag/evaluations/chronos_t5_512/Australia_Solar/H/long/run_0/metrics_summary.json
    Metrics summary (averaged over all series/windows/variates):
      MSE: 93766526687.1423
      MAE: 216133.9617
      RMSE: 272448.5946
      MAPE: 5386.3433
      sMAPE: 0.8877
      MASE: 4.0941
      ND: 0.9061
      CRPS: 0.9061
TIME run allocation action=new run=/fslarge/scratch/users/h61084/codes/tsrag_time/outputs/tsrag/evaluations/chronos_bolt_512/Australia_Solar/H/long/run_0 launch_id=selena_3452080 slurm_job_id=3452080 launched_at=2026-09-18T01:57:43.130381+00:00
[2026-09-18 01:57:43 UTC] evaluate method=chronos_bolt_512 dataset=Australia_Solar/H term=long
    Total instances: 45, Series during experiment: 3, Windows: 15
    Collecting ground truth and context...
    Detected to_univariate case: 3 flat series -> 1 series x 3 variates
    Organizing data into arrays...
    ⚠️  Predictions max value (1740775.00) exceeds float16 safe range.
    ⚠️  Applying scale factor: 100 (values will be divided)
    Saved predictions (quantiles) to /fslarge/scratch/users/h61084/codes/tsrag_time/outputs/tsrag/evaluations/chronos_bolt_512/Australia_Solar/H/long/run_0/predictions.npz
    Computing per-window metrics...
    Saved metrics to /fslarge/scratch/users/h61084/codes/tsrag_time/outputs/tsrag/evaluations/chronos_bolt_512/Australia_Solar/H/long/run_0/metrics.npz
    Saved config to /fslarge/scratch/users/h61084/codes/tsrag_time/outputs/tsrag/evaluations/chronos_bolt_512/Australia_Solar/H/long/run_0/config.json
    Saved aggregate metrics to /fslarge/scratch/users/h61084/codes/tsrag_time/outputs/tsrag/evaluations/chronos_bolt_512/Australia_Solar/H/long/run_0/metrics_summary.json
    Metrics summary (averaged over all series/windows/variates):
      MSE: 25750113645.6751
      MAE: 83375.4402
      RMSE: 129366.5327
      MAPE: 87.9457
      sMAPE: 0.5933
      MASE: 1.2498
      ND: 0.2859
      CRPS: 0.2859
TIME run allocation action=new run=/fslarge/scratch/users/h61084/codes/tsrag_time/outputs/tsrag/evaluations/chronos_bolt_max/Australia_Solar/H/long/run_0 launch_id=selena_3452080 slurm_job_id=3452080 launched_at=2026-09-18T01:57:43.166682+00:00
[2026-09-18 01:57:43 UTC] evaluate method=chronos_bolt_max dataset=Australia_Solar/H term=long
    Total instances: 45, Series during experiment: 3, Windows: 15
    Collecting ground truth and context...
    Detected to_univariate case: 3 flat series -> 1 series x 3 variates
    Organizing data into arrays...
    ⚠️  Predictions max value (1701006.25) exceeds float16 safe range.
    ⚠️  Applying scale factor: 100 (values will be divided)
    Saved predictions (quantiles) to /fslarge/scratch/users/h61084/codes/tsrag_time/outputs/tsrag/evaluations/chronos_bolt_max/Australia_Solar/H/long/run_0/predictions.npz
    Computing per-window metrics...
    Saved metrics to /fslarge/scratch/users/h61084/codes/tsrag_time/outputs/tsrag/evaluations/chronos_bolt_max/Australia_Solar/H/long/run_0/metrics.npz
    Saved config to /fslarge/scratch/users/h61084/codes/tsrag_time/outputs/tsrag/evaluations/chronos_bolt_max/Australia_Solar/H/long/run_0/config.json
    Saved aggregate metrics to /fslarge/scratch/users/h61084/codes/tsrag_time/outputs/tsrag/evaluations/chronos_bolt_max/Australia_Solar/H/long/run_0/metrics_summary.json
    Metrics summary (averaged over all series/windows/variates):
      MSE: 24593358585.4995
      MAE: 81252.4825
      RMSE: 125718.3038
      MAPE: 118.6877
      sMAPE: 0.5792
      MASE: 1.2014
      ND: 0.2758
      CRPS: 0.2758
TIME run allocation action=new run=/fslarge/scratch/users/h61084/codes/tsrag_time/outputs/tsrag/evaluations/chronos2_max/Australia_Solar/H/long/run_0 launch_id=selena_3452080 slurm_job_id=3452080 launched_at=2026-09-18T01:57:43.202882+00:00
[2026-09-18 01:57:43 UTC] evaluate method=chronos2_max dataset=Australia_Solar/H term=long
    Total instances: 45, Series during experiment: 3, Windows: 15
    Collecting ground truth and context...
    Detected to_univariate case: 3 flat series -> 1 series x 3 variates
    Organizing data into arrays...
    ⚠️  Predictions max value (1611371.25) exceeds float16 safe range.
    ⚠️  Applying scale factor: 100 (values will be divided)
    Saved predictions (quantiles) to /fslarge/scratch/users/h61084/codes/tsrag_time/outputs/tsrag/evaluations/chronos2_max/Australia_Solar/H/long/run_0/predictions.npz
    Computing per-window metrics...
    Saved metrics to /fslarge/scratch/users/h61084/codes/tsrag_time/outputs/tsrag/evaluations/chronos2_max/Australia_Solar/H/long/run_0/metrics.npz
    Saved config to /fslarge/scratch/users/h61084/codes/tsrag_time/outputs/tsrag/evaluations/chronos2_max/Australia_Solar/H/long/run_0/config.json
    Saved aggregate metrics to /fslarge/scratch/users/h61084/codes/tsrag_time/outputs/tsrag/evaluations/chronos2_max/Australia_Solar/H/long/run_0/metrics_summary.json
    Metrics summary (averaged over all series/windows/variates):
      MSE: 29006791996.9180
      MAE: 84644.9915
      RMSE: 131066.9730
      MAPE: 237.3804
      sMAPE: 0.6058
      MASE: 1.2377
      ND: 0.2751
      CRPS: 0.2751
TIME run allocation action=new run=/fslarge/scratch/users/h61084/codes/tsrag_time/outputs/tsrag/evaluations/tsrag/Australia_Solar/H/long/run_0 launch_id=selena_3452080 slurm_job_id=3452080 launched_at=2026-09-18T01:57:43.253483+00:00
[2026-09-18 01:57:43 UTC] evaluate method=tsrag dataset=Australia_Solar/H term=long
    Total instances: 45, Series during experiment: 3, Windows: 15
    Collecting ground truth and context...
    Detected to_univariate case: 3 flat series -> 1 series x 3 variates
    Organizing data into arrays...
    ⚠️  Predictions max value (1743109.25) exceeds float16 safe range.
    ⚠️  Applying scale factor: 100 (values will be divided)
    Saved predictions (quantiles) to /fslarge/scratch/users/h61084/codes/tsrag_time/outputs/tsrag/evaluations/tsrag/Australia_Solar/H/long/run_0/predictions.npz
    Computing per-window metrics...
    Saved metrics to /fslarge/scratch/users/h61084/codes/tsrag_time/outputs/tsrag/evaluations/tsrag/Australia_Solar/H/long/run_0/metrics.npz
    Saved config to /fslarge/scratch/users/h61084/codes/tsrag_time/outputs/tsrag/evaluations/tsrag/Australia_Solar/H/long/run_0/config.json
    Saved aggregate metrics to /fslarge/scratch/users/h61084/codes/tsrag_time/outputs/tsrag/evaluations/tsrag/Australia_Solar/H/long/run_0/metrics_summary.json
    Metrics summary (averaged over all series/windows/variates):
      MSE: 26160203945.7203
      MAE: 81045.2731
      RMSE: 128404.0546
      MAPE: 123.3279
      sMAPE: 0.5895
      MASE: 1.1999
      ND: 0.2758
      CRPS: 0.2758
TIME run allocation action=new run=/fslarge/scratch/users/h61084/codes/tsrag_time/outputs/tsrag/evaluations/bayes_mixture/Australia_Solar/H/long/run_0 launch_id=selena_3452080 slurm_job_id=3452080 launched_at=2026-09-18T01:57:43.326868+00:00
[2026-09-18 01:57:43 UTC] evaluate method=bayes_mixture dataset=Australia_Solar/H term=long
    Total instances: 45, Series during experiment: 3, Windows: 15
    Collecting ground truth and context...
    Detected to_univariate case: 3 flat series -> 1 series x 3 variates
    Organizing data into arrays...
    ⚠️  Predictions max value (1620015.62) exceeds float16 safe range.
    ⚠️  Applying scale factor: 100 (values will be divided)
    Saved predictions (quantiles) to /fslarge/scratch/users/h61084/codes/tsrag_time/outputs/tsrag/evaluations/bayes_mixture/Australia_Solar/H/long/run_0/predictions.npz
    Computing per-window metrics...
    Saved metrics to /fslarge/scratch/users/h61084/codes/tsrag_time/outputs/tsrag/evaluations/bayes_mixture/Australia_Solar/H/long/run_0/metrics.npz
    Saved config to /fslarge/scratch/users/h61084/codes/tsrag_time/outputs/tsrag/evaluations/bayes_mixture/Australia_Solar/H/long/run_0/config.json
    Saved aggregate metrics to /fslarge/scratch/users/h61084/codes/tsrag_time/outputs/tsrag/evaluations/bayes_mixture/Australia_Solar/H/long/run_0/metrics_summary.json
    Metrics summary (averaged over all series/windows/variates):
      MSE: 26475937241.0254
      MAE: 80046.9167
      RMSE: 126676.6050
      MAPE: 138.5062
      sMAPE: 0.5561
      MASE: 1.1686
      ND: 0.2625
      CRPS: 0.2625
TIME run allocation action=new run=/fslarge/scratch/users/h61084/codes/tsrag_time/outputs/tsrag/evaluations/chronos_t5_512/epf_electricity_price/H/short/run_0 launch_id=selena_3452080 slurm_job_id=3452080 launched_at=2026-09-18T01:57:43.381932+00:00
[2026-09-18 01:57:43 UTC] evaluate method=chronos_t5_512 dataset=epf_electricity_price/H term=short
    Total instances: 525, Series during experiment: 5, Windows: 105
    Collecting ground truth and context...
    Organizing data into arrays...
    Saved predictions (quantiles) to /fslarge/scratch/users/h61084/codes/tsrag_time/outputs/tsrag/evaluations/chronos_t5_512/epf_electricity_price/H/short/run_0/predictions.npz
    Computing per-window metrics...
    Saved metrics to /fslarge/scratch/users/h61084/codes/tsrag_time/outputs/tsrag/evaluations/chronos_t5_512/epf_electricity_price/H/short/run_0/metrics.npz
    Saved config to /fslarge/scratch/users/h61084/codes/tsrag_time/outputs/tsrag/evaluations/chronos_t5_512/epf_electricity_price/H/short/run_0/config.json
    Saved aggregate metrics to /fslarge/scratch/users/h61084/codes/tsrag_time/outputs/tsrag/evaluations/chronos_t5_512/epf_electricity_price/H/short/run_0/metrics_summary.json
    Metrics summary (averaged over all series/windows/variates):
      MSE: 160.4159
      MAE: 6.4955
      RMSE: 8.1873
      MAPE: 1.2747
      sMAPE: 0.1633
      MASE: 1.0271
      ND: 0.1665
      CRPS: 0.1665
TIME run allocation action=new run=/fslarge/scratch/users/h61084/codes/tsrag_time/outputs/tsrag/evaluations/chronos_bolt_512/epf_electricity_price/H/short/run_0 launch_id=selena_3452080 slurm_job_id=3452080 launched_at=2026-09-18T01:57:43.549675+00:00
[2026-09-18 01:57:43 UTC] evaluate method=chronos_bolt_512 dataset=epf_electricity_price/H term=short
    Total instances: 525, Series during experiment: 5, Windows: 105
    Collecting ground truth and context...
    Organizing data into arrays...
    Saved predictions (quantiles) to /fslarge/scratch/users/h61084/codes/tsrag_time/outputs/tsrag/evaluations/chronos_bolt_512/epf_electricity_price/H/short/run_0/predictions.npz
    Computing per-window metrics...
    Saved metrics to /fslarge/scratch/users/h61084/codes/tsrag_time/outputs/tsrag/evaluations/chronos_bolt_512/epf_electricity_price/H/short/run_0/metrics.npz
    Saved config to /fslarge/scratch/users/h61084/codes/tsrag_time/outputs/tsrag/evaluations/chronos_bolt_512/epf_electricity_price/H/short/run_0/config.json
    Saved aggregate metrics to /fslarge/scratch/users/h61084/codes/tsrag_time/outputs/tsrag/evaluations/chronos_bolt_512/epf_electricity_price/H/short/run_0/metrics_summary.json
    Metrics summary (averaged over all series/windows/variates):
      MSE: 125.4449
      MAE: 6.2151
      RMSE: 7.8060
      MAPE: 1.1765
      sMAPE: 0.1596
      MASE: 0.9713
      ND: 0.1605
      CRPS: 0.1605
TIME run allocation action=new run=/fslarge/scratch/users/h61084/codes/tsrag_time/outputs/tsrag/evaluations/chronos_bolt_max/epf_electricity_price/H/short/run_0 launch_id=selena_3452080 slurm_job_id=3452080 launched_at=2026-09-18T01:57:43.712027+00:00
[2026-09-18 01:57:43 UTC] evaluate method=chronos_bolt_max dataset=epf_electricity_price/H term=short
    Total instances: 525, Series during experiment: 5, Windows: 105
    Collecting ground truth and context...
    Organizing data into arrays...
    Saved predictions (quantiles) to /fslarge/scratch/users/h61084/codes/tsrag_time/outputs/tsrag/evaluations/chronos_bolt_max/epf_electricity_price/H/short/run_0/predictions.npz
    Computing per-window metrics...
    Saved metrics to /fslarge/scratch/users/h61084/codes/tsrag_time/outputs/tsrag/evaluations/chronos_bolt_max/epf_electricity_price/H/short/run_0/metrics.npz
    Saved config to /fslarge/scratch/users/h61084/codes/tsrag_time/outputs/tsrag/evaluations/chronos_bolt_max/epf_electricity_price/H/short/run_0/config.json
    Saved aggregate metrics to /fslarge/scratch/users/h61084/codes/tsrag_time/outputs/tsrag/evaluations/chronos_bolt_max/epf_electricity_price/H/short/run_0/metrics_summary.json
    Metrics summary (averaged over all series/windows/variates):
      MSE: 126.7529
      MAE: 6.2887
      RMSE: 7.8819
      MAPE: 1.1943
      sMAPE: 0.1605
      MASE: 0.9865
      ND: 0.1631
      CRPS: 0.1631
TIME run allocation action=new run=/fslarge/scratch/users/h61084/codes/tsrag_time/outputs/tsrag/evaluations/chronos2_max/epf_electricity_price/H/short/run_0 launch_id=selena_3452080 slurm_job_id=3452080 launched_at=2026-09-18T01:57:43.873177+00:00
[2026-09-18 01:57:43 UTC] evaluate method=chronos2_max dataset=epf_electricity_price/H term=short
    Total instances: 525, Series during experiment: 5, Windows: 105
    Collecting ground truth and context...
    Organizing data into arrays...
    Saved predictions (quantiles) to /fslarge/scratch/users/h61084/codes/tsrag_time/outputs/tsrag/evaluations/chronos2_max/epf_electricity_price/H/short/run_0/predictions.npz
    Computing per-window metrics...
    Saved metrics to /fslarge/scratch/users/h61084/codes/tsrag_time/outputs/tsrag/evaluations/chronos2_max/epf_electricity_price/H/short/run_0/metrics.npz
    Saved config to /fslarge/scratch/users/h61084/codes/tsrag_time/outputs/tsrag/evaluations/chronos2_max/epf_electricity_price/H/short/run_0/config.json
    Saved aggregate metrics to /fslarge/scratch/users/h61084/codes/tsrag_time/outputs/tsrag/evaluations/chronos2_max/epf_electricity_price/H/short/run_0/metrics_summary.json
    Metrics summary (averaged over all series/windows/variates):
      MSE: 124.5275
      MAE: 6.0704
      RMSE: 7.6309
      MAPE: 1.2407
      sMAPE: 0.1578
      MASE: 0.9583
      ND: 0.1610
      CRPS: 0.1610
TIME run allocation action=new run=/fslarge/scratch/users/h61084/codes/tsrag_time/outputs/tsrag/evaluations/tsrag/epf_electricity_price/H/short/run_0 launch_id=selena_3452080 slurm_job_id=3452080 launched_at=2026-09-18T01:57:44.049186+00:00
[2026-09-18 01:57:44 UTC] evaluate method=tsrag dataset=epf_electricity_price/H term=short
    Total instances: 525, Series during experiment: 5, Windows: 105
    Collecting ground truth and context...
    Organizing data into arrays...
    Saved predictions (quantiles) to /fslarge/scratch/users/h61084/codes/tsrag_time/outputs/tsrag/evaluations/tsrag/epf_electricity_price/H/short/run_0/predictions.npz
    Computing per-window metrics...
    Saved metrics to /fslarge/scratch/users/h61084/codes/tsrag_time/outputs/tsrag/evaluations/tsrag/epf_electricity_price/H/short/run_0/metrics.npz
    Saved config to /fslarge/scratch/users/h61084/codes/tsrag_time/outputs/tsrag/evaluations/tsrag/epf_electricity_price/H/short/run_0/config.json
    Saved aggregate metrics to /fslarge/scratch/users/h61084/codes/tsrag_time/outputs/tsrag/evaluations/tsrag/epf_electricity_price/H/short/run_0/metrics_summary.json
    Metrics summary (averaged over all series/windows/variates):
      MSE: 124.7213
      MAE: 6.1603
      RMSE: 7.7559
      MAPE: 1.0979
      sMAPE: 0.1559
      MASE: 0.9606
      ND: 0.1585
      CRPS: 0.1585
TIME run allocation action=new run=/fslarge/scratch/users/h61084/codes/tsrag_time/outputs/tsrag/evaluations/bayes_mixture/epf_electricity_price/H/short/run_0 launch_id=selena_3452080 slurm_job_id=3452080 launched_at=2026-09-18T01:57:44.248502+00:00
[2026-09-18 01:57:44 UTC] evaluate method=bayes_mixture dataset=epf_electricity_price/H term=short
    Total instances: 525, Series during experiment: 5, Windows: 105
    Collecting ground truth and context...
    Organizing data into arrays...
    Saved predictions (quantiles) to /fslarge/scratch/users/h61084/codes/tsrag_time/outputs/tsrag/evaluations/bayes_mixture/epf_electricity_price/H/short/run_0/predictions.npz
    Computing per-window metrics...
    Saved metrics to /fslarge/scratch/users/h61084/codes/tsrag_time/outputs/tsrag/evaluations/bayes_mixture/epf_electricity_price/H/short/run_0/metrics.npz
    Saved config to /fslarge/scratch/users/h61084/codes/tsrag_time/outputs/tsrag/evaluations/bayes_mixture/epf_electricity_price/H/short/run_0/config.json
    Saved aggregate metrics to /fslarge/scratch/users/h61084/codes/tsrag_time/outputs/tsrag/evaluations/bayes_mixture/epf_electricity_price/H/short/run_0/metrics_summary.json
    Metrics summary (averaged over all series/windows/variates):
      MSE: 121.6924
      MAE: 6.0200
      RMSE: 7.5745
      MAPE: 1.1603
      sMAPE: 0.1548
      MASE: 0.9438
      ND: 0.1573
      CRPS: 0.1573
TIME run allocation action=new run=/fslarge/scratch/users/h61084/codes/tsrag_time/outputs/tsrag/evaluations/chronos_t5_512/epf_electricity_price/H/medium/run_0 launch_id=selena_3452080 slurm_job_id=3452080 launched_at=2026-09-18T01:57:44.427445+00:00
[2026-09-18 01:57:44 UTC] evaluate method=chronos_t5_512 dataset=epf_electricity_price/H term=medium
    Total instances: 175, Series during experiment: 5, Windows: 35
    Collecting ground truth and context...
    Organizing data into arrays...
    Saved predictions (quantiles) to /fslarge/scratch/users/h61084/codes/tsrag_time/outputs/tsrag/evaluations/chronos_t5_512/epf_electricity_price/H/medium/run_0/predictions.npz
    Computing per-window metrics...
    Saved metrics to /fslarge/scratch/users/h61084/codes/tsrag_time/outputs/tsrag/evaluations/chronos_t5_512/epf_electricity_price/H/medium/run_0/metrics.npz
    Saved config to /fslarge/scratch/users/h61084/codes/tsrag_time/outputs/tsrag/evaluations/chronos_t5_512/epf_electricity_price/H/medium/run_0/config.json
    Saved aggregate metrics to /fslarge/scratch/users/h61084/codes/tsrag_time/outputs/tsrag/evaluations/chronos_t5_512/epf_electricity_price/H/medium/run_0/metrics_summary.json
    Metrics summary (averaged over all series/windows/variates):
      MSE: 240.6760
      MAE: 8.3799
      RMSE: 10.8564
      MAPE: 1.7627
      sMAPE: 0.2072
      MASE: 1.3452
      ND: 0.2060
      CRPS: 0.2060
TIME run allocation action=new run=/fslarge/scratch/users/h61084/codes/tsrag_time/outputs/tsrag/evaluations/chronos_bolt_512/epf_electricity_price/H/medium/run_0 launch_id=selena_3452080 slurm_job_id=3452080 launched_at=2026-09-18T01:57:44.513571+00:00
[2026-09-18 01:57:44 UTC] evaluate method=chronos_bolt_512 dataset=epf_electricity_price/H term=medium
    Total instances: 175, Series during experiment: 5, Windows: 35
    Collecting ground truth and context...
    Organizing data into arrays...
    Saved predictions (quantiles) to /fslarge/scratch/users/h61084/codes/tsrag_time/outputs/tsrag/evaluations/chronos_bolt_512/epf_electricity_price/H/medium/run_0/predictions.npz
    Computing per-window metrics...
    Saved metrics to /fslarge/scratch/users/h61084/codes/tsrag_time/outputs/tsrag/evaluations/chronos_bolt_512/epf_electricity_price/H/medium/run_0/metrics.npz
    Saved config to /fslarge/scratch/users/h61084/codes/tsrag_time/outputs/tsrag/evaluations/chronos_bolt_512/epf_electricity_price/H/medium/run_0/config.json
    Saved aggregate metrics to /fslarge/scratch/users/h61084/codes/tsrag_time/outputs/tsrag/evaluations/chronos_bolt_512/epf_electricity_price/H/medium/run_0/metrics_summary.json
    Metrics summary (averaged over all series/windows/variates):
      MSE: 189.4770
      MAE: 7.7481
      RMSE: 10.1659
      MAPE: 1.6610
      sMAPE: 0.1946
      MASE: 1.2274
      ND: 0.1895
      CRPS: 0.1895
TIME run allocation action=new run=/fslarge/scratch/users/h61084/codes/tsrag_time/outputs/tsrag/evaluations/chronos_bolt_max/epf_electricity_price/H/medium/run_0 launch_id=selena_3452080 slurm_job_id=3452080 launched_at=2026-09-18T01:57:44.595364+00:00
[2026-09-18 01:57:44 UTC] evaluate method=chronos_bolt_max dataset=epf_electricity_price/H term=medium
    Total instances: 175, Series during experiment: 5, Windows: 35
    Collecting ground truth and context...
    Organizing data into arrays...
    Saved predictions (quantiles) to /fslarge/scratch/users/h61084/codes/tsrag_time/outputs/tsrag/evaluations/chronos_bolt_max/epf_electricity_price/H/medium/run_0/predictions.npz
    Computing per-window metrics...
    Saved metrics to /fslarge/scratch/users/h61084/codes/tsrag_time/outputs/tsrag/evaluations/chronos_bolt_max/epf_electricity_price/H/medium/run_0/metrics.npz
    Saved config to /fslarge/scratch/users/h61084/codes/tsrag_time/outputs/tsrag/evaluations/chronos_bolt_max/epf_electricity_price/H/medium/run_0/config.json
    Saved aggregate metrics to /fslarge/scratch/users/h61084/codes/tsrag_time/outputs/tsrag/evaluations/chronos_bolt_max/epf_electricity_price/H/medium/run_0/metrics_summary.json
    Metrics summary (averaged over all series/windows/variates):
      MSE: 196.4117
      MAE: 7.8488
      RMSE: 10.3060
      MAPE: 1.6921
      sMAPE: 0.1945
      MASE: 1.2502
      ND: 0.1935
      CRPS: 0.1935
TIME run allocation action=new run=/fslarge/scratch/users/h61084/codes/tsrag_time/outputs/tsrag/evaluations/chronos2_max/epf_electricity_price/H/medium/run_0 launch_id=selena_3452080 slurm_job_id=3452080 launched_at=2026-09-18T01:57:44.676123+00:00
[2026-09-18 01:57:44 UTC] evaluate method=chronos2_max dataset=epf_electricity_price/H term=medium
    Total instances: 175, Series during experiment: 5, Windows: 35
    Collecting ground truth and context...
    Organizing data into arrays...
    Saved predictions (quantiles) to /fslarge/scratch/users/h61084/codes/tsrag_time/outputs/tsrag/evaluations/chronos2_max/epf_electricity_price/H/medium/run_0/predictions.npz
    Computing per-window metrics...
    Saved metrics to /fslarge/scratch/users/h61084/codes/tsrag_time/outputs/tsrag/evaluations/chronos2_max/epf_electricity_price/H/medium/run_0/metrics.npz
    Saved config to /fslarge/scratch/users/h61084/codes/tsrag_time/outputs/tsrag/evaluations/chronos2_max/epf_electricity_price/H/medium/run_0/config.json
    Saved aggregate metrics to /fslarge/scratch/users/h61084/codes/tsrag_time/outputs/tsrag/evaluations/chronos2_max/epf_electricity_price/H/medium/run_0/metrics_summary.json
    Metrics summary (averaged over all series/windows/variates):
      MSE: 191.3619
      MAE: 7.6055
      RMSE: 10.0094
      MAPE: 1.7642
      sMAPE: 0.1903
      MASE: 1.2098
      ND: 0.1877
      CRPS: 0.1877
TIME run allocation action=new run=/fslarge/scratch/users/h61084/codes/tsrag_time/outputs/tsrag/evaluations/tsrag/epf_electricity_price/H/medium/run_0 launch_id=selena_3452080 slurm_job_id=3452080 launched_at=2026-09-18T01:57:44.771770+00:00
[2026-09-18 01:57:44 UTC] evaluate method=tsrag dataset=epf_electricity_price/H term=medium
    Total instances: 175, Series during experiment: 5, Windows: 35
    Collecting ground truth and context...
    Organizing data into arrays...
    Saved predictions (quantiles) to /fslarge/scratch/users/h61084/codes/tsrag_time/outputs/tsrag/evaluations/tsrag/epf_electricity_price/H/medium/run_0/predictions.npz
    Computing per-window metrics...
    Saved metrics to /fslarge/scratch/users/h61084/codes/tsrag_time/outputs/tsrag/evaluations/tsrag/epf_electricity_price/H/medium/run_0/metrics.npz
    Saved config to /fslarge/scratch/users/h61084/codes/tsrag_time/outputs/tsrag/evaluations/tsrag/epf_electricity_price/H/medium/run_0/config.json
    Saved aggregate metrics to /fslarge/scratch/users/h61084/codes/tsrag_time/outputs/tsrag/evaluations/tsrag/epf_electricity_price/H/medium/run_0/metrics_summary.json
    Metrics summary (averaged over all series/windows/variates):
      MSE: 189.1785
      MAE: 7.6961
      RMSE: 10.1279
      MAPE: 1.6543
      sMAPE: 0.1911
      MASE: 1.2168
      ND: 0.1883
      CRPS: 0.1883
TIME run allocation action=new run=/fslarge/scratch/users/h61084/codes/tsrag_time/outputs/tsrag/evaluations/bayes_mixture/epf_electricity_price/H/medium/run_0 launch_id=selena_3452080 slurm_job_id=3452080 launched_at=2026-09-18T01:57:44.890288+00:00
[2026-09-18 01:57:44 UTC] evaluate method=bayes_mixture dataset=epf_electricity_price/H term=medium
    Total instances: 175, Series during experiment: 5, Windows: 35
    Collecting ground truth and context...
    Organizing data into arrays...
    Saved predictions (quantiles) to /fslarge/scratch/users/h61084/codes/tsrag_time/outputs/tsrag/evaluations/bayes_mixture/epf_electricity_price/H/medium/run_0/predictions.npz
    Computing per-window metrics...
    Saved metrics to /fslarge/scratch/users/h61084/codes/tsrag_time/outputs/tsrag/evaluations/bayes_mixture/epf_electricity_price/H/medium/run_0/metrics.npz
    Saved config to /fslarge/scratch/users/h61084/codes/tsrag_time/outputs/tsrag/evaluations/bayes_mixture/epf_electricity_price/H/medium/run_0/config.json
    Saved aggregate metrics to /fslarge/scratch/users/h61084/codes/tsrag_time/outputs/tsrag/evaluations/bayes_mixture/epf_electricity_price/H/medium/run_0/metrics_summary.json
    Metrics summary (averaged over all series/windows/variates):
      MSE: 186.8446
      MAE: 7.5389
      RMSE: 9.9423
      MAPE: 1.7189
      sMAPE: 0.1881
      MASE: 1.1954
      ND: 0.1853
      CRPS: 0.1853
TIME run allocation action=new run=/fslarge/scratch/users/h61084/codes/tsrag_time/outputs/tsrag/evaluations/chronos_t5_512/epf_electricity_price/H/long/run_0 launch_id=selena_3452080 slurm_job_id=3452080 launched_at=2026-09-18T01:57:44.990388+00:00
[2026-09-18 01:57:44 UTC] evaluate method=chronos_t5_512 dataset=epf_electricity_price/H term=long
    Total instances: 75, Series during experiment: 5, Windows: 15
    Collecting ground truth and context...
    Organizing data into arrays...
    Saved predictions (quantiles) to /fslarge/scratch/users/h61084/codes/tsrag_time/outputs/tsrag/evaluations/chronos_t5_512/epf_electricity_price/H/long/run_0/predictions.npz
    Computing per-window metrics...
    Saved metrics to /fslarge/scratch/users/h61084/codes/tsrag_time/outputs/tsrag/evaluations/chronos_t5_512/epf_electricity_price/H/long/run_0/metrics.npz
    Saved config to /fslarge/scratch/users/h61084/codes/tsrag_time/outputs/tsrag/evaluations/chronos_t5_512/epf_electricity_price/H/long/run_0/config.json
    Saved aggregate metrics to /fslarge/scratch/users/h61084/codes/tsrag_time/outputs/tsrag/evaluations/chronos_t5_512/epf_electricity_price/H/long/run_0/metrics_summary.json
    Metrics summary (averaged over all series/windows/variates):
      MSE: 281.9217
      MAE: 9.4695
      RMSE: 12.9481
      MAPE: 1.8212
      sMAPE: 0.2317
      MASE: 1.5273
      ND: 0.2211
      CRPS: 0.2211
TIME run allocation action=new run=/fslarge/scratch/users/h61084/codes/tsrag_time/outputs/tsrag/evaluations/chronos_bolt_512/epf_electricity_price/H/long/run_0 launch_id=selena_3452080 slurm_job_id=3452080 launched_at=2026-09-18T01:57:45.051598+00:00
[2026-09-18 01:57:45 UTC] evaluate method=chronos_bolt_512 dataset=epf_electricity_price/H term=long
    Total instances: 75, Series during experiment: 5, Windows: 15
    Collecting ground truth and context...
    Organizing data into arrays...
    Saved predictions (quantiles) to /fslarge/scratch/users/h61084/codes/tsrag_time/outputs/tsrag/evaluations/chronos_bolt_512/epf_electricity_price/H/long/run_0/predictions.npz
    Computing per-window metrics...
    Saved metrics to /fslarge/scratch/users/h61084/codes/tsrag_time/outputs/tsrag/evaluations/chronos_bolt_512/epf_electricity_price/H/long/run_0/metrics.npz
    Saved config to /fslarge/scratch/users/h61084/codes/tsrag_time/outputs/tsrag/evaluations/chronos_bolt_512/epf_electricity_price/H/long/run_0/config.json
    Saved aggregate metrics to /fslarge/scratch/users/h61084/codes/tsrag_time/outputs/tsrag/evaluations/chronos_bolt_512/epf_electricity_price/H/long/run_0/metrics_summary.json
    Metrics summary (averaged over all series/windows/variates):
      MSE: 217.1741
      MAE: 8.6286
      RMSE: 11.9863
      MAPE: 1.6456
      sMAPE: 0.2161
      MASE: 1.4208
      ND: 0.2025
      CRPS: 0.2025
TIME run allocation action=new run=/fslarge/scratch/users/h61084/codes/tsrag_time/outputs/tsrag/evaluations/chronos_bolt_max/epf_electricity_price/H/long/run_0 launch_id=selena_3452080 slurm_job_id=3452080 launched_at=2026-09-18T01:57:45.107717+00:00
[2026-09-18 01:57:45 UTC] evaluate method=chronos_bolt_max dataset=epf_electricity_price/H term=long
    Total instances: 75, Series during experiment: 5, Windows: 15
    Collecting ground truth and context...
    Organizing data into arrays...
    Saved predictions (quantiles) to /fslarge/scratch/users/h61084/codes/tsrag_time/outputs/tsrag/evaluations/chronos_bolt_max/epf_electricity_price/H/long/run_0/predictions.npz
    Computing per-window metrics...
    Saved metrics to /fslarge/scratch/users/h61084/codes/tsrag_time/outputs/tsrag/evaluations/chronos_bolt_max/epf_electricity_price/H/long/run_0/metrics.npz
    Saved config to /fslarge/scratch/users/h61084/codes/tsrag_time/outputs/tsrag/evaluations/chronos_bolt_max/epf_electricity_price/H/long/run_0/config.json
    Saved aggregate metrics to /fslarge/scratch/users/h61084/codes/tsrag_time/outputs/tsrag/evaluations/chronos_bolt_max/epf_electricity_price/H/long/run_0/metrics_summary.json
    Metrics summary (averaged over all series/windows/variates):
      MSE: 241.9496
      MAE: 9.0736
      RMSE: 12.4090
      MAPE: 1.6789
      sMAPE: 0.2250
      MASE: 1.4696
      ND: 0.2150
      CRPS: 0.2150
TIME run allocation action=new run=/fslarge/scratch/users/h61084/codes/tsrag_time/outputs/tsrag/evaluations/chronos2_max/epf_electricity_price/H/long/run_0 launch_id=selena_3452080 slurm_job_id=3452080 launched_at=2026-09-18T01:57:45.162476+00:00
[2026-09-18 01:57:45 UTC] evaluate method=chronos2_max dataset=epf_electricity_price/H term=long
    Total instances: 75, Series during experiment: 5, Windows: 15
    Collecting ground truth and context...
    Organizing data into arrays...
    Saved predictions (quantiles) to /fslarge/scratch/users/h61084/codes/tsrag_time/outputs/tsrag/evaluations/chronos2_max/epf_electricity_price/H/long/run_0/predictions.npz
    Computing per-window metrics...
    Saved metrics to /fslarge/scratch/users/h61084/codes/tsrag_time/outputs/tsrag/evaluations/chronos2_max/epf_electricity_price/H/long/run_0/metrics.npz
    Saved config to /fslarge/scratch/users/h61084/codes/tsrag_time/outputs/tsrag/evaluations/chronos2_max/epf_electricity_price/H/long/run_0/config.json
    Saved aggregate metrics to /fslarge/scratch/users/h61084/codes/tsrag_time/outputs/tsrag/evaluations/chronos2_max/epf_electricity_price/H/long/run_0/metrics_summary.json
    Metrics summary (averaged over all series/windows/variates):
      MSE: 221.4279
      MAE: 8.5088
      RMSE: 11.7802
      MAPE: 1.7855
      sMAPE: 0.2088
      MASE: 1.3994
      ND: 0.2000
      CRPS: 0.2000
TIME run allocation action=new run=/fslarge/scratch/users/h61084/codes/tsrag_time/outputs/tsrag/evaluations/tsrag/epf_electricity_price/H/long/run_0 launch_id=selena_3452080 slurm_job_id=3452080 launched_at=2026-09-18T01:57:45.232480+00:00
[2026-09-18 01:57:45 UTC] evaluate method=tsrag dataset=epf_electricity_price/H term=long
    Total instances: 75, Series during experiment: 5, Windows: 15
    Collecting ground truth and context...
    Organizing data into arrays...
    Saved predictions (quantiles) to /fslarge/scratch/users/h61084/codes/tsrag_time/outputs/tsrag/evaluations/tsrag/epf_electricity_price/H/long/run_0/predictions.npz
    Computing per-window metrics...
    Saved metrics to /fslarge/scratch/users/h61084/codes/tsrag_time/outputs/tsrag/evaluations/tsrag/epf_electricity_price/H/long/run_0/metrics.npz
    Saved config to /fslarge/scratch/users/h61084/codes/tsrag_time/outputs/tsrag/evaluations/tsrag/epf_electricity_price/H/long/run_0/config.json
    Saved aggregate metrics to /fslarge/scratch/users/h61084/codes/tsrag_time/outputs/tsrag/evaluations/tsrag/epf_electricity_price/H/long/run_0/metrics_summary.json
    Metrics summary (averaged over all series/windows/variates):
      MSE: 211.5273
      MAE: 8.5070
      RMSE: 11.8632
      MAPE: 1.5304
      sMAPE: 0.2099
      MASE: 1.4028
      ND: 0.1984
      CRPS: 0.1984
TIME run allocation action=new run=/fslarge/scratch/users/h61084/codes/tsrag_time/outputs/tsrag/evaluations/bayes_mixture/epf_electricity_price/H/long/run_0 launch_id=selena_3452080 slurm_job_id=3452080 launched_at=2026-09-18T01:57:45.328270+00:00
[2026-09-18 01:57:45 UTC] evaluate method=bayes_mixture dataset=epf_electricity_price/H term=long
    Total instances: 75, Series during experiment: 5, Windows: 15
    Collecting ground truth and context...
    Organizing data into arrays...
    Saved predictions (quantiles) to /fslarge/scratch/users/h61084/codes/tsrag_time/outputs/tsrag/evaluations/bayes_mixture/epf_electricity_price/H/long/run_0/predictions.npz
    Computing per-window metrics...
    Saved metrics to /fslarge/scratch/users/h61084/codes/tsrag_time/outputs/tsrag/evaluations/bayes_mixture/epf_electricity_price/H/long/run_0/metrics.npz
    Saved config to /fslarge/scratch/users/h61084/codes/tsrag_time/outputs/tsrag/evaluations/bayes_mixture/epf_electricity_price/H/long/run_0/config.json
    Saved aggregate metrics to /fslarge/scratch/users/h61084/codes/tsrag_time/outputs/tsrag/evaluations/bayes_mixture/epf_electricity_price/H/long/run_0/metrics_summary.json
    Metrics summary (averaged over all series/windows/variates):
      MSE: 212.7112
      MAE: 8.4005
      RMSE: 11.6759
      MAPE: 1.6930
      sMAPE: 0.2073
      MASE: 1.3852
      ND: 0.1966
      CRPS: 0.1966
TIME run allocation action=new run=/fslarge/scratch/users/h61084/codes/tsrag_time/outputs/tsrag/evaluations/chronos_t5_512/OpenElectricity_NEM/5T/short/run_0 launch_id=selena_3452080 slurm_job_id=3452080 launched_at=2026-09-18T01:57:45.472354+00:00
[2026-09-18 01:57:45 UTC] evaluate method=chronos_t5_512 dataset=OpenElectricity_NEM/5T term=short
    Total instances: 1680, Series during experiment: 10, Windows: 168
    Collecting ground truth and context...
    Detected to_univariate case: 10 flat series -> 1 series x 10 variates
    Organizing data into arrays...
    Saved predictions (quantiles) to /fslarge/scratch/users/h61084/codes/tsrag_time/outputs/tsrag/evaluations/chronos_t5_512/OpenElectricity_NEM/5T/short/run_0/predictions.npz
    Computing per-window metrics...
    Saved metrics to /fslarge/scratch/users/h61084/codes/tsrag_time/outputs/tsrag/evaluations/chronos_t5_512/OpenElectricity_NEM/5T/short/run_0/metrics.npz
    Saved config to /fslarge/scratch/users/h61084/codes/tsrag_time/outputs/tsrag/evaluations/chronos_t5_512/OpenElectricity_NEM/5T/short/run_0/config.json
    Saved aggregate metrics to /fslarge/scratch/users/h61084/codes/tsrag_time/outputs/tsrag/evaluations/chronos_t5_512/OpenElectricity_NEM/5T/short/run_0/metrics_summary.json
    Metrics summary (averaged over all series/windows/variates):
      MSE: 37885.5162
      MAE: 95.1497
      RMSE: 112.6556
      MAPE: 5.1588
      sMAPE: 0.2029
      MASE: 0.6109
      ND: 0.1956
      CRPS: 0.1956
TIME run allocation action=new run=/fslarge/scratch/users/h61084/codes/tsrag_time/outputs/tsrag/evaluations/chronos_bolt_512/OpenElectricity_NEM/5T/short/run_0 launch_id=selena_3452080 slurm_job_id=3452080 launched_at=2026-09-18T01:57:45.897409+00:00
[2026-09-18 01:57:45 UTC] evaluate method=chronos_bolt_512 dataset=OpenElectricity_NEM/5T term=short
    Total instances: 1680, Series during experiment: 10, Windows: 168
    Collecting ground truth and context...
    Detected to_univariate case: 10 flat series -> 1 series x 10 variates
    Organizing data into arrays...
    Saved predictions (quantiles) to /fslarge/scratch/users/h61084/codes/tsrag_time/outputs/tsrag/evaluations/chronos_bolt_512/OpenElectricity_NEM/5T/short/run_0/predictions.npz
    Computing per-window metrics...
    Saved metrics to /fslarge/scratch/users/h61084/codes/tsrag_time/outputs/tsrag/evaluations/chronos_bolt_512/OpenElectricity_NEM/5T/short/run_0/metrics.npz
    Saved config to /fslarge/scratch/users/h61084/codes/tsrag_time/outputs/tsrag/evaluations/chronos_bolt_512/OpenElectricity_NEM/5T/short/run_0/config.json
    Saved aggregate metrics to /fslarge/scratch/users/h61084/codes/tsrag_time/outputs/tsrag/evaluations/chronos_bolt_512/OpenElectricity_NEM/5T/short/run_0/metrics_summary.json
    Metrics summary (averaged over all series/windows/variates):
      MSE: 32692.1039
      MAE: 90.6828
      RMSE: 106.5685
      MAPE: 5.0576
      sMAPE: 0.1969
      MASE: 0.5854
      ND: 0.1923
      CRPS: 0.1923
TIME run allocation action=new run=/fslarge/scratch/users/h61084/codes/tsrag_time/outputs/tsrag/evaluations/chronos_bolt_max/OpenElectricity_NEM/5T/short/run_0 launch_id=selena_3452080 slurm_job_id=3452080 launched_at=2026-09-18T01:57:46.292078+00:00
[2026-09-18 01:57:46 UTC] evaluate method=chronos_bolt_max dataset=OpenElectricity_NEM/5T term=short
    Total instances: 1680, Series during experiment: 10, Windows: 168
    Collecting ground truth and context...
    Detected to_univariate case: 10 flat series -> 1 series x 10 variates
    Organizing data into arrays...
    Saved predictions (quantiles) to /fslarge/scratch/users/h61084/codes/tsrag_time/outputs/tsrag/evaluations/chronos_bolt_max/OpenElectricity_NEM/5T/short/run_0/predictions.npz
    Computing per-window metrics...
    Saved metrics to /fslarge/scratch/users/h61084/codes/tsrag_time/outputs/tsrag/evaluations/chronos_bolt_max/OpenElectricity_NEM/5T/short/run_0/metrics.npz
    Saved config to /fslarge/scratch/users/h61084/codes/tsrag_time/outputs/tsrag/evaluations/chronos_bolt_max/OpenElectricity_NEM/5T/short/run_0/config.json
    Saved aggregate metrics to /fslarge/scratch/users/h61084/codes/tsrag_time/outputs/tsrag/evaluations/chronos_bolt_max/OpenElectricity_NEM/5T/short/run_0/metrics_summary.json
    Metrics summary (averaged over all series/windows/variates):
      MSE: 14827.2295
      MAE: 64.8012
      RMSE: 75.2163
      MAPE: 3.8644
      sMAPE: 0.1772
      MASE: 0.4593
      ND: 0.1687
      CRPS: 0.1687
TIME run allocation action=new run=/fslarge/scratch/users/h61084/codes/tsrag_time/outputs/tsrag/evaluations/chronos2_max/OpenElectricity_NEM/5T/short/run_0 launch_id=selena_3452080 slurm_job_id=3452080 launched_at=2026-09-18T01:57:46.684767+00:00
[2026-09-18 01:57:46 UTC] evaluate method=chronos2_max dataset=OpenElectricity_NEM/5T term=short
    Total instances: 1680, Series during experiment: 10, Windows: 168
    Collecting ground truth and context...
    Detected to_univariate case: 10 flat series -> 1 series x 10 variates
    Organizing data into arrays...
    Saved predictions (quantiles) to /fslarge/scratch/users/h61084/codes/tsrag_time/outputs/tsrag/evaluations/chronos2_max/OpenElectricity_NEM/5T/short/run_0/predictions.npz
    Computing per-window metrics...
    Saved metrics to /fslarge/scratch/users/h61084/codes/tsrag_time/outputs/tsrag/evaluations/chronos2_max/OpenElectricity_NEM/5T/short/run_0/metrics.npz
    Saved config to /fslarge/scratch/users/h61084/codes/tsrag_time/outputs/tsrag/evaluations/chronos2_max/OpenElectricity_NEM/5T/short/run_0/config.json
    Saved aggregate metrics to /fslarge/scratch/users/h61084/codes/tsrag_time/outputs/tsrag/evaluations/chronos2_max/OpenElectricity_NEM/5T/short/run_0/metrics_summary.json
    Metrics summary (averaged over all series/windows/variates):
      MSE: 9329.7490
      MAE: 49.6822
      RMSE: 58.8919
      MAPE: 3.5202
      sMAPE: 0.1567
      MASE: 0.3870
      ND: 0.1487
      CRPS: 0.1487
TIME run allocation action=new run=/fslarge/scratch/users/h61084/codes/tsrag_time/outputs/tsrag/evaluations/tsrag/OpenElectricity_NEM/5T/short/run_0 launch_id=selena_3452080 slurm_job_id=3452080 launched_at=2026-09-18T01:57:47.093155+00:00
[2026-09-18 01:57:47 UTC] evaluate method=tsrag dataset=OpenElectricity_NEM/5T term=short
    Total instances: 1680, Series during experiment: 10, Windows: 168
    Collecting ground truth and context...
    Detected to_univariate case: 10 flat series -> 1 series x 10 variates
    Organizing data into arrays...
    Saved predictions (quantiles) to /fslarge/scratch/users/h61084/codes/tsrag_time/outputs/tsrag/evaluations/tsrag/OpenElectricity_NEM/5T/short/run_0/predictions.npz
    Computing per-window metrics...
    Saved metrics to /fslarge/scratch/users/h61084/codes/tsrag_time/outputs/tsrag/evaluations/tsrag/OpenElectricity_NEM/5T/short/run_0/metrics.npz
    Saved config to /fslarge/scratch/users/h61084/codes/tsrag_time/outputs/tsrag/evaluations/tsrag/OpenElectricity_NEM/5T/short/run_0/config.json
    Saved aggregate metrics to /fslarge/scratch/users/h61084/codes/tsrag_time/outputs/tsrag/evaluations/tsrag/OpenElectricity_NEM/5T/short/run_0/metrics_summary.json
    Metrics summary (averaged over all series/windows/variates):
      MSE: 31366.2006
      MAE: 88.8473
      RMSE: 104.4102
      MAPE: 4.9077
      sMAPE: 0.1922
      MASE: 0.5661
      ND: 0.1875
      CRPS: 0.1875
TIME run allocation action=new run=/fslarge/scratch/users/h61084/codes/tsrag_time/outputs/tsrag/evaluations/bayes_mixture/OpenElectricity_NEM/5T/short/run_0 launch_id=selena_3452080 slurm_job_id=3452080 launched_at=2026-09-18T01:57:47.523774+00:00
[2026-09-18 01:57:47 UTC] evaluate method=bayes_mixture dataset=OpenElectricity_NEM/5T term=short
    Total instances: 1680, Series during experiment: 10, Windows: 168
    Collecting ground truth and context...
    Detected to_univariate case: 10 flat series -> 1 series x 10 variates
    Organizing data into arrays...
    Saved predictions (quantiles) to /fslarge/scratch/users/h61084/codes/tsrag_time/outputs/tsrag/evaluations/bayes_mixture/OpenElectricity_NEM/5T/short/run_0/predictions.npz
    Computing per-window metrics...
    Saved metrics to /fslarge/scratch/users/h61084/codes/tsrag_time/outputs/tsrag/evaluations/bayes_mixture/OpenElectricity_NEM/5T/short/run_0/metrics.npz
    Saved config to /fslarge/scratch/users/h61084/codes/tsrag_time/outputs/tsrag/evaluations/bayes_mixture/OpenElectricity_NEM/5T/short/run_0/config.json
    Saved aggregate metrics to /fslarge/scratch/users/h61084/codes/tsrag_time/outputs/tsrag/evaluations/bayes_mixture/OpenElectricity_NEM/5T/short/run_0/metrics_summary.json
    Metrics summary (averaged over all series/windows/variates):
      MSE: 9637.3309
      MAE: 50.7460
      RMSE: 60.1795
      MAPE: 3.6894
      sMAPE: 0.1573
      MASE: 0.3893
      ND: 0.1494
      CRPS: 0.1494
TIME run allocation action=new run=/fslarge/scratch/users/h61084/codes/tsrag_time/outputs/tsrag/evaluations/chronos_t5_512/OpenElectricity_NEM/5T/medium/run_0 launch_id=selena_3452080 slurm_job_id=3452080 launched_at=2026-09-18T01:57:47.997421+00:00
[2026-09-18 01:57:48 UTC] evaluate method=chronos_t5_512 dataset=OpenElectricity_NEM/5T term=medium
    Total instances: 420, Series during experiment: 10, Windows: 42
    Collecting ground truth and context...
    Detected to_univariate case: 10 flat series -> 1 series x 10 variates
    Organizing data into arrays...
    Saved predictions (quantiles) to /fslarge/scratch/users/h61084/codes/tsrag_time/outputs/tsrag/evaluations/chronos_t5_512/OpenElectricity_NEM/5T/medium/run_0/predictions.npz
    Computing per-window metrics...
    Saved metrics to /fslarge/scratch/users/h61084/codes/tsrag_time/outputs/tsrag/evaluations/chronos_t5_512/OpenElectricity_NEM/5T/medium/run_0/metrics.npz
    Saved config to /fslarge/scratch/users/h61084/codes/tsrag_time/outputs/tsrag/evaluations/chronos_t5_512/OpenElectricity_NEM/5T/medium/run_0/config.json
    Saved aggregate metrics to /fslarge/scratch/users/h61084/codes/tsrag_time/outputs/tsrag/evaluations/chronos_t5_512/OpenElectricity_NEM/5T/medium/run_0/metrics_summary.json
    Metrics summary (averaged over all series/windows/variates):
      MSE: 342603.4026
      MAE: 266.1717
      RMSE: 335.9048
      MAPE: 6.9208
      sMAPE: 0.3150
      MASE: 1.2468
      ND: 0.3106
      CRPS: 0.3106
TIME run allocation action=new run=/fslarge/scratch/users/h61084/codes/tsrag_time/outputs/tsrag/evaluations/chronos_bolt_512/OpenElectricity_NEM/5T/medium/run_0 launch_id=selena_3452080 slurm_job_id=3452080 launched_at=2026-09-18T01:57:48.169070+00:00
[2026-09-18 01:57:48 UTC] evaluate method=chronos_bolt_512 dataset=OpenElectricity_NEM/5T term=medium
    Total instances: 420, Series during experiment: 10, Windows: 42
    Collecting ground truth and context...
    Detected to_univariate case: 10 flat series -> 1 series x 10 variates
    Organizing data into arrays...
    Saved predictions (quantiles) to /fslarge/scratch/users/h61084/codes/tsrag_time/outputs/tsrag/evaluations/chronos_bolt_512/OpenElectricity_NEM/5T/medium/run_0/predictions.npz
    Computing per-window metrics...
    Saved metrics to /fslarge/scratch/users/h61084/codes/tsrag_time/outputs/tsrag/evaluations/chronos_bolt_512/OpenElectricity_NEM/5T/medium/run_0/metrics.npz
    Saved config to /fslarge/scratch/users/h61084/codes/tsrag_time/outputs/tsrag/evaluations/chronos_bolt_512/OpenElectricity_NEM/5T/medium/run_0/config.json
    Saved aggregate metrics to /fslarge/scratch/users/h61084/codes/tsrag_time/outputs/tsrag/evaluations/chronos_bolt_512/OpenElectricity_NEM/5T/medium/run_0/metrics_summary.json
    Metrics summary (averaged over all series/windows/variates):
      MSE: 191224.2533
      MAE: 206.1391
      RMSE: 260.0434
      MAPE: 7.2832
      sMAPE: 0.2983
      MASE: 1.0747
      ND: 0.3007
      CRPS: 0.3007
TIME run allocation action=new run=/fslarge/scratch/users/h61084/codes/tsrag_time/outputs/tsrag/evaluations/chronos_bolt_max/OpenElectricity_NEM/5T/medium/run_0 launch_id=selena_3452080 slurm_job_id=3452080 launched_at=2026-09-18T01:57:48.310755+00:00
[2026-09-18 01:57:48 UTC] evaluate method=chronos_bolt_max dataset=OpenElectricity_NEM/5T term=medium
    Total instances: 420, Series during experiment: 10, Windows: 42
    Collecting ground truth and context...
    Detected to_univariate case: 10 flat series -> 1 series x 10 variates
    Organizing data into arrays...
    Saved predictions (quantiles) to /fslarge/scratch/users/h61084/codes/tsrag_time/outputs/tsrag/evaluations/chronos_bolt_max/OpenElectricity_NEM/5T/medium/run_0/predictions.npz
    Computing per-window metrics...
    Saved metrics to /fslarge/scratch/users/h61084/codes/tsrag_time/outputs/tsrag/evaluations/chronos_bolt_max/OpenElectricity_NEM/5T/medium/run_0/metrics.npz
    Saved config to /fslarge/scratch/users/h61084/codes/tsrag_time/outputs/tsrag/evaluations/chronos_bolt_max/OpenElectricity_NEM/5T/medium/run_0/config.json
    Saved aggregate metrics to /fslarge/scratch/users/h61084/codes/tsrag_time/outputs/tsrag/evaluations/chronos_bolt_max/OpenElectricity_NEM/5T/medium/run_0/metrics_summary.json
    Metrics summary (averaged over all series/windows/variates):
      MSE: 64592.1821
      MAE: 121.2493
      RMSE: 148.6895
      MAPE: 6.1688
      sMAPE: 0.2385
      MASE: 0.7173
      ND: 0.2411
      CRPS: 0.2411
TIME run allocation action=new run=/fslarge/scratch/users/h61084/codes/tsrag_time/outputs/tsrag/evaluations/chronos2_max/OpenElectricity_NEM/5T/medium/run_0 launch_id=selena_3452080 slurm_job_id=3452080 launched_at=2026-09-18T01:57:48.451923+00:00
[2026-09-18 01:57:48 UTC] evaluate method=chronos2_max dataset=OpenElectricity_NEM/5T term=medium
    Total instances: 420, Series during experiment: 10, Windows: 42
    Collecting ground truth and context...
    Detected to_univariate case: 10 flat series -> 1 series x 10 variates
    Organizing data into arrays...
    Saved predictions (quantiles) to /fslarge/scratch/users/h61084/codes/tsrag_time/outputs/tsrag/evaluations/chronos2_max/OpenElectricity_NEM/5T/medium/run_0/predictions.npz
    Computing per-window metrics...
    Saved metrics to /fslarge/scratch/users/h61084/codes/tsrag_time/outputs/tsrag/evaluations/chronos2_max/OpenElectricity_NEM/5T/medium/run_0/metrics.npz
    Saved config to /fslarge/scratch/users/h61084/codes/tsrag_time/outputs/tsrag/evaluations/chronos2_max/OpenElectricity_NEM/5T/medium/run_0/config.json
    Saved aggregate metrics to /fslarge/scratch/users/h61084/codes/tsrag_time/outputs/tsrag/evaluations/chronos2_max/OpenElectricity_NEM/5T/medium/run_0/metrics_summary.json
    Metrics summary (averaged over all series/windows/variates):
      MSE: 33266.1954
      MAE: 87.0124
      RMSE: 109.4158
      MAPE: 4.8053
      sMAPE: 0.2120
      MASE: 0.5804
      ND: 0.2051
      CRPS: 0.2051
TIME run allocation action=new run=/fslarge/scratch/users/h61084/codes/tsrag_time/outputs/tsrag/evaluations/tsrag/OpenElectricity_NEM/5T/medium/run_0 launch_id=selena_3452080 slurm_job_id=3452080 launched_at=2026-09-18T01:57:48.607285+00:00
[2026-09-18 01:57:48 UTC] evaluate method=tsrag dataset=OpenElectricity_NEM/5T term=medium
    Total instances: 420, Series during experiment: 10, Windows: 42
    Collecting ground truth and context...
    Detected to_univariate case: 10 flat series -> 1 series x 10 variates
    Organizing data into arrays...
    Saved predictions (quantiles) to /fslarge/scratch/users/h61084/codes/tsrag_time/outputs/tsrag/evaluations/tsrag/OpenElectricity_NEM/5T/medium/run_0/predictions.npz
    Computing per-window metrics...
    Saved metrics to /fslarge/scratch/users/h61084/codes/tsrag_time/outputs/tsrag/evaluations/tsrag/OpenElectricity_NEM/5T/medium/run_0/metrics.npz
    Saved config to /fslarge/scratch/users/h61084/codes/tsrag_time/outputs/tsrag/evaluations/tsrag/OpenElectricity_NEM/5T/medium/run_0/config.json
    Saved aggregate metrics to /fslarge/scratch/users/h61084/codes/tsrag_time/outputs/tsrag/evaluations/tsrag/OpenElectricity_NEM/5T/medium/run_0/metrics_summary.json
    Metrics summary (averaged over all series/windows/variates):
      MSE: 188839.2296
      MAE: 201.2896
      RMSE: 254.9397
      MAPE: 6.7789
      sMAPE: 0.2940
      MASE: 1.0274
      ND: 0.2903
      CRPS: 0.2903
TIME run allocation action=new run=/fslarge/scratch/users/h61084/codes/tsrag_time/outputs/tsrag/evaluations/bayes_mixture/OpenElectricity_NEM/5T/medium/run_0 launch_id=selena_3452080 slurm_job_id=3452080 launched_at=2026-09-18T01:57:48.786209+00:00
[2026-09-18 01:57:48 UTC] evaluate method=bayes_mixture dataset=OpenElectricity_NEM/5T term=medium
    Total instances: 420, Series during experiment: 10, Windows: 42
    Collecting ground truth and context...
    Detected to_univariate case: 10 flat series -> 1 series x 10 variates
    Organizing data into arrays...
    Saved predictions (quantiles) to /fslarge/scratch/users/h61084/codes/tsrag_time/outputs/tsrag/evaluations/bayes_mixture/OpenElectricity_NEM/5T/medium/run_0/predictions.npz
    Computing per-window metrics...
    Saved metrics to /fslarge/scratch/users/h61084/codes/tsrag_time/outputs/tsrag/evaluations/bayes_mixture/OpenElectricity_NEM/5T/medium/run_0/metrics.npz
    Saved config to /fslarge/scratch/users/h61084/codes/tsrag_time/outputs/tsrag/evaluations/bayes_mixture/OpenElectricity_NEM/5T/medium/run_0/config.json
    Saved aggregate metrics to /fslarge/scratch/users/h61084/codes/tsrag_time/outputs/tsrag/evaluations/bayes_mixture/OpenElectricity_NEM/5T/medium/run_0/metrics_summary.json
    Metrics summary (averaged over all series/windows/variates):
      MSE: 33120.6389
      MAE: 87.2623
      RMSE: 109.5743
      MAPE: 4.8487
      sMAPE: 0.2115
      MASE: 0.5814
      ND: 0.2051
      CRPS: 0.2051
TIME run allocation action=new run=/fslarge/scratch/users/h61084/codes/tsrag_time/outputs/tsrag/evaluations/chronos_t5_512/OpenElectricity_NEM/5T/long/run_0 launch_id=selena_3452080 slurm_job_id=3452080 launched_at=2026-09-18T01:57:49.010460+00:00
[2026-09-18 01:57:49 UTC] evaluate method=chronos_t5_512 dataset=OpenElectricity_NEM/5T term=long
    Total instances: 140, Series during experiment: 10, Windows: 14
    Collecting ground truth and context...
    Detected to_univariate case: 10 flat series -> 1 series x 10 variates
    Organizing data into arrays...
    Saved predictions (quantiles) to /fslarge/scratch/users/h61084/codes/tsrag_time/outputs/tsrag/evaluations/chronos_t5_512/OpenElectricity_NEM/5T/long/run_0/predictions.npz
    Computing per-window metrics...
    Saved metrics to /fslarge/scratch/users/h61084/codes/tsrag_time/outputs/tsrag/evaluations/chronos_t5_512/OpenElectricity_NEM/5T/long/run_0/metrics.npz
    Saved config to /fslarge/scratch/users/h61084/codes/tsrag_time/outputs/tsrag/evaluations/chronos_t5_512/OpenElectricity_NEM/5T/long/run_0/config.json
    Saved aggregate metrics to /fslarge/scratch/users/h61084/codes/tsrag_time/outputs/tsrag/evaluations/chronos_t5_512/OpenElectricity_NEM/5T/long/run_0/metrics_summary.json
    Metrics summary (averaged over all series/windows/variates):
      MSE: 558931.1984
      MAE: 383.0795
      RMSE: 468.1319
      MAPE: 5.9422
      sMAPE: 0.4760
      MASE: 1.7936
      ND: 0.3793
      CRPS: 0.3793
TIME run allocation action=new run=/fslarge/scratch/users/h61084/codes/tsrag_time/outputs/tsrag/evaluations/chronos_bolt_512/OpenElectricity_NEM/5T/long/run_0 launch_id=selena_3452080 slurm_job_id=3452080 launched_at=2026-09-18T01:57:49.125445+00:00
[2026-09-18 01:57:49 UTC] evaluate method=chronos_bolt_512 dataset=OpenElectricity_NEM/5T term=long
    Total instances: 140, Series during experiment: 10, Windows: 14
    Collecting ground truth and context...
    Detected to_univariate case: 10 flat series -> 1 series x 10 variates
    Organizing data into arrays...
    Saved predictions (quantiles) to /fslarge/scratch/users/h61084/codes/tsrag_time/outputs/tsrag/evaluations/chronos_bolt_512/OpenElectricity_NEM/5T/long/run_0/predictions.npz
    Computing per-window metrics...
    Saved metrics to /fslarge/scratch/users/h61084/codes/tsrag_time/outputs/tsrag/evaluations/chronos_bolt_512/OpenElectricity_NEM/5T/long/run_0/metrics.npz
    Saved config to /fslarge/scratch/users/h61084/codes/tsrag_time/outputs/tsrag/evaluations/chronos_bolt_512/OpenElectricity_NEM/5T/long/run_0/config.json
    Saved aggregate metrics to /fslarge/scratch/users/h61084/codes/tsrag_time/outputs/tsrag/evaluations/chronos_bolt_512/OpenElectricity_NEM/5T/long/run_0/metrics_summary.json
    Metrics summary (averaged over all series/windows/variates):
      MSE: 300735.9046
      MAE: 278.2663
      RMSE: 353.6102
      MAPE: 6.7446
      sMAPE: 0.4116
      MASE: 1.4373
      ND: 0.3550
      CRPS: 0.3550
TIME run allocation action=new run=/fslarge/scratch/users/h61084/codes/tsrag_time/outputs/tsrag/evaluations/chronos_bolt_max/OpenElectricity_NEM/5T/long/run_0 launch_id=selena_3452080 slurm_job_id=3452080 launched_at=2026-09-18T01:57:49.211087+00:00
[2026-09-18 01:57:49 UTC] evaluate method=chronos_bolt_max dataset=OpenElectricity_NEM/5T term=long
    Total instances: 140, Series during experiment: 10, Windows: 14
    Collecting ground truth and context...
    Detected to_univariate case: 10 flat series -> 1 series x 10 variates
    Organizing data into arrays...
    Saved predictions (quantiles) to /fslarge/scratch/users/h61084/codes/tsrag_time/outputs/tsrag/evaluations/chronos_bolt_max/OpenElectricity_NEM/5T/long/run_0/predictions.npz
    Computing per-window metrics...
    Saved metrics to /fslarge/scratch/users/h61084/codes/tsrag_time/outputs/tsrag/evaluations/chronos_bolt_max/OpenElectricity_NEM/5T/long/run_0/metrics.npz
    Saved config to /fslarge/scratch/users/h61084/codes/tsrag_time/outputs/tsrag/evaluations/chronos_bolt_max/OpenElectricity_NEM/5T/long/run_0/config.json
    Saved aggregate metrics to /fslarge/scratch/users/h61084/codes/tsrag_time/outputs/tsrag/evaluations/chronos_bolt_max/OpenElectricity_NEM/5T/long/run_0/metrics_summary.json
    Metrics summary (averaged over all series/windows/variates):
      MSE: 83413.2226
      MAE: 147.8150
      RMSE: 189.0113
      MAPE: 5.1860
      sMAPE: 0.3021
      MASE: 0.8973
      ND: 0.2679
      CRPS: 0.2679
TIME run allocation action=new run=/fslarge/scratch/users/h61084/codes/tsrag_time/outputs/tsrag/evaluations/chronos2_max/OpenElectricity_NEM/5T/long/run_0 launch_id=selena_3452080 slurm_job_id=3452080 launched_at=2026-09-18T01:57:49.295572+00:00
[2026-09-18 01:57:49 UTC] evaluate method=chronos2_max dataset=OpenElectricity_NEM/5T term=long
    Total instances: 140, Series during experiment: 10, Windows: 14
    Collecting ground truth and context...
    Detected to_univariate case: 10 flat series -> 1 series x 10 variates
    Organizing data into arrays...
    Saved predictions (quantiles) to /fslarge/scratch/users/h61084/codes/tsrag_time/outputs/tsrag/evaluations/chronos2_max/OpenElectricity_NEM/5T/long/run_0/predictions.npz
    Computing per-window metrics...
    Saved metrics to /fslarge/scratch/users/h61084/codes/tsrag_time/outputs/tsrag/evaluations/chronos2_max/OpenElectricity_NEM/5T/long/run_0/metrics.npz
    Saved config to /fslarge/scratch/users/h61084/codes/tsrag_time/outputs/tsrag/evaluations/chronos2_max/OpenElectricity_NEM/5T/long/run_0/config.json
    Saved aggregate metrics to /fslarge/scratch/users/h61084/codes/tsrag_time/outputs/tsrag/evaluations/chronos2_max/OpenElectricity_NEM/5T/long/run_0/metrics_summary.json
    Metrics summary (averaged over all series/windows/variates):
      MSE: 47413.4181
      MAE: 108.8805
      RMSE: 144.0165
      MAPE: 4.9506
      sMAPE: 0.2605
      MASE: 0.7347
      ND: 0.2333
      CRPS: 0.2333
TIME run allocation action=new run=/fslarge/scratch/users/h61084/codes/tsrag_time/outputs/tsrag/evaluations/tsrag/OpenElectricity_NEM/5T/long/run_0 launch_id=selena_3452080 slurm_job_id=3452080 launched_at=2026-09-18T01:57:49.395032+00:00
[2026-09-18 01:57:49 UTC] evaluate method=tsrag dataset=OpenElectricity_NEM/5T term=long
    Total instances: 140, Series during experiment: 10, Windows: 14
    Collecting ground truth and context...
    Detected to_univariate case: 10 flat series -> 1 series x 10 variates
    Organizing data into arrays...
    Saved predictions (quantiles) to /fslarge/scratch/users/h61084/codes/tsrag_time/outputs/tsrag/evaluations/tsrag/OpenElectricity_NEM/5T/long/run_0/predictions.npz
    Computing per-window metrics...
    Saved metrics to /fslarge/scratch/users/h61084/codes/tsrag_time/outputs/tsrag/evaluations/tsrag/OpenElectricity_NEM/5T/long/run_0/metrics.npz
    Saved config to /fslarge/scratch/users/h61084/codes/tsrag_time/outputs/tsrag/evaluations/tsrag/OpenElectricity_NEM/5T/long/run_0/config.json
    Saved aggregate metrics to /fslarge/scratch/users/h61084/codes/tsrag_time/outputs/tsrag/evaluations/tsrag/OpenElectricity_NEM/5T/long/run_0/metrics_summary.json
    Metrics summary (averaged over all series/windows/variates):
      MSE: 308073.4904
      MAE: 283.2228
      RMSE: 354.7722
      MAPE: 6.6974
      sMAPE: 0.4265
      MASE: 1.4601
      ND: 0.3577
      CRPS: 0.3577
TIME run allocation action=new run=/fslarge/scratch/users/h61084/codes/tsrag_time/outputs/tsrag/evaluations/bayes_mixture/OpenElectricity_NEM/5T/long/run_0 launch_id=selena_3452080 slurm_job_id=3452080 launched_at=2026-09-18T01:57:49.516361+00:00
[2026-09-18 01:57:49 UTC] evaluate method=bayes_mixture dataset=OpenElectricity_NEM/5T term=long
    Total instances: 140, Series during experiment: 10, Windows: 14
    Collecting ground truth and context...
    Detected to_univariate case: 10 flat series -> 1 series x 10 variates
    Organizing data into arrays...
    Saved predictions (quantiles) to /fslarge/scratch/users/h61084/codes/tsrag_time/outputs/tsrag/evaluations/bayes_mixture/OpenElectricity_NEM/5T/long/run_0/predictions.npz
    Computing per-window metrics...
    Saved metrics to /fslarge/scratch/users/h61084/codes/tsrag_time/outputs/tsrag/evaluations/bayes_mixture/OpenElectricity_NEM/5T/long/run_0/metrics.npz
    Saved config to /fslarge/scratch/users/h61084/codes/tsrag_time/outputs/tsrag/evaluations/bayes_mixture/OpenElectricity_NEM/5T/long/run_0/config.json
    Saved aggregate metrics to /fslarge/scratch/users/h61084/codes/tsrag_time/outputs/tsrag/evaluations/bayes_mixture/OpenElectricity_NEM/5T/long/run_0/metrics_summary.json
    Metrics summary (averaged over all series/windows/variates):
      MSE: 47331.2530
      MAE: 108.6803
      RMSE: 144.0792
      MAPE: 4.9777
      sMAPE: 0.2630
      MASE: 0.7373
      ND: 0.2342
      CRPS: 0.2342
TIME run allocation action=new run=/fslarge/scratch/users/h61084/codes/tsrag_time/outputs/tsrag/evaluations/chronos_t5_512/EWELD_Load/15T/short/run_0 launch_id=selena_3452080 slurm_job_id=3452080 launched_at=2026-09-18T01:57:49.639640+00:00
[2026-09-18 01:57:49 UTC] evaluate method=chronos_t5_512 dataset=EWELD_Load/15T term=short
    Total instances: 560, Series during experiment: 10, Windows: 56
    Collecting ground truth and context...
    Detected to_univariate case: 10 flat series -> 1 series x 10 variates
    Organizing data into arrays...
    Saved predictions (quantiles) to /fslarge/scratch/users/h61084/codes/tsrag_time/outputs/tsrag/evaluations/chronos_t5_512/EWELD_Load/15T/short/run_0/predictions.npz
    Computing per-window metrics...
    Saved metrics to /fslarge/scratch/users/h61084/codes/tsrag_time/outputs/tsrag/evaluations/chronos_t5_512/EWELD_Load/15T/short/run_0/metrics.npz
    Saved config to /fslarge/scratch/users/h61084/codes/tsrag_time/outputs/tsrag/evaluations/chronos_t5_512/EWELD_Load/15T/short/run_0/config.json
    Saved aggregate metrics to /fslarge/scratch/users/h61084/codes/tsrag_time/outputs/tsrag/evaluations/chronos_t5_512/EWELD_Load/15T/short/run_0/metrics_summary.json
    Metrics summary (averaged over all series/windows/variates):
      MSE: 1598.6225
      MAE: 15.0529
      RMSE: 19.2160
      MAPE: 0.3894
      sMAPE: 0.3058
      MASE: 0.6626
      ND: 0.2750
      CRPS: 0.2750
TIME run allocation action=new run=/fslarge/scratch/users/h61084/codes/tsrag_time/outputs/tsrag/evaluations/chronos_bolt_512/EWELD_Load/15T/short/run_0 launch_id=selena_3452080 slurm_job_id=3452080 launched_at=2026-09-18T01:57:49.764531+00:00
[2026-09-18 01:57:49 UTC] evaluate method=chronos_bolt_512 dataset=EWELD_Load/15T term=short
    Total instances: 560, Series during experiment: 10, Windows: 56
    Collecting ground truth and context...
    Detected to_univariate case: 10 flat series -> 1 series x 10 variates
    Organizing data into arrays...
    Saved predictions (quantiles) to /fslarge/scratch/users/h61084/codes/tsrag_time/outputs/tsrag/evaluations/chronos_bolt_512/EWELD_Load/15T/short/run_0/predictions.npz
    Computing per-window metrics...
    Saved metrics to /fslarge/scratch/users/h61084/codes/tsrag_time/outputs/tsrag/evaluations/chronos_bolt_512/EWELD_Load/15T/short/run_0/metrics.npz
    Saved config to /fslarge/scratch/users/h61084/codes/tsrag_time/outputs/tsrag/evaluations/chronos_bolt_512/EWELD_Load/15T/short/run_0/config.json
    Saved aggregate metrics to /fslarge/scratch/users/h61084/codes/tsrag_time/outputs/tsrag/evaluations/chronos_bolt_512/EWELD_Load/15T/short/run_0/metrics_summary.json
    Metrics summary (averaged over all series/windows/variates):
      MSE: 1359.2056
      MAE: 14.5583
      RMSE: 17.9427
      MAPE: 0.3872
      sMAPE: 0.3184
      MASE: 0.6343
      ND: 0.4737
      CRPS: 0.4737
TIME run allocation action=new run=/fslarge/scratch/users/h61084/codes/tsrag_time/outputs/tsrag/evaluations/chronos_bolt_max/EWELD_Load/15T/short/run_0 launch_id=selena_3452080 slurm_job_id=3452080 launched_at=2026-09-18T01:57:49.876483+00:00
[2026-09-18 01:57:49 UTC] evaluate method=chronos_bolt_max dataset=EWELD_Load/15T term=short
    Total instances: 560, Series during experiment: 10, Windows: 56
    Collecting ground truth and context...
    Detected to_univariate case: 10 flat series -> 1 series x 10 variates
    Organizing data into arrays...
    Saved predictions (quantiles) to /fslarge/scratch/users/h61084/codes/tsrag_time/outputs/tsrag/evaluations/chronos_bolt_max/EWELD_Load/15T/short/run_0/predictions.npz
    Computing per-window metrics...
    Saved metrics to /fslarge/scratch/users/h61084/codes/tsrag_time/outputs/tsrag/evaluations/chronos_bolt_max/EWELD_Load/15T/short/run_0/metrics.npz
    Saved config to /fslarge/scratch/users/h61084/codes/tsrag_time/outputs/tsrag/evaluations/chronos_bolt_max/EWELD_Load/15T/short/run_0/config.json
    Saved aggregate metrics to /fslarge/scratch/users/h61084/codes/tsrag_time/outputs/tsrag/evaluations/chronos_bolt_max/EWELD_Load/15T/short/run_0/metrics_summary.json
    Metrics summary (averaged over all series/windows/variates):
      MSE: 1147.2520
      MAE: 13.1730
      RMSE: 16.5028
      MAPE: 0.3457
      sMAPE: 0.2953
      MASE: 0.5702
      ND: 0.3824
      CRPS: 0.3824
TIME run allocation action=new run=/fslarge/scratch/users/h61084/codes/tsrag_time/outputs/tsrag/evaluations/chronos2_max/EWELD_Load/15T/short/run_0 launch_id=selena_3452080 slurm_job_id=3452080 launched_at=2026-09-18T01:57:49.986476+00:00
[2026-09-18 01:57:49 UTC] evaluate method=chronos2_max dataset=EWELD_Load/15T term=short
    Total instances: 560, Series during experiment: 10, Windows: 56
    Collecting ground truth and context...
    Detected to_univariate case: 10 flat series -> 1 series x 10 variates
    Organizing data into arrays...
    Saved predictions (quantiles) to /fslarge/scratch/users/h61084/codes/tsrag_time/outputs/tsrag/evaluations/chronos2_max/EWELD_Load/15T/short/run_0/predictions.npz
    Computing per-window metrics...
    Saved metrics to /fslarge/scratch/users/h61084/codes/tsrag_time/outputs/tsrag/evaluations/chronos2_max/EWELD_Load/15T/short/run_0/metrics.npz
    Saved config to /fslarge/scratch/users/h61084/codes/tsrag_time/outputs/tsrag/evaluations/chronos2_max/EWELD_Load/15T/short/run_0/config.json
    Saved aggregate metrics to /fslarge/scratch/users/h61084/codes/tsrag_time/outputs/tsrag/evaluations/chronos2_max/EWELD_Load/15T/short/run_0/metrics_summary.json
    Metrics summary (averaged over all series/windows/variates):
      MSE: 1113.6207
      MAE: 12.4983
      RMSE: 16.0054
      MAPE: 0.3238
      sMAPE: 0.2765
      MASE: 0.5334
      ND: 0.3333
      CRPS: 0.3333
TIME run allocation action=new run=/fslarge/scratch/users/h61084/codes/tsrag_time/outputs/tsrag/evaluations/tsrag/EWELD_Load/15T/short/run_0 launch_id=selena_3452080 slurm_job_id=3452080 launched_at=2026-09-18T01:57:50.110976+00:00
[2026-09-18 01:57:50 UTC] evaluate method=tsrag dataset=EWELD_Load/15T term=short
    Total instances: 560, Series during experiment: 10, Windows: 56
    Collecting ground truth and context...
    Detected to_univariate case: 10 flat series -> 1 series x 10 variates
    Organizing data into arrays...
    Saved predictions (quantiles) to /fslarge/scratch/users/h61084/codes/tsrag_time/outputs/tsrag/evaluations/tsrag/EWELD_Load/15T/short/run_0/predictions.npz
    Computing per-window metrics...
    Saved metrics to /fslarge/scratch/users/h61084/codes/tsrag_time/outputs/tsrag/evaluations/tsrag/EWELD_Load/15T/short/run_0/metrics.npz
    Saved config to /fslarge/scratch/users/h61084/codes/tsrag_time/outputs/tsrag/evaluations/tsrag/EWELD_Load/15T/short/run_0/config.json
    Saved aggregate metrics to /fslarge/scratch/users/h61084/codes/tsrag_time/outputs/tsrag/evaluations/tsrag/EWELD_Load/15T/short/run_0/metrics_summary.json
    Metrics summary (averaged over all series/windows/variates):
      MSE: 1271.9906
      MAE: 14.1807
      RMSE: 17.4472
      MAPE: 0.3981
      sMAPE: 0.3166
      MASE: 0.6145
      ND: 0.5348
      CRPS: 0.5348
TIME run allocation action=new run=/fslarge/scratch/users/h61084/codes/tsrag_time/outputs/tsrag/evaluations/bayes_mixture/EWELD_Load/15T/short/run_0 launch_id=selena_3452080 slurm_job_id=3452080 launched_at=2026-09-18T01:57:50.261155+00:00
[2026-09-18 01:57:50 UTC] evaluate method=bayes_mixture dataset=EWELD_Load/15T term=short
    Total instances: 560, Series during experiment: 10, Windows: 56
    Collecting ground truth and context...
    Detected to_univariate case: 10 flat series -> 1 series x 10 variates
    Organizing data into arrays...
    Saved predictions (quantiles) to /fslarge/scratch/users/h61084/codes/tsrag_time/outputs/tsrag/evaluations/bayes_mixture/EWELD_Load/15T/short/run_0/predictions.npz
    Computing per-window metrics...
    Saved metrics to /fslarge/scratch/users/h61084/codes/tsrag_time/outputs/tsrag/evaluations/bayes_mixture/EWELD_Load/15T/short/run_0/metrics.npz
    Saved config to /fslarge/scratch/users/h61084/codes/tsrag_time/outputs/tsrag/evaluations/bayes_mixture/EWELD_Load/15T/short/run_0/config.json
    Saved aggregate metrics to /fslarge/scratch/users/h61084/codes/tsrag_time/outputs/tsrag/evaluations/bayes_mixture/EWELD_Load/15T/short/run_0/metrics_summary.json
    Metrics summary (averaged over all series/windows/variates):
      MSE: 1098.9105
      MAE: 12.5039
      RMSE: 15.9233
      MAPE: 0.3234
      sMAPE: 0.2752
      MASE: 0.5336
      ND: 0.3416
      CRPS: 0.3416
TIME run allocation action=new run=/fslarge/scratch/users/h61084/codes/tsrag_time/outputs/tsrag/evaluations/chronos_t5_512/EWELD_Load/15T/medium/run_0 launch_id=selena_3452080 slurm_job_id=3452080 launched_at=2026-09-18T01:57:50.409360+00:00
[2026-09-18 01:57:50 UTC] evaluate method=chronos_t5_512 dataset=EWELD_Load/15T term=medium
    Total instances: 140, Series during experiment: 10, Windows: 14
    Collecting ground truth and context...
    Detected to_univariate case: 10 flat series -> 1 series x 10 variates
    Organizing data into arrays...
    Saved predictions (quantiles) to /fslarge/scratch/users/h61084/codes/tsrag_time/outputs/tsrag/evaluations/chronos_t5_512/EWELD_Load/15T/medium/run_0/predictions.npz
    Computing per-window metrics...
    Saved metrics to /fslarge/scratch/users/h61084/codes/tsrag_time/outputs/tsrag/evaluations/chronos_t5_512/EWELD_Load/15T/medium/run_0/metrics.npz
    Saved config to /fslarge/scratch/users/h61084/codes/tsrag_time/outputs/tsrag/evaluations/chronos_t5_512/EWELD_Load/15T/medium/run_0/config.json
    Saved aggregate metrics to /fslarge/scratch/users/h61084/codes/tsrag_time/outputs/tsrag/evaluations/chronos_t5_512/EWELD_Load/15T/medium/run_0/metrics_summary.json
    Metrics summary (averaged over all series/windows/variates):
      MSE: 1830.7277
      MAE: 17.3292
      RMSE: 23.1473
      MAPE: 0.4947
      sMAPE: 0.3700
      MASE: 0.8743
      ND: 0.2851
      CRPS: 0.2851
TIME run allocation action=new run=/fslarge/scratch/users/h61084/codes/tsrag_time/outputs/tsrag/evaluations/chronos_bolt_512/EWELD_Load/15T/medium/run_0 launch_id=selena_3452080 slurm_job_id=3452080 launched_at=2026-09-18T01:57:50.477778+00:00
[2026-09-18 01:57:50 UTC] evaluate method=chronos_bolt_512 dataset=EWELD_Load/15T term=medium
    Total instances: 140, Series during experiment: 10, Windows: 14
    Collecting ground truth and context...
    Detected to_univariate case: 10 flat series -> 1 series x 10 variates
    Organizing data into arrays...
    Saved predictions (quantiles) to /fslarge/scratch/users/h61084/codes/tsrag_time/outputs/tsrag/evaluations/chronos_bolt_512/EWELD_Load/15T/medium/run_0/predictions.npz
    Computing per-window metrics...
    Saved metrics to /fslarge/scratch/users/h61084/codes/tsrag_time/outputs/tsrag/evaluations/chronos_bolt_512/EWELD_Load/15T/medium/run_0/metrics.npz
    Saved config to /fslarge/scratch/users/h61084/codes/tsrag_time/outputs/tsrag/evaluations/chronos_bolt_512/EWELD_Load/15T/medium/run_0/config.json
    Saved aggregate metrics to /fslarge/scratch/users/h61084/codes/tsrag_time/outputs/tsrag/evaluations/chronos_bolt_512/EWELD_Load/15T/medium/run_0/metrics_summary.json
    Metrics summary (averaged over all series/windows/variates):
      MSE: 1623.6499
      MAE: 16.5418
      RMSE: 21.6665
      MAPE: 0.4523
      sMAPE: 0.3519
      MASE: 0.7630
      ND: 0.2501
      CRPS: 0.2501
TIME run allocation action=new run=/fslarge/scratch/users/h61084/codes/tsrag_time/outputs/tsrag/evaluations/chronos_bolt_max/EWELD_Load/15T/medium/run_0 launch_id=selena_3452080 slurm_job_id=3452080 launched_at=2026-09-18T01:57:50.531898+00:00
[2026-09-18 01:57:50 UTC] evaluate method=chronos_bolt_max dataset=EWELD_Load/15T term=medium
    Total instances: 140, Series during experiment: 10, Windows: 14
    Collecting ground truth and context...
    Detected to_univariate case: 10 flat series -> 1 series x 10 variates
    Organizing data into arrays...
    Saved predictions (quantiles) to /fslarge/scratch/users/h61084/codes/tsrag_time/outputs/tsrag/evaluations/chronos_bolt_max/EWELD_Load/15T/medium/run_0/predictions.npz
    Computing per-window metrics...
    Saved metrics to /fslarge/scratch/users/h61084/codes/tsrag_time/outputs/tsrag/evaluations/chronos_bolt_max/EWELD_Load/15T/medium/run_0/metrics.npz
    Saved config to /fslarge/scratch/users/h61084/codes/tsrag_time/outputs/tsrag/evaluations/chronos_bolt_max/EWELD_Load/15T/medium/run_0/config.json
    Saved aggregate metrics to /fslarge/scratch/users/h61084/codes/tsrag_time/outputs/tsrag/evaluations/chronos_bolt_max/EWELD_Load/15T/medium/run_0/metrics_summary.json
    Metrics summary (averaged over all series/windows/variates):
      MSE: 1284.3565
      MAE: 14.8336
      RMSE: 19.5553
      MAPE: 0.3850
      sMAPE: 0.3212
      MASE: 0.6762
      ND: 0.2255
      CRPS: 0.2255
TIME run allocation action=new run=/fslarge/scratch/users/h61084/codes/tsrag_time/outputs/tsrag/evaluations/chronos2_max/EWELD_Load/15T/medium/run_0 launch_id=selena_3452080 slurm_job_id=3452080 launched_at=2026-09-18T01:57:50.584560+00:00
[2026-09-18 01:57:50 UTC] evaluate method=chronos2_max dataset=EWELD_Load/15T term=medium
    Total instances: 140, Series during experiment: 10, Windows: 14
    Collecting ground truth and context...
    Detected to_univariate case: 10 flat series -> 1 series x 10 variates
    Organizing data into arrays...
    Saved predictions (quantiles) to /fslarge/scratch/users/h61084/codes/tsrag_time/outputs/tsrag/evaluations/chronos2_max/EWELD_Load/15T/medium/run_0/predictions.npz
    Computing per-window metrics...
    Saved metrics to /fslarge/scratch/users/h61084/codes/tsrag_time/outputs/tsrag/evaluations/chronos2_max/EWELD_Load/15T/medium/run_0/metrics.npz
    Saved config to /fslarge/scratch/users/h61084/codes/tsrag_time/outputs/tsrag/evaluations/chronos2_max/EWELD_Load/15T/medium/run_0/config.json
    Saved aggregate metrics to /fslarge/scratch/users/h61084/codes/tsrag_time/outputs/tsrag/evaluations/chronos2_max/EWELD_Load/15T/medium/run_0/metrics_summary.json
    Metrics summary (averaged over all series/windows/variates):
      MSE: 1200.0988
      MAE: 13.9604
      RMSE: 19.0042
      MAPE: 0.3690
      sMAPE: 0.3030
      MASE: 0.6379
      ND: 0.2144
      CRPS: 0.2144
TIME run allocation action=new run=/fslarge/scratch/users/h61084/codes/tsrag_time/outputs/tsrag/evaluations/tsrag/EWELD_Load/15T/medium/run_0 launch_id=selena_3452080 slurm_job_id=3452080 launched_at=2026-09-18T01:57:50.652045+00:00
[2026-09-18 01:57:50 UTC] evaluate method=tsrag dataset=EWELD_Load/15T term=medium
    Total instances: 140, Series during experiment: 10, Windows: 14
    Collecting ground truth and context...
    Detected to_univariate case: 10 flat series -> 1 series x 10 variates
    Organizing data into arrays...
    Saved predictions (quantiles) to /fslarge/scratch/users/h61084/codes/tsrag_time/outputs/tsrag/evaluations/tsrag/EWELD_Load/15T/medium/run_0/predictions.npz
    Computing per-window metrics...
    Saved metrics to /fslarge/scratch/users/h61084/codes/tsrag_time/outputs/tsrag/evaluations/tsrag/EWELD_Load/15T/medium/run_0/metrics.npz
    Saved config to /fslarge/scratch/users/h61084/codes/tsrag_time/outputs/tsrag/evaluations/tsrag/EWELD_Load/15T/medium/run_0/config.json
    Saved aggregate metrics to /fslarge/scratch/users/h61084/codes/tsrag_time/outputs/tsrag/evaluations/tsrag/EWELD_Load/15T/medium/run_0/metrics_summary.json
    Metrics summary (averaged over all series/windows/variates):
      MSE: 1552.9404
      MAE: 16.2878
      RMSE: 21.3082
      MAPE: 0.4503
      sMAPE: 0.3458
      MASE: 0.7458
      ND: 0.2449
      CRPS: 0.2449
TIME run allocation action=new run=/fslarge/scratch/users/h61084/codes/tsrag_time/outputs/tsrag/evaluations/bayes_mixture/EWELD_Load/15T/medium/run_0 launch_id=selena_3452080 slurm_job_id=3452080 launched_at=2026-09-18T01:57:50.743652+00:00
[2026-09-18 01:57:50 UTC] evaluate method=bayes_mixture dataset=EWELD_Load/15T term=medium
    Total instances: 140, Series during experiment: 10, Windows: 14
    Collecting ground truth and context...
    Detected to_univariate case: 10 flat series -> 1 series x 10 variates
    Organizing data into arrays...
    Saved predictions (quantiles) to /fslarge/scratch/users/h61084/codes/tsrag_time/outputs/tsrag/evaluations/bayes_mixture/EWELD_Load/15T/medium/run_0/predictions.npz
    Computing per-window metrics...
    Saved metrics to /fslarge/scratch/users/h61084/codes/tsrag_time/outputs/tsrag/evaluations/bayes_mixture/EWELD_Load/15T/medium/run_0/metrics.npz
    Saved config to /fslarge/scratch/users/h61084/codes/tsrag_time/outputs/tsrag/evaluations/bayes_mixture/EWELD_Load/15T/medium/run_0/config.json
    Saved aggregate metrics to /fslarge/scratch/users/h61084/codes/tsrag_time/outputs/tsrag/evaluations/bayes_mixture/EWELD_Load/15T/medium/run_0/metrics_summary.json
    Metrics summary (averaged over all series/windows/variates):
      MSE: 1182.5886
      MAE: 13.9634
      RMSE: 18.8385
      MAPE: 0.3723
      sMAPE: 0.3034
      MASE: 0.6396
      ND: 0.2147
      CRPS: 0.2147
TIME run allocation action=new run=/fslarge/scratch/users/h61084/codes/tsrag_time/outputs/tsrag/evaluations/chronos_t5_512/EWELD_Load/15T/long/run_0 launch_id=selena_3452080 slurm_job_id=3452080 launched_at=2026-09-18T01:57:50.835793+00:00
[2026-09-18 01:57:50 UTC] evaluate method=chronos_t5_512 dataset=EWELD_Load/15T term=long
    Total instances: 20, Series during experiment: 10, Windows: 2
    Collecting ground truth and context...
    Detected to_univariate case: 10 flat series -> 1 series x 10 variates
    Organizing data into arrays...
    Saved predictions (quantiles) to /fslarge/scratch/users/h61084/codes/tsrag_time/outputs/tsrag/evaluations/chronos_t5_512/EWELD_Load/15T/long/run_0/predictions.npz
    Computing per-window metrics...
    Saved metrics to /fslarge/scratch/users/h61084/codes/tsrag_time/outputs/tsrag/evaluations/chronos_t5_512/EWELD_Load/15T/long/run_0/metrics.npz
    Saved config to /fslarge/scratch/users/h61084/codes/tsrag_time/outputs/tsrag/evaluations/chronos_t5_512/EWELD_Load/15T/long/run_0/config.json
    Saved aggregate metrics to /fslarge/scratch/users/h61084/codes/tsrag_time/outputs/tsrag/evaluations/chronos_t5_512/EWELD_Load/15T/long/run_0/metrics_summary.json
    Metrics summary (averaged over all series/windows/variates):
      MSE: 1819.7997
      MAE: 17.8111
      RMSE: 24.2834
      MAPE: 0.7012
      sMAPE: 0.4289
      MASE: 1.0493
      ND: 0.3408
      CRPS: 0.3408
TIME run allocation action=new run=/fslarge/scratch/users/h61084/codes/tsrag_time/outputs/tsrag/evaluations/chronos_bolt_512/EWELD_Load/15T/long/run_0 launch_id=selena_3452080 slurm_job_id=3452080 launched_at=2026-09-18T01:57:50.889534+00:00
[2026-09-18 01:57:50 UTC] evaluate method=chronos_bolt_512 dataset=EWELD_Load/15T term=long
    Total instances: 20, Series during experiment: 10, Windows: 2
    Collecting ground truth and context...
    Detected to_univariate case: 10 flat series -> 1 series x 10 variates
    Organizing data into arrays...
    Saved predictions (quantiles) to /fslarge/scratch/users/h61084/codes/tsrag_time/outputs/tsrag/evaluations/chronos_bolt_512/EWELD_Load/15T/long/run_0/predictions.npz
    Computing per-window metrics...
    Saved metrics to /fslarge/scratch/users/h61084/codes/tsrag_time/outputs/tsrag/evaluations/chronos_bolt_512/EWELD_Load/15T/long/run_0/metrics.npz
    Saved config to /fslarge/scratch/users/h61084/codes/tsrag_time/outputs/tsrag/evaluations/chronos_bolt_512/EWELD_Load/15T/long/run_0/config.json
    Saved aggregate metrics to /fslarge/scratch/users/h61084/codes/tsrag_time/outputs/tsrag/evaluations/chronos_bolt_512/EWELD_Load/15T/long/run_0/metrics_summary.json
    Metrics summary (averaged over all series/windows/variates):
      MSE: 1442.0636
      MAE: 16.4442
      RMSE: 21.7890
      MAPE: 0.5967
      sMAPE: 0.3911
      MASE: 0.8488
      ND: 0.2715
      CRPS: 0.2715
TIME run allocation action=new run=/fslarge/scratch/users/h61084/codes/tsrag_time/outputs/tsrag/evaluations/chronos_bolt_max/EWELD_Load/15T/long/run_0 launch_id=selena_3452080 slurm_job_id=3452080 launched_at=2026-09-18T01:57:50.928829+00:00
[2026-09-18 01:57:50 UTC] evaluate method=chronos_bolt_max dataset=EWELD_Load/15T term=long
    Total instances: 20, Series during experiment: 10, Windows: 2
    Collecting ground truth and context...
    Detected to_univariate case: 10 flat series -> 1 series x 10 variates
    Organizing data into arrays...
    Saved predictions (quantiles) to /fslarge/scratch/users/h61084/codes/tsrag_time/outputs/tsrag/evaluations/chronos_bolt_max/EWELD_Load/15T/long/run_0/predictions.npz
    Computing per-window metrics...
    Saved metrics to /fslarge/scratch/users/h61084/codes/tsrag_time/outputs/tsrag/evaluations/chronos_bolt_max/EWELD_Load/15T/long/run_0/metrics.npz
    Saved config to /fslarge/scratch/users/h61084/codes/tsrag_time/outputs/tsrag/evaluations/chronos_bolt_max/EWELD_Load/15T/long/run_0/config.json
    Saved aggregate metrics to /fslarge/scratch/users/h61084/codes/tsrag_time/outputs/tsrag/evaluations/chronos_bolt_max/EWELD_Load/15T/long/run_0/metrics_summary.json
    Metrics summary (averaged over all series/windows/variates):
      MSE: 1397.1483
      MAE: 15.8503
      RMSE: 21.1440
      MAPE: 0.4748
      sMAPE: 0.3647
      MASE: 0.7765
      ND: 0.2426
      CRPS: 0.2426
TIME run allocation action=new run=/fslarge/scratch/users/h61084/codes/tsrag_time/outputs/tsrag/evaluations/chronos2_max/EWELD_Load/15T/long/run_0 launch_id=selena_3452080 slurm_job_id=3452080 launched_at=2026-09-18T01:57:50.966640+00:00
[2026-09-18 01:57:50 UTC] evaluate method=chronos2_max dataset=EWELD_Load/15T term=long
    Total instances: 20, Series during experiment: 10, Windows: 2
    Collecting ground truth and context...
    Detected to_univariate case: 10 flat series -> 1 series x 10 variates
    Organizing data into arrays...
    Saved predictions (quantiles) to /fslarge/scratch/users/h61084/codes/tsrag_time/outputs/tsrag/evaluations/chronos2_max/EWELD_Load/15T/long/run_0/predictions.npz
    Computing per-window metrics...
    Saved metrics to /fslarge/scratch/users/h61084/codes/tsrag_time/outputs/tsrag/evaluations/chronos2_max/EWELD_Load/15T/long/run_0/metrics.npz
    Saved config to /fslarge/scratch/users/h61084/codes/tsrag_time/outputs/tsrag/evaluations/chronos2_max/EWELD_Load/15T/long/run_0/config.json
    Saved aggregate metrics to /fslarge/scratch/users/h61084/codes/tsrag_time/outputs/tsrag/evaluations/chronos2_max/EWELD_Load/15T/long/run_0/metrics_summary.json
    Metrics summary (averaged over all series/windows/variates):
      MSE: 1323.3334
      MAE: 15.1111
      RMSE: 21.0553
      MAPE: 0.3824
      sMAPE: 0.3302
      MASE: 0.7570
      ND: 0.2280
      CRPS: 0.2280
TIME run allocation action=new run=/fslarge/scratch/users/h61084/codes/tsrag_time/outputs/tsrag/evaluations/tsrag/EWELD_Load/15T/long/run_0 launch_id=selena_3452080 slurm_job_id=3452080 launched_at=2026-09-18T01:57:51.019426+00:00
[2026-09-18 01:57:51 UTC] evaluate method=tsrag dataset=EWELD_Load/15T term=long
    Total instances: 20, Series during experiment: 10, Windows: 2
    Collecting ground truth and context...
    Detected to_univariate case: 10 flat series -> 1 series x 10 variates
    Organizing data into arrays...
    Saved predictions (quantiles) to /fslarge/scratch/users/h61084/codes/tsrag_time/outputs/tsrag/evaluations/tsrag/EWELD_Load/15T/long/run_0/predictions.npz
    Computing per-window metrics...
    Saved metrics to /fslarge/scratch/users/h61084/codes/tsrag_time/outputs/tsrag/evaluations/tsrag/EWELD_Load/15T/long/run_0/metrics.npz
    Saved config to /fslarge/scratch/users/h61084/codes/tsrag_time/outputs/tsrag/evaluations/tsrag/EWELD_Load/15T/long/run_0/config.json
    Saved aggregate metrics to /fslarge/scratch/users/h61084/codes/tsrag_time/outputs/tsrag/evaluations/tsrag/EWELD_Load/15T/long/run_0/metrics_summary.json
    Metrics summary (averaged over all series/windows/variates):
      MSE: 1445.1292
      MAE: 16.6419
      RMSE: 21.9108
      MAPE: 0.5970
      sMAPE: 0.3888
      MASE: 0.8455
      ND: 0.2655
      CRPS: 0.2655
TIME run allocation action=new run=/fslarge/scratch/users/h61084/codes/tsrag_time/outputs/tsrag/evaluations/bayes_mixture/EWELD_Load/15T/long/run_0 launch_id=selena_3452080 slurm_job_id=3452080 launched_at=2026-09-18T01:57:51.095529+00:00
[2026-09-18 01:57:51 UTC] evaluate method=bayes_mixture dataset=EWELD_Load/15T term=long
    Total instances: 20, Series during experiment: 10, Windows: 2
    Collecting ground truth and context...
    Detected to_univariate case: 10 flat series -> 1 series x 10 variates
    Organizing data into arrays...
    Saved predictions (quantiles) to /fslarge/scratch/users/h61084/codes/tsrag_time/outputs/tsrag/evaluations/bayes_mixture/EWELD_Load/15T/long/run_0/predictions.npz
    Computing per-window metrics...
    Saved metrics to /fslarge/scratch/users/h61084/codes/tsrag_time/outputs/tsrag/evaluations/bayes_mixture/EWELD_Load/15T/long/run_0/metrics.npz
    Saved config to /fslarge/scratch/users/h61084/codes/tsrag_time/outputs/tsrag/evaluations/bayes_mixture/EWELD_Load/15T/long/run_0/config.json
    Saved aggregate metrics to /fslarge/scratch/users/h61084/codes/tsrag_time/outputs/tsrag/evaluations/bayes_mixture/EWELD_Load/15T/long/run_0/metrics_summary.json
    Metrics summary (averaged over all series/windows/variates):
      MSE: 1295.2850
      MAE: 15.0837
      RMSE: 20.7160
      MAPE: 0.4236
      sMAPE: 0.3422
      MASE: 0.7569
      ND: 0.2301
      CRPS: 0.2301
TIME run allocation action=new run=/fslarge/scratch/users/h61084/codes/tsrag_time/outputs/tsrag/evaluations/chronos_t5_512/SG_Carpark/15T/short/run_0 launch_id=selena_3452080 slurm_job_id=3452080 launched_at=2026-09-18T01:57:51.250499+00:00
[2026-09-18 01:57:51 UTC] evaluate method=chronos_t5_512 dataset=SG_Carpark/15T term=short
    Total instances: 14868, Series during experiment: 354, Windows: 42
    Collecting ground truth and context...
    Organizing data into arrays...
    Saved predictions (quantiles) to /fslarge/scratch/users/h61084/codes/tsrag_time/outputs/tsrag/evaluations/chronos_t5_512/SG_Carpark/15T/short/run_0/predictions.npz
    Computing per-window metrics...
    Saved metrics to /fslarge/scratch/users/h61084/codes/tsrag_time/outputs/tsrag/evaluations/chronos_t5_512/SG_Carpark/15T/short/run_0/metrics.npz
    Saved config to /fslarge/scratch/users/h61084/codes/tsrag_time/outputs/tsrag/evaluations/chronos_t5_512/SG_Carpark/15T/short/run_0/config.json
    Saved aggregate metrics to /fslarge/scratch/users/h61084/codes/tsrag_time/outputs/tsrag/evaluations/chronos_t5_512/SG_Carpark/15T/short/run_0/metrics_summary.json
    Metrics summary (averaged over all series/windows/variates):
      MSE: 296.6263
      MAE: 7.1387
      RMSE: 9.0758
      MAPE: 0.0451
      sMAPE: 0.0549
      MASE: 0.4946
      ND: 0.0441
      CRPS: 0.0441
TIME run allocation action=new run=/fslarge/scratch/users/h61084/codes/tsrag_time/outputs/tsrag/evaluations/chronos_bolt_512/SG_Carpark/15T/short/run_0 launch_id=selena_3452080 slurm_job_id=3452080 launched_at=2026-09-18T01:57:53.284946+00:00
[2026-09-18 01:57:53 UTC] evaluate method=chronos_bolt_512 dataset=SG_Carpark/15T term=short
    Total instances: 14868, Series during experiment: 354, Windows: 42
    Collecting ground truth and context...
    Organizing data into arrays...
    Saved predictions (quantiles) to /fslarge/scratch/users/h61084/codes/tsrag_time/outputs/tsrag/evaluations/chronos_bolt_512/SG_Carpark/15T/short/run_0/predictions.npz
    Computing per-window metrics...
    Saved metrics to /fslarge/scratch/users/h61084/codes/tsrag_time/outputs/tsrag/evaluations/chronos_bolt_512/SG_Carpark/15T/short/run_0/metrics.npz
    Saved config to /fslarge/scratch/users/h61084/codes/tsrag_time/outputs/tsrag/evaluations/chronos_bolt_512/SG_Carpark/15T/short/run_0/config.json
    Saved aggregate metrics to /fslarge/scratch/users/h61084/codes/tsrag_time/outputs/tsrag/evaluations/chronos_bolt_512/SG_Carpark/15T/short/run_0/metrics_summary.json
    Metrics summary (averaged over all series/windows/variates):
      MSE: 254.3038
      MAE: 6.8070
      RMSE: 8.4782
      MAPE: 0.0438
      sMAPE: 0.0520
      MASE: 0.4678
      ND: 0.0431
      CRPS: 0.0431
TIME run allocation action=new run=/fslarge/scratch/users/h61084/codes/tsrag_time/outputs/tsrag/evaluations/chronos_bolt_max/SG_Carpark/15T/short/run_0 launch_id=selena_3452080 slurm_job_id=3452080 launched_at=2026-09-18T01:57:55.299616+00:00
[2026-09-18 01:57:55 UTC] evaluate method=chronos_bolt_max dataset=SG_Carpark/15T term=short
    Total instances: 14868, Series during experiment: 354, Windows: 42
    Collecting ground truth and context...
    Organizing data into arrays...
    Saved predictions (quantiles) to /fslarge/scratch/users/h61084/codes/tsrag_time/outputs/tsrag/evaluations/chronos_bolt_max/SG_Carpark/15T/short/run_0/predictions.npz
    Computing per-window metrics...
    Saved metrics to /fslarge/scratch/users/h61084/codes/tsrag_time/outputs/tsrag/evaluations/chronos_bolt_max/SG_Carpark/15T/short/run_0/metrics.npz
    Saved config to /fslarge/scratch/users/h61084/codes/tsrag_time/outputs/tsrag/evaluations/chronos_bolt_max/SG_Carpark/15T/short/run_0/config.json
    Saved aggregate metrics to /fslarge/scratch/users/h61084/codes/tsrag_time/outputs/tsrag/evaluations/chronos_bolt_max/SG_Carpark/15T/short/run_0/metrics_summary.json
    Metrics summary (averaged over all series/windows/variates):
      MSE: 220.1618
      MAE: 5.9515
      RMSE: 7.4339
      MAPE: 0.0375
      sMAPE: 0.0474
      MASE: 0.4072
      ND: 0.0370
      CRPS: 0.0370
TIME run allocation action=new run=/fslarge/scratch/users/h61084/codes/tsrag_time/outputs/tsrag/evaluations/chronos2_max/SG_Carpark/15T/short/run_0 launch_id=selena_3452080 slurm_job_id=3452080 launched_at=2026-09-18T01:57:57.297534+00:00
[2026-09-18 01:57:57 UTC] evaluate method=chronos2_max dataset=SG_Carpark/15T term=short
    Total instances: 14868, Series during experiment: 354, Windows: 42
    Collecting ground truth and context...
    Organizing data into arrays...
    Saved predictions (quantiles) to /fslarge/scratch/users/h61084/codes/tsrag_time/outputs/tsrag/evaluations/chronos2_max/SG_Carpark/15T/short/run_0/predictions.npz
    Computing per-window metrics...
    Saved metrics to /fslarge/scratch/users/h61084/codes/tsrag_time/outputs/tsrag/evaluations/chronos2_max/SG_Carpark/15T/short/run_0/metrics.npz
    Saved config to /fslarge/scratch/users/h61084/codes/tsrag_time/outputs/tsrag/evaluations/chronos2_max/SG_Carpark/15T/short/run_0/config.json
    Saved aggregate metrics to /fslarge/scratch/users/h61084/codes/tsrag_time/outputs/tsrag/evaluations/chronos2_max/SG_Carpark/15T/short/run_0/metrics_summary.json
    Metrics summary (averaged over all series/windows/variates):
      MSE: 201.9511
      MAE: 5.3187
      RMSE: 6.8017
      MAPE: 0.0333
      sMAPE: 0.0441
      MASE: 0.3701
      ND: 0.0329
      CRPS: 0.0329
TIME run allocation action=new run=/fslarge/scratch/users/h61084/codes/tsrag_time/outputs/tsrag/evaluations/tsrag/SG_Carpark/15T/short/run_0 launch_id=selena_3452080 slurm_job_id=3452080 launched_at=2026-09-18T01:57:59.317635+00:00
[2026-09-18 01:57:59 UTC] evaluate method=tsrag dataset=SG_Carpark/15T term=short
    Total instances: 14868, Series during experiment: 354, Windows: 42
    Collecting ground truth and context...
    Organizing data into arrays...
    Saved predictions (quantiles) to /fslarge/scratch/users/h61084/codes/tsrag_time/outputs/tsrag/evaluations/tsrag/SG_Carpark/15T/short/run_0/predictions.npz
    Computing per-window metrics...
    Saved metrics to /fslarge/scratch/users/h61084/codes/tsrag_time/outputs/tsrag/evaluations/tsrag/SG_Carpark/15T/short/run_0/metrics.npz
    Saved config to /fslarge/scratch/users/h61084/codes/tsrag_time/outputs/tsrag/evaluations/tsrag/SG_Carpark/15T/short/run_0/config.json
    Saved aggregate metrics to /fslarge/scratch/users/h61084/codes/tsrag_time/outputs/tsrag/evaluations/tsrag/SG_Carpark/15T/short/run_0/metrics_summary.json
    Metrics summary (averaged over all series/windows/variates):
      MSE: 224.1470
      MAE: 6.0628
      RMSE: 7.5947
      MAPE: 0.0382
      sMAPE: 0.0480
      MASE: 0.4142
      ND: 0.0377
      CRPS: 0.0377
TIME run allocation action=new run=/fslarge/scratch/users/h61084/codes/tsrag_time/outputs/tsrag/evaluations/bayes_mixture/SG_Carpark/15T/short/run_0 launch_id=selena_3452080 slurm_job_id=3452080 launched_at=2026-09-18T01:58:01.349880+00:00
[2026-09-18 01:58:01 UTC] evaluate method=bayes_mixture dataset=SG_Carpark/15T term=short
    Total instances: 14868, Series during experiment: 354, Windows: 42
    Collecting ground truth and context...
    Organizing data into arrays...
    Saved predictions (quantiles) to /fslarge/scratch/users/h61084/codes/tsrag_time/outputs/tsrag/evaluations/bayes_mixture/SG_Carpark/15T/short/run_0/predictions.npz
    Computing per-window metrics...
    Saved metrics to /fslarge/scratch/users/h61084/codes/tsrag_time/outputs/tsrag/evaluations/bayes_mixture/SG_Carpark/15T/short/run_0/metrics.npz
    Saved config to /fslarge/scratch/users/h61084/codes/tsrag_time/outputs/tsrag/evaluations/bayes_mixture/SG_Carpark/15T/short/run_0/config.json
    Saved aggregate metrics to /fslarge/scratch/users/h61084/codes/tsrag_time/outputs/tsrag/evaluations/bayes_mixture/SG_Carpark/15T/short/run_0/metrics_summary.json
    Metrics summary (averaged over all series/windows/variates):
      MSE: 200.7274
      MAE: 5.4269
      RMSE: 6.8955
      MAPE: 0.0341
      sMAPE: 0.0445
      MASE: 0.3758
      ND: 0.0336
      CRPS: 0.0336
TIME run allocation action=new run=/fslarge/scratch/users/h61084/codes/tsrag_time/outputs/tsrag/evaluations/chronos_t5_512/SG_Carpark/15T/medium/run_0 launch_id=selena_3452080 slurm_job_id=3452080 launched_at=2026-09-18T01:58:03.478591+00:00
[2026-09-18 01:58:03 UTC] evaluate method=chronos_t5_512 dataset=SG_Carpark/15T term=medium
    Total instances: 2478, Series during experiment: 354, Windows: 7
    Collecting ground truth and context...
    Organizing data into arrays...
    Saved predictions (quantiles) to /fslarge/scratch/users/h61084/codes/tsrag_time/outputs/tsrag/evaluations/chronos_t5_512/SG_Carpark/15T/medium/run_0/predictions.npz
    Computing per-window metrics...
    Saved metrics to /fslarge/scratch/users/h61084/codes/tsrag_time/outputs/tsrag/evaluations/chronos_t5_512/SG_Carpark/15T/medium/run_0/metrics.npz
    Saved config to /fslarge/scratch/users/h61084/codes/tsrag_time/outputs/tsrag/evaluations/chronos_t5_512/SG_Carpark/15T/medium/run_0/config.json
    Saved aggregate metrics to /fslarge/scratch/users/h61084/codes/tsrag_time/outputs/tsrag/evaluations/chronos_t5_512/SG_Carpark/15T/medium/run_0/metrics_summary.json
    Metrics summary (averaged over all series/windows/variates):
      MSE: 728.5621
      MAE: 13.1565
      RMSE: 17.7513
      MAPE: 0.0825
      sMAPE: 0.0829
      MASE: 0.8696
      ND: 0.0731
      CRPS: 0.0731
TIME run allocation action=new run=/fslarge/scratch/users/h61084/codes/tsrag_time/outputs/tsrag/evaluations/chronos_bolt_512/SG_Carpark/15T/medium/run_0 launch_id=selena_3452080 slurm_job_id=3452080 launched_at=2026-09-18T01:58:04.134270+00:00
[2026-09-18 01:58:04 UTC] evaluate method=chronos_bolt_512 dataset=SG_Carpark/15T term=medium
    Total instances: 2478, Series during experiment: 354, Windows: 7
    Collecting ground truth and context...
    Organizing data into arrays...
    Saved predictions (quantiles) to /fslarge/scratch/users/h61084/codes/tsrag_time/outputs/tsrag/evaluations/chronos_bolt_512/SG_Carpark/15T/medium/run_0/predictions.npz
    Computing per-window metrics...
    Saved metrics to /fslarge/scratch/users/h61084/codes/tsrag_time/outputs/tsrag/evaluations/chronos_bolt_512/SG_Carpark/15T/medium/run_0/metrics.npz
    Saved config to /fslarge/scratch/users/h61084/codes/tsrag_time/outputs/tsrag/evaluations/chronos_bolt_512/SG_Carpark/15T/medium/run_0/config.json
    Saved aggregate metrics to /fslarge/scratch/users/h61084/codes/tsrag_time/outputs/tsrag/evaluations/chronos_bolt_512/SG_Carpark/15T/medium/run_0/metrics_summary.json
    Metrics summary (averaged over all series/windows/variates):
      MSE: 565.5901
      MAE: 11.0675
      RMSE: 14.8871
      MAPE: 0.0715
      sMAPE: 0.0703
      MASE: 0.7316
      ND: 0.0608
      CRPS: 0.0608
TIME run allocation action=new run=/fslarge/scratch/users/h61084/codes/tsrag_time/outputs/tsrag/evaluations/chronos_bolt_max/SG_Carpark/15T/medium/run_0 launch_id=selena_3452080 slurm_job_id=3452080 launched_at=2026-09-18T01:58:04.802341+00:00
[2026-09-18 01:58:04 UTC] evaluate method=chronos_bolt_max dataset=SG_Carpark/15T term=medium
    Total instances: 2478, Series during experiment: 354, Windows: 7
    Collecting ground truth and context...
    Organizing data into arrays...
    Saved predictions (quantiles) to /fslarge/scratch/users/h61084/codes/tsrag_time/outputs/tsrag/evaluations/chronos_bolt_max/SG_Carpark/15T/medium/run_0/predictions.npz
    Computing per-window metrics...
    Saved metrics to /fslarge/scratch/users/h61084/codes/tsrag_time/outputs/tsrag/evaluations/chronos_bolt_max/SG_Carpark/15T/medium/run_0/metrics.npz
    Saved config to /fslarge/scratch/users/h61084/codes/tsrag_time/outputs/tsrag/evaluations/chronos_bolt_max/SG_Carpark/15T/medium/run_0/config.json
    Saved aggregate metrics to /fslarge/scratch/users/h61084/codes/tsrag_time/outputs/tsrag/evaluations/chronos_bolt_max/SG_Carpark/15T/medium/run_0/metrics_summary.json
    Metrics summary (averaged over all series/windows/variates):
      MSE: 468.2439
      MAE: 9.2279
      RMSE: 12.4567
      MAPE: 0.0534
      sMAPE: 0.0614
      MASE: 0.6111
      ND: 0.0495
      CRPS: 0.0495
TIME run allocation action=new run=/fslarge/scratch/users/h61084/codes/tsrag_time/outputs/tsrag/evaluations/chronos2_max/SG_Carpark/15T/medium/run_0 launch_id=selena_3452080 slurm_job_id=3452080 launched_at=2026-09-18T01:58:05.435531+00:00
[2026-09-18 01:58:05 UTC] evaluate method=chronos2_max dataset=SG_Carpark/15T term=medium
    Total instances: 2478, Series during experiment: 354, Windows: 7
    Collecting ground truth and context...
    Organizing data into arrays...
    Saved predictions (quantiles) to /fslarge/scratch/users/h61084/codes/tsrag_time/outputs/tsrag/evaluations/chronos2_max/SG_Carpark/15T/medium/run_0/predictions.npz
    Computing per-window metrics...
    Saved metrics to /fslarge/scratch/users/h61084/codes/tsrag_time/outputs/tsrag/evaluations/chronos2_max/SG_Carpark/15T/medium/run_0/metrics.npz
    Saved config to /fslarge/scratch/users/h61084/codes/tsrag_time/outputs/tsrag/evaluations/chronos2_max/SG_Carpark/15T/medium/run_0/config.json
    Saved aggregate metrics to /fslarge/scratch/users/h61084/codes/tsrag_time/outputs/tsrag/evaluations/chronos2_max/SG_Carpark/15T/medium/run_0/metrics_summary.json
    Metrics summary (averaged over all series/windows/variates):
      MSE: 435.7240
      MAE: 7.8854
      RMSE: 10.9200
      MAPE: 0.0453
      sMAPE: 0.0547
      MASE: 0.5286
      ND: 0.0430
      CRPS: 0.0430
TIME run allocation action=new run=/fslarge/scratch/users/h61084/codes/tsrag_time/outputs/tsrag/evaluations/tsrag/SG_Carpark/15T/medium/run_0 launch_id=selena_3452080 slurm_job_id=3452080 launched_at=2026-09-18T01:58:06.083778+00:00
[2026-09-18 01:58:06 UTC] evaluate method=tsrag dataset=SG_Carpark/15T term=medium
    Total instances: 2478, Series during experiment: 354, Windows: 7
    Collecting ground truth and context...
    Organizing data into arrays...
    Saved predictions (quantiles) to /fslarge/scratch/users/h61084/codes/tsrag_time/outputs/tsrag/evaluations/tsrag/SG_Carpark/15T/medium/run_0/predictions.npz
    Computing per-window metrics...
    Saved metrics to /fslarge/scratch/users/h61084/codes/tsrag_time/outputs/tsrag/evaluations/tsrag/SG_Carpark/15T/medium/run_0/metrics.npz
    Saved config to /fslarge/scratch/users/h61084/codes/tsrag_time/outputs/tsrag/evaluations/tsrag/SG_Carpark/15T/medium/run_0/config.json
    Saved aggregate metrics to /fslarge/scratch/users/h61084/codes/tsrag_time/outputs/tsrag/evaluations/tsrag/SG_Carpark/15T/medium/run_0/metrics_summary.json
    Metrics summary (averaged over all series/windows/variates):
      MSE: 468.2475
      MAE: 9.2282
      RMSE: 12.4570
      MAPE: 0.0535
      sMAPE: 0.0614
      MASE: 0.6111
      ND: 0.0495
      CRPS: 0.0495
TIME run allocation action=new run=/fslarge/scratch/users/h61084/codes/tsrag_time/outputs/tsrag/evaluations/bayes_mixture/SG_Carpark/15T/medium/run_0 launch_id=selena_3452080 slurm_job_id=3452080 launched_at=2026-09-18T01:58:06.762676+00:00
[2026-09-18 01:58:06 UTC] evaluate method=bayes_mixture dataset=SG_Carpark/15T term=medium
    Total instances: 2478, Series during experiment: 354, Windows: 7
    Collecting ground truth and context...
    Organizing data into arrays...
    Saved predictions (quantiles) to /fslarge/scratch/users/h61084/codes/tsrag_time/outputs/tsrag/evaluations/bayes_mixture/SG_Carpark/15T/medium/run_0/predictions.npz
    Computing per-window metrics...
    Saved metrics to /fslarge/scratch/users/h61084/codes/tsrag_time/outputs/tsrag/evaluations/bayes_mixture/SG_Carpark/15T/medium/run_0/metrics.npz
    Saved config to /fslarge/scratch/users/h61084/codes/tsrag_time/outputs/tsrag/evaluations/bayes_mixture/SG_Carpark/15T/medium/run_0/config.json
    Saved aggregate metrics to /fslarge/scratch/users/h61084/codes/tsrag_time/outputs/tsrag/evaluations/bayes_mixture/SG_Carpark/15T/medium/run_0/metrics_summary.json
    Metrics summary (averaged over all series/windows/variates):
      MSE: 416.7470
      MAE: 8.1220
      RMSE: 11.1646
      MAPE: 0.0468
      sMAPE: 0.0558
      MASE: 0.5431
      ND: 0.0441
      CRPS: 0.0441
TIME run allocation action=new run=/fslarge/scratch/users/h61084/codes/tsrag_time/outputs/tsrag/evaluations/chronos_t5_512/SG_Carpark/15T/long/run_0 launch_id=selena_3452080 slurm_job_id=3452080 launched_at=2026-09-18T01:58:07.517284+00:00
[2026-09-18 01:58:07 UTC] evaluate method=chronos_t5_512 dataset=SG_Carpark/15T term=long
    Total instances: 354, Series during experiment: 354, Windows: 1
    Collecting ground truth and context...
    Organizing data into arrays...
    Saved predictions (quantiles) to /fslarge/scratch/users/h61084/codes/tsrag_time/outputs/tsrag/evaluations/chronos_t5_512/SG_Carpark/15T/long/run_0/predictions.npz
    Computing per-window metrics...
    Saved metrics to /fslarge/scratch/users/h61084/codes/tsrag_time/outputs/tsrag/evaluations/chronos_t5_512/SG_Carpark/15T/long/run_0/metrics.npz
    Saved config to /fslarge/scratch/users/h61084/codes/tsrag_time/outputs/tsrag/evaluations/chronos_t5_512/SG_Carpark/15T/long/run_0/config.json
    Saved aggregate metrics to /fslarge/scratch/users/h61084/codes/tsrag_time/outputs/tsrag/evaluations/chronos_t5_512/SG_Carpark/15T/long/run_0/metrics_summary.json
    Metrics summary (averaged over all series/windows/variates):
      MSE: 1612.5426
      MAE: 22.7035
      RMSE: 30.6793
      MAPE: 0.1210
      sMAPE: 0.1302
      MASE: 1.4547
      ND: 0.1154
      CRPS: 0.1154
TIME run allocation action=new run=/fslarge/scratch/users/h61084/codes/tsrag_time/outputs/tsrag/evaluations/chronos_bolt_512/SG_Carpark/15T/long/run_0 launch_id=selena_3452080 slurm_job_id=3452080 launched_at=2026-09-18T01:58:07.957552+00:00
[2026-09-18 01:58:07 UTC] evaluate method=chronos_bolt_512 dataset=SG_Carpark/15T term=long
    Total instances: 354, Series during experiment: 354, Windows: 1
    Collecting ground truth and context...
    Organizing data into arrays...
    Saved predictions (quantiles) to /fslarge/scratch/users/h61084/codes/tsrag_time/outputs/tsrag/evaluations/chronos_bolt_512/SG_Carpark/15T/long/run_0/predictions.npz
    Computing per-window metrics...
    Saved metrics to /fslarge/scratch/users/h61084/codes/tsrag_time/outputs/tsrag/evaluations/chronos_bolt_512/SG_Carpark/15T/long/run_0/metrics.npz
    Saved config to /fslarge/scratch/users/h61084/codes/tsrag_time/outputs/tsrag/evaluations/chronos_bolt_512/SG_Carpark/15T/long/run_0/config.json
    Saved aggregate metrics to /fslarge/scratch/users/h61084/codes/tsrag_time/outputs/tsrag/evaluations/chronos_bolt_512/SG_Carpark/15T/long/run_0/metrics_summary.json
    Metrics summary (averaged over all series/windows/variates):
      MSE: 946.2521
      MAE: 15.3597
      RMSE: 21.0173
      MAPE: 0.0922
      sMAPE: 0.0869
      MASE: 0.9912
      ND: 0.0796
      CRPS: 0.0796
TIME run allocation action=new run=/fslarge/scratch/users/h61084/codes/tsrag_time/outputs/tsrag/evaluations/chronos_bolt_max/SG_Carpark/15T/long/run_0 launch_id=selena_3452080 slurm_job_id=3452080 launched_at=2026-09-18T01:58:08.374514+00:00
[2026-09-18 01:58:08 UTC] evaluate method=chronos_bolt_max dataset=SG_Carpark/15T term=long
    Total instances: 354, Series during experiment: 354, Windows: 1
    Collecting ground truth and context...
    Organizing data into arrays...
    Saved predictions (quantiles) to /fslarge/scratch/users/h61084/codes/tsrag_time/outputs/tsrag/evaluations/chronos_bolt_max/SG_Carpark/15T/long/run_0/predictions.npz
    Computing per-window metrics...
    Saved metrics to /fslarge/scratch/users/h61084/codes/tsrag_time/outputs/tsrag/evaluations/chronos_bolt_max/SG_Carpark/15T/long/run_0/metrics.npz
    Saved config to /fslarge/scratch/users/h61084/codes/tsrag_time/outputs/tsrag/evaluations/chronos_bolt_max/SG_Carpark/15T/long/run_0/config.json
    Saved aggregate metrics to /fslarge/scratch/users/h61084/codes/tsrag_time/outputs/tsrag/evaluations/chronos_bolt_max/SG_Carpark/15T/long/run_0/metrics_summary.json
    Metrics summary (averaged over all series/windows/variates):
      MSE: 999.9016
      MAE: 15.0763
      RMSE: 20.4363
      MAPE: 0.0832
      sMAPE: 0.0864
      MASE: 0.9706
      ND: 0.0794
      CRPS: 0.0794
TIME run allocation action=new run=/fslarge/scratch/users/h61084/codes/tsrag_time/outputs/tsrag/evaluations/chronos2_max/SG_Carpark/15T/long/run_0 launch_id=selena_3452080 slurm_job_id=3452080 launched_at=2026-09-18T01:58:08.776913+00:00
[2026-09-18 01:58:08 UTC] evaluate method=chronos2_max dataset=SG_Carpark/15T term=long
    Total instances: 354, Series during experiment: 354, Windows: 1
    Collecting ground truth and context...
    Organizing data into arrays...
    Saved predictions (quantiles) to /fslarge/scratch/users/h61084/codes/tsrag_time/outputs/tsrag/evaluations/chronos2_max/SG_Carpark/15T/long/run_0/predictions.npz
    Computing per-window metrics...
    Saved metrics to /fslarge/scratch/users/h61084/codes/tsrag_time/outputs/tsrag/evaluations/chronos2_max/SG_Carpark/15T/long/run_0/metrics.npz
    Saved config to /fslarge/scratch/users/h61084/codes/tsrag_time/outputs/tsrag/evaluations/chronos2_max/SG_Carpark/15T/long/run_0/config.json
    Saved aggregate metrics to /fslarge/scratch/users/h61084/codes/tsrag_time/outputs/tsrag/evaluations/chronos2_max/SG_Carpark/15T/long/run_0/metrics_summary.json
    Metrics summary (averaged over all series/windows/variates):
      MSE: 738.5261
      MAE: 10.8760
      RMSE: 15.6459
      MAPE: 0.0632
      sMAPE: 0.0671
      MASE: 0.7260
      ND: 0.0626
      CRPS: 0.0626
TIME run allocation action=new run=/fslarge/scratch/users/h61084/codes/tsrag_time/outputs/tsrag/evaluations/tsrag/SG_Carpark/15T/long/run_0 launch_id=selena_3452080 slurm_job_id=3452080 launched_at=2026-09-18T01:58:09.191116+00:00
[2026-09-18 01:58:09 UTC] evaluate method=tsrag dataset=SG_Carpark/15T term=long
    Total instances: 354, Series during experiment: 354, Windows: 1
    Collecting ground truth and context...
    Organizing data into arrays...
    Saved predictions (quantiles) to /fslarge/scratch/users/h61084/codes/tsrag_time/outputs/tsrag/evaluations/tsrag/SG_Carpark/15T/long/run_0/predictions.npz
    Computing per-window metrics...
    Saved metrics to /fslarge/scratch/users/h61084/codes/tsrag_time/outputs/tsrag/evaluations/tsrag/SG_Carpark/15T/long/run_0/metrics.npz
    Saved config to /fslarge/scratch/users/h61084/codes/tsrag_time/outputs/tsrag/evaluations/tsrag/SG_Carpark/15T/long/run_0/config.json
    Saved aggregate metrics to /fslarge/scratch/users/h61084/codes/tsrag_time/outputs/tsrag/evaluations/tsrag/SG_Carpark/15T/long/run_0/metrics_summary.json
    Metrics summary (averaged over all series/windows/variates):
      MSE: 999.9016
      MAE: 15.0763
      RMSE: 20.4363
      MAPE: 0.0832
      sMAPE: 0.0864
      MASE: 0.9706
      ND: 0.0794
      CRPS: 0.0794
TIME run allocation action=new run=/fslarge/scratch/users/h61084/codes/tsrag_time/outputs/tsrag/evaluations/bayes_mixture/SG_Carpark/15T/long/run_0 launch_id=selena_3452080 slurm_job_id=3452080 launched_at=2026-09-18T01:58:09.628630+00:00
[2026-09-18 01:58:09 UTC] evaluate method=bayes_mixture dataset=SG_Carpark/15T term=long
    Total instances: 354, Series during experiment: 354, Windows: 1
    Collecting ground truth and context...
    Organizing data into arrays...
    Saved predictions (quantiles) to /fslarge/scratch/users/h61084/codes/tsrag_time/outputs/tsrag/evaluations/bayes_mixture/SG_Carpark/15T/long/run_0/predictions.npz
    Computing per-window metrics...
    Saved metrics to /fslarge/scratch/users/h61084/codes/tsrag_time/outputs/tsrag/evaluations/bayes_mixture/SG_Carpark/15T/long/run_0/metrics.npz
    Saved config to /fslarge/scratch/users/h61084/codes/tsrag_time/outputs/tsrag/evaluations/bayes_mixture/SG_Carpark/15T/long/run_0/config.json
    Saved aggregate metrics to /fslarge/scratch/users/h61084/codes/tsrag_time/outputs/tsrag/evaluations/bayes_mixture/SG_Carpark/15T/long/run_0/metrics_summary.json
    Metrics summary (averaged over all series/windows/variates):
      MSE: 739.4166
      MAE: 11.3660
      RMSE: 16.0688
      MAPE: 0.0655
      sMAPE: 0.0691
      MASE: 0.7528
      ND: 0.0644
      CRPS: 0.0644
TIME run allocation action=new run=/fslarge/scratch/users/h61084/codes/tsrag_time/outputs/tsrag/evaluations/chronos_t5_512/Finland_Traffic/15T/short/run_0 launch_id=selena_3452080 slurm_job_id=3452080 launched_at=2026-09-18T01:58:10.042963+00:00
[2026-09-18 01:58:10 UTC] evaluate method=chronos_t5_512 dataset=Finland_Traffic/15T term=short
    Total instances: 186, Series during experiment: 1, Windows: 186
    Collecting ground truth and context...
    Organizing data into arrays...
    Saved predictions (quantiles) to /fslarge/scratch/users/h61084/codes/tsrag_time/outputs/tsrag/evaluations/chronos_t5_512/Finland_Traffic/15T/short/run_0/predictions.npz
    Computing per-window metrics...
    Saved metrics to /fslarge/scratch/users/h61084/codes/tsrag_time/outputs/tsrag/evaluations/chronos_t5_512/Finland_Traffic/15T/short/run_0/metrics.npz
    Saved config to /fslarge/scratch/users/h61084/codes/tsrag_time/outputs/tsrag/evaluations/chronos_t5_512/Finland_Traffic/15T/short/run_0/config.json
    Saved aggregate metrics to /fslarge/scratch/users/h61084/codes/tsrag_time/outputs/tsrag/evaluations/chronos_t5_512/Finland_Traffic/15T/short/run_0/metrics_summary.json
    Metrics summary (averaged over all series/windows/variates):
      MSE: 1812.3519
      MAE: 24.8809
      RMSE: 30.0635
      MAPE: 0.2979
      sMAPE: 0.2542
      MASE: 0.6047
      ND: 0.2815
      CRPS: 0.2815
TIME run allocation action=new run=/fslarge/scratch/users/h61084/codes/tsrag_time/outputs/tsrag/evaluations/chronos_bolt_512/Finland_Traffic/15T/short/run_0 launch_id=selena_3452080 slurm_job_id=3452080 launched_at=2026-09-18T01:58:10.105442+00:00
[2026-09-18 01:58:10 UTC] evaluate method=chronos_bolt_512 dataset=Finland_Traffic/15T term=short
    Total instances: 186, Series during experiment: 1, Windows: 186
    Collecting ground truth and context...
    Organizing data into arrays...
    Saved predictions (quantiles) to /fslarge/scratch/users/h61084/codes/tsrag_time/outputs/tsrag/evaluations/chronos_bolt_512/Finland_Traffic/15T/short/run_0/predictions.npz
    Computing per-window metrics...
    Saved metrics to /fslarge/scratch/users/h61084/codes/tsrag_time/outputs/tsrag/evaluations/chronos_bolt_512/Finland_Traffic/15T/short/run_0/metrics.npz
    Saved config to /fslarge/scratch/users/h61084/codes/tsrag_time/outputs/tsrag/evaluations/chronos_bolt_512/Finland_Traffic/15T/short/run_0/config.json
    Saved aggregate metrics to /fslarge/scratch/users/h61084/codes/tsrag_time/outputs/tsrag/evaluations/chronos_bolt_512/Finland_Traffic/15T/short/run_0/metrics_summary.json
    Metrics summary (averaged over all series/windows/variates):
      MSE: 1741.0508
      MAE: 25.0021
      RMSE: 29.8415
      MAPE: 0.2931
      sMAPE: 0.2541
      MASE: 0.6072
      ND: 0.2774
      CRPS: 0.2774
TIME run allocation action=new run=/fslarge/scratch/users/h61084/codes/tsrag_time/outputs/tsrag/evaluations/chronos_bolt_max/Finland_Traffic/15T/short/run_0 launch_id=selena_3452080 slurm_job_id=3452080 launched_at=2026-09-18T01:58:10.164091+00:00
[2026-09-18 01:58:10 UTC] evaluate method=chronos_bolt_max dataset=Finland_Traffic/15T term=short
    Total instances: 186, Series during experiment: 1, Windows: 186
    Collecting ground truth and context...
    Organizing data into arrays...
    Saved predictions (quantiles) to /fslarge/scratch/users/h61084/codes/tsrag_time/outputs/tsrag/evaluations/chronos_bolt_max/Finland_Traffic/15T/short/run_0/predictions.npz
    Computing per-window metrics...
    Saved metrics to /fslarge/scratch/users/h61084/codes/tsrag_time/outputs/tsrag/evaluations/chronos_bolt_max/Finland_Traffic/15T/short/run_0/metrics.npz
    Saved config to /fslarge/scratch/users/h61084/codes/tsrag_time/outputs/tsrag/evaluations/chronos_bolt_max/Finland_Traffic/15T/short/run_0/config.json
    Saved aggregate metrics to /fslarge/scratch/users/h61084/codes/tsrag_time/outputs/tsrag/evaluations/chronos_bolt_max/Finland_Traffic/15T/short/run_0/metrics_summary.json
    Metrics summary (averaged over all series/windows/variates):
      MSE: 886.2001
      MAE: 18.3162
      RMSE: 22.2846
      MAPE: 0.2285
      sMAPE: 0.2034
      MASE: 0.4453
      ND: 0.2109
      CRPS: 0.2109
TIME run allocation action=new run=/fslarge/scratch/users/h61084/codes/tsrag_time/outputs/tsrag/evaluations/chronos2_max/Finland_Traffic/15T/short/run_0 launch_id=selena_3452080 slurm_job_id=3452080 launched_at=2026-09-18T01:58:10.222088+00:00
[2026-09-18 01:58:10 UTC] evaluate method=chronos2_max dataset=Finland_Traffic/15T term=short
    Total instances: 186, Series during experiment: 1, Windows: 186
    Collecting ground truth and context...
    Organizing data into arrays...
    Saved predictions (quantiles) to /fslarge/scratch/users/h61084/codes/tsrag_time/outputs/tsrag/evaluations/chronos2_max/Finland_Traffic/15T/short/run_0/predictions.npz
    Computing per-window metrics...
    Saved metrics to /fslarge/scratch/users/h61084/codes/tsrag_time/outputs/tsrag/evaluations/chronos2_max/Finland_Traffic/15T/short/run_0/metrics.npz
    Saved config to /fslarge/scratch/users/h61084/codes/tsrag_time/outputs/tsrag/evaluations/chronos2_max/Finland_Traffic/15T/short/run_0/config.json
    Saved aggregate metrics to /fslarge/scratch/users/h61084/codes/tsrag_time/outputs/tsrag/evaluations/chronos2_max/Finland_Traffic/15T/short/run_0/metrics_summary.json
    Metrics summary (averaged over all series/windows/variates):
      MSE: 835.9955
      MAE: 16.5352
      RMSE: 20.3036
      MAPE: 0.2612
      sMAPE: 0.1848
      MASE: 0.4022
      ND: 0.2314
      CRPS: 0.2314
TIME run allocation action=new run=/fslarge/scratch/users/h61084/codes/tsrag_time/outputs/tsrag/evaluations/tsrag/Finland_Traffic/15T/short/run_0 launch_id=selena_3452080 slurm_job_id=3452080 launched_at=2026-09-18T01:58:10.297490+00:00
[2026-09-18 01:58:10 UTC] evaluate method=tsrag dataset=Finland_Traffic/15T term=short
    Total instances: 186, Series during experiment: 1, Windows: 186
    Collecting ground truth and context...
    Organizing data into arrays...
    Saved predictions (quantiles) to /fslarge/scratch/users/h61084/codes/tsrag_time/outputs/tsrag/evaluations/tsrag/Finland_Traffic/15T/short/run_0/predictions.npz
    Computing per-window metrics...
    Saved metrics to /fslarge/scratch/users/h61084/codes/tsrag_time/outputs/tsrag/evaluations/tsrag/Finland_Traffic/15T/short/run_0/metrics.npz
    Saved config to /fslarge/scratch/users/h61084/codes/tsrag_time/outputs/tsrag/evaluations/tsrag/Finland_Traffic/15T/short/run_0/config.json
    Saved aggregate metrics to /fslarge/scratch/users/h61084/codes/tsrag_time/outputs/tsrag/evaluations/tsrag/Finland_Traffic/15T/short/run_0/metrics_summary.json
    Metrics summary (averaged over all series/windows/variates):
      MSE: 1573.2990
      MAE: 24.2101
      RMSE: 28.9159
      MAPE: 0.2988
      sMAPE: 0.2504
      MASE: 0.5880
      ND: 0.2735
      CRPS: 0.2735
TIME run allocation action=new run=/fslarge/scratch/users/h61084/codes/tsrag_time/outputs/tsrag/evaluations/bayes_mixture/Finland_Traffic/15T/short/run_0 launch_id=selena_3452080 slurm_job_id=3452080 launched_at=2026-09-18T01:58:10.393436+00:00
[2026-09-18 01:58:10 UTC] evaluate method=bayes_mixture dataset=Finland_Traffic/15T term=short
    Total instances: 186, Series during experiment: 1, Windows: 186
    Collecting ground truth and context...
    Organizing data into arrays...
    Saved predictions (quantiles) to /fslarge/scratch/users/h61084/codes/tsrag_time/outputs/tsrag/evaluations/bayes_mixture/Finland_Traffic/15T/short/run_0/predictions.npz
    Computing per-window metrics...
    Saved metrics to /fslarge/scratch/users/h61084/codes/tsrag_time/outputs/tsrag/evaluations/bayes_mixture/Finland_Traffic/15T/short/run_0/metrics.npz
    Saved config to /fslarge/scratch/users/h61084/codes/tsrag_time/outputs/tsrag/evaluations/bayes_mixture/Finland_Traffic/15T/short/run_0/config.json
    Saved aggregate metrics to /fslarge/scratch/users/h61084/codes/tsrag_time/outputs/tsrag/evaluations/bayes_mixture/Finland_Traffic/15T/short/run_0/metrics_summary.json
    Metrics summary (averaged over all series/windows/variates):
      MSE: 795.0023
      MAE: 16.3240
      RMSE: 20.1355
      MAPE: 0.2565
      sMAPE: 0.1843
      MASE: 0.3970
      ND: 0.2272
      CRPS: 0.2272
TIME run allocation action=new run=/fslarge/scratch/users/h61084/codes/tsrag_time/outputs/tsrag/evaluations/chronos_t5_512/Finland_Traffic/15T/medium/run_0 launch_id=selena_3452080 slurm_job_id=3452080 launched_at=2026-09-18T01:58:10.462982+00:00
[2026-09-18 01:58:10 UTC] evaluate method=chronos_t5_512 dataset=Finland_Traffic/15T term=medium
    Total instances: 31, Series during experiment: 1, Windows: 31
    Collecting ground truth and context...
    Organizing data into arrays...
    Saved predictions (quantiles) to /fslarge/scratch/users/h61084/codes/tsrag_time/outputs/tsrag/evaluations/chronos_t5_512/Finland_Traffic/15T/medium/run_0/predictions.npz
    Computing per-window metrics...
    Saved metrics to /fslarge/scratch/users/h61084/codes/tsrag_time/outputs/tsrag/evaluations/chronos_t5_512/Finland_Traffic/15T/medium/run_0/metrics.npz
    Saved config to /fslarge/scratch/users/h61084/codes/tsrag_time/outputs/tsrag/evaluations/chronos_t5_512/Finland_Traffic/15T/medium/run_0/config.json
    Saved aggregate metrics to /fslarge/scratch/users/h61084/codes/tsrag_time/outputs/tsrag/evaluations/chronos_t5_512/Finland_Traffic/15T/medium/run_0/metrics_summary.json
    Metrics summary (averaged over all series/windows/variates):
      MSE: 2179.2344
      MAE: 30.0311
      RMSE: 43.3007
      MAPE: 0.3186
      sMAPE: 0.2762
      MASE: 0.7294
      ND: 0.2374
      CRPS: 0.2374
TIME run allocation action=new run=/fslarge/scratch/users/h61084/codes/tsrag_time/outputs/tsrag/evaluations/chronos_bolt_512/Finland_Traffic/15T/medium/run_0 launch_id=selena_3452080 slurm_job_id=3452080 launched_at=2026-09-18T01:58:10.496271+00:00
[2026-09-18 01:58:10 UTC] evaluate method=chronos_bolt_512 dataset=Finland_Traffic/15T term=medium
    Total instances: 31, Series during experiment: 1, Windows: 31
    Collecting ground truth and context...
    Organizing data into arrays...
    Saved predictions (quantiles) to /fslarge/scratch/users/h61084/codes/tsrag_time/outputs/tsrag/evaluations/chronos_bolt_512/Finland_Traffic/15T/medium/run_0/predictions.npz
    Computing per-window metrics...
    Saved metrics to /fslarge/scratch/users/h61084/codes/tsrag_time/outputs/tsrag/evaluations/chronos_bolt_512/Finland_Traffic/15T/medium/run_0/metrics.npz
    Saved config to /fslarge/scratch/users/h61084/codes/tsrag_time/outputs/tsrag/evaluations/chronos_bolt_512/Finland_Traffic/15T/medium/run_0/config.json
    Saved aggregate metrics to /fslarge/scratch/users/h61084/codes/tsrag_time/outputs/tsrag/evaluations/chronos_bolt_512/Finland_Traffic/15T/medium/run_0/metrics_summary.json
    Metrics summary (averaged over all series/windows/variates):
      MSE: 2614.3406
      MAE: 32.9500
      RMSE: 46.2167
      MAPE: 0.3599
      sMAPE: 0.2945
      MASE: 0.8002
      ND: 0.2628
      CRPS: 0.2628
TIME run allocation action=new run=/fslarge/scratch/users/h61084/codes/tsrag_time/outputs/tsrag/evaluations/chronos_bolt_max/Finland_Traffic/15T/medium/run_0 launch_id=selena_3452080 slurm_job_id=3452080 launched_at=2026-09-18T01:58:10.525654+00:00
[2026-09-18 01:58:10 UTC] evaluate method=chronos_bolt_max dataset=Finland_Traffic/15T term=medium
    Total instances: 31, Series during experiment: 1, Windows: 31
    Collecting ground truth and context...
    Organizing data into arrays...
    Saved predictions (quantiles) to /fslarge/scratch/users/h61084/codes/tsrag_time/outputs/tsrag/evaluations/chronos_bolt_max/Finland_Traffic/15T/medium/run_0/predictions.npz
    Computing per-window metrics...
    Saved metrics to /fslarge/scratch/users/h61084/codes/tsrag_time/outputs/tsrag/evaluations/chronos_bolt_max/Finland_Traffic/15T/medium/run_0/metrics.npz
    Saved config to /fslarge/scratch/users/h61084/codes/tsrag_time/outputs/tsrag/evaluations/chronos_bolt_max/Finland_Traffic/15T/medium/run_0/config.json
    Saved aggregate metrics to /fslarge/scratch/users/h61084/codes/tsrag_time/outputs/tsrag/evaluations/chronos_bolt_max/Finland_Traffic/15T/medium/run_0/metrics_summary.json
    Metrics summary (averaged over all series/windows/variates):
      MSE: 1548.3612
      MAE: 24.5482
      RMSE: 34.5191
      MAPE: 0.2860
      sMAPE: 0.2410
      MASE: 0.5967
      ND: 0.1971
      CRPS: 0.1971
TIME run allocation action=new run=/fslarge/scratch/users/h61084/codes/tsrag_time/outputs/tsrag/evaluations/chronos2_max/Finland_Traffic/15T/medium/run_0 launch_id=selena_3452080 slurm_job_id=3452080 launched_at=2026-09-18T01:58:10.554420+00:00
[2026-09-18 01:58:10 UTC] evaluate method=chronos2_max dataset=Finland_Traffic/15T term=medium
    Total instances: 31, Series during experiment: 1, Windows: 31
    Collecting ground truth and context...
    Organizing data into arrays...
    Saved predictions (quantiles) to /fslarge/scratch/users/h61084/codes/tsrag_time/outputs/tsrag/evaluations/chronos2_max/Finland_Traffic/15T/medium/run_0/predictions.npz
    Computing per-window metrics...
    Saved metrics to /fslarge/scratch/users/h61084/codes/tsrag_time/outputs/tsrag/evaluations/chronos2_max/Finland_Traffic/15T/medium/run_0/metrics.npz
    Saved config to /fslarge/scratch/users/h61084/codes/tsrag_time/outputs/tsrag/evaluations/chronos2_max/Finland_Traffic/15T/medium/run_0/config.json
    Saved aggregate metrics to /fslarge/scratch/users/h61084/codes/tsrag_time/outputs/tsrag/evaluations/chronos2_max/Finland_Traffic/15T/medium/run_0/metrics_summary.json
    Metrics summary (averaged over all series/windows/variates):
      MSE: 1455.0135
      MAE: 22.0362
      RMSE: 30.9316
      MAPE: 0.3024
      sMAPE: 0.2171
      MASE: 0.5358
      ND: 0.1782
      CRPS: 0.1782
TIME run allocation action=new run=/fslarge/scratch/users/h61084/codes/tsrag_time/outputs/tsrag/evaluations/tsrag/Finland_Traffic/15T/medium/run_0 launch_id=selena_3452080 slurm_job_id=3452080 launched_at=2026-09-18T01:58:10.597549+00:00
[2026-09-18 01:58:10 UTC] evaluate method=tsrag dataset=Finland_Traffic/15T term=medium
    Total instances: 31, Series during experiment: 1, Windows: 31
    Collecting ground truth and context...
    Organizing data into arrays...
    Saved predictions (quantiles) to /fslarge/scratch/users/h61084/codes/tsrag_time/outputs/tsrag/evaluations/tsrag/Finland_Traffic/15T/medium/run_0/predictions.npz
    Computing per-window metrics...
    Saved metrics to /fslarge/scratch/users/h61084/codes/tsrag_time/outputs/tsrag/evaluations/tsrag/Finland_Traffic/15T/medium/run_0/metrics.npz
    Saved config to /fslarge/scratch/users/h61084/codes/tsrag_time/outputs/tsrag/evaluations/tsrag/Finland_Traffic/15T/medium/run_0/config.json
    Saved aggregate metrics to /fslarge/scratch/users/h61084/codes/tsrag_time/outputs/tsrag/evaluations/tsrag/Finland_Traffic/15T/medium/run_0/metrics_summary.json
    Metrics summary (averaged over all series/windows/variates):
      MSE: 2484.9135
      MAE: 32.2517
      RMSE: 45.2832
      MAPE: 0.3596
      sMAPE: 0.2927
      MASE: 0.7832
      ND: 0.2568
      CRPS: 0.2568
TIME run allocation action=new run=/fslarge/scratch/users/h61084/codes/tsrag_time/outputs/tsrag/evaluations/bayes_mixture/Finland_Traffic/15T/medium/run_0 launch_id=selena_3452080 slurm_job_id=3452080 launched_at=2026-09-18T01:58:10.663824+00:00
[2026-09-18 01:58:10 UTC] evaluate method=bayes_mixture dataset=Finland_Traffic/15T term=medium
    Total instances: 31, Series during experiment: 1, Windows: 31
    Collecting ground truth and context...
    Organizing data into arrays...
    Saved predictions (quantiles) to /fslarge/scratch/users/h61084/codes/tsrag_time/outputs/tsrag/evaluations/bayes_mixture/Finland_Traffic/15T/medium/run_0/predictions.npz
    Computing per-window metrics...
    Saved metrics to /fslarge/scratch/users/h61084/codes/tsrag_time/outputs/tsrag/evaluations/bayes_mixture/Finland_Traffic/15T/medium/run_0/metrics.npz
    Saved config to /fslarge/scratch/users/h61084/codes/tsrag_time/outputs/tsrag/evaluations/bayes_mixture/Finland_Traffic/15T/medium/run_0/config.json
    Saved aggregate metrics to /fslarge/scratch/users/h61084/codes/tsrag_time/outputs/tsrag/evaluations/bayes_mixture/Finland_Traffic/15T/medium/run_0/metrics_summary.json
    Metrics summary (averaged over all series/windows/variates):
      MSE: 1403.1704
      MAE: 21.8525
      RMSE: 30.6212
      MAPE: 0.2995
      sMAPE: 0.2176
      MASE: 0.5313
      ND: 0.1765
      CRPS: 0.1765
TIME run allocation action=new run=/fslarge/scratch/users/h61084/codes/tsrag_time/outputs/tsrag/evaluations/chronos_t5_512/Finland_Traffic/15T/long/run_0 launch_id=selena_3452080 slurm_job_id=3452080 launched_at=2026-09-18T01:58:10.704457+00:00
[2026-09-18 01:58:10 UTC] evaluate method=chronos_t5_512 dataset=Finland_Traffic/15T term=long
    Total instances: 4, Series during experiment: 1, Windows: 4
    Collecting ground truth and context...
    Organizing data into arrays...
    Saved predictions (quantiles) to /fslarge/scratch/users/h61084/codes/tsrag_time/outputs/tsrag/evaluations/chronos_t5_512/Finland_Traffic/15T/long/run_0/predictions.npz
    Computing per-window metrics...
    Saved metrics to /fslarge/scratch/users/h61084/codes/tsrag_time/outputs/tsrag/evaluations/chronos_t5_512/Finland_Traffic/15T/long/run_0/metrics.npz
    Saved config to /fslarge/scratch/users/h61084/codes/tsrag_time/outputs/tsrag/evaluations/chronos_t5_512/Finland_Traffic/15T/long/run_0/config.json
    Saved aggregate metrics to /fslarge/scratch/users/h61084/codes/tsrag_time/outputs/tsrag/evaluations/chronos_t5_512/Finland_Traffic/15T/long/run_0/metrics_summary.json
    Metrics summary (averaged over all series/windows/variates):
      MSE: 3627.0001
      MAE: 39.0723
      RMSE: 59.9423
      MAPE: 0.3486
      sMAPE: 0.3302
      MASE: 0.9466
      ND: 0.2981
      CRPS: 0.2981
TIME run allocation action=new run=/fslarge/scratch/users/h61084/codes/tsrag_time/outputs/tsrag/evaluations/chronos_bolt_512/Finland_Traffic/15T/long/run_0 launch_id=selena_3452080 slurm_job_id=3452080 launched_at=2026-09-18T01:58:10.733428+00:00
[2026-09-18 01:58:10 UTC] evaluate method=chronos_bolt_512 dataset=Finland_Traffic/15T term=long
    Total instances: 4, Series during experiment: 1, Windows: 4
    Collecting ground truth and context...
    Organizing data into arrays...
    Saved predictions (quantiles) to /fslarge/scratch/users/h61084/codes/tsrag_time/outputs/tsrag/evaluations/chronos_bolt_512/Finland_Traffic/15T/long/run_0/predictions.npz
    Computing per-window metrics...
    Saved metrics to /fslarge/scratch/users/h61084/codes/tsrag_time/outputs/tsrag/evaluations/chronos_bolt_512/Finland_Traffic/15T/long/run_0/metrics.npz
    Saved config to /fslarge/scratch/users/h61084/codes/tsrag_time/outputs/tsrag/evaluations/chronos_bolt_512/Finland_Traffic/15T/long/run_0/config.json
    Saved aggregate metrics to /fslarge/scratch/users/h61084/codes/tsrag_time/outputs/tsrag/evaluations/chronos_bolt_512/Finland_Traffic/15T/long/run_0/metrics_summary.json
    Metrics summary (averaged over all series/windows/variates):
      MSE: 2298.8017
      MAE: 31.6256
      RMSE: 47.7210
      MAPE: 0.4245
      sMAPE: 0.2888
      MASE: 0.7665
      ND: 0.2423
      CRPS: 0.2423
TIME run allocation action=new run=/fslarge/scratch/users/h61084/codes/tsrag_time/outputs/tsrag/evaluations/chronos_bolt_max/Finland_Traffic/15T/long/run_0 launch_id=selena_3452080 slurm_job_id=3452080 launched_at=2026-09-18T01:58:10.758357+00:00
[2026-09-18 01:58:10 UTC] evaluate method=chronos_bolt_max dataset=Finland_Traffic/15T term=long
    Total instances: 4, Series during experiment: 1, Windows: 4
    Collecting ground truth and context...
    Organizing data into arrays...
    Saved predictions (quantiles) to /fslarge/scratch/users/h61084/codes/tsrag_time/outputs/tsrag/evaluations/chronos_bolt_max/Finland_Traffic/15T/long/run_0/predictions.npz
    Computing per-window metrics...
    Saved metrics to /fslarge/scratch/users/h61084/codes/tsrag_time/outputs/tsrag/evaluations/chronos_bolt_max/Finland_Traffic/15T/long/run_0/metrics.npz
    Saved config to /fslarge/scratch/users/h61084/codes/tsrag_time/outputs/tsrag/evaluations/chronos_bolt_max/Finland_Traffic/15T/long/run_0/config.json
    Saved aggregate metrics to /fslarge/scratch/users/h61084/codes/tsrag_time/outputs/tsrag/evaluations/chronos_bolt_max/Finland_Traffic/15T/long/run_0/metrics_summary.json
    Metrics summary (averaged over all series/windows/variates):
      MSE: 1905.4599
      MAE: 26.2331
      RMSE: 41.0546
      MAPE: 0.3631
      sMAPE: 0.2460
      MASE: 0.6364
      ND: 0.2025
      CRPS: 0.2025
TIME run allocation action=new run=/fslarge/scratch/users/h61084/codes/tsrag_time/outputs/tsrag/evaluations/chronos2_max/Finland_Traffic/15T/long/run_0 launch_id=selena_3452080 slurm_job_id=3452080 launched_at=2026-09-18T01:58:10.782971+00:00
[2026-09-18 01:58:10 UTC] evaluate method=chronos2_max dataset=Finland_Traffic/15T term=long
    Total instances: 4, Series during experiment: 1, Windows: 4
    Collecting ground truth and context...
    Organizing data into arrays...
    Saved predictions (quantiles) to /fslarge/scratch/users/h61084/codes/tsrag_time/outputs/tsrag/evaluations/chronos2_max/Finland_Traffic/15T/long/run_0/predictions.npz
    Computing per-window metrics...
    Saved metrics to /fslarge/scratch/users/h61084/codes/tsrag_time/outputs/tsrag/evaluations/chronos2_max/Finland_Traffic/15T/long/run_0/metrics.npz
    Saved config to /fslarge/scratch/users/h61084/codes/tsrag_time/outputs/tsrag/evaluations/chronos2_max/Finland_Traffic/15T/long/run_0/config.json
    Saved aggregate metrics to /fslarge/scratch/users/h61084/codes/tsrag_time/outputs/tsrag/evaluations/chronos2_max/Finland_Traffic/15T/long/run_0/metrics_summary.json
    Metrics summary (averaged over all series/windows/variates):
      MSE: 1830.3235
      MAE: 24.4235
      RMSE: 38.6678
      MAPE: 0.3722
      sMAPE: 0.2329
      MASE: 0.5926
      ND: 0.1891
      CRPS: 0.1891
TIME run allocation action=new run=/fslarge/scratch/users/h61084/codes/tsrag_time/outputs/tsrag/evaluations/tsrag/Finland_Traffic/15T/long/run_0 launch_id=selena_3452080 slurm_job_id=3452080 launched_at=2026-09-18T01:58:10.822226+00:00
[2026-09-18 01:58:10 UTC] evaluate method=tsrag dataset=Finland_Traffic/15T term=long
    Total instances: 4, Series during experiment: 1, Windows: 4
    Collecting ground truth and context...
    Organizing data into arrays...
    Saved predictions (quantiles) to /fslarge/scratch/users/h61084/codes/tsrag_time/outputs/tsrag/evaluations/tsrag/Finland_Traffic/15T/long/run_0/predictions.npz
    Computing per-window metrics...
    Saved metrics to /fslarge/scratch/users/h61084/codes/tsrag_time/outputs/tsrag/evaluations/tsrag/Finland_Traffic/15T/long/run_0/metrics.npz
    Saved config to /fslarge/scratch/users/h61084/codes/tsrag_time/outputs/tsrag/evaluations/tsrag/Finland_Traffic/15T/long/run_0/config.json
    Saved aggregate metrics to /fslarge/scratch/users/h61084/codes/tsrag_time/outputs/tsrag/evaluations/tsrag/Finland_Traffic/15T/long/run_0/metrics_summary.json
    Metrics summary (averaged over all series/windows/variates):
      MSE: 2289.5882
      MAE: 31.9546
      RMSE: 47.6340
      MAPE: 0.4300
      sMAPE: 0.2976
      MASE: 0.7745
      ND: 0.2447
      CRPS: 0.2447
TIME run allocation action=new run=/fslarge/scratch/users/h61084/codes/tsrag_time/outputs/tsrag/evaluations/bayes_mixture/Finland_Traffic/15T/long/run_0 launch_id=selena_3452080 slurm_job_id=3452080 launched_at=2026-09-18T01:58:10.884152+00:00
[2026-09-18 01:58:10 UTC] evaluate method=bayes_mixture dataset=Finland_Traffic/15T term=long
    Total instances: 4, Series during experiment: 1, Windows: 4
    Collecting ground truth and context...
    Organizing data into arrays...
    Saved predictions (quantiles) to /fslarge/scratch/users/h61084/codes/tsrag_time/outputs/tsrag/evaluations/bayes_mixture/Finland_Traffic/15T/long/run_0/predictions.npz
    Computing per-window metrics...
    Saved metrics to /fslarge/scratch/users/h61084/codes/tsrag_time/outputs/tsrag/evaluations/bayes_mixture/Finland_Traffic/15T/long/run_0/metrics.npz
    Saved config to /fslarge/scratch/users/h61084/codes/tsrag_time/outputs/tsrag/evaluations/bayes_mixture/Finland_Traffic/15T/long/run_0/config.json
    Saved aggregate metrics to /fslarge/scratch/users/h61084/codes/tsrag_time/outputs/tsrag/evaluations/bayes_mixture/Finland_Traffic/15T/long/run_0/metrics_summary.json
    Metrics summary (averaged over all series/windows/variates):
      MSE: 1671.1128
      MAE: 23.6343
      RMSE: 37.2391
      MAPE: 0.3670
      sMAPE: 0.2328
      MASE: 0.5735
      ND: 0.1828
      CRPS: 0.1828
TIME run allocation action=new run=/fslarge/scratch/users/h61084/codes/tsrag_time/outputs/tsrag/evaluations/chronos_t5_512/Port_Activity/D/short/run_0 launch_id=selena_3452080 slurm_job_id=3452080 launched_at=2026-09-18T01:58:10.931173+00:00
[2026-09-18 01:58:10 UTC] evaluate method=chronos_t5_512 dataset=Port_Activity/D term=short
    Total instances: 2376, Series during experiment: 198, Windows: 12
    Collecting ground truth and context...
    Detected to_univariate case: 198 flat series -> 99 series x 2 variates
    Organizing data into arrays...
    ⚠️  Predictions max value (394273.59) exceeds float16 safe range.
    ⚠️  Applying scale factor: 10 (values will be divided)
    Saved predictions (quantiles) to /fslarge/scratch/users/h61084/codes/tsrag_time/outputs/tsrag/evaluations/chronos_t5_512/Port_Activity/D/short/run_0/predictions.npz
    Computing per-window metrics...
    Saved metrics to /fslarge/scratch/users/h61084/codes/tsrag_time/outputs/tsrag/evaluations/chronos_t5_512/Port_Activity/D/short/run_0/metrics.npz
    Saved config to /fslarge/scratch/users/h61084/codes/tsrag_time/outputs/tsrag/evaluations/chronos_t5_512/Port_Activity/D/short/run_0/config.json
    Saved aggregate metrics to /fslarge/scratch/users/h61084/codes/tsrag_time/outputs/tsrag/evaluations/chronos_t5_512/Port_Activity/D/short/run_0/metrics_summary.json
    Metrics summary (averaged over all series/windows/variates):
      MSE: 1245946436.2306
      MAE: 17103.3802
      RMSE: 24354.8799
      MAPE: 1.3590
      sMAPE: 1.3063
      MASE: 0.7382
      ND: 0.8095
      CRPS: 0.8095
TIME run allocation action=new run=/fslarge/scratch/users/h61084/codes/tsrag_time/outputs/tsrag/evaluations/chronos_bolt_512/Port_Activity/D/short/run_0 launch_id=selena_3452080 slurm_job_id=3452080 launched_at=2026-09-18T01:58:11.166321+00:00
[2026-09-18 01:58:11 UTC] evaluate method=chronos_bolt_512 dataset=Port_Activity/D term=short
    Total instances: 2376, Series during experiment: 198, Windows: 12
    Collecting ground truth and context...
    Detected to_univariate case: 198 flat series -> 99 series x 2 variates
    Organizing data into arrays...
    ⚠️  Predictions max value (364278.56) exceeds float16 safe range.
    ⚠️  Applying scale factor: 10 (values will be divided)
    Saved predictions (quantiles) to /fslarge/scratch/users/h61084/codes/tsrag_time/outputs/tsrag/evaluations/chronos_bolt_512/Port_Activity/D/short/run_0/predictions.npz
    Computing per-window metrics...
    Saved metrics to /fslarge/scratch/users/h61084/codes/tsrag_time/outputs/tsrag/evaluations/chronos_bolt_512/Port_Activity/D/short/run_0/metrics.npz
    Saved config to /fslarge/scratch/users/h61084/codes/tsrag_time/outputs/tsrag/evaluations/chronos_bolt_512/Port_Activity/D/short/run_0/config.json
    Saved aggregate metrics to /fslarge/scratch/users/h61084/codes/tsrag_time/outputs/tsrag/evaluations/chronos_bolt_512/Port_Activity/D/short/run_0/metrics_summary.json
    Metrics summary (averaged over all series/windows/variates):
      MSE: 957545350.5348
      MAE: 15498.7295
      RMSE: 21289.4372
      MAPE: 2.6727
      sMAPE: 0.9496
      MASE: 0.6631
      ND: 0.7425
      CRPS: 0.7425
TIME run allocation action=new run=/fslarge/scratch/users/h61084/codes/tsrag_time/outputs/tsrag/evaluations/chronos_bolt_max/Port_Activity/D/short/run_0 launch_id=selena_3452080 slurm_job_id=3452080 launched_at=2026-09-18T01:58:11.398408+00:00
[2026-09-18 01:58:11 UTC] evaluate method=chronos_bolt_max dataset=Port_Activity/D term=short
    Total instances: 2376, Series during experiment: 198, Windows: 12
    Collecting ground truth and context...
    Detected to_univariate case: 198 flat series -> 99 series x 2 variates
    Organizing data into arrays...
    ⚠️  Predictions max value (359352.38) exceeds float16 safe range.
    ⚠️  Applying scale factor: 10 (values will be divided)
    Saved predictions (quantiles) to /fslarge/scratch/users/h61084/codes/tsrag_time/outputs/tsrag/evaluations/chronos_bolt_max/Port_Activity/D/short/run_0/predictions.npz
    Computing per-window metrics...
    Saved metrics to /fslarge/scratch/users/h61084/codes/tsrag_time/outputs/tsrag/evaluations/chronos_bolt_max/Port_Activity/D/short/run_0/metrics.npz
    Saved config to /fslarge/scratch/users/h61084/codes/tsrag_time/outputs/tsrag/evaluations/chronos_bolt_max/Port_Activity/D/short/run_0/config.json
    Saved aggregate metrics to /fslarge/scratch/users/h61084/codes/tsrag_time/outputs/tsrag/evaluations/chronos_bolt_max/Port_Activity/D/short/run_0/metrics_summary.json
    Metrics summary (averaged over all series/windows/variates):
      MSE: 957024307.0050
      MAE: 15456.3284
      RMSE: 21287.8250
      MAPE: 2.6430
      sMAPE: 0.9476
      MASE: 0.6620
      ND: 0.7475
      CRPS: 0.7475
TIME run allocation action=new run=/fslarge/scratch/users/h61084/codes/tsrag_time/outputs/tsrag/evaluations/chronos2_max/Port_Activity/D/short/run_0 launch_id=selena_3452080 slurm_job_id=3452080 launched_at=2026-09-18T01:58:11.628432+00:00
[2026-09-18 01:58:11 UTC] evaluate method=chronos2_max dataset=Port_Activity/D term=short
    Total instances: 2376, Series during experiment: 198, Windows: 12
    Collecting ground truth and context...
    Detected to_univariate case: 198 flat series -> 99 series x 2 variates
    Organizing data into arrays...
    ⚠️  Predictions max value (354135.69) exceeds float16 safe range.
    ⚠️  Applying scale factor: 10 (values will be divided)
    Saved predictions (quantiles) to /fslarge/scratch/users/h61084/codes/tsrag_time/outputs/tsrag/evaluations/chronos2_max/Port_Activity/D/short/run_0/predictions.npz
    Computing per-window metrics...
    Saved metrics to /fslarge/scratch/users/h61084/codes/tsrag_time/outputs/tsrag/evaluations/chronos2_max/Port_Activity/D/short/run_0/metrics.npz
    Saved config to /fslarge/scratch/users/h61084/codes/tsrag_time/outputs/tsrag/evaluations/chronos2_max/Port_Activity/D/short/run_0/config.json
    Saved aggregate metrics to /fslarge/scratch/users/h61084/codes/tsrag_time/outputs/tsrag/evaluations/chronos2_max/Port_Activity/D/short/run_0/metrics_summary.json
    Metrics summary (averaged over all series/windows/variates):
      MSE: 949152198.7171
      MAE: 15412.2398
      RMSE: 21205.5489
      MAPE: 2.7356
      sMAPE: 0.9460
      MASE: 0.6583
      ND: 0.7443
      CRPS: 0.7443
TIME run allocation action=new run=/fslarge/scratch/users/h61084/codes/tsrag_time/outputs/tsrag/evaluations/tsrag/Port_Activity/D/short/run_0 launch_id=selena_3452080 slurm_job_id=3452080 launched_at=2026-09-18T01:58:11.873390+00:00
[2026-09-18 01:58:11 UTC] evaluate method=tsrag dataset=Port_Activity/D term=short
    Total instances: 2376, Series during experiment: 198, Windows: 12
    Collecting ground truth and context...
    Detected to_univariate case: 198 flat series -> 99 series x 2 variates
    Organizing data into arrays...
    ⚠️  Predictions max value (360732.81) exceeds float16 safe range.
    ⚠️  Applying scale factor: 10 (values will be divided)
    Saved predictions (quantiles) to /fslarge/scratch/users/h61084/codes/tsrag_time/outputs/tsrag/evaluations/tsrag/Port_Activity/D/short/run_0/predictions.npz
    Computing per-window metrics...
    Saved metrics to /fslarge/scratch/users/h61084/codes/tsrag_time/outputs/tsrag/evaluations/tsrag/Port_Activity/D/short/run_0/metrics.npz
    Saved config to /fslarge/scratch/users/h61084/codes/tsrag_time/outputs/tsrag/evaluations/tsrag/Port_Activity/D/short/run_0/config.json
    Saved aggregate metrics to /fslarge/scratch/users/h61084/codes/tsrag_time/outputs/tsrag/evaluations/tsrag/Port_Activity/D/short/run_0/metrics_summary.json
    Metrics summary (averaged over all series/windows/variates):
      MSE: 954526809.4770
      MAE: 15481.6408
      RMSE: 21245.3698
      MAPE: 2.7287
      sMAPE: 0.9442
      MASE: 0.6625
      ND: 0.7439
      CRPS: 0.7439
TIME run allocation action=new run=/fslarge/scratch/users/h61084/codes/tsrag_time/outputs/tsrag/evaluations/bayes_mixture/Port_Activity/D/short/run_0 launch_id=selena_3452080 slurm_job_id=3452080 launched_at=2026-09-18T01:58:12.141865+00:00
[2026-09-18 01:58:12 UTC] evaluate method=bayes_mixture dataset=Port_Activity/D term=short
    Total instances: 2376, Series during experiment: 198, Windows: 12
    Collecting ground truth and context...
    Detected to_univariate case: 198 flat series -> 99 series x 2 variates
    Organizing data into arrays...
    ⚠️  Predictions max value (353968.56) exceeds float16 safe range.
    ⚠️  Applying scale factor: 10 (values will be divided)
    Saved predictions (quantiles) to /fslarge/scratch/users/h61084/codes/tsrag_time/outputs/tsrag/evaluations/bayes_mixture/Port_Activity/D/short/run_0/predictions.npz
    Computing per-window metrics...
    Saved metrics to /fslarge/scratch/users/h61084/codes/tsrag_time/outputs/tsrag/evaluations/bayes_mixture/Port_Activity/D/short/run_0/metrics.npz
    Saved config to /fslarge/scratch/users/h61084/codes/tsrag_time/outputs/tsrag/evaluations/bayes_mixture/Port_Activity/D/short/run_0/config.json
    Saved aggregate metrics to /fslarge/scratch/users/h61084/codes/tsrag_time/outputs/tsrag/evaluations/bayes_mixture/Port_Activity/D/short/run_0/metrics_summary.json
    Metrics summary (averaged over all series/windows/variates):
      MSE: 947735867.9390
      MAE: 15400.9841
      RMSE: 21178.2568
      MAPE: 2.7266
      sMAPE: 0.9410
      MASE: 0.6581
      ND: 0.7418
      CRPS: 0.7418
TIME run allocation action=new run=/fslarge/scratch/users/h61084/codes/tsrag_time/outputs/tsrag/evaluations/chronos_t5_512/Port_Activity/W/short/run_0 launch_id=selena_3452080 slurm_job_id=3452080 launched_at=2026-09-18T01:58:12.382563+00:00
[2026-09-18 01:58:12 UTC] evaluate method=chronos_t5_512 dataset=Port_Activity/W term=short
    Total instances: 792, Series during experiment: 198, Windows: 4
    Collecting ground truth and context...
    Detected to_univariate case: 198 flat series -> 99 series x 2 variates
    Organizing data into arrays...
    ⚠️  Predictions max value (2640691.50) exceeds float16 safe range.
    ⚠️  Applying scale factor: 100 (values will be divided)
    Saved predictions (quantiles) to /fslarge/scratch/users/h61084/codes/tsrag_time/outputs/tsrag/evaluations/chronos_t5_512/Port_Activity/W/short/run_0/predictions.npz
    Computing per-window metrics...
    Saved metrics to /fslarge/scratch/users/h61084/codes/tsrag_time/outputs/tsrag/evaluations/chronos_t5_512/Port_Activity/W/short/run_0/metrics.npz
    Saved config to /fslarge/scratch/users/h61084/codes/tsrag_time/outputs/tsrag/evaluations/chronos_t5_512/Port_Activity/W/short/run_0/config.json
    Saved aggregate metrics to /fslarge/scratch/users/h61084/codes/tsrag_time/outputs/tsrag/evaluations/chronos_t5_512/Port_Activity/W/short/run_0/metrics_summary.json
    Metrics summary (averaged over all series/windows/variates):
      MSE: 6609358668.7877
      MAE: 45369.3734
      RMSE: 55977.2451
      MAPE: 0.5245
      sMAPE: 0.3614
      MASE: 0.7987
      ND: 0.3402
      CRPS: 0.3402
TIME run allocation action=new run=/fslarge/scratch/users/h61084/codes/tsrag_time/outputs/tsrag/evaluations/chronos_bolt_512/Port_Activity/W/short/run_0 launch_id=selena_3452080 slurm_job_id=3452080 launched_at=2026-09-18T01:58:12.467298+00:00
[2026-09-18 01:58:12 UTC] evaluate method=chronos_bolt_512 dataset=Port_Activity/W term=short
    Total instances: 792, Series during experiment: 198, Windows: 4
    Collecting ground truth and context...
    Detected to_univariate case: 198 flat series -> 99 series x 2 variates
    Organizing data into arrays...
    ⚠️  Predictions max value (2567403.75) exceeds float16 safe range.
    ⚠️  Applying scale factor: 100 (values will be divided)
    Saved predictions (quantiles) to /fslarge/scratch/users/h61084/codes/tsrag_time/outputs/tsrag/evaluations/chronos_bolt_512/Port_Activity/W/short/run_0/predictions.npz
    Computing per-window metrics...
    Saved metrics to /fslarge/scratch/users/h61084/codes/tsrag_time/outputs/tsrag/evaluations/chronos_bolt_512/Port_Activity/W/short/run_0/metrics.npz
    Saved config to /fslarge/scratch/users/h61084/codes/tsrag_time/outputs/tsrag/evaluations/chronos_bolt_512/Port_Activity/W/short/run_0/config.json
    Saved aggregate metrics to /fslarge/scratch/users/h61084/codes/tsrag_time/outputs/tsrag/evaluations/chronos_bolt_512/Port_Activity/W/short/run_0/metrics_summary.json
    Metrics summary (averaged over all series/windows/variates):
      MSE: 5952594008.4286
      MAE: 43928.4211
      RMSE: 53759.6599
      MAPE: 0.6903
      sMAPE: 0.3411
      MASE: 0.7834
      ND: 0.3434
      CRPS: 0.3434
TIME run allocation action=new run=/fslarge/scratch/users/h61084/codes/tsrag_time/outputs/tsrag/evaluations/chronos_bolt_max/Port_Activity/W/short/run_0 launch_id=selena_3452080 slurm_job_id=3452080 launched_at=2026-09-18T01:58:12.549680+00:00
[2026-09-18 01:58:12 UTC] evaluate method=chronos_bolt_max dataset=Port_Activity/W term=short
    Total instances: 792, Series during experiment: 198, Windows: 4
    Collecting ground truth and context...
    Detected to_univariate case: 198 flat series -> 99 series x 2 variates
    Organizing data into arrays...
    ⚠️  Predictions max value (2567403.75) exceeds float16 safe range.
    ⚠️  Applying scale factor: 100 (values will be divided)
    Saved predictions (quantiles) to /fslarge/scratch/users/h61084/codes/tsrag_time/outputs/tsrag/evaluations/chronos_bolt_max/Port_Activity/W/short/run_0/predictions.npz
    Computing per-window metrics...
    Saved metrics to /fslarge/scratch/users/h61084/codes/tsrag_time/outputs/tsrag/evaluations/chronos_bolt_max/Port_Activity/W/short/run_0/metrics.npz
    Saved config to /fslarge/scratch/users/h61084/codes/tsrag_time/outputs/tsrag/evaluations/chronos_bolt_max/Port_Activity/W/short/run_0/config.json
    Saved aggregate metrics to /fslarge/scratch/users/h61084/codes/tsrag_time/outputs/tsrag/evaluations/chronos_bolt_max/Port_Activity/W/short/run_0/metrics_summary.json
    Metrics summary (averaged over all series/windows/variates):
      MSE: 5952594008.4286
      MAE: 43928.4211
      RMSE: 53759.6599
      MAPE: 0.6903
      sMAPE: 0.3411
      MASE: 0.7834
      ND: 0.3434
      CRPS: 0.3434
TIME run allocation action=new run=/fslarge/scratch/users/h61084/codes/tsrag_time/outputs/tsrag/evaluations/chronos2_max/Port_Activity/W/short/run_0 launch_id=selena_3452080 slurm_job_id=3452080 launched_at=2026-09-18T01:58:12.631263+00:00
[2026-09-18 01:58:12 UTC] evaluate method=chronos2_max dataset=Port_Activity/W term=short
    Total instances: 792, Series during experiment: 198, Windows: 4
    Collecting ground truth and context...
    Detected to_univariate case: 198 flat series -> 99 series x 2 variates
    Organizing data into arrays...
    ⚠️  Predictions max value (2522195.25) exceeds float16 safe range.
    ⚠️  Applying scale factor: 100 (values will be divided)
    Saved predictions (quantiles) to /fslarge/scratch/users/h61084/codes/tsrag_time/outputs/tsrag/evaluations/chronos2_max/Port_Activity/W/short/run_0/predictions.npz
    Computing per-window metrics...
    Saved metrics to /fslarge/scratch/users/h61084/codes/tsrag_time/outputs/tsrag/evaluations/chronos2_max/Port_Activity/W/short/run_0/metrics.npz
    Saved config to /fslarge/scratch/users/h61084/codes/tsrag_time/outputs/tsrag/evaluations/chronos2_max/Port_Activity/W/short/run_0/config.json
    Saved aggregate metrics to /fslarge/scratch/users/h61084/codes/tsrag_time/outputs/tsrag/evaluations/chronos2_max/Port_Activity/W/short/run_0/metrics_summary.json
    Metrics summary (averaged over all series/windows/variates):
      MSE: 5957653682.0464
      MAE: 43832.3427
      RMSE: 53649.4110
      MAPE: 0.6274
      sMAPE: 0.3413
      MASE: 0.7792
      ND: 0.3371
      CRPS: 0.3371
TIME run allocation action=new run=/fslarge/scratch/users/h61084/codes/tsrag_time/outputs/tsrag/evaluations/tsrag/Port_Activity/W/short/run_0 launch_id=selena_3452080 slurm_job_id=3452080 launched_at=2026-09-18T01:58:12.727688+00:00
[2026-09-18 01:58:12 UTC] evaluate method=tsrag dataset=Port_Activity/W term=short
    Total instances: 792, Series during experiment: 198, Windows: 4
    Collecting ground truth and context...
    Detected to_univariate case: 198 flat series -> 99 series x 2 variates
    Organizing data into arrays...
    ⚠️  Predictions max value (2567403.75) exceeds float16 safe range.
    ⚠️  Applying scale factor: 100 (values will be divided)
    Saved predictions (quantiles) to /fslarge/scratch/users/h61084/codes/tsrag_time/outputs/tsrag/evaluations/tsrag/Port_Activity/W/short/run_0/predictions.npz
    Computing per-window metrics...
    Saved metrics to /fslarge/scratch/users/h61084/codes/tsrag_time/outputs/tsrag/evaluations/tsrag/Port_Activity/W/short/run_0/metrics.npz
    Saved config to /fslarge/scratch/users/h61084/codes/tsrag_time/outputs/tsrag/evaluations/tsrag/Port_Activity/W/short/run_0/config.json
    Saved aggregate metrics to /fslarge/scratch/users/h61084/codes/tsrag_time/outputs/tsrag/evaluations/tsrag/Port_Activity/W/short/run_0/metrics_summary.json
    Metrics summary (averaged over all series/windows/variates):
      MSE: 5952594008.4286
      MAE: 43928.4211
      RMSE: 53759.6599
      MAPE: 0.6903
      sMAPE: 0.3411
      MASE: 0.7834
      ND: 0.3434
      CRPS: 0.3434
TIME run allocation action=new run=/fslarge/scratch/users/h61084/codes/tsrag_time/outputs/tsrag/evaluations/bayes_mixture/Port_Activity/W/short/run_0 launch_id=selena_3452080 slurm_job_id=3452080 launched_at=2026-09-18T01:58:12.846096+00:00
[2026-09-18 01:58:12 UTC] evaluate method=bayes_mixture dataset=Port_Activity/W term=short
    Total instances: 792, Series during experiment: 198, Windows: 4
    Collecting ground truth and context...
    Detected to_univariate case: 198 flat series -> 99 series x 2 variates
    Organizing data into arrays...
    ⚠️  Predictions max value (2539523.75) exceeds float16 safe range.
    ⚠️  Applying scale factor: 100 (values will be divided)
    Saved predictions (quantiles) to /fslarge/scratch/users/h61084/codes/tsrag_time/outputs/tsrag/evaluations/bayes_mixture/Port_Activity/W/short/run_0/predictions.npz
    Computing per-window metrics...
    Saved metrics to /fslarge/scratch/users/h61084/codes/tsrag_time/outputs/tsrag/evaluations/bayes_mixture/Port_Activity/W/short/run_0/metrics.npz
    Saved config to /fslarge/scratch/users/h61084/codes/tsrag_time/outputs/tsrag/evaluations/bayes_mixture/Port_Activity/W/short/run_0/config.json
    Saved aggregate metrics to /fslarge/scratch/users/h61084/codes/tsrag_time/outputs/tsrag/evaluations/bayes_mixture/Port_Activity/W/short/run_0/metrics_summary.json
    Metrics summary (averaged over all series/windows/variates):
      MSE: 5889198338.0185
      MAE: 43604.7960
      RMSE: 53419.5810
      MAPE: 0.6570
      sMAPE: 0.3392
      MASE: 0.7767
      ND: 0.3380
      CRPS: 0.3380
TIME run allocation action=new run=/fslarge/scratch/users/h61084/codes/tsrag_time/outputs/tsrag/evaluations/chronos_t5_512/ECDC_COVID/D/short/run_0 launch_id=selena_3452080 slurm_job_id=3452080 launched_at=2026-09-18T01:58:12.935405+00:00
[2026-09-18 01:58:12 UTC] evaluate method=chronos_t5_512 dataset=ECDC_COVID/D term=short
    Total instances: 45, Series during experiment: 9, Windows: 5
    Collecting ground truth and context...
    Organizing data into arrays...
    Saved predictions (quantiles) to /fslarge/scratch/users/h61084/codes/tsrag_time/outputs/tsrag/evaluations/chronos_t5_512/ECDC_COVID/D/short/run_0/predictions.npz
    Computing per-window metrics...
    Saved metrics to /fslarge/scratch/users/h61084/codes/tsrag_time/outputs/tsrag/evaluations/chronos_t5_512/ECDC_COVID/D/short/run_0/metrics.npz
    Saved config to /fslarge/scratch/users/h61084/codes/tsrag_time/outputs/tsrag/evaluations/chronos_t5_512/ECDC_COVID/D/short/run_0/config.json
    Saved aggregate metrics to /fslarge/scratch/users/h61084/codes/tsrag_time/outputs/tsrag/evaluations/chronos_t5_512/ECDC_COVID/D/short/run_0/metrics_summary.json
    Metrics summary (averaged over all series/windows/variates):
      MSE: 47547.7602
      MAE: 118.3652
      RMSE: 141.5814
      MAPE: 0.6170
      sMAPE: 0.3337
      MASE: 3.5106
      ND: 0.4241
      CRPS: 0.4241
TIME run allocation action=new run=/fslarge/scratch/users/h61084/codes/tsrag_time/outputs/tsrag/evaluations/chronos_bolt_512/ECDC_COVID/D/short/run_0 launch_id=selena_3452080 slurm_job_id=3452080 launched_at=2026-09-18T01:58:12.965041+00:00
[2026-09-18 01:58:12 UTC] evaluate method=chronos_bolt_512 dataset=ECDC_COVID/D term=short
    Total instances: 45, Series during experiment: 9, Windows: 5
    Collecting ground truth and context...
    Organizing data into arrays...
    Saved predictions (quantiles) to /fslarge/scratch/users/h61084/codes/tsrag_time/outputs/tsrag/evaluations/chronos_bolt_512/ECDC_COVID/D/short/run_0/predictions.npz
    Computing per-window metrics...
    Saved metrics to /fslarge/scratch/users/h61084/codes/tsrag_time/outputs/tsrag/evaluations/chronos_bolt_512/ECDC_COVID/D/short/run_0/metrics.npz
    Saved config to /fslarge/scratch/users/h61084/codes/tsrag_time/outputs/tsrag/evaluations/chronos_bolt_512/ECDC_COVID/D/short/run_0/config.json
    Saved aggregate metrics to /fslarge/scratch/users/h61084/codes/tsrag_time/outputs/tsrag/evaluations/chronos_bolt_512/ECDC_COVID/D/short/run_0/metrics_summary.json
    Metrics summary (averaged over all series/windows/variates):
      MSE: 48966.0292
      MAE: 126.3400
      RMSE: 146.5187
      MAPE: 0.5444
      sMAPE: 0.3388
      MASE: 3.6315
      ND: 0.4045
      CRPS: 0.4045
TIME run allocation action=new run=/fslarge/scratch/users/h61084/codes/tsrag_time/outputs/tsrag/evaluations/chronos_bolt_max/ECDC_COVID/D/short/run_0 launch_id=selena_3452080 slurm_job_id=3452080 launched_at=2026-09-18T01:58:12.992189+00:00
[2026-09-18 01:58:12 UTC] evaluate method=chronos_bolt_max dataset=ECDC_COVID/D term=short
    Total instances: 45, Series during experiment: 9, Windows: 5
    Collecting ground truth and context...
    Organizing data into arrays...
    Saved predictions (quantiles) to /fslarge/scratch/users/h61084/codes/tsrag_time/outputs/tsrag/evaluations/chronos_bolt_max/ECDC_COVID/D/short/run_0/predictions.npz
    Computing per-window metrics...
    Saved metrics to /fslarge/scratch/users/h61084/codes/tsrag_time/outputs/tsrag/evaluations/chronos_bolt_max/ECDC_COVID/D/short/run_0/metrics.npz
    Saved config to /fslarge/scratch/users/h61084/codes/tsrag_time/outputs/tsrag/evaluations/chronos_bolt_max/ECDC_COVID/D/short/run_0/config.json
    Saved aggregate metrics to /fslarge/scratch/users/h61084/codes/tsrag_time/outputs/tsrag/evaluations/chronos_bolt_max/ECDC_COVID/D/short/run_0/metrics_summary.json
    Metrics summary (averaged over all series/windows/variates):
      MSE: 60312.6301
      MAE: 134.3565
      RMSE: 156.9351
      MAPE: 0.5013
      sMAPE: 0.3378
      MASE: 3.5291
      ND: 0.3757
      CRPS: 0.3757
TIME run allocation action=new run=/fslarge/scratch/users/h61084/codes/tsrag_time/outputs/tsrag/evaluations/chronos2_max/ECDC_COVID/D/short/run_0 launch_id=selena_3452080 slurm_job_id=3452080 launched_at=2026-09-18T01:58:13.018155+00:00
[2026-09-18 01:58:13 UTC] evaluate method=chronos2_max dataset=ECDC_COVID/D term=short
    Total instances: 45, Series during experiment: 9, Windows: 5
    Collecting ground truth and context...
    Organizing data into arrays...
    Saved predictions (quantiles) to /fslarge/scratch/users/h61084/codes/tsrag_time/outputs/tsrag/evaluations/chronos2_max/ECDC_COVID/D/short/run_0/predictions.npz
    Computing per-window metrics...
    Saved metrics to /fslarge/scratch/users/h61084/codes/tsrag_time/outputs/tsrag/evaluations/chronos2_max/ECDC_COVID/D/short/run_0/metrics.npz
    Saved config to /fslarge/scratch/users/h61084/codes/tsrag_time/outputs/tsrag/evaluations/chronos2_max/ECDC_COVID/D/short/run_0/config.json
    Saved aggregate metrics to /fslarge/scratch/users/h61084/codes/tsrag_time/outputs/tsrag/evaluations/chronos2_max/ECDC_COVID/D/short/run_0/metrics_summary.json
    Metrics summary (averaged over all series/windows/variates):
      MSE: 50053.2315
      MAE: 122.2206
      RMSE: 143.2937
      MAPE: 0.5303
      sMAPE: 0.3391
      MASE: 3.2511
      ND: 0.4029
      CRPS: 0.4029
TIME run allocation action=new run=/fslarge/scratch/users/h61084/codes/tsrag_time/outputs/tsrag/evaluations/tsrag/ECDC_COVID/D/short/run_0 launch_id=selena_3452080 slurm_job_id=3452080 launched_at=2026-09-18T01:58:13.058843+00:00
[2026-09-18 01:58:13 UTC] evaluate method=tsrag dataset=ECDC_COVID/D term=short
    Total instances: 45, Series during experiment: 9, Windows: 5
    Collecting ground truth and context...
    Organizing data into arrays...
    Saved predictions (quantiles) to /fslarge/scratch/users/h61084/codes/tsrag_time/outputs/tsrag/evaluations/tsrag/ECDC_COVID/D/short/run_0/predictions.npz
    Computing per-window metrics...
    Saved metrics to /fslarge/scratch/users/h61084/codes/tsrag_time/outputs/tsrag/evaluations/tsrag/ECDC_COVID/D/short/run_0/metrics.npz
    Saved config to /fslarge/scratch/users/h61084/codes/tsrag_time/outputs/tsrag/evaluations/tsrag/ECDC_COVID/D/short/run_0/config.json
    Saved aggregate metrics to /fslarge/scratch/users/h61084/codes/tsrag_time/outputs/tsrag/evaluations/tsrag/ECDC_COVID/D/short/run_0/metrics_summary.json
    Metrics summary (averaged over all series/windows/variates):
      MSE: 49437.6224
      MAE: 125.7091
      RMSE: 145.7402
      MAPE: 0.5444
      sMAPE: 0.3300
      MASE: 3.4154
      ND: 0.4047
      CRPS: 0.4047
TIME run allocation action=new run=/fslarge/scratch/users/h61084/codes/tsrag_time/outputs/tsrag/evaluations/bayes_mixture/ECDC_COVID/D/short/run_0 launch_id=selena_3452080 slurm_job_id=3452080 launched_at=2026-09-18T01:58:13.122098+00:00
[2026-09-18 01:58:13 UTC] evaluate method=bayes_mixture dataset=ECDC_COVID/D term=short
    Total instances: 45, Series during experiment: 9, Windows: 5
    Collecting ground truth and context...
    Organizing data into arrays...
    Saved predictions (quantiles) to /fslarge/scratch/users/h61084/codes/tsrag_time/outputs/tsrag/evaluations/bayes_mixture/ECDC_COVID/D/short/run_0/predictions.npz
    Computing per-window metrics...
    Saved metrics to /fslarge/scratch/users/h61084/codes/tsrag_time/outputs/tsrag/evaluations/bayes_mixture/ECDC_COVID/D/short/run_0/metrics.npz
    Saved config to /fslarge/scratch/users/h61084/codes/tsrag_time/outputs/tsrag/evaluations/bayes_mixture/ECDC_COVID/D/short/run_0/config.json
    Saved aggregate metrics to /fslarge/scratch/users/h61084/codes/tsrag_time/outputs/tsrag/evaluations/bayes_mixture/ECDC_COVID/D/short/run_0/metrics_summary.json
    Metrics summary (averaged over all series/windows/variates):
      MSE: 47495.7856
      MAE: 120.0362
      RMSE: 140.4436
      MAPE: 0.5215
      sMAPE: 0.3191
      MASE: 3.1673
      ND: 0.3875
      CRPS: 0.3875
TIME run allocation action=new run=/fslarge/scratch/users/h61084/codes/tsrag_time/outputs/tsrag/evaluations/chronos_t5_512/ECDC_COVID/W/short/run_0 launch_id=selena_3452080 slurm_job_id=3452080 launched_at=2026-09-18T01:58:13.156064+00:00
[2026-09-18 01:58:13 UTC] evaluate method=chronos_t5_512 dataset=ECDC_COVID/W term=short
    Total instances: 64, Series during experiment: 16, Windows: 4
    Collecting ground truth and context...
    Organizing data into arrays...
    Saved predictions (quantiles) to /fslarge/scratch/users/h61084/codes/tsrag_time/outputs/tsrag/evaluations/chronos_t5_512/ECDC_COVID/W/short/run_0/predictions.npz
    Computing per-window metrics...
    Saved metrics to /fslarge/scratch/users/h61084/codes/tsrag_time/outputs/tsrag/evaluations/chronos_t5_512/ECDC_COVID/W/short/run_0/metrics.npz
    Saved config to /fslarge/scratch/users/h61084/codes/tsrag_time/outputs/tsrag/evaluations/chronos_t5_512/ECDC_COVID/W/short/run_0/config.json
    Saved aggregate metrics to /fslarge/scratch/users/h61084/codes/tsrag_time/outputs/tsrag/evaluations/chronos_t5_512/ECDC_COVID/W/short/run_0/metrics_summary.json
    Metrics summary (averaged over all series/windows/variates):
      MSE: 1048965.7139
      MAE: 434.5183
      RMSE: 532.8438
      MAPE: 1.1669
      sMAPE: 0.4977
      MASE: 1.2895
      ND: 0.6240
      CRPS: 0.6240
TIME run allocation action=new run=/fslarge/scratch/users/h61084/codes/tsrag_time/outputs/tsrag/evaluations/chronos_bolt_512/ECDC_COVID/W/short/run_0 launch_id=selena_3452080 slurm_job_id=3452080 launched_at=2026-09-18T01:58:13.185417+00:00
[2026-09-18 01:58:13 UTC] evaluate method=chronos_bolt_512 dataset=ECDC_COVID/W term=short
    Total instances: 64, Series during experiment: 16, Windows: 4
    Collecting ground truth and context...
    Organizing data into arrays...
    Saved predictions (quantiles) to /fslarge/scratch/users/h61084/codes/tsrag_time/outputs/tsrag/evaluations/chronos_bolt_512/ECDC_COVID/W/short/run_0/predictions.npz
    Computing per-window metrics...
    Saved metrics to /fslarge/scratch/users/h61084/codes/tsrag_time/outputs/tsrag/evaluations/chronos_bolt_512/ECDC_COVID/W/short/run_0/metrics.npz
    Saved config to /fslarge/scratch/users/h61084/codes/tsrag_time/outputs/tsrag/evaluations/chronos_bolt_512/ECDC_COVID/W/short/run_0/config.json
    Saved aggregate metrics to /fslarge/scratch/users/h61084/codes/tsrag_time/outputs/tsrag/evaluations/chronos_bolt_512/ECDC_COVID/W/short/run_0/metrics_summary.json
    Metrics summary (averaged over all series/windows/variates):
      MSE: 3144297.4611
      MAE: 570.0966
      RMSE: 646.4050
      MAPE: 0.9024
      sMAPE: 0.5312
      MASE: 1.3582
      ND: 0.5989
      CRPS: 0.5989
TIME run allocation action=new run=/fslarge/scratch/users/h61084/codes/tsrag_time/outputs/tsrag/evaluations/chronos_bolt_max/ECDC_COVID/W/short/run_0 launch_id=selena_3452080 slurm_job_id=3452080 launched_at=2026-09-18T01:58:13.212771+00:00
[2026-09-18 01:58:13 UTC] evaluate method=chronos_bolt_max dataset=ECDC_COVID/W term=short
    Total instances: 64, Series during experiment: 16, Windows: 4
    Collecting ground truth and context...
    Organizing data into arrays...
    Saved predictions (quantiles) to /fslarge/scratch/users/h61084/codes/tsrag_time/outputs/tsrag/evaluations/chronos_bolt_max/ECDC_COVID/W/short/run_0/predictions.npz
    Computing per-window metrics...
    Saved metrics to /fslarge/scratch/users/h61084/codes/tsrag_time/outputs/tsrag/evaluations/chronos_bolt_max/ECDC_COVID/W/short/run_0/metrics.npz
    Saved config to /fslarge/scratch/users/h61084/codes/tsrag_time/outputs/tsrag/evaluations/chronos_bolt_max/ECDC_COVID/W/short/run_0/config.json
    Saved aggregate metrics to /fslarge/scratch/users/h61084/codes/tsrag_time/outputs/tsrag/evaluations/chronos_bolt_max/ECDC_COVID/W/short/run_0/metrics_summary.json
    Metrics summary (averaged over all series/windows/variates):
      MSE: 3144297.4611
      MAE: 570.0966
      RMSE: 646.4050
      MAPE: 0.9024
      sMAPE: 0.5312
      MASE: 1.3582
      ND: 0.5989
      CRPS: 0.5989
TIME run allocation action=new run=/fslarge/scratch/users/h61084/codes/tsrag_time/outputs/tsrag/evaluations/chronos2_max/ECDC_COVID/W/short/run_0 launch_id=selena_3452080 slurm_job_id=3452080 launched_at=2026-09-18T01:58:13.239805+00:00
[2026-09-18 01:58:13 UTC] evaluate method=chronos2_max dataset=ECDC_COVID/W term=short
    Total instances: 64, Series during experiment: 16, Windows: 4
    Collecting ground truth and context...
    Organizing data into arrays...
    Saved predictions (quantiles) to /fslarge/scratch/users/h61084/codes/tsrag_time/outputs/tsrag/evaluations/chronos2_max/ECDC_COVID/W/short/run_0/predictions.npz
    Computing per-window metrics...
    Saved metrics to /fslarge/scratch/users/h61084/codes/tsrag_time/outputs/tsrag/evaluations/chronos2_max/ECDC_COVID/W/short/run_0/metrics.npz
    Saved config to /fslarge/scratch/users/h61084/codes/tsrag_time/outputs/tsrag/evaluations/chronos2_max/ECDC_COVID/W/short/run_0/config.json
    Saved aggregate metrics to /fslarge/scratch/users/h61084/codes/tsrag_time/outputs/tsrag/evaluations/chronos2_max/ECDC_COVID/W/short/run_0/metrics_summary.json
    Metrics summary (averaged over all series/windows/variates):
      MSE: 2437816.6919
      MAE: 573.4416
      RMSE: 668.2330
      MAPE: 1.0931
      sMAPE: 0.5419
      MASE: 1.4614
      ND: 0.6585
      CRPS: 0.6585
TIME run allocation action=new run=/fslarge/scratch/users/h61084/codes/tsrag_time/outputs/tsrag/evaluations/tsrag/ECDC_COVID/W/short/run_0 launch_id=selena_3452080 slurm_job_id=3452080 launched_at=2026-09-18T01:58:13.280901+00:00
[2026-09-18 01:58:13 UTC] evaluate method=tsrag dataset=ECDC_COVID/W term=short
    Total instances: 64, Series during experiment: 16, Windows: 4
    Collecting ground truth and context...
    Organizing data into arrays...
    Saved predictions (quantiles) to /fslarge/scratch/users/h61084/codes/tsrag_time/outputs/tsrag/evaluations/tsrag/ECDC_COVID/W/short/run_0/predictions.npz
    Computing per-window metrics...
    Saved metrics to /fslarge/scratch/users/h61084/codes/tsrag_time/outputs/tsrag/evaluations/tsrag/ECDC_COVID/W/short/run_0/metrics.npz
    Saved config to /fslarge/scratch/users/h61084/codes/tsrag_time/outputs/tsrag/evaluations/tsrag/ECDC_COVID/W/short/run_0/config.json
    Saved aggregate metrics to /fslarge/scratch/users/h61084/codes/tsrag_time/outputs/tsrag/evaluations/tsrag/ECDC_COVID/W/short/run_0/metrics_summary.json
    Metrics summary (averaged over all series/windows/variates):
      MSE: 3144297.4611
      MAE: 570.0966
      RMSE: 646.4050
      MAPE: 0.9024
      sMAPE: 0.5312
      MASE: 1.3582
      ND: 0.5989
      CRPS: 0.5989
TIME run allocation action=new run=/fslarge/scratch/users/h61084/codes/tsrag_time/outputs/tsrag/evaluations/bayes_mixture/ECDC_COVID/W/short/run_0 launch_id=selena_3452080 slurm_job_id=3452080 launched_at=2026-09-18T01:58:13.345347+00:00
[2026-09-18 01:58:13 UTC] evaluate method=bayes_mixture dataset=ECDC_COVID/W term=short
    Total instances: 64, Series during experiment: 16, Windows: 4
    Collecting ground truth and context...
    Organizing data into arrays...
    Saved predictions (quantiles) to /fslarge/scratch/users/h61084/codes/tsrag_time/outputs/tsrag/evaluations/bayes_mixture/ECDC_COVID/W/short/run_0/predictions.npz
    Computing per-window metrics...
    Saved metrics to /fslarge/scratch/users/h61084/codes/tsrag_time/outputs/tsrag/evaluations/bayes_mixture/ECDC_COVID/W/short/run_0/metrics.npz
    Saved config to /fslarge/scratch/users/h61084/codes/tsrag_time/outputs/tsrag/evaluations/bayes_mixture/ECDC_COVID/W/short/run_0/config.json
    Saved aggregate metrics to /fslarge/scratch/users/h61084/codes/tsrag_time/outputs/tsrag/evaluations/bayes_mixture/ECDC_COVID/W/short/run_0/metrics_summary.json
    Metrics summary (averaged over all series/windows/variates):
      MSE: 2629800.5674
      MAE: 542.2645
      RMSE: 623.8651
      MAPE: 0.9728
      sMAPE: 0.5118
      MASE: 1.3283
      ND: 0.6048
      CRPS: 0.6048
TIME run allocation action=new run=/fslarge/scratch/users/h61084/codes/tsrag_time/outputs/tsrag/evaluations/chronos_t5_512/Global_Influenza/W/short/run_0 launch_id=selena_3452080 slurm_job_id=3452080 launched_at=2026-09-18T01:58:13.380600+00:00
[2026-09-18 01:58:13 UTC] evaluate method=chronos_t5_512 dataset=Global_Influenza/W term=short
    Total instances: 240, Series during experiment: 60, Windows: 4
    Collecting ground truth and context...
    Detected to_univariate case: 60 flat series -> 15 series x 4 variates
    Organizing data into arrays...
    ⚠️  Predictions max value (75988.56) exceeds float16 safe range.
    ⚠️  Applying scale factor: 10 (values will be divided)
    Saved predictions (quantiles) to /fslarge/scratch/users/h61084/codes/tsrag_time/outputs/tsrag/evaluations/chronos_t5_512/Global_Influenza/W/short/run_0/predictions.npz
    Computing per-window metrics...
    Saved metrics to /fslarge/scratch/users/h61084/codes/tsrag_time/outputs/tsrag/evaluations/chronos_t5_512/Global_Influenza/W/short/run_0/metrics.npz
    Saved config to /fslarge/scratch/users/h61084/codes/tsrag_time/outputs/tsrag/evaluations/chronos_t5_512/Global_Influenza/W/short/run_0/config.json
    Saved aggregate metrics to /fslarge/scratch/users/h61084/codes/tsrag_time/outputs/tsrag/evaluations/chronos_t5_512/Global_Influenza/W/short/run_0/metrics_summary.json
    Metrics summary (averaged over all series/windows/variates):
      MSE: 3198602.0970
      MAE: 516.7777
      RMSE: 629.9287
      MAPE: 0.8002
      sMAPE: 0.5036
      MASE: 3.3986
      ND: 0.5266
      CRPS: 0.5266
TIME run allocation action=new run=/fslarge/scratch/users/h61084/codes/tsrag_time/outputs/tsrag/evaluations/chronos_bolt_512/Global_Influenza/W/short/run_0 launch_id=selena_3452080 slurm_job_id=3452080 launched_at=2026-09-18T01:58:13.422095+00:00
[2026-09-18 01:58:13 UTC] evaluate method=chronos_bolt_512 dataset=Global_Influenza/W term=short
    Total instances: 240, Series during experiment: 60, Windows: 4
    Collecting ground truth and context...
    Detected to_univariate case: 60 flat series -> 15 series x 4 variates
    Organizing data into arrays...
    ⚠️  Predictions max value (78548.91) exceeds float16 safe range.
    ⚠️  Applying scale factor: 10 (values will be divided)
    Saved predictions (quantiles) to /fslarge/scratch/users/h61084/codes/tsrag_time/outputs/tsrag/evaluations/chronos_bolt_512/Global_Influenza/W/short/run_0/predictions.npz
    Computing per-window metrics...
    Saved metrics to /fslarge/scratch/users/h61084/codes/tsrag_time/outputs/tsrag/evaluations/chronos_bolt_512/Global_Influenza/W/short/run_0/metrics.npz
    Saved config to /fslarge/scratch/users/h61084/codes/tsrag_time/outputs/tsrag/evaluations/chronos_bolt_512/Global_Influenza/W/short/run_0/config.json
    Saved aggregate metrics to /fslarge/scratch/users/h61084/codes/tsrag_time/outputs/tsrag/evaluations/chronos_bolt_512/Global_Influenza/W/short/run_0/metrics_summary.json
    Metrics summary (averaged over all series/windows/variates):
      MSE: 4573334.8691
      MAE: 530.6044
      RMSE: 658.5585
      MAPE: 0.7362
      sMAPE: 0.5172
      MASE: 2.8884
      ND: 0.5298
      CRPS: 0.5298
TIME run allocation action=new run=/fslarge/scratch/users/h61084/codes/tsrag_time/outputs/tsrag/evaluations/chronos_bolt_max/Global_Influenza/W/short/run_0 launch_id=selena_3452080 slurm_job_id=3452080 launched_at=2026-09-18T01:58:13.464419+00:00
[2026-09-18 01:58:13 UTC] evaluate method=chronos_bolt_max dataset=Global_Influenza/W term=short
    Total instances: 240, Series during experiment: 60, Windows: 4
    Collecting ground truth and context...
    Detected to_univariate case: 60 flat series -> 15 series x 4 variates
    Organizing data into arrays...
    ⚠️  Predictions max value (78548.91) exceeds float16 safe range.
    ⚠️  Applying scale factor: 10 (values will be divided)
    Saved predictions (quantiles) to /fslarge/scratch/users/h61084/codes/tsrag_time/outputs/tsrag/evaluations/chronos_bolt_max/Global_Influenza/W/short/run_0/predictions.npz
    Computing per-window metrics...
    Saved metrics to /fslarge/scratch/users/h61084/codes/tsrag_time/outputs/tsrag/evaluations/chronos_bolt_max/Global_Influenza/W/short/run_0/metrics.npz
    Saved config to /fslarge/scratch/users/h61084/codes/tsrag_time/outputs/tsrag/evaluations/chronos_bolt_max/Global_Influenza/W/short/run_0/config.json
    Saved aggregate metrics to /fslarge/scratch/users/h61084/codes/tsrag_time/outputs/tsrag/evaluations/chronos_bolt_max/Global_Influenza/W/short/run_0/metrics_summary.json
    Metrics summary (averaged over all series/windows/variates):
      MSE: 4573334.8691
      MAE: 530.6044
      RMSE: 658.5585
      MAPE: 0.7362
      sMAPE: 0.5172
      MASE: 2.8884
      ND: 0.5298
      CRPS: 0.5298
TIME run allocation action=new run=/fslarge/scratch/users/h61084/codes/tsrag_time/outputs/tsrag/evaluations/chronos2_max/Global_Influenza/W/short/run_0 launch_id=selena_3452080 slurm_job_id=3452080 launched_at=2026-09-18T01:58:13.505660+00:00
[2026-09-18 01:58:13 UTC] evaluate method=chronos2_max dataset=Global_Influenza/W term=short
    Total instances: 240, Series during experiment: 60, Windows: 4
    Collecting ground truth and context...
    Detected to_univariate case: 60 flat series -> 15 series x 4 variates
    Organizing data into arrays...
    ⚠️  Predictions max value (76647.07) exceeds float16 safe range.
    ⚠️  Applying scale factor: 10 (values will be divided)
    Saved predictions (quantiles) to /fslarge/scratch/users/h61084/codes/tsrag_time/outputs/tsrag/evaluations/chronos2_max/Global_Influenza/W/short/run_0/predictions.npz
    Computing per-window metrics...
    Saved metrics to /fslarge/scratch/users/h61084/codes/tsrag_time/outputs/tsrag/evaluations/chronos2_max/Global_Influenza/W/short/run_0/metrics.npz
    Saved config to /fslarge/scratch/users/h61084/codes/tsrag_time/outputs/tsrag/evaluations/chronos2_max/Global_Influenza/W/short/run_0/config.json
    Saved aggregate metrics to /fslarge/scratch/users/h61084/codes/tsrag_time/outputs/tsrag/evaluations/chronos2_max/Global_Influenza/W/short/run_0/metrics_summary.json
    Metrics summary (averaged over all series/windows/variates):
      MSE: 2518067.0852
      MAE: 440.6013
      RMSE: 557.9441
      MAPE: 0.6219
      sMAPE: 0.4610
      MASE: 2.7027
      ND: 0.4612
      CRPS: 0.4612
TIME run allocation action=new run=/fslarge/scratch/users/h61084/codes/tsrag_time/outputs/tsrag/evaluations/tsrag/Global_Influenza/W/short/run_0 launch_id=selena_3452080 slurm_job_id=3452080 launched_at=2026-09-18T01:58:13.574293+00:00
[2026-09-18 01:58:13 UTC] evaluate method=tsrag dataset=Global_Influenza/W term=short
    Total instances: 240, Series during experiment: 60, Windows: 4
    Collecting ground truth and context...
    Detected to_univariate case: 60 flat series -> 15 series x 4 variates
    Organizing data into arrays...
    ⚠️  Predictions max value (78548.91) exceeds float16 safe range.
    ⚠️  Applying scale factor: 10 (values will be divided)
    Saved predictions (quantiles) to /fslarge/scratch/users/h61084/codes/tsrag_time/outputs/tsrag/evaluations/tsrag/Global_Influenza/W/short/run_0/predictions.npz
    Computing per-window metrics...
    Saved metrics to /fslarge/scratch/users/h61084/codes/tsrag_time/outputs/tsrag/evaluations/tsrag/Global_Influenza/W/short/run_0/metrics.npz
    Saved config to /fslarge/scratch/users/h61084/codes/tsrag_time/outputs/tsrag/evaluations/tsrag/Global_Influenza/W/short/run_0/config.json
    Saved aggregate metrics to /fslarge/scratch/users/h61084/codes/tsrag_time/outputs/tsrag/evaluations/tsrag/Global_Influenza/W/short/run_0/metrics_summary.json
    Metrics summary (averaged over all series/windows/variates):
      MSE: 4573334.8691
      MAE: 530.6044
      RMSE: 658.5585
      MAPE: 0.7362
      sMAPE: 0.5172
      MASE: 2.8884
      ND: 0.5298
      CRPS: 0.5298
TIME run allocation action=new run=/fslarge/scratch/users/h61084/codes/tsrag_time/outputs/tsrag/evaluations/bayes_mixture/Global_Influenza/W/short/run_0 launch_id=selena_3452080 slurm_job_id=3452080 launched_at=2026-09-18T01:58:13.652449+00:00
[2026-09-18 01:58:13 UTC] evaluate method=bayes_mixture dataset=Global_Influenza/W term=short
    Total instances: 240, Series during experiment: 60, Windows: 4
    Collecting ground truth and context...
    Detected to_univariate case: 60 flat series -> 15 series x 4 variates
    Organizing data into arrays...
    ⚠️  Predictions max value (75769.08) exceeds float16 safe range.
    ⚠️  Applying scale factor: 10 (values will be divided)
    Saved predictions (quantiles) to /fslarge/scratch/users/h61084/codes/tsrag_time/outputs/tsrag/evaluations/bayes_mixture/Global_Influenza/W/short/run_0/predictions.npz
    Computing per-window metrics...
    Saved metrics to /fslarge/scratch/users/h61084/codes/tsrag_time/outputs/tsrag/evaluations/bayes_mixture/Global_Influenza/W/short/run_0/metrics.npz
    Saved config to /fslarge/scratch/users/h61084/codes/tsrag_time/outputs/tsrag/evaluations/bayes_mixture/Global_Influenza/W/short/run_0/config.json
    Saved aggregate metrics to /fslarge/scratch/users/h61084/codes/tsrag_time/outputs/tsrag/evaluations/bayes_mixture/Global_Influenza/W/short/run_0/metrics_summary.json
    Metrics summary (averaged over all series/windows/variates):
      MSE: 2977822.3936
      MAE: 455.1685
      RMSE: 578.6707
      MAPE: 0.6454
      sMAPE: 0.4665
      MASE: 2.6975
      ND: 0.4681
      CRPS: 0.4681
TIME run allocation action=new run=/fslarge/scratch/users/h61084/codes/tsrag_time/outputs/tsrag/evaluations/chronos_t5_512/Crypto/D/short/run_0 launch_id=selena_3452080 slurm_job_id=3452080 launched_at=2026-09-18T01:58:13.701824+00:00
[2026-09-18 01:58:13 UTC] evaluate method=chronos_t5_512 dataset=Crypto/D term=short
    Total instances: 36, Series during experiment: 4, Windows: 9
    Collecting ground truth and context...
    Detected to_univariate case: 4 flat series -> 1 series x 4 variates
    Organizing data into arrays...
    ⚠️  Predictions max value (121835.23) exceeds float16 safe range.
    ⚠️  Applying scale factor: 10 (values will be divided)
    Saved predictions (quantiles) to /fslarge/scratch/users/h61084/codes/tsrag_time/outputs/tsrag/evaluations/chronos_t5_512/Crypto/D/short/run_0/predictions.npz
    Computing per-window metrics...
    Saved metrics to /fslarge/scratch/users/h61084/codes/tsrag_time/outputs/tsrag/evaluations/chronos_t5_512/Crypto/D/short/run_0/metrics.npz
    Saved config to /fslarge/scratch/users/h61084/codes/tsrag_time/outputs/tsrag/evaluations/chronos_t5_512/Crypto/D/short/run_0/config.json
    Saved aggregate metrics to /fslarge/scratch/users/h61084/codes/tsrag_time/outputs/tsrag/evaluations/chronos_t5_512/Crypto/D/short/run_0/metrics_summary.json
    Metrics summary (averaged over all series/windows/variates):
      MSE: 15297303.6907
      MAE: 1541.0736
      RMSE: 1784.6227
      MAPE: 0.1008
      sMAPE: 0.1006
      MASE: 6.7523
      ND: 0.1017
      CRPS: 0.1017
TIME run allocation action=new run=/fslarge/scratch/users/h61084/codes/tsrag_time/outputs/tsrag/evaluations/chronos_bolt_512/Crypto/D/short/run_0 launch_id=selena_3452080 slurm_job_id=3452080 launched_at=2026-09-18T01:58:13.731198+00:00
[2026-09-18 01:58:13 UTC] evaluate method=chronos_bolt_512 dataset=Crypto/D term=short
    Total instances: 36, Series during experiment: 4, Windows: 9
    Collecting ground truth and context...
    Detected to_univariate case: 4 flat series -> 1 series x 4 variates
    Organizing data into arrays...
    ⚠️  Predictions max value (119130.53) exceeds float16 safe range.
    ⚠️  Applying scale factor: 10 (values will be divided)
    Saved predictions (quantiles) to /fslarge/scratch/users/h61084/codes/tsrag_time/outputs/tsrag/evaluations/chronos_bolt_512/Crypto/D/short/run_0/predictions.npz
    Computing per-window metrics...
    Saved metrics to /fslarge/scratch/users/h61084/codes/tsrag_time/outputs/tsrag/evaluations/chronos_bolt_512/Crypto/D/short/run_0/metrics.npz
    Saved config to /fslarge/scratch/users/h61084/codes/tsrag_time/outputs/tsrag/evaluations/chronos_bolt_512/Crypto/D/short/run_0/config.json
    Saved aggregate metrics to /fslarge/scratch/users/h61084/codes/tsrag_time/outputs/tsrag/evaluations/chronos_bolt_512/Crypto/D/short/run_0/metrics_summary.json
    Metrics summary (averaged over all series/windows/variates):
      MSE: 10862266.0871
      MAE: 1462.8243
      RMSE: 1685.8348
      MAPE: 0.1030
      sMAPE: 0.1037
      MASE: 6.7631
      ND: 0.1042
      CRPS: 0.1042
TIME run allocation action=new run=/fslarge/scratch/users/h61084/codes/tsrag_time/outputs/tsrag/evaluations/chronos_bolt_max/Crypto/D/short/run_0 launch_id=selena_3452080 slurm_job_id=3452080 launched_at=2026-09-18T01:58:13.757801+00:00
[2026-09-18 01:58:13 UTC] evaluate method=chronos_bolt_max dataset=Crypto/D term=short
    Total instances: 36, Series during experiment: 4, Windows: 9
    Collecting ground truth and context...
    Detected to_univariate case: 4 flat series -> 1 series x 4 variates
    Organizing data into arrays...
    ⚠️  Predictions max value (119615.10) exceeds float16 safe range.
    ⚠️  Applying scale factor: 10 (values will be divided)
    Saved predictions (quantiles) to /fslarge/scratch/users/h61084/codes/tsrag_time/outputs/tsrag/evaluations/chronos_bolt_max/Crypto/D/short/run_0/predictions.npz
    Computing per-window metrics...
    Saved metrics to /fslarge/scratch/users/h61084/codes/tsrag_time/outputs/tsrag/evaluations/chronos_bolt_max/Crypto/D/short/run_0/metrics.npz
    Saved config to /fslarge/scratch/users/h61084/codes/tsrag_time/outputs/tsrag/evaluations/chronos_bolt_max/Crypto/D/short/run_0/config.json
    Saved aggregate metrics to /fslarge/scratch/users/h61084/codes/tsrag_time/outputs/tsrag/evaluations/chronos_bolt_max/Crypto/D/short/run_0/metrics_summary.json
    Metrics summary (averaged over all series/windows/variates):
      MSE: 11710806.9858
      MAE: 1443.1455
      RMSE: 1686.3647
      MAPE: 0.0998
      sMAPE: 0.1008
      MASE: 6.6506
      ND: 0.1011
      CRPS: 0.1011
TIME run allocation action=new run=/fslarge/scratch/users/h61084/codes/tsrag_time/outputs/tsrag/evaluations/chronos2_max/Crypto/D/short/run_0 launch_id=selena_3452080 slurm_job_id=3452080 launched_at=2026-09-18T01:58:13.783878+00:00
[2026-09-18 01:58:13 UTC] evaluate method=chronos2_max dataset=Crypto/D term=short
    Total instances: 36, Series during experiment: 4, Windows: 9
    Collecting ground truth and context...
    Detected to_univariate case: 4 flat series -> 1 series x 4 variates
    Organizing data into arrays...
    ⚠️  Predictions max value (116893.31) exceeds float16 safe range.
    ⚠️  Applying scale factor: 10 (values will be divided)
    Saved predictions (quantiles) to /fslarge/scratch/users/h61084/codes/tsrag_time/outputs/tsrag/evaluations/chronos2_max/Crypto/D/short/run_0/predictions.npz
    Computing per-window metrics...
    Saved metrics to /fslarge/scratch/users/h61084/codes/tsrag_time/outputs/tsrag/evaluations/chronos2_max/Crypto/D/short/run_0/metrics.npz
    Saved config to /fslarge/scratch/users/h61084/codes/tsrag_time/outputs/tsrag/evaluations/chronos2_max/Crypto/D/short/run_0/config.json
    Saved aggregate metrics to /fslarge/scratch/users/h61084/codes/tsrag_time/outputs/tsrag/evaluations/chronos2_max/Crypto/D/short/run_0/metrics_summary.json
    Metrics summary (averaged over all series/windows/variates):
      MSE: 13407374.4121
      MAE: 1476.1529
      RMSE: 1767.7674
      MAPE: 0.0932
      sMAPE: 0.0935
      MASE: 6.4147
      ND: 0.0945
      CRPS: 0.0945
TIME run allocation action=new run=/fslarge/scratch/users/h61084/codes/tsrag_time/outputs/tsrag/evaluations/tsrag/Crypto/D/short/run_0 launch_id=selena_3452080 slurm_job_id=3452080 launched_at=2026-09-18T01:58:13.824040+00:00
[2026-09-18 01:58:13 UTC] evaluate method=tsrag dataset=Crypto/D term=short
    Total instances: 36, Series during experiment: 4, Windows: 9
    Collecting ground truth and context...
    Detected to_univariate case: 4 flat series -> 1 series x 4 variates
    Organizing data into arrays...
    ⚠️  Predictions max value (118057.19) exceeds float16 safe range.
    ⚠️  Applying scale factor: 10 (values will be divided)
    Saved predictions (quantiles) to /fslarge/scratch/users/h61084/codes/tsrag_time/outputs/tsrag/evaluations/tsrag/Crypto/D/short/run_0/predictions.npz
    Computing per-window metrics...
    Saved metrics to /fslarge/scratch/users/h61084/codes/tsrag_time/outputs/tsrag/evaluations/tsrag/Crypto/D/short/run_0/metrics.npz
    Saved config to /fslarge/scratch/users/h61084/codes/tsrag_time/outputs/tsrag/evaluations/tsrag/Crypto/D/short/run_0/config.json
    Saved aggregate metrics to /fslarge/scratch/users/h61084/codes/tsrag_time/outputs/tsrag/evaluations/tsrag/Crypto/D/short/run_0/metrics_summary.json
    Metrics summary (averaged over all series/windows/variates):
      MSE: 11356705.8596
      MAE: 1467.4980
      RMSE: 1705.9932
      MAPE: 0.0989
      sMAPE: 0.1010
      MASE: 6.6059
      ND: 0.1005
      CRPS: 0.1005
TIME run allocation action=new run=/fslarge/scratch/users/h61084/codes/tsrag_time/outputs/tsrag/evaluations/bayes_mixture/Crypto/D/short/run_0 launch_id=selena_3452080 slurm_job_id=3452080 launched_at=2026-09-18T01:58:13.887792+00:00
[2026-09-18 01:58:13 UTC] evaluate method=bayes_mixture dataset=Crypto/D term=short
    Total instances: 36, Series during experiment: 4, Windows: 9
    Collecting ground truth and context...
    Detected to_univariate case: 4 flat series -> 1 series x 4 variates
    Organizing data into arrays...
    ⚠️  Predictions max value (117126.09) exceeds float16 safe range.
    ⚠️  Applying scale factor: 10 (values will be divided)
    Saved predictions (quantiles) to /fslarge/scratch/users/h61084/codes/tsrag_time/outputs/tsrag/evaluations/bayes_mixture/Crypto/D/short/run_0/predictions.npz
    Computing per-window metrics...
    Saved metrics to /fslarge/scratch/users/h61084/codes/tsrag_time/outputs/tsrag/evaluations/bayes_mixture/Crypto/D/short/run_0/metrics.npz
    Saved config to /fslarge/scratch/users/h61084/codes/tsrag_time/outputs/tsrag/evaluations/bayes_mixture/Crypto/D/short/run_0/config.json
    Saved aggregate metrics to /fslarge/scratch/users/h61084/codes/tsrag_time/outputs/tsrag/evaluations/bayes_mixture/Crypto/D/short/run_0/metrics_summary.json
    Metrics summary (averaged over all series/windows/variates):
      MSE: 12697844.6917
      MAE: 1453.2773
      RMSE: 1729.1081
      MAPE: 0.0934
      sMAPE: 0.0940
      MASE: 6.3825
      ND: 0.0947
      CRPS: 0.0947
TIME run allocation action=new run=/fslarge/scratch/users/h61084/codes/tsrag_time/outputs/tsrag/evaluations/chronos_t5_512/US_Term_Structure/B/short/run_0 launch_id=selena_3452080 slurm_job_id=3452080 launched_at=2026-09-18T01:58:13.990598+00:00
[2026-09-18 01:58:13 UTC] evaluate method=chronos_t5_512 dataset=US_Term_Structure/B term=short
    Total instances: 1400, Series during experiment: 40, Windows: 35
    Collecting ground truth and context...
    Detected to_univariate case: 40 flat series -> 1 series x 40 variates
    Organizing data into arrays...
    Saved predictions (quantiles) to /fslarge/scratch/users/h61084/codes/tsrag_time/outputs/tsrag/evaluations/chronos_t5_512/US_Term_Structure/B/short/run_0/predictions.npz
    Computing per-window metrics...
    Saved metrics to /fslarge/scratch/users/h61084/codes/tsrag_time/outputs/tsrag/evaluations/chronos_t5_512/US_Term_Structure/B/short/run_0/metrics.npz
    Saved config to /fslarge/scratch/users/h61084/codes/tsrag_time/outputs/tsrag/evaluations/chronos_t5_512/US_Term_Structure/B/short/run_0/config.json
    Saved aggregate metrics to /fslarge/scratch/users/h61084/codes/tsrag_time/outputs/tsrag/evaluations/chronos_t5_512/US_Term_Structure/B/short/run_0/metrics_summary.json
    Metrics summary (averaged over all series/windows/variates):
      MSE: 0.0253
      MAE: 0.1060
      RMSE: 0.1273
      MAPE: 0.9566
      sMAPE: 0.2593
      MASE: 1.5382
      ND: 0.2553
      CRPS: 0.2553
TIME run allocation action=new run=/fslarge/scratch/users/h61084/codes/tsrag_time/outputs/tsrag/evaluations/chronos_bolt_512/US_Term_Structure/B/short/run_0 launch_id=selena_3452080 slurm_job_id=3452080 launched_at=2026-09-18T01:58:14.207545+00:00
[2026-09-18 01:58:14 UTC] evaluate method=chronos_bolt_512 dataset=US_Term_Structure/B term=short
    Total instances: 1400, Series during experiment: 40, Windows: 35
    Collecting ground truth and context...
    Detected to_univariate case: 40 flat series -> 1 series x 40 variates
    Organizing data into arrays...
    Saved predictions (quantiles) to /fslarge/scratch/users/h61084/codes/tsrag_time/outputs/tsrag/evaluations/chronos_bolt_512/US_Term_Structure/B/short/run_0/predictions.npz
    Computing per-window metrics...
    Saved metrics to /fslarge/scratch/users/h61084/codes/tsrag_time/outputs/tsrag/evaluations/chronos_bolt_512/US_Term_Structure/B/short/run_0/metrics.npz
    Saved config to /fslarge/scratch/users/h61084/codes/tsrag_time/outputs/tsrag/evaluations/chronos_bolt_512/US_Term_Structure/B/short/run_0/config.json
    Saved aggregate metrics to /fslarge/scratch/users/h61084/codes/tsrag_time/outputs/tsrag/evaluations/chronos_bolt_512/US_Term_Structure/B/short/run_0/metrics_summary.json
    Metrics summary (averaged over all series/windows/variates):
      MSE: 0.0213
      MAE: 0.1033
      RMSE: 0.1227
      MAPE: 1.0509
      sMAPE: 0.2873
      MASE: 1.5464
      ND: 0.2901
      CRPS: 0.2901
TIME run allocation action=new run=/fslarge/scratch/users/h61084/codes/tsrag_time/outputs/tsrag/evaluations/chronos_bolt_max/US_Term_Structure/B/short/run_0 launch_id=selena_3452080 slurm_job_id=3452080 launched_at=2026-09-18T01:58:14.396509+00:00
[2026-09-18 01:58:14 UTC] evaluate method=chronos_bolt_max dataset=US_Term_Structure/B term=short
    Total instances: 1400, Series during experiment: 40, Windows: 35
    Collecting ground truth and context...
    Detected to_univariate case: 40 flat series -> 1 series x 40 variates
    Organizing data into arrays...
    Saved predictions (quantiles) to /fslarge/scratch/users/h61084/codes/tsrag_time/outputs/tsrag/evaluations/chronos_bolt_max/US_Term_Structure/B/short/run_0/predictions.npz
    Computing per-window metrics...
    Saved metrics to /fslarge/scratch/users/h61084/codes/tsrag_time/outputs/tsrag/evaluations/chronos_bolt_max/US_Term_Structure/B/short/run_0/metrics.npz
    Saved config to /fslarge/scratch/users/h61084/codes/tsrag_time/outputs/tsrag/evaluations/chronos_bolt_max/US_Term_Structure/B/short/run_0/config.json
    Saved aggregate metrics to /fslarge/scratch/users/h61084/codes/tsrag_time/outputs/tsrag/evaluations/chronos_bolt_max/US_Term_Structure/B/short/run_0/metrics_summary.json
    Metrics summary (averaged over all series/windows/variates):
      MSE: 0.0236
      MAE: 0.1060
      RMSE: 0.1262
      MAPE: 1.0101
      sMAPE: 0.2906
      MASE: 1.5723
      ND: 0.2842
      CRPS: 0.2842
TIME run allocation action=new run=/fslarge/scratch/users/h61084/codes/tsrag_time/outputs/tsrag/evaluations/chronos2_max/US_Term_Structure/B/short/run_0 launch_id=selena_3452080 slurm_job_id=3452080 launched_at=2026-09-18T01:58:14.583841+00:00
[2026-09-18 01:58:14 UTC] evaluate method=chronos2_max dataset=US_Term_Structure/B term=short
    Total instances: 1400, Series during experiment: 40, Windows: 35
    Collecting ground truth and context...
    Detected to_univariate case: 40 flat series -> 1 series x 40 variates
    Organizing data into arrays...
    Saved predictions (quantiles) to /fslarge/scratch/users/h61084/codes/tsrag_time/outputs/tsrag/evaluations/chronos2_max/US_Term_Structure/B/short/run_0/predictions.npz
    Computing per-window metrics...
    Saved metrics to /fslarge/scratch/users/h61084/codes/tsrag_time/outputs/tsrag/evaluations/chronos2_max/US_Term_Structure/B/short/run_0/metrics.npz
    Saved config to /fslarge/scratch/users/h61084/codes/tsrag_time/outputs/tsrag/evaluations/chronos2_max/US_Term_Structure/B/short/run_0/config.json
    Saved aggregate metrics to /fslarge/scratch/users/h61084/codes/tsrag_time/outputs/tsrag/evaluations/chronos2_max/US_Term_Structure/B/short/run_0/metrics_summary.json
    Metrics summary (averaged over all series/windows/variates):
      MSE: 0.0231
      MAE: 0.1021
      RMSE: 0.1227
      MAPE: 0.9472
      sMAPE: 0.2692
      MASE: 1.4983
      ND: 0.2605
      CRPS: 0.2605
TIME run allocation action=new run=/fslarge/scratch/users/h61084/codes/tsrag_time/outputs/tsrag/evaluations/tsrag/US_Term_Structure/B/short/run_0 launch_id=selena_3452080 slurm_job_id=3452080 launched_at=2026-09-18T01:58:14.785108+00:00
[2026-09-18 01:58:14 UTC] evaluate method=tsrag dataset=US_Term_Structure/B term=short
    Total instances: 1400, Series during experiment: 40, Windows: 35
    Collecting ground truth and context...
    Detected to_univariate case: 40 flat series -> 1 series x 40 variates
    Organizing data into arrays...
    Saved predictions (quantiles) to /fslarge/scratch/users/h61084/codes/tsrag_time/outputs/tsrag/evaluations/tsrag/US_Term_Structure/B/short/run_0/predictions.npz
    Computing per-window metrics...
    Saved metrics to /fslarge/scratch/users/h61084/codes/tsrag_time/outputs/tsrag/evaluations/tsrag/US_Term_Structure/B/short/run_0/metrics.npz
    Saved config to /fslarge/scratch/users/h61084/codes/tsrag_time/outputs/tsrag/evaluations/tsrag/US_Term_Structure/B/short/run_0/config.json
    Saved aggregate metrics to /fslarge/scratch/users/h61084/codes/tsrag_time/outputs/tsrag/evaluations/tsrag/US_Term_Structure/B/short/run_0/metrics_summary.json
    Metrics summary (averaged over all series/windows/variates):
      MSE: 0.0236
      MAE: 0.1060
      RMSE: 0.1262
      MAPE: 1.0101
      sMAPE: 0.2906
      MASE: 1.5723
      ND: 0.2842
      CRPS: 0.2842
TIME run allocation action=new run=/fslarge/scratch/users/h61084/codes/tsrag_time/outputs/tsrag/evaluations/bayes_mixture/US_Term_Structure/B/short/run_0 launch_id=selena_3452080 slurm_job_id=3452080 launched_at=2026-09-18T01:58:15.009946+00:00
[2026-09-18 01:58:15 UTC] evaluate method=bayes_mixture dataset=US_Term_Structure/B term=short
    Total instances: 1400, Series during experiment: 40, Windows: 35
    Collecting ground truth and context...
    Detected to_univariate case: 40 flat series -> 1 series x 40 variates
    Organizing data into arrays...
    Saved predictions (quantiles) to /fslarge/scratch/users/h61084/codes/tsrag_time/outputs/tsrag/evaluations/bayes_mixture/US_Term_Structure/B/short/run_0/predictions.npz
    Computing per-window metrics...
    Saved metrics to /fslarge/scratch/users/h61084/codes/tsrag_time/outputs/tsrag/evaluations/bayes_mixture/US_Term_Structure/B/short/run_0/metrics.npz
    Saved config to /fslarge/scratch/users/h61084/codes/tsrag_time/outputs/tsrag/evaluations/bayes_mixture/US_Term_Structure/B/short/run_0/config.json
    Saved aggregate metrics to /fslarge/scratch/users/h61084/codes/tsrag_time/outputs/tsrag/evaluations/bayes_mixture/US_Term_Structure/B/short/run_0/metrics_summary.json
    Metrics summary (averaged over all series/windows/variates):
      MSE: 0.0223
      MAE: 0.1023
      RMSE: 0.1225
      MAPE: 0.9862
      sMAPE: 0.2841
      MASE: 1.5196
      ND: 0.2746
      CRPS: 0.2746
TIME run allocation action=new run=/fslarge/scratch/users/h61084/codes/tsrag_time/outputs/tsrag/evaluations/chronos_t5_512/Oil_Price/B/short/run_0 launch_id=selena_3452080 slurm_job_id=3452080 launched_at=2026-09-18T01:58:15.215656+00:00
[2026-09-18 01:58:15 UTC] evaluate method=chronos_t5_512 dataset=Oil_Price/B term=short
    Total instances: 420, Series during experiment: 12, Windows: 35
    Collecting ground truth and context...
    Detected to_univariate case: 12 flat series -> 1 series x 12 variates
    Organizing data into arrays...
    Saved predictions (quantiles) to /fslarge/scratch/users/h61084/codes/tsrag_time/outputs/tsrag/evaluations/chronos_t5_512/Oil_Price/B/short/run_0/predictions.npz
    Computing per-window metrics...
    Saved metrics to /fslarge/scratch/users/h61084/codes/tsrag_time/outputs/tsrag/evaluations/chronos_t5_512/Oil_Price/B/short/run_0/metrics.npz
    Saved config to /fslarge/scratch/users/h61084/codes/tsrag_time/outputs/tsrag/evaluations/chronos_t5_512/Oil_Price/B/short/run_0/config.json
    Saved aggregate metrics to /fslarge/scratch/users/h61084/codes/tsrag_time/outputs/tsrag/evaluations/chronos_t5_512/Oil_Price/B/short/run_0/metrics_summary.json
    Metrics summary (averaged over all series/windows/variates):
      MSE: 3.1288
      MAE: 0.6648
      RMSE: 0.7758
      MAPE: 0.0586
      sMAPE: 0.0581
      MASE: 1.3991
      ND: 0.0583
      CRPS: 0.0583
TIME run allocation action=new run=/fslarge/scratch/users/h61084/codes/tsrag_time/outputs/tsrag/evaluations/chronos_bolt_512/Oil_Price/B/short/run_0 launch_id=selena_3452080 slurm_job_id=3452080 launched_at=2026-09-18T01:58:15.283610+00:00
[2026-09-18 01:58:15 UTC] evaluate method=chronos_bolt_512 dataset=Oil_Price/B term=short
    Total instances: 420, Series during experiment: 12, Windows: 35
    Collecting ground truth and context...
    Detected to_univariate case: 12 flat series -> 1 series x 12 variates
    Organizing data into arrays...
    Saved predictions (quantiles) to /fslarge/scratch/users/h61084/codes/tsrag_time/outputs/tsrag/evaluations/chronos_bolt_512/Oil_Price/B/short/run_0/predictions.npz
    Computing per-window metrics...
    Saved metrics to /fslarge/scratch/users/h61084/codes/tsrag_time/outputs/tsrag/evaluations/chronos_bolt_512/Oil_Price/B/short/run_0/metrics.npz
    Saved config to /fslarge/scratch/users/h61084/codes/tsrag_time/outputs/tsrag/evaluations/chronos_bolt_512/Oil_Price/B/short/run_0/config.json
    Saved aggregate metrics to /fslarge/scratch/users/h61084/codes/tsrag_time/outputs/tsrag/evaluations/chronos_bolt_512/Oil_Price/B/short/run_0/metrics_summary.json
    Metrics summary (averaged over all series/windows/variates):
      MSE: 3.1583
      MAE: 0.6814
      RMSE: 0.7882
      MAPE: 0.0604
      sMAPE: 0.0602
      MASE: 1.4368
      ND: 0.0602
      CRPS: 0.0602
TIME run allocation action=new run=/fslarge/scratch/users/h61084/codes/tsrag_time/outputs/tsrag/evaluations/chronos_bolt_max/Oil_Price/B/short/run_0 launch_id=selena_3452080 slurm_job_id=3452080 launched_at=2026-09-18T01:58:15.347068+00:00
[2026-09-18 01:58:15 UTC] evaluate method=chronos_bolt_max dataset=Oil_Price/B term=short
    Total instances: 420, Series during experiment: 12, Windows: 35
    Collecting ground truth and context...
    Detected to_univariate case: 12 flat series -> 1 series x 12 variates
    Organizing data into arrays...
    Saved predictions (quantiles) to /fslarge/scratch/users/h61084/codes/tsrag_time/outputs/tsrag/evaluations/chronos_bolt_max/Oil_Price/B/short/run_0/predictions.npz
    Computing per-window metrics...
    Saved metrics to /fslarge/scratch/users/h61084/codes/tsrag_time/outputs/tsrag/evaluations/chronos_bolt_max/Oil_Price/B/short/run_0/metrics.npz
    Saved config to /fslarge/scratch/users/h61084/codes/tsrag_time/outputs/tsrag/evaluations/chronos_bolt_max/Oil_Price/B/short/run_0/config.json
    Saved aggregate metrics to /fslarge/scratch/users/h61084/codes/tsrag_time/outputs/tsrag/evaluations/chronos_bolt_max/Oil_Price/B/short/run_0/metrics_summary.json
    Metrics summary (averaged over all series/windows/variates):
      MSE: 3.1659
      MAE: 0.6828
      RMSE: 0.7864
      MAPE: 0.0590
      sMAPE: 0.0586
      MASE: 1.4220
      ND: 0.0588
      CRPS: 0.0588
TIME run allocation action=new run=/fslarge/scratch/users/h61084/codes/tsrag_time/outputs/tsrag/evaluations/chronos2_max/Oil_Price/B/short/run_0 launch_id=selena_3452080 slurm_job_id=3452080 launched_at=2026-09-18T01:58:15.408556+00:00
[2026-09-18 01:58:15 UTC] evaluate method=chronos2_max dataset=Oil_Price/B term=short
    Total instances: 420, Series during experiment: 12, Windows: 35
    Collecting ground truth and context...
    Detected to_univariate case: 12 flat series -> 1 series x 12 variates
    Organizing data into arrays...
    Saved predictions (quantiles) to /fslarge/scratch/users/h61084/codes/tsrag_time/outputs/tsrag/evaluations/chronos2_max/Oil_Price/B/short/run_0/predictions.npz
    Computing per-window metrics...
    Saved metrics to /fslarge/scratch/users/h61084/codes/tsrag_time/outputs/tsrag/evaluations/chronos2_max/Oil_Price/B/short/run_0/metrics.npz
    Saved config to /fslarge/scratch/users/h61084/codes/tsrag_time/outputs/tsrag/evaluations/chronos2_max/Oil_Price/B/short/run_0/config.json
    Saved aggregate metrics to /fslarge/scratch/users/h61084/codes/tsrag_time/outputs/tsrag/evaluations/chronos2_max/Oil_Price/B/short/run_0/metrics_summary.json
    Metrics summary (averaged over all series/windows/variates):
      MSE: 3.0768
      MAE: 0.6699
      RMSE: 0.7766
      MAPE: 0.0572
      sMAPE: 0.0563
      MASE: 1.3665
      ND: 0.0568
      CRPS: 0.0568
TIME run allocation action=new run=/fslarge/scratch/users/h61084/codes/tsrag_time/outputs/tsrag/evaluations/tsrag/Oil_Price/B/short/run_0 launch_id=selena_3452080 slurm_job_id=3452080 launched_at=2026-09-18T01:58:15.485240+00:00
[2026-09-18 01:58:15 UTC] evaluate method=tsrag dataset=Oil_Price/B term=short
    Total instances: 420, Series during experiment: 12, Windows: 35
    Collecting ground truth and context...
    Detected to_univariate case: 12 flat series -> 1 series x 12 variates
    Organizing data into arrays...
    Saved predictions (quantiles) to /fslarge/scratch/users/h61084/codes/tsrag_time/outputs/tsrag/evaluations/tsrag/Oil_Price/B/short/run_0/predictions.npz
    Computing per-window metrics...
    Saved metrics to /fslarge/scratch/users/h61084/codes/tsrag_time/outputs/tsrag/evaluations/tsrag/Oil_Price/B/short/run_0/metrics.npz
    Saved config to /fslarge/scratch/users/h61084/codes/tsrag_time/outputs/tsrag/evaluations/tsrag/Oil_Price/B/short/run_0/config.json
    Saved aggregate metrics to /fslarge/scratch/users/h61084/codes/tsrag_time/outputs/tsrag/evaluations/tsrag/Oil_Price/B/short/run_0/metrics_summary.json
    Metrics summary (averaged over all series/windows/variates):
      MSE: 3.1659
      MAE: 0.6828
      RMSE: 0.7864
      MAPE: 0.0590
      sMAPE: 0.0586
      MASE: 1.4220
      ND: 0.0588
      CRPS: 0.0588
TIME run allocation action=new run=/fslarge/scratch/users/h61084/codes/tsrag_time/outputs/tsrag/evaluations/bayes_mixture/Oil_Price/B/short/run_0 launch_id=selena_3452080 slurm_job_id=3452080 launched_at=2026-09-18T01:58:15.584872+00:00
[2026-09-18 01:58:15 UTC] evaluate method=bayes_mixture dataset=Oil_Price/B term=short
    Total instances: 420, Series during experiment: 12, Windows: 35
    Collecting ground truth and context...
    Detected to_univariate case: 12 flat series -> 1 series x 12 variates
    Organizing data into arrays...
    Saved predictions (quantiles) to /fslarge/scratch/users/h61084/codes/tsrag_time/outputs/tsrag/evaluations/bayes_mixture/Oil_Price/B/short/run_0/predictions.npz
    Computing per-window metrics...
    Saved metrics to /fslarge/scratch/users/h61084/codes/tsrag_time/outputs/tsrag/evaluations/bayes_mixture/Oil_Price/B/short/run_0/metrics.npz
    Saved config to /fslarge/scratch/users/h61084/codes/tsrag_time/outputs/tsrag/evaluations/bayes_mixture/Oil_Price/B/short/run_0/config.json
    Saved aggregate metrics to /fslarge/scratch/users/h61084/codes/tsrag_time/outputs/tsrag/evaluations/bayes_mixture/Oil_Price/B/short/run_0/metrics_summary.json
    Metrics summary (averaged over all series/windows/variates):
      MSE: 3.0479
      MAE: 0.6669
      RMSE: 0.7727
      MAPE: 0.0571
      sMAPE: 0.0564
      MASE: 1.3675
      ND: 0.0567
      CRPS: 0.0567
TIME run allocation action=new run=/fslarge/scratch/users/h61084/codes/tsrag_time/outputs/tsrag/evaluations/chronos_t5_512/Job_Claims/W/short/run_0 launch_id=selena_3452080 slurm_job_id=3452080 launched_at=2026-09-18T01:58:15.654053+00:00
[2026-09-18 01:58:15 UTC] evaluate method=chronos_t5_512 dataset=Job_Claims/W term=short
    Total instances: 8, Series during experiment: 2, Windows: 4
    Collecting ground truth and context...
    Detected to_univariate case: 2 flat series -> 1 series x 2 variates
    Organizing data into arrays...
    ⚠️  Predictions max value (1986888.75) exceeds float16 safe range.
    ⚠️  Applying scale factor: 100 (values will be divided)
    Saved predictions (quantiles) to /fslarge/scratch/users/h61084/codes/tsrag_time/outputs/tsrag/evaluations/chronos_t5_512/Job_Claims/W/short/run_0/predictions.npz
    Computing per-window metrics...
    Saved metrics to /fslarge/scratch/users/h61084/codes/tsrag_time/outputs/tsrag/evaluations/chronos_t5_512/Job_Claims/W/short/run_0/metrics.npz
    Saved config to /fslarge/scratch/users/h61084/codes/tsrag_time/outputs/tsrag/evaluations/chronos_t5_512/Job_Claims/W/short/run_0/config.json
    Saved aggregate metrics to /fslarge/scratch/users/h61084/codes/tsrag_time/outputs/tsrag/evaluations/chronos_t5_512/Job_Claims/W/short/run_0/metrics_summary.json
    Metrics summary (averaged over all series/windows/variates):
      MSE: 1243139022.8173
      MAE: 24004.3478
      RMSE: 27675.9905
      MAPE: 0.0269
      sMAPE: 0.0272
      MASE: 3.8631
      ND: 0.0271
      CRPS: 0.0271
TIME run allocation action=new run=/fslarge/scratch/users/h61084/codes/tsrag_time/outputs/tsrag/evaluations/chronos_bolt_512/Job_Claims/W/short/run_0 launch_id=selena_3452080 slurm_job_id=3452080 launched_at=2026-09-18T01:58:15.679462+00:00
[2026-09-18 01:58:15 UTC] evaluate method=chronos_bolt_512 dataset=Job_Claims/W term=short
    Total instances: 8, Series during experiment: 2, Windows: 4
    Collecting ground truth and context...
    Detected to_univariate case: 2 flat series -> 1 series x 2 variates
    Organizing data into arrays...
    ⚠️  Predictions max value (2034050.75) exceeds float16 safe range.
    ⚠️  Applying scale factor: 100 (values will be divided)
    Saved predictions (quantiles) to /fslarge/scratch/users/h61084/codes/tsrag_time/outputs/tsrag/evaluations/chronos_bolt_512/Job_Claims/W/short/run_0/predictions.npz
    Computing per-window metrics...
    Saved metrics to /fslarge/scratch/users/h61084/codes/tsrag_time/outputs/tsrag/evaluations/chronos_bolt_512/Job_Claims/W/short/run_0/metrics.npz
    Saved config to /fslarge/scratch/users/h61084/codes/tsrag_time/outputs/tsrag/evaluations/chronos_bolt_512/Job_Claims/W/short/run_0/config.json
    Saved aggregate metrics to /fslarge/scratch/users/h61084/codes/tsrag_time/outputs/tsrag/evaluations/chronos_bolt_512/Job_Claims/W/short/run_0/metrics_summary.json
    Metrics summary (averaged over all series/windows/variates):
      MSE: 1472408115.2955
      MAE: 25819.6809
      RMSE: 29300.8809
      MAPE: 0.0290
      sMAPE: 0.0290
      MASE: 4.1468
      ND: 0.0290
      CRPS: 0.0290
TIME run allocation action=new run=/fslarge/scratch/users/h61084/codes/tsrag_time/outputs/tsrag/evaluations/chronos_bolt_max/Job_Claims/W/short/run_0 launch_id=selena_3452080 slurm_job_id=3452080 launched_at=2026-09-18T01:58:15.703129+00:00
[2026-09-18 01:58:15 UTC] evaluate method=chronos_bolt_max dataset=Job_Claims/W term=short
    Total instances: 8, Series during experiment: 2, Windows: 4
    Collecting ground truth and context...
    Detected to_univariate case: 2 flat series -> 1 series x 2 variates
    Organizing data into arrays...
    ⚠️  Predictions max value (2034050.75) exceeds float16 safe range.
    ⚠️  Applying scale factor: 100 (values will be divided)
    Saved predictions (quantiles) to /fslarge/scratch/users/h61084/codes/tsrag_time/outputs/tsrag/evaluations/chronos_bolt_max/Job_Claims/W/short/run_0/predictions.npz
    Computing per-window metrics...
    Saved metrics to /fslarge/scratch/users/h61084/codes/tsrag_time/outputs/tsrag/evaluations/chronos_bolt_max/Job_Claims/W/short/run_0/metrics.npz
    Saved config to /fslarge/scratch/users/h61084/codes/tsrag_time/outputs/tsrag/evaluations/chronos_bolt_max/Job_Claims/W/short/run_0/config.json
    Saved aggregate metrics to /fslarge/scratch/users/h61084/codes/tsrag_time/outputs/tsrag/evaluations/chronos_bolt_max/Job_Claims/W/short/run_0/metrics_summary.json
    Metrics summary (averaged over all series/windows/variates):
      MSE: 1472408115.2955
      MAE: 25819.6809
      RMSE: 29300.8809
      MAPE: 0.0290
      sMAPE: 0.0290
      MASE: 4.1468
      ND: 0.0290
      CRPS: 0.0290
TIME run allocation action=new run=/fslarge/scratch/users/h61084/codes/tsrag_time/outputs/tsrag/evaluations/chronos2_max/Job_Claims/W/short/run_0 launch_id=selena_3452080 slurm_job_id=3452080 launched_at=2026-09-18T01:58:15.725587+00:00
[2026-09-18 01:58:15 UTC] evaluate method=chronos2_max dataset=Job_Claims/W term=short
    Total instances: 8, Series during experiment: 2, Windows: 4
    Collecting ground truth and context...
    Detected to_univariate case: 2 flat series -> 1 series x 2 variates
    Organizing data into arrays...
    ⚠️  Predictions max value (1959527.38) exceeds float16 safe range.
    ⚠️  Applying scale factor: 100 (values will be divided)
    Saved predictions (quantiles) to /fslarge/scratch/users/h61084/codes/tsrag_time/outputs/tsrag/evaluations/chronos2_max/Job_Claims/W/short/run_0/predictions.npz
    Computing per-window metrics...
    Saved metrics to /fslarge/scratch/users/h61084/codes/tsrag_time/outputs/tsrag/evaluations/chronos2_max/Job_Claims/W/short/run_0/metrics.npz
    Saved config to /fslarge/scratch/users/h61084/codes/tsrag_time/outputs/tsrag/evaluations/chronos2_max/Job_Claims/W/short/run_0/config.json
    Saved aggregate metrics to /fslarge/scratch/users/h61084/codes/tsrag_time/outputs/tsrag/evaluations/chronos2_max/Job_Claims/W/short/run_0/metrics_summary.json
    Metrics summary (averaged over all series/windows/variates):
      MSE: 773731279.6952
      MAE: 18364.7180
      RMSE: 21751.8957
      MAPE: 0.0249
      sMAPE: 0.0252
      MASE: 3.1949
      ND: 0.0250
      CRPS: 0.0250
TIME run allocation action=new run=/fslarge/scratch/users/h61084/codes/tsrag_time/outputs/tsrag/evaluations/tsrag/Job_Claims/W/short/run_0 launch_id=selena_3452080 slurm_job_id=3452080 launched_at=2026-09-18T01:58:15.762462+00:00
[2026-09-18 01:58:15 UTC] evaluate method=tsrag dataset=Job_Claims/W term=short
    Total instances: 8, Series during experiment: 2, Windows: 4
    Collecting ground truth and context...
    Detected to_univariate case: 2 flat series -> 1 series x 2 variates
    Organizing data into arrays...
    ⚠️  Predictions max value (2034050.75) exceeds float16 safe range.
    ⚠️  Applying scale factor: 100 (values will be divided)
    Saved predictions (quantiles) to /fslarge/scratch/users/h61084/codes/tsrag_time/outputs/tsrag/evaluations/tsrag/Job_Claims/W/short/run_0/predictions.npz
    Computing per-window metrics...
    Saved metrics to /fslarge/scratch/users/h61084/codes/tsrag_time/outputs/tsrag/evaluations/tsrag/Job_Claims/W/short/run_0/metrics.npz
    Saved config to /fslarge/scratch/users/h61084/codes/tsrag_time/outputs/tsrag/evaluations/tsrag/Job_Claims/W/short/run_0/config.json
    Saved aggregate metrics to /fslarge/scratch/users/h61084/codes/tsrag_time/outputs/tsrag/evaluations/tsrag/Job_Claims/W/short/run_0/metrics_summary.json
    Metrics summary (averaged over all series/windows/variates):
      MSE: 1472408115.2955
      MAE: 25819.6809
      RMSE: 29300.8809
      MAPE: 0.0290
      sMAPE: 0.0290
      MASE: 4.1468
      ND: 0.0290
      CRPS: 0.0290
TIME run allocation action=new run=/fslarge/scratch/users/h61084/codes/tsrag_time/outputs/tsrag/evaluations/bayes_mixture/Job_Claims/W/short/run_0 launch_id=selena_3452080 slurm_job_id=3452080 launched_at=2026-09-18T01:58:15.828321+00:00
[2026-09-18 01:58:15 UTC] evaluate method=bayes_mixture dataset=Job_Claims/W term=short
    Total instances: 8, Series during experiment: 2, Windows: 4
    Collecting ground truth and context...
    Detected to_univariate case: 2 flat series -> 1 series x 2 variates
    Organizing data into arrays...
    ⚠️  Predictions max value (1983508.12) exceeds float16 safe range.
    ⚠️  Applying scale factor: 100 (values will be divided)
    Saved predictions (quantiles) to /fslarge/scratch/users/h61084/codes/tsrag_time/outputs/tsrag/evaluations/bayes_mixture/Job_Claims/W/short/run_0/predictions.npz
    Computing per-window metrics...
    Saved metrics to /fslarge/scratch/users/h61084/codes/tsrag_time/outputs/tsrag/evaluations/bayes_mixture/Job_Claims/W/short/run_0/metrics.npz
    Saved config to /fslarge/scratch/users/h61084/codes/tsrag_time/outputs/tsrag/evaluations/bayes_mixture/Job_Claims/W/short/run_0/config.json
    Saved aggregate metrics to /fslarge/scratch/users/h61084/codes/tsrag_time/outputs/tsrag/evaluations/bayes_mixture/Job_Claims/W/short/run_0/metrics_summary.json
    Metrics summary (averaged over all series/windows/variates):
      MSE: 896977635.4993
      MAE: 20604.1276
      RMSE: 24002.9802
      MAPE: 0.0258
      sMAPE: 0.0260
      MASE: 3.4609
      ND: 0.0259
      CRPS: 0.0259
TIME run allocation action=new run=/fslarge/scratch/users/h61084/codes/tsrag_time/outputs/tsrag/evaluations/chronos_t5_512/Uncertainty_1M/M/short/run_0 launch_id=selena_3452080 slurm_job_id=3452080 launched_at=2026-09-18T01:58:15.861239+00:00
[2026-09-18 01:58:15 UTC] evaluate method=chronos_t5_512 dataset=Uncertainty_1M/M term=short
    Total instances: 21, Series during experiment: 3, Windows: 7
    Collecting ground truth and context...
    Detected to_univariate case: 3 flat series -> 1 series x 3 variates
    Organizing data into arrays...
    Saved predictions (quantiles) to /fslarge/scratch/users/h61084/codes/tsrag_time/outputs/tsrag/evaluations/chronos_t5_512/Uncertainty_1M/M/short/run_0/predictions.npz
    Computing per-window metrics...
    Saved metrics to /fslarge/scratch/users/h61084/codes/tsrag_time/outputs/tsrag/evaluations/chronos_t5_512/Uncertainty_1M/M/short/run_0/metrics.npz
    Saved config to /fslarge/scratch/users/h61084/codes/tsrag_time/outputs/tsrag/evaluations/chronos_t5_512/Uncertainty_1M/M/short/run_0/config.json
    Saved aggregate metrics to /fslarge/scratch/users/h61084/codes/tsrag_time/outputs/tsrag/evaluations/chronos_t5_512/Uncertainty_1M/M/short/run_0/metrics_summary.json
    Metrics summary (averaged over all series/windows/variates):
      MSE: 0.0019
      MAE: 0.0350
      RMSE: 0.0391
      MAPE: 0.0424
      sMAPE: 0.0414
      MASE: 0.4198
      ND: 0.0421
      CRPS: 0.0421
TIME run allocation action=new run=/fslarge/scratch/users/h61084/codes/tsrag_time/outputs/tsrag/evaluations/chronos_bolt_512/Uncertainty_1M/M/short/run_0 launch_id=selena_3452080 slurm_job_id=3452080 launched_at=2026-09-18T01:58:15.887517+00:00
[2026-09-18 01:58:15 UTC] evaluate method=chronos_bolt_512 dataset=Uncertainty_1M/M term=short
    Total instances: 21, Series during experiment: 3, Windows: 7
    Collecting ground truth and context...
    Detected to_univariate case: 3 flat series -> 1 series x 3 variates
    Organizing data into arrays...
    Saved predictions (quantiles) to /fslarge/scratch/users/h61084/codes/tsrag_time/outputs/tsrag/evaluations/chronos_bolt_512/Uncertainty_1M/M/short/run_0/predictions.npz
    Computing per-window metrics...
    Saved metrics to /fslarge/scratch/users/h61084/codes/tsrag_time/outputs/tsrag/evaluations/chronos_bolt_512/Uncertainty_1M/M/short/run_0/metrics.npz
    Saved config to /fslarge/scratch/users/h61084/codes/tsrag_time/outputs/tsrag/evaluations/chronos_bolt_512/Uncertainty_1M/M/short/run_0/config.json
    Saved aggregate metrics to /fslarge/scratch/users/h61084/codes/tsrag_time/outputs/tsrag/evaluations/chronos_bolt_512/Uncertainty_1M/M/short/run_0/metrics_summary.json
    Metrics summary (averaged over all series/windows/variates):
      MSE: 0.0022
      MAE: 0.0351
      RMSE: 0.0388
      MAPE: 0.0439
      sMAPE: 0.0425
      MASE: 0.4314
      ND: 0.0435
      CRPS: 0.0435
TIME run allocation action=new run=/fslarge/scratch/users/h61084/codes/tsrag_time/outputs/tsrag/evaluations/chronos_bolt_max/Uncertainty_1M/M/short/run_0 launch_id=selena_3452080 slurm_job_id=3452080 launched_at=2026-09-18T01:58:15.912229+00:00
[2026-09-18 01:58:15 UTC] evaluate method=chronos_bolt_max dataset=Uncertainty_1M/M term=short
    Total instances: 21, Series during experiment: 3, Windows: 7
    Collecting ground truth and context...
    Detected to_univariate case: 3 flat series -> 1 series x 3 variates
    Organizing data into arrays...
    Saved predictions (quantiles) to /fslarge/scratch/users/h61084/codes/tsrag_time/outputs/tsrag/evaluations/chronos_bolt_max/Uncertainty_1M/M/short/run_0/predictions.npz
    Computing per-window metrics...
    Saved metrics to /fslarge/scratch/users/h61084/codes/tsrag_time/outputs/tsrag/evaluations/chronos_bolt_max/Uncertainty_1M/M/short/run_0/metrics.npz
    Saved config to /fslarge/scratch/users/h61084/codes/tsrag_time/outputs/tsrag/evaluations/chronos_bolt_max/Uncertainty_1M/M/short/run_0/config.json
    Saved aggregate metrics to /fslarge/scratch/users/h61084/codes/tsrag_time/outputs/tsrag/evaluations/chronos_bolt_max/Uncertainty_1M/M/short/run_0/metrics_summary.json
    Metrics summary (averaged over all series/windows/variates):
      MSE: 0.0021
      MAE: 0.0341
      RMSE: 0.0374
      MAPE: 0.0423
      sMAPE: 0.0411
      MASE: 0.4151
      ND: 0.0419
      CRPS: 0.0419
TIME run allocation action=new run=/fslarge/scratch/users/h61084/codes/tsrag_time/outputs/tsrag/evaluations/chronos2_max/Uncertainty_1M/M/short/run_0 launch_id=selena_3452080 slurm_job_id=3452080 launched_at=2026-09-18T01:58:15.936394+00:00
[2026-09-18 01:58:15 UTC] evaluate method=chronos2_max dataset=Uncertainty_1M/M term=short
    Total instances: 21, Series during experiment: 3, Windows: 7
    Collecting ground truth and context...
    Detected to_univariate case: 3 flat series -> 1 series x 3 variates
    Organizing data into arrays...
    Saved predictions (quantiles) to /fslarge/scratch/users/h61084/codes/tsrag_time/outputs/tsrag/evaluations/chronos2_max/Uncertainty_1M/M/short/run_0/predictions.npz
    Computing per-window metrics...
    Saved metrics to /fslarge/scratch/users/h61084/codes/tsrag_time/outputs/tsrag/evaluations/chronos2_max/Uncertainty_1M/M/short/run_0/metrics.npz
    Saved config to /fslarge/scratch/users/h61084/codes/tsrag_time/outputs/tsrag/evaluations/chronos2_max/Uncertainty_1M/M/short/run_0/config.json
    Saved aggregate metrics to /fslarge/scratch/users/h61084/codes/tsrag_time/outputs/tsrag/evaluations/chronos2_max/Uncertainty_1M/M/short/run_0/metrics_summary.json
    Metrics summary (averaged over all series/windows/variates):
      MSE: 0.0012
      MAE: 0.0268
      RMSE: 0.0305
      MAPE: 0.0333
      sMAPE: 0.0328
      MASE: 0.3320
      ND: 0.0330
      CRPS: 0.0330
TIME run allocation action=new run=/fslarge/scratch/users/h61084/codes/tsrag_time/outputs/tsrag/evaluations/tsrag/Uncertainty_1M/M/short/run_0 launch_id=selena_3452080 slurm_job_id=3452080 launched_at=2026-09-18T01:58:15.974557+00:00
[2026-09-18 01:58:15 UTC] evaluate method=tsrag dataset=Uncertainty_1M/M term=short
    Total instances: 21, Series during experiment: 3, Windows: 7
    Collecting ground truth and context...
    Detected to_univariate case: 3 flat series -> 1 series x 3 variates
    Organizing data into arrays...
    Saved predictions (quantiles) to /fslarge/scratch/users/h61084/codes/tsrag_time/outputs/tsrag/evaluations/tsrag/Uncertainty_1M/M/short/run_0/predictions.npz
    Computing per-window metrics...
    Saved metrics to /fslarge/scratch/users/h61084/codes/tsrag_time/outputs/tsrag/evaluations/tsrag/Uncertainty_1M/M/short/run_0/metrics.npz
    Saved config to /fslarge/scratch/users/h61084/codes/tsrag_time/outputs/tsrag/evaluations/tsrag/Uncertainty_1M/M/short/run_0/config.json
    Saved aggregate metrics to /fslarge/scratch/users/h61084/codes/tsrag_time/outputs/tsrag/evaluations/tsrag/Uncertainty_1M/M/short/run_0/metrics_summary.json
    Metrics summary (averaged over all series/windows/variates):
      MSE: 0.0021
      MAE: 0.0334
      RMSE: 0.0373
      MAPE: 0.0415
      sMAPE: 0.0403
      MASE: 0.4071
      ND: 0.0411
      CRPS: 0.0411
TIME run allocation action=new run=/fslarge/scratch/users/h61084/codes/tsrag_time/outputs/tsrag/evaluations/bayes_mixture/Uncertainty_1M/M/short/run_0 launch_id=selena_3452080 slurm_job_id=3452080 launched_at=2026-09-18T01:58:16.035998+00:00
[2026-09-18 01:58:16 UTC] evaluate method=bayes_mixture dataset=Uncertainty_1M/M term=short
    Total instances: 21, Series during experiment: 3, Windows: 7
    Collecting ground truth and context...
    Detected to_univariate case: 3 flat series -> 1 series x 3 variates
    Organizing data into arrays...
    Saved predictions (quantiles) to /fslarge/scratch/users/h61084/codes/tsrag_time/outputs/tsrag/evaluations/bayes_mixture/Uncertainty_1M/M/short/run_0/predictions.npz
    Computing per-window metrics...
    Saved metrics to /fslarge/scratch/users/h61084/codes/tsrag_time/outputs/tsrag/evaluations/bayes_mixture/Uncertainty_1M/M/short/run_0/metrics.npz
    Saved config to /fslarge/scratch/users/h61084/codes/tsrag_time/outputs/tsrag/evaluations/bayes_mixture/Uncertainty_1M/M/short/run_0/config.json
    Saved aggregate metrics to /fslarge/scratch/users/h61084/codes/tsrag_time/outputs/tsrag/evaluations/bayes_mixture/Uncertainty_1M/M/short/run_0/metrics_summary.json
    Metrics summary (averaged over all series/windows/variates):
      MSE: 0.0016
      MAE: 0.0304
      RMSE: 0.0341
      MAPE: 0.0377
      sMAPE: 0.0368
      MASE: 0.3721
      ND: 0.0374
      CRPS: 0.0374
TIME run allocation action=new run=/fslarge/scratch/users/h61084/codes/tsrag_time/outputs/tsrag/evaluations/chronos_t5_512/Housing_Inventory/M/short/run_0 launch_id=selena_3452080 slurm_job_id=3452080 launched_at=2026-09-18T01:58:16.067212+00:00
[2026-09-18 01:58:16 UTC] evaluate method=chronos_t5_512 dataset=Housing_Inventory/M term=short
    Total instances: 12, Series during experiment: 4, Windows: 3
    Collecting ground truth and context...
    Detected to_univariate case: 4 flat series -> 1 series x 4 variates
    Organizing data into arrays...
    ⚠️  Predictions max value (1006587.12) exceeds float16 safe range.
    ⚠️  Applying scale factor: 100 (values will be divided)
    Saved predictions (quantiles) to /fslarge/scratch/users/h61084/codes/tsrag_time/outputs/tsrag/evaluations/chronos_t5_512/Housing_Inventory/M/short/run_0/predictions.npz
    Computing per-window metrics...
    Saved metrics to /fslarge/scratch/users/h61084/codes/tsrag_time/outputs/tsrag/evaluations/chronos_t5_512/Housing_Inventory/M/short/run_0/metrics.npz
    Saved config to /fslarge/scratch/users/h61084/codes/tsrag_time/outputs/tsrag/evaluations/chronos_t5_512/Housing_Inventory/M/short/run_0/config.json
    Saved aggregate metrics to /fslarge/scratch/users/h61084/codes/tsrag_time/outputs/tsrag/evaluations/chronos_t5_512/Housing_Inventory/M/short/run_0/metrics_summary.json
    Metrics summary (averaged over all series/windows/variates):
      MSE: 3685822280.4720
      MAE: 29471.9009
      RMSE: 32673.9687
      MAPE: 0.0561
      sMAPE: 0.0572
      MASE: 0.5097
      ND: 0.0567
      CRPS: 0.0567
TIME run allocation action=new run=/fslarge/scratch/users/h61084/codes/tsrag_time/outputs/tsrag/evaluations/chronos_bolt_512/Housing_Inventory/M/short/run_0 launch_id=selena_3452080 slurm_job_id=3452080 launched_at=2026-09-18T01:58:16.092133+00:00
[2026-09-18 01:58:16 UTC] evaluate method=chronos_bolt_512 dataset=Housing_Inventory/M term=short
    Total instances: 12, Series during experiment: 4, Windows: 3
    Collecting ground truth and context...
    Detected to_univariate case: 4 flat series -> 1 series x 4 variates
    Organizing data into arrays...
    ⚠️  Predictions max value (982551.31) exceeds float16 safe range.
    ⚠️  Applying scale factor: 100 (values will be divided)
    Saved predictions (quantiles) to /fslarge/scratch/users/h61084/codes/tsrag_time/outputs/tsrag/evaluations/chronos_bolt_512/Housing_Inventory/M/short/run_0/predictions.npz
    Computing per-window metrics...
    Saved metrics to /fslarge/scratch/users/h61084/codes/tsrag_time/outputs/tsrag/evaluations/chronos_bolt_512/Housing_Inventory/M/short/run_0/metrics.npz
    Saved config to /fslarge/scratch/users/h61084/codes/tsrag_time/outputs/tsrag/evaluations/chronos_bolt_512/Housing_Inventory/M/short/run_0/config.json
    Saved aggregate metrics to /fslarge/scratch/users/h61084/codes/tsrag_time/outputs/tsrag/evaluations/chronos_bolt_512/Housing_Inventory/M/short/run_0/metrics_summary.json
    Metrics summary (averaged over all series/windows/variates):
      MSE: 5481882559.1403
      MAE: 30275.8777
      RMSE: 33075.9156
      MAPE: 0.0694
      sMAPE: 0.0658
      MASE: 0.5280
      ND: 0.0694
      CRPS: 0.0694
TIME run allocation action=new run=/fslarge/scratch/users/h61084/codes/tsrag_time/outputs/tsrag/evaluations/chronos_bolt_max/Housing_Inventory/M/short/run_0 launch_id=selena_3452080 slurm_job_id=3452080 launched_at=2026-09-18T01:58:16.115795+00:00
[2026-09-18 01:58:16 UTC] evaluate method=chronos_bolt_max dataset=Housing_Inventory/M term=short
    Total instances: 12, Series during experiment: 4, Windows: 3
    Collecting ground truth and context...
    Detected to_univariate case: 4 flat series -> 1 series x 4 variates
    Organizing data into arrays...
    ⚠️  Predictions max value (982551.31) exceeds float16 safe range.
    ⚠️  Applying scale factor: 100 (values will be divided)
    Saved predictions (quantiles) to /fslarge/scratch/users/h61084/codes/tsrag_time/outputs/tsrag/evaluations/chronos_bolt_max/Housing_Inventory/M/short/run_0/predictions.npz
    Computing per-window metrics...
    Saved metrics to /fslarge/scratch/users/h61084/codes/tsrag_time/outputs/tsrag/evaluations/chronos_bolt_max/Housing_Inventory/M/short/run_0/metrics.npz
    Saved config to /fslarge/scratch/users/h61084/codes/tsrag_time/outputs/tsrag/evaluations/chronos_bolt_max/Housing_Inventory/M/short/run_0/config.json
    Saved aggregate metrics to /fslarge/scratch/users/h61084/codes/tsrag_time/outputs/tsrag/evaluations/chronos_bolt_max/Housing_Inventory/M/short/run_0/metrics_summary.json
    Metrics summary (averaged over all series/windows/variates):
      MSE: 5481882559.1403
      MAE: 30275.8777
      RMSE: 33075.9156
      MAPE: 0.0694
      sMAPE: 0.0658
      MASE: 0.5280
      ND: 0.0694
      CRPS: 0.0694
TIME run allocation action=new run=/fslarge/scratch/users/h61084/codes/tsrag_time/outputs/tsrag/evaluations/chronos2_max/Housing_Inventory/M/short/run_0 launch_id=selena_3452080 slurm_job_id=3452080 launched_at=2026-09-18T01:58:16.138726+00:00
[2026-09-18 01:58:16 UTC] evaluate method=chronos2_max dataset=Housing_Inventory/M term=short
    Total instances: 12, Series during experiment: 4, Windows: 3
    Collecting ground truth and context...
    Detected to_univariate case: 4 flat series -> 1 series x 4 variates
    Organizing data into arrays...
    ⚠️  Predictions max value (938584.50) exceeds float16 safe range.
    ⚠️  Applying scale factor: 100 (values will be divided)
    Saved predictions (quantiles) to /fslarge/scratch/users/h61084/codes/tsrag_time/outputs/tsrag/evaluations/chronos2_max/Housing_Inventory/M/short/run_0/predictions.npz
    Computing per-window metrics...
    Saved metrics to /fslarge/scratch/users/h61084/codes/tsrag_time/outputs/tsrag/evaluations/chronos2_max/Housing_Inventory/M/short/run_0/metrics.npz
    Saved config to /fslarge/scratch/users/h61084/codes/tsrag_time/outputs/tsrag/evaluations/chronos2_max/Housing_Inventory/M/short/run_0/config.json
    Saved aggregate metrics to /fslarge/scratch/users/h61084/codes/tsrag_time/outputs/tsrag/evaluations/chronos2_max/Housing_Inventory/M/short/run_0/metrics_summary.json
    Metrics summary (averaged over all series/windows/variates):
      MSE: 4419964406.4790
      MAE: 31923.6937
      RMSE: 35589.2611
      MAPE: 0.0681
      sMAPE: 0.0690
      MASE: 0.5630
      ND: 0.0687
      CRPS: 0.0687
TIME run allocation action=new run=/fslarge/scratch/users/h61084/codes/tsrag_time/outputs/tsrag/evaluations/tsrag/Housing_Inventory/M/short/run_0 launch_id=selena_3452080 slurm_job_id=3452080 launched_at=2026-09-18T01:58:16.176263+00:00
[2026-09-18 01:58:16 UTC] evaluate method=tsrag dataset=Housing_Inventory/M term=short
    Total instances: 12, Series during experiment: 4, Windows: 3
    Collecting ground truth and context...
    Detected to_univariate case: 4 flat series -> 1 series x 4 variates
    Organizing data into arrays...
    ⚠️  Predictions max value (982551.31) exceeds float16 safe range.
    ⚠️  Applying scale factor: 100 (values will be divided)
    Saved predictions (quantiles) to /fslarge/scratch/users/h61084/codes/tsrag_time/outputs/tsrag/evaluations/tsrag/Housing_Inventory/M/short/run_0/predictions.npz
    Computing per-window metrics...
    Saved metrics to /fslarge/scratch/users/h61084/codes/tsrag_time/outputs/tsrag/evaluations/tsrag/Housing_Inventory/M/short/run_0/metrics.npz
    Saved config to /fslarge/scratch/users/h61084/codes/tsrag_time/outputs/tsrag/evaluations/tsrag/Housing_Inventory/M/short/run_0/config.json
    Saved aggregate metrics to /fslarge/scratch/users/h61084/codes/tsrag_time/outputs/tsrag/evaluations/tsrag/Housing_Inventory/M/short/run_0/metrics_summary.json
    Metrics summary (averaged over all series/windows/variates):
      MSE: 5481882559.1403
      MAE: 30275.8777
      RMSE: 33075.9156
      MAPE: 0.0694
      sMAPE: 0.0658
      MASE: 0.5280
      ND: 0.0694
      CRPS: 0.0694
TIME run allocation action=new run=/fslarge/scratch/users/h61084/codes/tsrag_time/outputs/tsrag/evaluations/bayes_mixture/Housing_Inventory/M/short/run_0 launch_id=selena_3452080 slurm_job_id=3452080 launched_at=2026-09-18T01:58:16.237260+00:00
[2026-09-18 01:58:16 UTC] evaluate method=bayes_mixture dataset=Housing_Inventory/M term=short
    Total instances: 12, Series during experiment: 4, Windows: 3
    Collecting ground truth and context...
    Detected to_univariate case: 4 flat series -> 1 series x 4 variates
    Organizing data into arrays...
    ⚠️  Predictions max value (950653.94) exceeds float16 safe range.
    ⚠️  Applying scale factor: 100 (values will be divided)
    Saved predictions (quantiles) to /fslarge/scratch/users/h61084/codes/tsrag_time/outputs/tsrag/evaluations/bayes_mixture/Housing_Inventory/M/short/run_0/predictions.npz
    Computing per-window metrics...
    Saved metrics to /fslarge/scratch/users/h61084/codes/tsrag_time/outputs/tsrag/evaluations/bayes_mixture/Housing_Inventory/M/short/run_0/metrics.npz
    Saved config to /fslarge/scratch/users/h61084/codes/tsrag_time/outputs/tsrag/evaluations/bayes_mixture/Housing_Inventory/M/short/run_0/config.json
    Saved aggregate metrics to /fslarge/scratch/users/h61084/codes/tsrag_time/outputs/tsrag/evaluations/bayes_mixture/Housing_Inventory/M/short/run_0/metrics_summary.json
    Metrics summary (averaged over all series/windows/variates):
      MSE: 4270240958.3565
      MAE: 30149.5426
      RMSE: 33333.9549
      MAPE: 0.0664
      sMAPE: 0.0658
      MASE: 0.5371
      ND: 0.0668
      CRPS: 0.0668
TIME run allocation action=new run=/fslarge/scratch/users/h61084/codes/tsrag_time/outputs/tsrag/evaluations/chronos_t5_512/JOLTS/M/short/run_0 launch_id=selena_3452080 slurm_job_id=3452080 launched_at=2026-09-18T01:58:16.268340+00:00
[2026-09-18 01:58:16 UTC] evaluate method=chronos_t5_512 dataset=JOLTS/M term=short
    Total instances: 30, Series during experiment: 6, Windows: 5
    Collecting ground truth and context...
    Detected to_univariate case: 6 flat series -> 1 series x 6 variates
    Organizing data into arrays...
    Saved predictions (quantiles) to /fslarge/scratch/users/h61084/codes/tsrag_time/outputs/tsrag/evaluations/chronos_t5_512/JOLTS/M/short/run_0/predictions.npz
    Computing per-window metrics...
    Saved metrics to /fslarge/scratch/users/h61084/codes/tsrag_time/outputs/tsrag/evaluations/chronos_t5_512/JOLTS/M/short/run_0/metrics.npz
    Saved config to /fslarge/scratch/users/h61084/codes/tsrag_time/outputs/tsrag/evaluations/chronos_t5_512/JOLTS/M/short/run_0/config.json
    Saved aggregate metrics to /fslarge/scratch/users/h61084/codes/tsrag_time/outputs/tsrag/evaluations/chronos_t5_512/JOLTS/M/short/run_0/metrics_summary.json
    Metrics summary (averaged over all series/windows/variates):
      MSE: 490775.6353
      MAE: 381.8790
      RMSE: 450.8103
      MAPE: 0.0901
      sMAPE: 0.0907
      MASE: 1.1916
      ND: 0.0906
      CRPS: 0.0906
TIME run allocation action=new run=/fslarge/scratch/users/h61084/codes/tsrag_time/outputs/tsrag/evaluations/chronos_bolt_512/JOLTS/M/short/run_0 launch_id=selena_3452080 slurm_job_id=3452080 launched_at=2026-09-18T01:58:16.295532+00:00
[2026-09-18 01:58:16 UTC] evaluate method=chronos_bolt_512 dataset=JOLTS/M term=short
    Total instances: 30, Series during experiment: 6, Windows: 5
    Collecting ground truth and context...
    Detected to_univariate case: 6 flat series -> 1 series x 6 variates
    Organizing data into arrays...
    Saved predictions (quantiles) to /fslarge/scratch/users/h61084/codes/tsrag_time/outputs/tsrag/evaluations/chronos_bolt_512/JOLTS/M/short/run_0/predictions.npz
    Computing per-window metrics...
    Saved metrics to /fslarge/scratch/users/h61084/codes/tsrag_time/outputs/tsrag/evaluations/chronos_bolt_512/JOLTS/M/short/run_0/metrics.npz
    Saved config to /fslarge/scratch/users/h61084/codes/tsrag_time/outputs/tsrag/evaluations/chronos_bolt_512/JOLTS/M/short/run_0/config.json
    Saved aggregate metrics to /fslarge/scratch/users/h61084/codes/tsrag_time/outputs/tsrag/evaluations/chronos_bolt_512/JOLTS/M/short/run_0/metrics_summary.json
    Metrics summary (averaged over all series/windows/variates):
      MSE: 420672.3918
      MAE: 347.0063
      RMSE: 419.1784
      MAPE: 0.0820
      sMAPE: 0.0809
      MASE: 1.0554
      ND: 0.0816
      CRPS: 0.0816
TIME run allocation action=new run=/fslarge/scratch/users/h61084/codes/tsrag_time/outputs/tsrag/evaluations/chronos_bolt_max/JOLTS/M/short/run_0 launch_id=selena_3452080 slurm_job_id=3452080 launched_at=2026-09-18T01:58:16.321025+00:00
[2026-09-18 01:58:16 UTC] evaluate method=chronos_bolt_max dataset=JOLTS/M term=short
    Total instances: 30, Series during experiment: 6, Windows: 5
    Collecting ground truth and context...
    Detected to_univariate case: 6 flat series -> 1 series x 6 variates
    Organizing data into arrays...
    Saved predictions (quantiles) to /fslarge/scratch/users/h61084/codes/tsrag_time/outputs/tsrag/evaluations/chronos_bolt_max/JOLTS/M/short/run_0/predictions.npz
    Computing per-window metrics...
    Saved metrics to /fslarge/scratch/users/h61084/codes/tsrag_time/outputs/tsrag/evaluations/chronos_bolt_max/JOLTS/M/short/run_0/metrics.npz
    Saved config to /fslarge/scratch/users/h61084/codes/tsrag_time/outputs/tsrag/evaluations/chronos_bolt_max/JOLTS/M/short/run_0/config.json
    Saved aggregate metrics to /fslarge/scratch/users/h61084/codes/tsrag_time/outputs/tsrag/evaluations/chronos_bolt_max/JOLTS/M/short/run_0/metrics_summary.json
    Metrics summary (averaged over all series/windows/variates):
      MSE: 420672.3918
      MAE: 347.0063
      RMSE: 419.1784
      MAPE: 0.0820
      sMAPE: 0.0809
      MASE: 1.0554
      ND: 0.0816
      CRPS: 0.0816
TIME run allocation action=new run=/fslarge/scratch/users/h61084/codes/tsrag_time/outputs/tsrag/evaluations/chronos2_max/JOLTS/M/short/run_0 launch_id=selena_3452080 slurm_job_id=3452080 launched_at=2026-09-18T01:58:16.345198+00:00
[2026-09-18 01:58:16 UTC] evaluate method=chronos2_max dataset=JOLTS/M term=short
    Total instances: 30, Series during experiment: 6, Windows: 5
    Collecting ground truth and context...
    Detected to_univariate case: 6 flat series -> 1 series x 6 variates
    Organizing data into arrays...
    Saved predictions (quantiles) to /fslarge/scratch/users/h61084/codes/tsrag_time/outputs/tsrag/evaluations/chronos2_max/JOLTS/M/short/run_0/predictions.npz
    Computing per-window metrics...
    Saved metrics to /fslarge/scratch/users/h61084/codes/tsrag_time/outputs/tsrag/evaluations/chronos2_max/JOLTS/M/short/run_0/metrics.npz
    Saved config to /fslarge/scratch/users/h61084/codes/tsrag_time/outputs/tsrag/evaluations/chronos2_max/JOLTS/M/short/run_0/config.json
    Saved aggregate metrics to /fslarge/scratch/users/h61084/codes/tsrag_time/outputs/tsrag/evaluations/chronos2_max/JOLTS/M/short/run_0/metrics_summary.json
    Metrics summary (averaged over all series/windows/variates):
      MSE: 434621.6700
      MAE: 326.8781
      RMSE: 391.4142
      MAPE: 0.0783
      sMAPE: 0.0788
      MASE: 1.0340
      ND: 0.0784
      CRPS: 0.0784
TIME run allocation action=new run=/fslarge/scratch/users/h61084/codes/tsrag_time/outputs/tsrag/evaluations/tsrag/JOLTS/M/short/run_0 launch_id=selena_3452080 slurm_job_id=3452080 launched_at=2026-09-18T01:58:16.384155+00:00
[2026-09-18 01:58:16 UTC] evaluate method=tsrag dataset=JOLTS/M term=short
    Total instances: 30, Series during experiment: 6, Windows: 5
    Collecting ground truth and context...
    Detected to_univariate case: 6 flat series -> 1 series x 6 variates
    Organizing data into arrays...
    Saved predictions (quantiles) to /fslarge/scratch/users/h61084/codes/tsrag_time/outputs/tsrag/evaluations/tsrag/JOLTS/M/short/run_0/predictions.npz
    Computing per-window metrics...
    Saved metrics to /fslarge/scratch/users/h61084/codes/tsrag_time/outputs/tsrag/evaluations/tsrag/JOLTS/M/short/run_0/metrics.npz
    Saved config to /fslarge/scratch/users/h61084/codes/tsrag_time/outputs/tsrag/evaluations/tsrag/JOLTS/M/short/run_0/config.json
    Saved aggregate metrics to /fslarge/scratch/users/h61084/codes/tsrag_time/outputs/tsrag/evaluations/tsrag/JOLTS/M/short/run_0/metrics_summary.json
    Metrics summary (averaged over all series/windows/variates):
      MSE: 420672.3918
      MAE: 347.0063
      RMSE: 419.1784
      MAPE: 0.0820
      sMAPE: 0.0809
      MASE: 1.0554
      ND: 0.0816
      CRPS: 0.0816
TIME run allocation action=new run=/fslarge/scratch/users/h61084/codes/tsrag_time/outputs/tsrag/evaluations/bayes_mixture/JOLTS/M/short/run_0 launch_id=selena_3452080 slurm_job_id=3452080 launched_at=2026-09-18T01:58:16.446288+00:00
[2026-09-18 01:58:16 UTC] evaluate method=bayes_mixture dataset=JOLTS/M term=short
    Total instances: 30, Series during experiment: 6, Windows: 5
    Collecting ground truth and context...
    Detected to_univariate case: 6 flat series -> 1 series x 6 variates
    Organizing data into arrays...
    Saved predictions (quantiles) to /fslarge/scratch/users/h61084/codes/tsrag_time/outputs/tsrag/evaluations/bayes_mixture/JOLTS/M/short/run_0/predictions.npz
    Computing per-window metrics...
    Saved metrics to /fslarge/scratch/users/h61084/codes/tsrag_time/outputs/tsrag/evaluations/bayes_mixture/JOLTS/M/short/run_0/metrics.npz
    Saved config to /fslarge/scratch/users/h61084/codes/tsrag_time/outputs/tsrag/evaluations/bayes_mixture/JOLTS/M/short/run_0/config.json
    Saved aggregate metrics to /fslarge/scratch/users/h61084/codes/tsrag_time/outputs/tsrag/evaluations/bayes_mixture/JOLTS/M/short/run_0/metrics_summary.json
    Metrics summary (averaged over all series/windows/variates):
      MSE: 413132.0966
      MAE: 324.9986
      RMSE: 388.5715
      MAPE: 0.0776
      sMAPE: 0.0775
      MASE: 1.0181
      ND: 0.0775
      CRPS: 0.0775
TIME run allocation action=new run=/fslarge/scratch/users/h61084/codes/tsrag_time/outputs/tsrag/evaluations/chronos_t5_512/US_Labor/M/short/run_0 launch_id=selena_3452080 slurm_job_id=3452080 launched_at=2026-09-18T01:58:16.478667+00:00
[2026-09-18 01:58:16 UTC] evaluate method=chronos_t5_512 dataset=US_Labor/M term=short
    Total instances: 70, Series during experiment: 14, Windows: 5
    Collecting ground truth and context...
    Detected to_univariate case: 14 flat series -> 1 series x 14 variates
    Organizing data into arrays...
    ⚠️  Predictions max value (171361.72) exceeds float16 safe range.
    ⚠️  Applying scale factor: 10 (values will be divided)
    Saved predictions (quantiles) to /fslarge/scratch/users/h61084/codes/tsrag_time/outputs/tsrag/evaluations/chronos_t5_512/US_Labor/M/short/run_0/predictions.npz
    Computing per-window metrics...
    Saved metrics to /fslarge/scratch/users/h61084/codes/tsrag_time/outputs/tsrag/evaluations/chronos_t5_512/US_Labor/M/short/run_0/metrics.npz
    Saved config to /fslarge/scratch/users/h61084/codes/tsrag_time/outputs/tsrag/evaluations/chronos_t5_512/US_Labor/M/short/run_0/config.json
    Saved aggregate metrics to /fslarge/scratch/users/h61084/codes/tsrag_time/outputs/tsrag/evaluations/chronos_t5_512/US_Labor/M/short/run_0/metrics_summary.json
    Metrics summary (averaged over all series/windows/variates):
      MSE: 837244.5235
      MAE: 399.6787
      RMSE: 449.4044
      MAPE: 0.0659
      sMAPE: 0.0611
      MASE: 0.9412
      ND: 0.0650
      CRPS: 0.0650
TIME run allocation action=new run=/fslarge/scratch/users/h61084/codes/tsrag_time/outputs/tsrag/evaluations/chronos_bolt_512/US_Labor/M/short/run_0 launch_id=selena_3452080 slurm_job_id=3452080 launched_at=2026-09-18T01:58:16.508615+00:00
[2026-09-18 01:58:16 UTC] evaluate method=chronos_bolt_512 dataset=US_Labor/M term=short
    Total instances: 70, Series during experiment: 14, Windows: 5
    Collecting ground truth and context...
    Detected to_univariate case: 14 flat series -> 1 series x 14 variates
    Organizing data into arrays...
    ⚠️  Predictions max value (170896.88) exceeds float16 safe range.
    ⚠️  Applying scale factor: 10 (values will be divided)
    Saved predictions (quantiles) to /fslarge/scratch/users/h61084/codes/tsrag_time/outputs/tsrag/evaluations/chronos_bolt_512/US_Labor/M/short/run_0/predictions.npz
    Computing per-window metrics...
    Saved metrics to /fslarge/scratch/users/h61084/codes/tsrag_time/outputs/tsrag/evaluations/chronos_bolt_512/US_Labor/M/short/run_0/metrics.npz
    Saved config to /fslarge/scratch/users/h61084/codes/tsrag_time/outputs/tsrag/evaluations/chronos_bolt_512/US_Labor/M/short/run_0/config.json
    Saved aggregate metrics to /fslarge/scratch/users/h61084/codes/tsrag_time/outputs/tsrag/evaluations/chronos_bolt_512/US_Labor/M/short/run_0/metrics_summary.json
    Metrics summary (averaged over all series/windows/variates):
      MSE: 761910.2892
      MAE: 392.4605
      RMSE: 438.0244
      MAPE: 0.0725
      sMAPE: 0.0687
      MASE: 0.9464
      ND: 0.0713
      CRPS: 0.0713
TIME run allocation action=new run=/fslarge/scratch/users/h61084/codes/tsrag_time/outputs/tsrag/evaluations/chronos_bolt_max/US_Labor/M/short/run_0 launch_id=selena_3452080 slurm_job_id=3452080 launched_at=2026-09-18T01:58:16.537048+00:00
[2026-09-18 01:58:16 UTC] evaluate method=chronos_bolt_max dataset=US_Labor/M term=short
    Total instances: 70, Series during experiment: 14, Windows: 5
    Collecting ground truth and context...
    Detected to_univariate case: 14 flat series -> 1 series x 14 variates
    Organizing data into arrays...
    ⚠️  Predictions max value (170896.88) exceeds float16 safe range.
    ⚠️  Applying scale factor: 10 (values will be divided)
    Saved predictions (quantiles) to /fslarge/scratch/users/h61084/codes/tsrag_time/outputs/tsrag/evaluations/chronos_bolt_max/US_Labor/M/short/run_0/predictions.npz
    Computing per-window metrics...
    Saved metrics to /fslarge/scratch/users/h61084/codes/tsrag_time/outputs/tsrag/evaluations/chronos_bolt_max/US_Labor/M/short/run_0/metrics.npz
    Saved config to /fslarge/scratch/users/h61084/codes/tsrag_time/outputs/tsrag/evaluations/chronos_bolt_max/US_Labor/M/short/run_0/config.json
    Saved aggregate metrics to /fslarge/scratch/users/h61084/codes/tsrag_time/outputs/tsrag/evaluations/chronos_bolt_max/US_Labor/M/short/run_0/metrics_summary.json
    Metrics summary (averaged over all series/windows/variates):
      MSE: 761910.2892
      MAE: 392.4605
      RMSE: 438.0244
      MAPE: 0.0725
      sMAPE: 0.0687
      MASE: 0.9464
      ND: 0.0713
      CRPS: 0.0713
TIME run allocation action=new run=/fslarge/scratch/users/h61084/codes/tsrag_time/outputs/tsrag/evaluations/chronos2_max/US_Labor/M/short/run_0 launch_id=selena_3452080 slurm_job_id=3452080 launched_at=2026-09-18T01:58:16.565312+00:00
[2026-09-18 01:58:16 UTC] evaluate method=chronos2_max dataset=US_Labor/M term=short
    Total instances: 70, Series during experiment: 14, Windows: 5
    Collecting ground truth and context...
    Detected to_univariate case: 14 flat series -> 1 series x 14 variates
    Organizing data into arrays...
    ⚠️  Predictions max value (170858.69) exceeds float16 safe range.
    ⚠️  Applying scale factor: 10 (values will be divided)
    Saved predictions (quantiles) to /fslarge/scratch/users/h61084/codes/tsrag_time/outputs/tsrag/evaluations/chronos2_max/US_Labor/M/short/run_0/predictions.npz
    Computing per-window metrics...
    Saved metrics to /fslarge/scratch/users/h61084/codes/tsrag_time/outputs/tsrag/evaluations/chronos2_max/US_Labor/M/short/run_0/metrics.npz
    Saved config to /fslarge/scratch/users/h61084/codes/tsrag_time/outputs/tsrag/evaluations/chronos2_max/US_Labor/M/short/run_0/config.json
    Saved aggregate metrics to /fslarge/scratch/users/h61084/codes/tsrag_time/outputs/tsrag/evaluations/chronos2_max/US_Labor/M/short/run_0/metrics_summary.json
    Metrics summary (averaged over all series/windows/variates):
      MSE: 473194.7925
      MAE: 338.2949
      RMSE: 383.6733
      MAPE: 0.0621
      sMAPE: 0.0595
      MASE: 0.8665
      ND: 0.0622
      CRPS: 0.0622
TIME run allocation action=new run=/fslarge/scratch/users/h61084/codes/tsrag_time/outputs/tsrag/evaluations/tsrag/US_Labor/M/short/run_0 launch_id=selena_3452080 slurm_job_id=3452080 launched_at=2026-09-18T01:58:16.607144+00:00
[2026-09-18 01:58:16 UTC] evaluate method=tsrag dataset=US_Labor/M term=short
    Total instances: 70, Series during experiment: 14, Windows: 5
    Collecting ground truth and context...
    Detected to_univariate case: 14 flat series -> 1 series x 14 variates
    Organizing data into arrays...
    ⚠️  Predictions max value (170896.88) exceeds float16 safe range.
    ⚠️  Applying scale factor: 10 (values will be divided)
    Saved predictions (quantiles) to /fslarge/scratch/users/h61084/codes/tsrag_time/outputs/tsrag/evaluations/tsrag/US_Labor/M/short/run_0/predictions.npz
    Computing per-window metrics...
    Saved metrics to /fslarge/scratch/users/h61084/codes/tsrag_time/outputs/tsrag/evaluations/tsrag/US_Labor/M/short/run_0/metrics.npz
    Saved config to /fslarge/scratch/users/h61084/codes/tsrag_time/outputs/tsrag/evaluations/tsrag/US_Labor/M/short/run_0/config.json
    Saved aggregate metrics to /fslarge/scratch/users/h61084/codes/tsrag_time/outputs/tsrag/evaluations/tsrag/US_Labor/M/short/run_0/metrics_summary.json
    Metrics summary (averaged over all series/windows/variates):
      MSE: 761910.2892
      MAE: 392.4605
      RMSE: 438.0244
      MAPE: 0.0725
      sMAPE: 0.0687
      MASE: 0.9464
      ND: 0.0713
      CRPS: 0.0713
TIME run allocation action=new run=/fslarge/scratch/users/h61084/codes/tsrag_time/outputs/tsrag/evaluations/bayes_mixture/US_Labor/M/short/run_0 launch_id=selena_3452080 slurm_job_id=3452080 launched_at=2026-09-18T01:58:16.675736+00:00
[2026-09-18 01:58:16 UTC] evaluate method=bayes_mixture dataset=US_Labor/M term=short
    Total instances: 70, Series during experiment: 14, Windows: 5
    Collecting ground truth and context...
    Detected to_univariate case: 14 flat series -> 1 series x 14 variates
    Organizing data into arrays...
    ⚠️  Predictions max value (170884.14) exceeds float16 safe range.
    ⚠️  Applying scale factor: 10 (values will be divided)
    Saved predictions (quantiles) to /fslarge/scratch/users/h61084/codes/tsrag_time/outputs/tsrag/evaluations/bayes_mixture/US_Labor/M/short/run_0/predictions.npz
    Computing per-window metrics...
    Saved metrics to /fslarge/scratch/users/h61084/codes/tsrag_time/outputs/tsrag/evaluations/bayes_mixture/US_Labor/M/short/run_0/metrics.npz
    Saved config to /fslarge/scratch/users/h61084/codes/tsrag_time/outputs/tsrag/evaluations/bayes_mixture/US_Labor/M/short/run_0/config.json
    Saved aggregate metrics to /fslarge/scratch/users/h61084/codes/tsrag_time/outputs/tsrag/evaluations/bayes_mixture/US_Labor/M/short/run_0/metrics_summary.json
    Metrics summary (averaged over all series/windows/variates):
      MSE: 588150.9176
      MAE: 355.7703
      RMSE: 398.5771
      MAPE: 0.0670
      sMAPE: 0.0636
      MASE: 0.8864
      ND: 0.0663
      CRPS: 0.0663
TIME run allocation action=new run=/fslarge/scratch/users/h61084/codes/tsrag_time/outputs/tsrag/evaluations/chronos_t5_512/Vehicle_Supply/M/short/run_0 launch_id=selena_3452080 slurm_job_id=3452080 launched_at=2026-09-18T01:58:16.711428+00:00
[2026-09-18 01:58:16 UTC] evaluate method=chronos_t5_512 dataset=Vehicle_Supply/M term=short
    Total instances: 30, Series during experiment: 6, Windows: 5
    Collecting ground truth and context...
    Detected to_univariate case: 6 flat series -> 1 series x 6 variates
    Organizing data into arrays...
    Saved predictions (quantiles) to /fslarge/scratch/users/h61084/codes/tsrag_time/outputs/tsrag/evaluations/chronos_t5_512/Vehicle_Supply/M/short/run_0/predictions.npz
    Computing per-window metrics...
    Saved metrics to /fslarge/scratch/users/h61084/codes/tsrag_time/outputs/tsrag/evaluations/chronos_t5_512/Vehicle_Supply/M/short/run_0/metrics.npz
    Saved config to /fslarge/scratch/users/h61084/codes/tsrag_time/outputs/tsrag/evaluations/chronos_t5_512/Vehicle_Supply/M/short/run_0/config.json
    Saved aggregate metrics to /fslarge/scratch/users/h61084/codes/tsrag_time/outputs/tsrag/evaluations/chronos_t5_512/Vehicle_Supply/M/short/run_0/metrics_summary.json
    Metrics summary (averaged over all series/windows/variates):
      MSE: 1784.9566
      MAE: 19.3282
      RMSE: 22.8697
      MAPE: 0.2282
      sMAPE: 0.2039
      MASE: 0.7643
      ND: 0.2100
      CRPS: 0.2100
TIME run allocation action=new run=/fslarge/scratch/users/h61084/codes/tsrag_time/outputs/tsrag/evaluations/chronos_bolt_512/Vehicle_Supply/M/short/run_0 launch_id=selena_3452080 slurm_job_id=3452080 launched_at=2026-09-18T01:58:16.739076+00:00
[2026-09-18 01:58:16 UTC] evaluate method=chronos_bolt_512 dataset=Vehicle_Supply/M term=short
    Total instances: 30, Series during experiment: 6, Windows: 5
    Collecting ground truth and context...
    Detected to_univariate case: 6 flat series -> 1 series x 6 variates
    Organizing data into arrays...
    Saved predictions (quantiles) to /fslarge/scratch/users/h61084/codes/tsrag_time/outputs/tsrag/evaluations/chronos_bolt_512/Vehicle_Supply/M/short/run_0/predictions.npz
    Computing per-window metrics...
    Saved metrics to /fslarge/scratch/users/h61084/codes/tsrag_time/outputs/tsrag/evaluations/chronos_bolt_512/Vehicle_Supply/M/short/run_0/metrics.npz
    Saved config to /fslarge/scratch/users/h61084/codes/tsrag_time/outputs/tsrag/evaluations/chronos_bolt_512/Vehicle_Supply/M/short/run_0/config.json
    Saved aggregate metrics to /fslarge/scratch/users/h61084/codes/tsrag_time/outputs/tsrag/evaluations/chronos_bolt_512/Vehicle_Supply/M/short/run_0/metrics_summary.json
    Metrics summary (averaged over all series/windows/variates):
      MSE: 2397.0628
      MAE: 22.1977
      RMSE: 26.8237
      MAPE: 0.2436
      sMAPE: 0.2429
      MASE: 0.8111
      ND: 0.2271
      CRPS: 0.2271
TIME run allocation action=new run=/fslarge/scratch/users/h61084/codes/tsrag_time/outputs/tsrag/evaluations/chronos_bolt_max/Vehicle_Supply/M/short/run_0 launch_id=selena_3452080 slurm_job_id=3452080 launched_at=2026-09-18T01:58:16.764794+00:00
[2026-09-18 01:58:16 UTC] evaluate method=chronos_bolt_max dataset=Vehicle_Supply/M term=short
    Total instances: 30, Series during experiment: 6, Windows: 5
    Collecting ground truth and context...
    Detected to_univariate case: 6 flat series -> 1 series x 6 variates
    Organizing data into arrays...
    Saved predictions (quantiles) to /fslarge/scratch/users/h61084/codes/tsrag_time/outputs/tsrag/evaluations/chronos_bolt_max/Vehicle_Supply/M/short/run_0/predictions.npz
    Computing per-window metrics...
    Saved metrics to /fslarge/scratch/users/h61084/codes/tsrag_time/outputs/tsrag/evaluations/chronos_bolt_max/Vehicle_Supply/M/short/run_0/metrics.npz
    Saved config to /fslarge/scratch/users/h61084/codes/tsrag_time/outputs/tsrag/evaluations/chronos_bolt_max/Vehicle_Supply/M/short/run_0/config.json
    Saved aggregate metrics to /fslarge/scratch/users/h61084/codes/tsrag_time/outputs/tsrag/evaluations/chronos_bolt_max/Vehicle_Supply/M/short/run_0/metrics_summary.json
    Metrics summary (averaged over all series/windows/variates):
      MSE: 2397.0628
      MAE: 22.1977
      RMSE: 26.8237
      MAPE: 0.2436
      sMAPE: 0.2429
      MASE: 0.8111
      ND: 0.2271
      CRPS: 0.2271
TIME run allocation action=new run=/fslarge/scratch/users/h61084/codes/tsrag_time/outputs/tsrag/evaluations/chronos2_max/Vehicle_Supply/M/short/run_0 launch_id=selena_3452080 slurm_job_id=3452080 launched_at=2026-09-18T01:58:16.789833+00:00
[2026-09-18 01:58:16 UTC] evaluate method=chronos2_max dataset=Vehicle_Supply/M term=short
    Total instances: 30, Series during experiment: 6, Windows: 5
    Collecting ground truth and context...
    Detected to_univariate case: 6 flat series -> 1 series x 6 variates
    Organizing data into arrays...
    Saved predictions (quantiles) to /fslarge/scratch/users/h61084/codes/tsrag_time/outputs/tsrag/evaluations/chronos2_max/Vehicle_Supply/M/short/run_0/predictions.npz
    Computing per-window metrics...
    Saved metrics to /fslarge/scratch/users/h61084/codes/tsrag_time/outputs/tsrag/evaluations/chronos2_max/Vehicle_Supply/M/short/run_0/metrics.npz
    Saved config to /fslarge/scratch/users/h61084/codes/tsrag_time/outputs/tsrag/evaluations/chronos2_max/Vehicle_Supply/M/short/run_0/config.json
    Saved aggregate metrics to /fslarge/scratch/users/h61084/codes/tsrag_time/outputs/tsrag/evaluations/chronos2_max/Vehicle_Supply/M/short/run_0/metrics_summary.json
    Metrics summary (averaged over all series/windows/variates):
      MSE: 2704.5845
      MAE: 22.3202
      RMSE: 26.4495
      MAPE: 0.2518
      sMAPE: 0.2109
      MASE: 0.8042
      ND: 0.2309
      CRPS: 0.2309
TIME run allocation action=new run=/fslarge/scratch/users/h61084/codes/tsrag_time/outputs/tsrag/evaluations/tsrag/Vehicle_Supply/M/short/run_0 launch_id=selena_3452080 slurm_job_id=3452080 launched_at=2026-09-18T01:58:16.829034+00:00
[2026-09-18 01:58:16 UTC] evaluate method=tsrag dataset=Vehicle_Supply/M term=short
    Total instances: 30, Series during experiment: 6, Windows: 5
    Collecting ground truth and context...
    Detected to_univariate case: 6 flat series -> 1 series x 6 variates
    Organizing data into arrays...
    Saved predictions (quantiles) to /fslarge/scratch/users/h61084/codes/tsrag_time/outputs/tsrag/evaluations/tsrag/Vehicle_Supply/M/short/run_0/predictions.npz
    Computing per-window metrics...
    Saved metrics to /fslarge/scratch/users/h61084/codes/tsrag_time/outputs/tsrag/evaluations/tsrag/Vehicle_Supply/M/short/run_0/metrics.npz
    Saved config to /fslarge/scratch/users/h61084/codes/tsrag_time/outputs/tsrag/evaluations/tsrag/Vehicle_Supply/M/short/run_0/config.json
    Saved aggregate metrics to /fslarge/scratch/users/h61084/codes/tsrag_time/outputs/tsrag/evaluations/tsrag/Vehicle_Supply/M/short/run_0/metrics_summary.json
    Metrics summary (averaged over all series/windows/variates):
      MSE: 2397.0628
      MAE: 22.1977
      RMSE: 26.8237
      MAPE: 0.2436
      sMAPE: 0.2429
      MASE: 0.8111
      ND: 0.2271
      CRPS: 0.2271
TIME run allocation action=new run=/fslarge/scratch/users/h61084/codes/tsrag_time/outputs/tsrag/evaluations/bayes_mixture/Vehicle_Supply/M/short/run_0 launch_id=selena_3452080 slurm_job_id=3452080 launched_at=2026-09-18T01:58:16.891517+00:00
[2026-09-18 01:58:16 UTC] evaluate method=bayes_mixture dataset=Vehicle_Supply/M term=short
    Total instances: 30, Series during experiment: 6, Windows: 5
    Collecting ground truth and context...
    Detected to_univariate case: 6 flat series -> 1 series x 6 variates
    Organizing data into arrays...
    Saved predictions (quantiles) to /fslarge/scratch/users/h61084/codes/tsrag_time/outputs/tsrag/evaluations/bayes_mixture/Vehicle_Supply/M/short/run_0/predictions.npz
    Computing per-window metrics...
    Saved metrics to /fslarge/scratch/users/h61084/codes/tsrag_time/outputs/tsrag/evaluations/bayes_mixture/Vehicle_Supply/M/short/run_0/metrics.npz
    Saved config to /fslarge/scratch/users/h61084/codes/tsrag_time/outputs/tsrag/evaluations/bayes_mixture/Vehicle_Supply/M/short/run_0/config.json
    Saved aggregate metrics to /fslarge/scratch/users/h61084/codes/tsrag_time/outputs/tsrag/evaluations/bayes_mixture/Vehicle_Supply/M/short/run_0/metrics_summary.json
    Metrics summary (averaged over all series/windows/variates):
      MSE: 2418.3810
      MAE: 21.1358
      RMSE: 25.0813
      MAPE: 0.2391
      sMAPE: 0.2099
      MASE: 0.7878
      ND: 0.2196
      CRPS: 0.2196
TIME run allocation action=new run=/fslarge/scratch/users/h61084/codes/tsrag_time/outputs/tsrag/evaluations/chronos_t5_512/Auto_Production_SF/M/short/run_0 launch_id=selena_3452080 slurm_job_id=3452080 launched_at=2026-09-18T01:58:16.923166+00:00
[2026-09-18 01:58:16 UTC] evaluate method=chronos_t5_512 dataset=Auto_Production_SF/M term=short
    Total instances: 5, Series during experiment: 1, Windows: 5
    Collecting ground truth and context...
    Organizing data into arrays...
    Saved predictions (quantiles) to /fslarge/scratch/users/h61084/codes/tsrag_time/outputs/tsrag/evaluations/chronos_t5_512/Auto_Production_SF/M/short/run_0/predictions.npz
    Computing per-window metrics...
    Saved metrics to /fslarge/scratch/users/h61084/codes/tsrag_time/outputs/tsrag/evaluations/chronos_t5_512/Auto_Production_SF/M/short/run_0/metrics.npz
    Saved config to /fslarge/scratch/users/h61084/codes/tsrag_time/outputs/tsrag/evaluations/chronos_t5_512/Auto_Production_SF/M/short/run_0/config.json
    Saved aggregate metrics to /fslarge/scratch/users/h61084/codes/tsrag_time/outputs/tsrag/evaluations/chronos_t5_512/Auto_Production_SF/M/short/run_0/metrics_summary.json
    Metrics summary (averaged over all series/windows/variates):
      MSE: 20.4463
      MAE: 3.4634
      RMSE: 4.2889
      MAPE: 0.0353
      sMAPE: 0.0351
      MASE: 0.8728
      ND: 0.0347
      CRPS: 0.0347
TIME run allocation action=new run=/fslarge/scratch/users/h61084/codes/tsrag_time/outputs/tsrag/evaluations/chronos_bolt_512/Auto_Production_SF/M/short/run_0 launch_id=selena_3452080 slurm_job_id=3452080 launched_at=2026-09-18T01:58:16.947898+00:00
[2026-09-18 01:58:16 UTC] evaluate method=chronos_bolt_512 dataset=Auto_Production_SF/M term=short
    Total instances: 5, Series during experiment: 1, Windows: 5
    Collecting ground truth and context...
    Organizing data into arrays...
    Saved predictions (quantiles) to /fslarge/scratch/users/h61084/codes/tsrag_time/outputs/tsrag/evaluations/chronos_bolt_512/Auto_Production_SF/M/short/run_0/predictions.npz
    Computing per-window metrics...
    Saved metrics to /fslarge/scratch/users/h61084/codes/tsrag_time/outputs/tsrag/evaluations/chronos_bolt_512/Auto_Production_SF/M/short/run_0/metrics.npz
    Saved config to /fslarge/scratch/users/h61084/codes/tsrag_time/outputs/tsrag/evaluations/chronos_bolt_512/Auto_Production_SF/M/short/run_0/config.json
    Saved aggregate metrics to /fslarge/scratch/users/h61084/codes/tsrag_time/outputs/tsrag/evaluations/chronos_bolt_512/Auto_Production_SF/M/short/run_0/metrics_summary.json
    Metrics summary (averaged over all series/windows/variates):
      MSE: 26.3340
      MAE: 4.0893
      RMSE: 5.0599
      MAPE: 0.0417
      sMAPE: 0.0414
      MASE: 1.0324
      ND: 0.0410
      CRPS: 0.0410
TIME run allocation action=new run=/fslarge/scratch/users/h61084/codes/tsrag_time/outputs/tsrag/evaluations/chronos_bolt_max/Auto_Production_SF/M/short/run_0 launch_id=selena_3452080 slurm_job_id=3452080 launched_at=2026-09-18T01:58:16.971571+00:00
[2026-09-18 01:58:16 UTC] evaluate method=chronos_bolt_max dataset=Auto_Production_SF/M term=short
    Total instances: 5, Series during experiment: 1, Windows: 5
    Collecting ground truth and context...
    Organizing data into arrays...
    Saved predictions (quantiles) to /fslarge/scratch/users/h61084/codes/tsrag_time/outputs/tsrag/evaluations/chronos_bolt_max/Auto_Production_SF/M/short/run_0/predictions.npz
    Computing per-window metrics...
    Saved metrics to /fslarge/scratch/users/h61084/codes/tsrag_time/outputs/tsrag/evaluations/chronos_bolt_max/Auto_Production_SF/M/short/run_0/metrics.npz
    Saved config to /fslarge/scratch/users/h61084/codes/tsrag_time/outputs/tsrag/evaluations/chronos_bolt_max/Auto_Production_SF/M/short/run_0/config.json
    Saved aggregate metrics to /fslarge/scratch/users/h61084/codes/tsrag_time/outputs/tsrag/evaluations/chronos_bolt_max/Auto_Production_SF/M/short/run_0/metrics_summary.json
    Metrics summary (averaged over all series/windows/variates):
      MSE: 26.3340
      MAE: 4.0893
      RMSE: 5.0599
      MAPE: 0.0417
      sMAPE: 0.0414
      MASE: 1.0324
      ND: 0.0410
      CRPS: 0.0410
TIME run allocation action=new run=/fslarge/scratch/users/h61084/codes/tsrag_time/outputs/tsrag/evaluations/chronos2_max/Auto_Production_SF/M/short/run_0 launch_id=selena_3452080 slurm_job_id=3452080 launched_at=2026-09-18T01:58:16.993870+00:00
[2026-09-18 01:58:16 UTC] evaluate method=chronos2_max dataset=Auto_Production_SF/M term=short
    Total instances: 5, Series during experiment: 1, Windows: 5
    Collecting ground truth and context...
    Organizing data into arrays...
    Saved predictions (quantiles) to /fslarge/scratch/users/h61084/codes/tsrag_time/outputs/tsrag/evaluations/chronos2_max/Auto_Production_SF/M/short/run_0/predictions.npz
    Computing per-window metrics...
    Saved metrics to /fslarge/scratch/users/h61084/codes/tsrag_time/outputs/tsrag/evaluations/chronos2_max/Auto_Production_SF/M/short/run_0/metrics.npz
    Saved config to /fslarge/scratch/users/h61084/codes/tsrag_time/outputs/tsrag/evaluations/chronos2_max/Auto_Production_SF/M/short/run_0/config.json
    Saved aggregate metrics to /fslarge/scratch/users/h61084/codes/tsrag_time/outputs/tsrag/evaluations/chronos2_max/Auto_Production_SF/M/short/run_0/metrics_summary.json
    Metrics summary (averaged over all series/windows/variates):
      MSE: 9.2722
      MAE: 2.3963
      RMSE: 2.9463
      MAPE: 0.0248
      sMAPE: 0.0245
      MASE: 0.6044
      ND: 0.0240
      CRPS: 0.0240
TIME run allocation action=new run=/fslarge/scratch/users/h61084/codes/tsrag_time/outputs/tsrag/evaluations/tsrag/Auto_Production_SF/M/short/run_0 launch_id=selena_3452080 slurm_job_id=3452080 launched_at=2026-09-18T01:58:17.030676+00:00
[2026-09-18 01:58:17 UTC] evaluate method=tsrag dataset=Auto_Production_SF/M term=short
    Total instances: 5, Series during experiment: 1, Windows: 5
    Collecting ground truth and context...
    Organizing data into arrays...
    Saved predictions (quantiles) to /fslarge/scratch/users/h61084/codes/tsrag_time/outputs/tsrag/evaluations/tsrag/Auto_Production_SF/M/short/run_0/predictions.npz
    Computing per-window metrics...
    Saved metrics to /fslarge/scratch/users/h61084/codes/tsrag_time/outputs/tsrag/evaluations/tsrag/Auto_Production_SF/M/short/run_0/metrics.npz
    Saved config to /fslarge/scratch/users/h61084/codes/tsrag_time/outputs/tsrag/evaluations/tsrag/Auto_Production_SF/M/short/run_0/config.json
    Saved aggregate metrics to /fslarge/scratch/users/h61084/codes/tsrag_time/outputs/tsrag/evaluations/tsrag/Auto_Production_SF/M/short/run_0/metrics_summary.json
    Metrics summary (averaged over all series/windows/variates):
      MSE: 26.3340
      MAE: 4.0893
      RMSE: 5.0599
      MAPE: 0.0417
      sMAPE: 0.0414
      MASE: 1.0324
      ND: 0.0410
      CRPS: 0.0410
TIME run allocation action=new run=/fslarge/scratch/users/h61084/codes/tsrag_time/outputs/tsrag/evaluations/bayes_mixture/Auto_Production_SF/M/short/run_0 launch_id=selena_3452080 slurm_job_id=3452080 launched_at=2026-09-18T01:58:17.090723+00:00
[2026-09-18 01:58:17 UTC] evaluate method=bayes_mixture dataset=Auto_Production_SF/M term=short
    Total instances: 5, Series during experiment: 1, Windows: 5
    Collecting ground truth and context...
    Organizing data into arrays...
    Saved predictions (quantiles) to /fslarge/scratch/users/h61084/codes/tsrag_time/outputs/tsrag/evaluations/bayes_mixture/Auto_Production_SF/M/short/run_0/predictions.npz
    Computing per-window metrics...
    Saved metrics to /fslarge/scratch/users/h61084/codes/tsrag_time/outputs/tsrag/evaluations/bayes_mixture/Auto_Production_SF/M/short/run_0/metrics.npz
    Saved config to /fslarge/scratch/users/h61084/codes/tsrag_time/outputs/tsrag/evaluations/bayes_mixture/Auto_Production_SF/M/short/run_0/config.json
    Saved aggregate metrics to /fslarge/scratch/users/h61084/codes/tsrag_time/outputs/tsrag/evaluations/bayes_mixture/Auto_Production_SF/M/short/run_0/metrics_summary.json
    Metrics summary (averaged over all series/windows/variates):
      MSE: 10.9980
      MAE: 2.6230
      RMSE: 3.2409
      MAPE: 0.0271
      sMAPE: 0.0268
      MASE: 0.6616
      ND: 0.0263
      CRPS: 0.0263
TIME run allocation action=new run=/fslarge/scratch/users/h61084/codes/tsrag_time/outputs/tsrag/evaluations/chronos_t5_512/Commodity_Production/M/short/run_0 launch_id=selena_3452080 slurm_job_id=3452080 launched_at=2026-09-18T01:58:17.121640+00:00
[2026-09-18 01:58:17 UTC] evaluate method=chronos_t5_512 dataset=Commodity_Production/M term=short
    Total instances: 160, Series during experiment: 32, Windows: 5
    Collecting ground truth and context...
    Organizing data into arrays...
    Saved predictions (quantiles) to /fslarge/scratch/users/h61084/codes/tsrag_time/outputs/tsrag/evaluations/chronos_t5_512/Commodity_Production/M/short/run_0/predictions.npz
    Computing per-window metrics...
    Saved metrics to /fslarge/scratch/users/h61084/codes/tsrag_time/outputs/tsrag/evaluations/chronos_t5_512/Commodity_Production/M/short/run_0/metrics.npz
    Saved config to /fslarge/scratch/users/h61084/codes/tsrag_time/outputs/tsrag/evaluations/chronos_t5_512/Commodity_Production/M/short/run_0/config.json
    Saved aggregate metrics to /fslarge/scratch/users/h61084/codes/tsrag_time/outputs/tsrag/evaluations/chronos_t5_512/Commodity_Production/M/short/run_0/metrics_summary.json
    Metrics summary (averaged over all series/windows/variates):
      MSE: 55677.7154
      MAE: 69.1342
      RMSE: 81.0567
      MAPE: 0.2090
      sMAPE: 0.1701
      MASE: 0.9564
      ND: 0.1623
      CRPS: 0.1623
TIME run allocation action=new run=/fslarge/scratch/users/h61084/codes/tsrag_time/outputs/tsrag/evaluations/chronos_bolt_512/Commodity_Production/M/short/run_0 launch_id=selena_3452080 slurm_job_id=3452080 launched_at=2026-09-18T01:58:17.159287+00:00
[2026-09-18 01:58:17 UTC] evaluate method=chronos_bolt_512 dataset=Commodity_Production/M term=short
    Total instances: 160, Series during experiment: 32, Windows: 5
    Collecting ground truth and context...
    Organizing data into arrays...
    Saved predictions (quantiles) to /fslarge/scratch/users/h61084/codes/tsrag_time/outputs/tsrag/evaluations/chronos_bolt_512/Commodity_Production/M/short/run_0/predictions.npz
    Computing per-window metrics...
    Saved metrics to /fslarge/scratch/users/h61084/codes/tsrag_time/outputs/tsrag/evaluations/chronos_bolt_512/Commodity_Production/M/short/run_0/metrics.npz
    Saved config to /fslarge/scratch/users/h61084/codes/tsrag_time/outputs/tsrag/evaluations/chronos_bolt_512/Commodity_Production/M/short/run_0/config.json
    Saved aggregate metrics to /fslarge/scratch/users/h61084/codes/tsrag_time/outputs/tsrag/evaluations/chronos_bolt_512/Commodity_Production/M/short/run_0/metrics_summary.json
    Metrics summary (averaged over all series/windows/variates):
      MSE: 61084.9140
      MAE: 67.6305
      RMSE: 78.3374
      MAPE: 0.2141
      sMAPE: 0.1662
      MASE: 0.9390
      ND: 0.1597
      CRPS: 0.1597
TIME run allocation action=new run=/fslarge/scratch/users/h61084/codes/tsrag_time/outputs/tsrag/evaluations/chronos_bolt_max/Commodity_Production/M/short/run_0 launch_id=selena_3452080 slurm_job_id=3452080 launched_at=2026-09-18T01:58:17.194315+00:00
[2026-09-18 01:58:17 UTC] evaluate method=chronos_bolt_max dataset=Commodity_Production/M term=short
    Total instances: 160, Series during experiment: 32, Windows: 5
    Collecting ground truth and context...
    Organizing data into arrays...
    Saved predictions (quantiles) to /fslarge/scratch/users/h61084/codes/tsrag_time/outputs/tsrag/evaluations/chronos_bolt_max/Commodity_Production/M/short/run_0/predictions.npz
    Computing per-window metrics...
    Saved metrics to /fslarge/scratch/users/h61084/codes/tsrag_time/outputs/tsrag/evaluations/chronos_bolt_max/Commodity_Production/M/short/run_0/metrics.npz
    Saved config to /fslarge/scratch/users/h61084/codes/tsrag_time/outputs/tsrag/evaluations/chronos_bolt_max/Commodity_Production/M/short/run_0/config.json
    Saved aggregate metrics to /fslarge/scratch/users/h61084/codes/tsrag_time/outputs/tsrag/evaluations/chronos_bolt_max/Commodity_Production/M/short/run_0/metrics_summary.json
    Metrics summary (averaged over all series/windows/variates):
      MSE: 61141.7066
      MAE: 67.7134
      RMSE: 78.4478
      MAPE: 0.2140
      sMAPE: 0.1661
      MASE: 0.9386
      ND: 0.1597
      CRPS: 0.1597
TIME run allocation action=new run=/fslarge/scratch/users/h61084/codes/tsrag_time/outputs/tsrag/evaluations/chronos2_max/Commodity_Production/M/short/run_0 launch_id=selena_3452080 slurm_job_id=3452080 launched_at=2026-09-18T01:58:17.229157+00:00
[2026-09-18 01:58:17 UTC] evaluate method=chronos2_max dataset=Commodity_Production/M term=short
    Total instances: 160, Series during experiment: 32, Windows: 5
    Collecting ground truth and context...
    Organizing data into arrays...
    Saved predictions (quantiles) to /fslarge/scratch/users/h61084/codes/tsrag_time/outputs/tsrag/evaluations/chronos2_max/Commodity_Production/M/short/run_0/predictions.npz
    Computing per-window metrics...
    Saved metrics to /fslarge/scratch/users/h61084/codes/tsrag_time/outputs/tsrag/evaluations/chronos2_max/Commodity_Production/M/short/run_0/metrics.npz
    Saved config to /fslarge/scratch/users/h61084/codes/tsrag_time/outputs/tsrag/evaluations/chronos2_max/Commodity_Production/M/short/run_0/config.json
    Saved aggregate metrics to /fslarge/scratch/users/h61084/codes/tsrag_time/outputs/tsrag/evaluations/chronos2_max/Commodity_Production/M/short/run_0/metrics_summary.json
    Metrics summary (averaged over all series/windows/variates):
      MSE: 58078.3805
      MAE: 65.7979
      RMSE: 76.8030
      MAPE: 0.2059
      sMAPE: 0.1638
      MASE: 0.9052
      ND: 0.1572
      CRPS: 0.1572
TIME run allocation action=new run=/fslarge/scratch/users/h61084/codes/tsrag_time/outputs/tsrag/evaluations/tsrag/Commodity_Production/M/short/run_0 launch_id=selena_3452080 slurm_job_id=3452080 launched_at=2026-09-18T01:58:17.277842+00:00
[2026-09-18 01:58:17 UTC] evaluate method=tsrag dataset=Commodity_Production/M term=short
    Total instances: 160, Series during experiment: 32, Windows: 5
    Collecting ground truth and context...
    Organizing data into arrays...
    Saved predictions (quantiles) to /fslarge/scratch/users/h61084/codes/tsrag_time/outputs/tsrag/evaluations/tsrag/Commodity_Production/M/short/run_0/predictions.npz
    Computing per-window metrics...
    Saved metrics to /fslarge/scratch/users/h61084/codes/tsrag_time/outputs/tsrag/evaluations/tsrag/Commodity_Production/M/short/run_0/metrics.npz
    Saved config to /fslarge/scratch/users/h61084/codes/tsrag_time/outputs/tsrag/evaluations/tsrag/Commodity_Production/M/short/run_0/config.json
    Saved aggregate metrics to /fslarge/scratch/users/h61084/codes/tsrag_time/outputs/tsrag/evaluations/tsrag/Commodity_Production/M/short/run_0/metrics_summary.json
    Metrics summary (averaged over all series/windows/variates):
      MSE: 61913.8025
      MAE: 68.9518
      RMSE: 79.7154
      MAPE: 0.2153
      sMAPE: 0.1668
      MASE: 0.9407
      ND: 0.1606
      CRPS: 0.1606
TIME run allocation action=new run=/fslarge/scratch/users/h61084/codes/tsrag_time/outputs/tsrag/evaluations/bayes_mixture/Commodity_Production/M/short/run_0 launch_id=selena_3452080 slurm_job_id=3452080 launched_at=2026-09-18T01:58:17.349987+00:00
[2026-09-18 01:58:17 UTC] evaluate method=bayes_mixture dataset=Commodity_Production/M term=short
    Total instances: 160, Series during experiment: 32, Windows: 5
    Collecting ground truth and context...
    Organizing data into arrays...
    Saved predictions (quantiles) to /fslarge/scratch/users/h61084/codes/tsrag_time/outputs/tsrag/evaluations/bayes_mixture/Commodity_Production/M/short/run_0/predictions.npz
    Computing per-window metrics...
    Saved metrics to /fslarge/scratch/users/h61084/codes/tsrag_time/outputs/tsrag/evaluations/bayes_mixture/Commodity_Production/M/short/run_0/metrics.npz
    Saved config to /fslarge/scratch/users/h61084/codes/tsrag_time/outputs/tsrag/evaluations/bayes_mixture/Commodity_Production/M/short/run_0/config.json
    Saved aggregate metrics to /fslarge/scratch/users/h61084/codes/tsrag_time/outputs/tsrag/evaluations/bayes_mixture/Commodity_Production/M/short/run_0/metrics_summary.json
    Metrics summary (averaged over all series/windows/variates):
      MSE: 58137.3497
      MAE: 65.6694
      RMSE: 76.5203
      MAPE: 0.2050
      sMAPE: 0.1610
      MASE: 0.8995
      ND: 0.1542
      CRPS: 0.1542
TIME run allocation action=new run=/fslarge/scratch/users/h61084/codes/tsrag_time/outputs/tsrag/evaluations/chronos_t5_512/Commodity_Import/M/short/run_0 launch_id=selena_3452080 slurm_job_id=3452080 launched_at=2026-09-18T01:58:17.391698+00:00
[2026-09-18 01:58:17 UTC] evaluate method=chronos_t5_512 dataset=Commodity_Import/M term=short
    Total instances: 40, Series during experiment: 8, Windows: 5
    Collecting ground truth and context...
    Organizing data into arrays...
    Saved predictions (quantiles) to /fslarge/scratch/users/h61084/codes/tsrag_time/outputs/tsrag/evaluations/chronos_t5_512/Commodity_Import/M/short/run_0/predictions.npz
    Computing per-window metrics...
    Saved metrics to /fslarge/scratch/users/h61084/codes/tsrag_time/outputs/tsrag/evaluations/chronos_t5_512/Commodity_Import/M/short/run_0/metrics.npz
    Saved config to /fslarge/scratch/users/h61084/codes/tsrag_time/outputs/tsrag/evaluations/chronos_t5_512/Commodity_Import/M/short/run_0/config.json
    Saved aggregate metrics to /fslarge/scratch/users/h61084/codes/tsrag_time/outputs/tsrag/evaluations/chronos_t5_512/Commodity_Import/M/short/run_0/metrics_summary.json
    Metrics summary (averaged over all series/windows/variates):
      MSE: 1812018.7834
      MAE: 525.4419
      RMSE: 634.1935
      MAPE: 0.2789
      sMAPE: 0.2222
      MASE: 1.5298
      ND: 0.2296
      CRPS: 0.2296
TIME run allocation action=new run=/fslarge/scratch/users/h61084/codes/tsrag_time/outputs/tsrag/evaluations/chronos_bolt_512/Commodity_Import/M/short/run_0 launch_id=selena_3452080 slurm_job_id=3452080 launched_at=2026-09-18T01:58:17.419533+00:00
[2026-09-18 01:58:17 UTC] evaluate method=chronos_bolt_512 dataset=Commodity_Import/M term=short
    Total instances: 40, Series during experiment: 8, Windows: 5
    Collecting ground truth and context...
    Organizing data into arrays...
    Saved predictions (quantiles) to /fslarge/scratch/users/h61084/codes/tsrag_time/outputs/tsrag/evaluations/chronos_bolt_512/Commodity_Import/M/short/run_0/predictions.npz
    Computing per-window metrics...
    Saved metrics to /fslarge/scratch/users/h61084/codes/tsrag_time/outputs/tsrag/evaluations/chronos_bolt_512/Commodity_Import/M/short/run_0/metrics.npz
    Saved config to /fslarge/scratch/users/h61084/codes/tsrag_time/outputs/tsrag/evaluations/chronos_bolt_512/Commodity_Import/M/short/run_0/config.json
    Saved aggregate metrics to /fslarge/scratch/users/h61084/codes/tsrag_time/outputs/tsrag/evaluations/chronos_bolt_512/Commodity_Import/M/short/run_0/metrics_summary.json
    Metrics summary (averaged over all series/windows/variates):
      MSE: 1762407.6127
      MAE: 528.9152
      RMSE: 630.1234
      MAPE: 0.3511
      sMAPE: 0.2420
      MASE: 1.5001
      ND: 0.2747
      CRPS: 0.2747
TIME run allocation action=new run=/fslarge/scratch/users/h61084/codes/tsrag_time/outputs/tsrag/evaluations/chronos_bolt_max/Commodity_Import/M/short/run_0 launch_id=selena_3452080 slurm_job_id=3452080 launched_at=2026-09-18T01:58:17.445941+00:00
[2026-09-18 01:58:17 UTC] evaluate method=chronos_bolt_max dataset=Commodity_Import/M term=short
    Total instances: 40, Series during experiment: 8, Windows: 5
    Collecting ground truth and context...
    Organizing data into arrays...
    Saved predictions (quantiles) to /fslarge/scratch/users/h61084/codes/tsrag_time/outputs/tsrag/evaluations/chronos_bolt_max/Commodity_Import/M/short/run_0/predictions.npz
    Computing per-window metrics...
    Saved metrics to /fslarge/scratch/users/h61084/codes/tsrag_time/outputs/tsrag/evaluations/chronos_bolt_max/Commodity_Import/M/short/run_0/metrics.npz
    Saved config to /fslarge/scratch/users/h61084/codes/tsrag_time/outputs/tsrag/evaluations/chronos_bolt_max/Commodity_Import/M/short/run_0/config.json
    Saved aggregate metrics to /fslarge/scratch/users/h61084/codes/tsrag_time/outputs/tsrag/evaluations/chronos_bolt_max/Commodity_Import/M/short/run_0/metrics_summary.json
    Metrics summary (averaged over all series/windows/variates):
      MSE: 1702244.8150
      MAE: 527.9195
      RMSE: 630.6833
      MAPE: 0.3501
      sMAPE: 0.2394
      MASE: 1.5321
      ND: 0.2731
      CRPS: 0.2731
TIME run allocation action=new run=/fslarge/scratch/users/h61084/codes/tsrag_time/outputs/tsrag/evaluations/chronos2_max/Commodity_Import/M/short/run_0 launch_id=selena_3452080 slurm_job_id=3452080 launched_at=2026-09-18T01:58:17.471591+00:00
[2026-09-18 01:58:17 UTC] evaluate method=chronos2_max dataset=Commodity_Import/M term=short
    Total instances: 40, Series during experiment: 8, Windows: 5
    Collecting ground truth and context...
    Organizing data into arrays...
    Saved predictions (quantiles) to /fslarge/scratch/users/h61084/codes/tsrag_time/outputs/tsrag/evaluations/chronos2_max/Commodity_Import/M/short/run_0/predictions.npz
    Computing per-window metrics...
    Saved metrics to /fslarge/scratch/users/h61084/codes/tsrag_time/outputs/tsrag/evaluations/chronos2_max/Commodity_Import/M/short/run_0/metrics.npz
    Saved config to /fslarge/scratch/users/h61084/codes/tsrag_time/outputs/tsrag/evaluations/chronos2_max/Commodity_Import/M/short/run_0/config.json
    Saved aggregate metrics to /fslarge/scratch/users/h61084/codes/tsrag_time/outputs/tsrag/evaluations/chronos2_max/Commodity_Import/M/short/run_0/metrics_summary.json
    Metrics summary (averaged over all series/windows/variates):
      MSE: 1553827.1239
      MAE: 502.5971
      RMSE: 607.3308
      MAPE: 0.3745
      sMAPE: 0.2365
      MASE: 1.4590
      ND: 0.2954
      CRPS: 0.2954
TIME run allocation action=new run=/fslarge/scratch/users/h61084/codes/tsrag_time/outputs/tsrag/evaluations/tsrag/Commodity_Import/M/short/run_0 launch_id=selena_3452080 slurm_job_id=3452080 launched_at=2026-09-18T01:58:17.511499+00:00
[2026-09-18 01:58:17 UTC] evaluate method=tsrag dataset=Commodity_Import/M term=short
    Total instances: 40, Series during experiment: 8, Windows: 5
    Collecting ground truth and context...
    Organizing data into arrays...
    Saved predictions (quantiles) to /fslarge/scratch/users/h61084/codes/tsrag_time/outputs/tsrag/evaluations/tsrag/Commodity_Import/M/short/run_0/predictions.npz
    Computing per-window metrics...
    Saved metrics to /fslarge/scratch/users/h61084/codes/tsrag_time/outputs/tsrag/evaluations/tsrag/Commodity_Import/M/short/run_0/metrics.npz
    Saved config to /fslarge/scratch/users/h61084/codes/tsrag_time/outputs/tsrag/evaluations/tsrag/Commodity_Import/M/short/run_0/config.json
    Saved aggregate metrics to /fslarge/scratch/users/h61084/codes/tsrag_time/outputs/tsrag/evaluations/tsrag/Commodity_Import/M/short/run_0/metrics_summary.json
    Metrics summary (averaged over all series/windows/variates):
      MSE: 1781484.1941
      MAE: 534.3739
      RMSE: 634.6246
      MAPE: 0.3490
      sMAPE: 0.2396
      MASE: 1.5635
      ND: 0.2729
      CRPS: 0.2729
TIME run allocation action=new run=/fslarge/scratch/users/h61084/codes/tsrag_time/outputs/tsrag/evaluations/bayes_mixture/Commodity_Import/M/short/run_0 launch_id=selena_3452080 slurm_job_id=3452080 launched_at=2026-09-18T01:58:17.574533+00:00
[2026-09-18 01:58:17 UTC] evaluate method=bayes_mixture dataset=Commodity_Import/M term=short
    Total instances: 40, Series during experiment: 8, Windows: 5
    Collecting ground truth and context...
    Organizing data into arrays...
    Saved predictions (quantiles) to /fslarge/scratch/users/h61084/codes/tsrag_time/outputs/tsrag/evaluations/bayes_mixture/Commodity_Import/M/short/run_0/predictions.npz
    Computing per-window metrics...
    Saved metrics to /fslarge/scratch/users/h61084/codes/tsrag_time/outputs/tsrag/evaluations/bayes_mixture/Commodity_Import/M/short/run_0/metrics.npz
    Saved config to /fslarge/scratch/users/h61084/codes/tsrag_time/outputs/tsrag/evaluations/bayes_mixture/Commodity_Import/M/short/run_0/config.json
    Saved aggregate metrics to /fslarge/scratch/users/h61084/codes/tsrag_time/outputs/tsrag/evaluations/bayes_mixture/Commodity_Import/M/short/run_0/metrics_summary.json
    Metrics summary (averaged over all series/windows/variates):
      MSE: 1585879.7474
      MAE: 504.4246
      RMSE: 608.3774
      MAPE: 0.3667
      sMAPE: 0.2345
      MASE: 1.4672
      ND: 0.2884
      CRPS: 0.2884
TIME run allocation action=new run=/fslarge/scratch/users/h61084/codes/tsrag_time/outputs/tsrag/evaluations/chronos_t5_512/WUI_Global/Q/short/run_0 launch_id=selena_3452080 slurm_job_id=3452080 launched_at=2026-09-18T01:58:17.608688+00:00
[2026-09-18 01:58:17 UTC] evaluate method=chronos_t5_512 dataset=WUI_Global/Q term=short
    Total instances: 75, Series during experiment: 15, Windows: 5
    Collecting ground truth and context...
    Detected to_univariate case: 15 flat series -> 1 series x 15 variates
    Organizing data into arrays...
    Saved predictions (quantiles) to /fslarge/scratch/users/h61084/codes/tsrag_time/outputs/tsrag/evaluations/chronos_t5_512/WUI_Global/Q/short/run_0/predictions.npz
    Computing per-window metrics...
    Saved metrics to /fslarge/scratch/users/h61084/codes/tsrag_time/outputs/tsrag/evaluations/chronos_t5_512/WUI_Global/Q/short/run_0/metrics.npz
    Saved config to /fslarge/scratch/users/h61084/codes/tsrag_time/outputs/tsrag/evaluations/chronos_t5_512/WUI_Global/Q/short/run_0/config.json
    Saved aggregate metrics to /fslarge/scratch/users/h61084/codes/tsrag_time/outputs/tsrag/evaluations/chronos_t5_512/WUI_Global/Q/short/run_0/metrics_summary.json
    Metrics summary (averaged over all series/windows/variates):
      MSE: 0.0710
      MAE: 0.1872
      RMSE: 0.2192
      MAPE: 0.7188
      sMAPE: 1.0859
      MASE: 1.2521
      ND: 0.7467
      CRPS: 0.7467
TIME run allocation action=new run=/fslarge/scratch/users/h61084/codes/tsrag_time/outputs/tsrag/evaluations/chronos_bolt_512/WUI_Global/Q/short/run_0 launch_id=selena_3452080 slurm_job_id=3452080 launched_at=2026-09-18T01:58:17.639183+00:00
[2026-09-18 01:58:17 UTC] evaluate method=chronos_bolt_512 dataset=WUI_Global/Q term=short
    Total instances: 75, Series during experiment: 15, Windows: 5
    Collecting ground truth and context...
    Detected to_univariate case: 15 flat series -> 1 series x 15 variates
    Organizing data into arrays...
    Saved predictions (quantiles) to /fslarge/scratch/users/h61084/codes/tsrag_time/outputs/tsrag/evaluations/chronos_bolt_512/WUI_Global/Q/short/run_0/predictions.npz
    Computing per-window metrics...
    Saved metrics to /fslarge/scratch/users/h61084/codes/tsrag_time/outputs/tsrag/evaluations/chronos_bolt_512/WUI_Global/Q/short/run_0/metrics.npz
    Saved config to /fslarge/scratch/users/h61084/codes/tsrag_time/outputs/tsrag/evaluations/chronos_bolt_512/WUI_Global/Q/short/run_0/config.json
    Saved aggregate metrics to /fslarge/scratch/users/h61084/codes/tsrag_time/outputs/tsrag/evaluations/chronos_bolt_512/WUI_Global/Q/short/run_0/metrics_summary.json
    Metrics summary (averaged over all series/windows/variates):
      MSE: 0.0486
      MAE: 0.1491
      RMSE: 0.1769
      MAPE: 0.5773
      sMAPE: 0.6600
      MASE: 0.9985
      ND: 0.6986
      CRPS: 0.6986
TIME run allocation action=new run=/fslarge/scratch/users/h61084/codes/tsrag_time/outputs/tsrag/evaluations/chronos_bolt_max/WUI_Global/Q/short/run_0 launch_id=selena_3452080 slurm_job_id=3452080 launched_at=2026-09-18T01:58:17.667448+00:00
[2026-09-18 01:58:17 UTC] evaluate method=chronos_bolt_max dataset=WUI_Global/Q term=short
    Total instances: 75, Series during experiment: 15, Windows: 5
    Collecting ground truth and context...
    Detected to_univariate case: 15 flat series -> 1 series x 15 variates
    Organizing data into arrays...
    Saved predictions (quantiles) to /fslarge/scratch/users/h61084/codes/tsrag_time/outputs/tsrag/evaluations/chronos_bolt_max/WUI_Global/Q/short/run_0/predictions.npz
    Computing per-window metrics...
    Saved metrics to /fslarge/scratch/users/h61084/codes/tsrag_time/outputs/tsrag/evaluations/chronos_bolt_max/WUI_Global/Q/short/run_0/metrics.npz
    Saved config to /fslarge/scratch/users/h61084/codes/tsrag_time/outputs/tsrag/evaluations/chronos_bolt_max/WUI_Global/Q/short/run_0/config.json
    Saved aggregate metrics to /fslarge/scratch/users/h61084/codes/tsrag_time/outputs/tsrag/evaluations/chronos_bolt_max/WUI_Global/Q/short/run_0/metrics_summary.json
    Metrics summary (averaged over all series/windows/variates):
      MSE: 0.0486
      MAE: 0.1491
      RMSE: 0.1769
      MAPE: 0.5773
      sMAPE: 0.6600
      MASE: 0.9985
      ND: 0.6986
      CRPS: 0.6986
TIME run allocation action=new run=/fslarge/scratch/users/h61084/codes/tsrag_time/outputs/tsrag/evaluations/chronos2_max/WUI_Global/Q/short/run_0 launch_id=selena_3452080 slurm_job_id=3452080 launched_at=2026-09-18T01:58:17.695478+00:00
[2026-09-18 01:58:17 UTC] evaluate method=chronos2_max dataset=WUI_Global/Q term=short
    Total instances: 75, Series during experiment: 15, Windows: 5
    Collecting ground truth and context...
    Detected to_univariate case: 15 flat series -> 1 series x 15 variates
    Organizing data into arrays...
    Saved predictions (quantiles) to /fslarge/scratch/users/h61084/codes/tsrag_time/outputs/tsrag/evaluations/chronos2_max/WUI_Global/Q/short/run_0/predictions.npz
    Computing per-window metrics...
    Saved metrics to /fslarge/scratch/users/h61084/codes/tsrag_time/outputs/tsrag/evaluations/chronos2_max/WUI_Global/Q/short/run_0/metrics.npz
    Saved config to /fslarge/scratch/users/h61084/codes/tsrag_time/outputs/tsrag/evaluations/chronos2_max/WUI_Global/Q/short/run_0/config.json
    Saved aggregate metrics to /fslarge/scratch/users/h61084/codes/tsrag_time/outputs/tsrag/evaluations/chronos2_max/WUI_Global/Q/short/run_0/metrics_summary.json
    Metrics summary (averaged over all series/windows/variates):
      MSE: 0.0486
      MAE: 0.1480
      RMSE: 0.1749
      MAPE: 0.5793
      sMAPE: 0.6437
      MASE: 0.9822
      ND: 0.6727
      CRPS: 0.6727
TIME run allocation action=new run=/fslarge/scratch/users/h61084/codes/tsrag_time/outputs/tsrag/evaluations/tsrag/WUI_Global/Q/short/run_0 launch_id=selena_3452080 slurm_job_id=3452080 launched_at=2026-09-18T01:58:17.737545+00:00
[2026-09-18 01:58:17 UTC] evaluate method=tsrag dataset=WUI_Global/Q term=short
    Total instances: 75, Series during experiment: 15, Windows: 5
    Collecting ground truth and context...
    Detected to_univariate case: 15 flat series -> 1 series x 15 variates
    Organizing data into arrays...
    Saved predictions (quantiles) to /fslarge/scratch/users/h61084/codes/tsrag_time/outputs/tsrag/evaluations/tsrag/WUI_Global/Q/short/run_0/predictions.npz
    Computing per-window metrics...
    Saved metrics to /fslarge/scratch/users/h61084/codes/tsrag_time/outputs/tsrag/evaluations/tsrag/WUI_Global/Q/short/run_0/metrics.npz
    Saved config to /fslarge/scratch/users/h61084/codes/tsrag_time/outputs/tsrag/evaluations/tsrag/WUI_Global/Q/short/run_0/config.json
    Saved aggregate metrics to /fslarge/scratch/users/h61084/codes/tsrag_time/outputs/tsrag/evaluations/tsrag/WUI_Global/Q/short/run_0/metrics_summary.json
    Metrics summary (averaged over all series/windows/variates):
      MSE: 0.0486
      MAE: 0.1491
      RMSE: 0.1769
      MAPE: 0.5773
      sMAPE: 0.6600
      MASE: 0.9985
      ND: 0.6986
      CRPS: 0.6986
TIME run allocation action=new run=/fslarge/scratch/users/h61084/codes/tsrag_time/outputs/tsrag/evaluations/bayes_mixture/WUI_Global/Q/short/run_0 launch_id=selena_3452080 slurm_job_id=3452080 launched_at=2026-09-18T01:58:17.802782+00:00
[2026-09-18 01:58:17 UTC] evaluate method=bayes_mixture dataset=WUI_Global/Q term=short
    Total instances: 75, Series during experiment: 15, Windows: 5
    Collecting ground truth and context...
    Detected to_univariate case: 15 flat series -> 1 series x 15 variates
    Organizing data into arrays...
    Saved predictions (quantiles) to /fslarge/scratch/users/h61084/codes/tsrag_time/outputs/tsrag/evaluations/bayes_mixture/WUI_Global/Q/short/run_0/predictions.npz
    Computing per-window metrics...
    Saved metrics to /fslarge/scratch/users/h61084/codes/tsrag_time/outputs/tsrag/evaluations/bayes_mixture/WUI_Global/Q/short/run_0/metrics.npz
    Saved config to /fslarge/scratch/users/h61084/codes/tsrag_time/outputs/tsrag/evaluations/bayes_mixture/WUI_Global/Q/short/run_0/config.json
    Saved aggregate metrics to /fslarge/scratch/users/h61084/codes/tsrag_time/outputs/tsrag/evaluations/bayes_mixture/WUI_Global/Q/short/run_0/metrics_summary.json
    Metrics summary (averaged over all series/windows/variates):
      MSE: 0.0482
      MAE: 0.1474
      RMSE: 0.1746
      MAPE: 0.5755
      sMAPE: 0.6439
      MASE: 0.9815
      ND: 0.6777
      CRPS: 0.6777
TIME run allocation action=new run=/fslarge/scratch/users/h61084/codes/tsrag_time/outputs/tsrag/evaluations/chronos_t5_512/Global_Price/Q/short/run_0 launch_id=selena_3452080 slurm_job_id=3452080 launched_at=2026-09-18T01:58:17.839715+00:00
[2026-09-18 01:58:17 UTC] evaluate method=chronos_t5_512 dataset=Global_Price/Q term=short
    Total instances: 300, Series during experiment: 60, Windows: 5
    Collecting ground truth and context...
    Detected to_univariate case: 60 flat series -> 1 series x 60 variates
    Organizing data into arrays...
    Saved predictions (quantiles) to /fslarge/scratch/users/h61084/codes/tsrag_time/outputs/tsrag/evaluations/chronos_t5_512/Global_Price/Q/short/run_0/predictions.npz
    Computing per-window metrics...
    Saved metrics to /fslarge/scratch/users/h61084/codes/tsrag_time/outputs/tsrag/evaluations/chronos_t5_512/Global_Price/Q/short/run_0/metrics.npz
    Saved config to /fslarge/scratch/users/h61084/codes/tsrag_time/outputs/tsrag/evaluations/chronos_t5_512/Global_Price/Q/short/run_0/config.json
    Saved aggregate metrics to /fslarge/scratch/users/h61084/codes/tsrag_time/outputs/tsrag/evaluations/chronos_t5_512/Global_Price/Q/short/run_0/metrics_summary.json
    Metrics summary (averaged over all series/windows/variates):
      MSE: 1435175.9747
      MAE: 279.7823
      RMSE: 323.7684
      MAPE: 0.1771
      sMAPE: 0.1894
      MASE: 1.5249
      ND: 0.1790
      CRPS: 0.1790
TIME run allocation action=new run=/fslarge/scratch/users/h61084/codes/tsrag_time/outputs/tsrag/evaluations/chronos_bolt_512/Global_Price/Q/short/run_0 launch_id=selena_3452080 slurm_job_id=3452080 launched_at=2026-09-18T01:58:17.899687+00:00
[2026-09-18 01:58:17 UTC] evaluate method=chronos_bolt_512 dataset=Global_Price/Q term=short
    Total instances: 300, Series during experiment: 60, Windows: 5
    Collecting ground truth and context...
    Detected to_univariate case: 60 flat series -> 1 series x 60 variates
    Organizing data into arrays...
    Saved predictions (quantiles) to /fslarge/scratch/users/h61084/codes/tsrag_time/outputs/tsrag/evaluations/chronos_bolt_512/Global_Price/Q/short/run_0/predictions.npz
    Computing per-window metrics...
    Saved metrics to /fslarge/scratch/users/h61084/codes/tsrag_time/outputs/tsrag/evaluations/chronos_bolt_512/Global_Price/Q/short/run_0/metrics.npz
    Saved config to /fslarge/scratch/users/h61084/codes/tsrag_time/outputs/tsrag/evaluations/chronos_bolt_512/Global_Price/Q/short/run_0/config.json
    Saved aggregate metrics to /fslarge/scratch/users/h61084/codes/tsrag_time/outputs/tsrag/evaluations/chronos_bolt_512/Global_Price/Q/short/run_0/metrics_summary.json
    Metrics summary (averaged over all series/windows/variates):
      MSE: 1713971.9929
      MAE: 304.0817
      RMSE: 341.7313
      MAPE: 0.1793
      sMAPE: 0.1905
      MASE: 1.5685
      ND: 0.1799
      CRPS: 0.1799
TIME run allocation action=new run=/fslarge/scratch/users/h61084/codes/tsrag_time/outputs/tsrag/evaluations/chronos_bolt_max/Global_Price/Q/short/run_0 launch_id=selena_3452080 slurm_job_id=3452080 launched_at=2026-09-18T01:58:17.943156+00:00
[2026-09-18 01:58:17 UTC] evaluate method=chronos_bolt_max dataset=Global_Price/Q term=short
    Total instances: 300, Series during experiment: 60, Windows: 5
    Collecting ground truth and context...
    Detected to_univariate case: 60 flat series -> 1 series x 60 variates
    Organizing data into arrays...
    Saved predictions (quantiles) to /fslarge/scratch/users/h61084/codes/tsrag_time/outputs/tsrag/evaluations/chronos_bolt_max/Global_Price/Q/short/run_0/predictions.npz
    Computing per-window metrics...
    Saved metrics to /fslarge/scratch/users/h61084/codes/tsrag_time/outputs/tsrag/evaluations/chronos_bolt_max/Global_Price/Q/short/run_0/metrics.npz
    Saved config to /fslarge/scratch/users/h61084/codes/tsrag_time/outputs/tsrag/evaluations/chronos_bolt_max/Global_Price/Q/short/run_0/config.json
    Saved aggregate metrics to /fslarge/scratch/users/h61084/codes/tsrag_time/outputs/tsrag/evaluations/chronos_bolt_max/Global_Price/Q/short/run_0/metrics_summary.json
    Metrics summary (averaged over all series/windows/variates):
      MSE: 1713971.9929
      MAE: 304.0817
      RMSE: 341.7313
      MAPE: 0.1793
      sMAPE: 0.1905
      MASE: 1.5685
      ND: 0.1799
      CRPS: 0.1799
TIME run allocation action=new run=/fslarge/scratch/users/h61084/codes/tsrag_time/outputs/tsrag/evaluations/chronos2_max/Global_Price/Q/short/run_0 launch_id=selena_3452080 slurm_job_id=3452080 launched_at=2026-09-18T01:58:17.986181+00:00
[2026-09-18 01:58:17 UTC] evaluate method=chronos2_max dataset=Global_Price/Q term=short
    Total instances: 300, Series during experiment: 60, Windows: 5
    Collecting ground truth and context...
    Detected to_univariate case: 60 flat series -> 1 series x 60 variates
    Organizing data into arrays...
    Saved predictions (quantiles) to /fslarge/scratch/users/h61084/codes/tsrag_time/outputs/tsrag/evaluations/chronos2_max/Global_Price/Q/short/run_0/predictions.npz
    Computing per-window metrics...
    Saved metrics to /fslarge/scratch/users/h61084/codes/tsrag_time/outputs/tsrag/evaluations/chronos2_max/Global_Price/Q/short/run_0/metrics.npz
    Saved config to /fslarge/scratch/users/h61084/codes/tsrag_time/outputs/tsrag/evaluations/chronos2_max/Global_Price/Q/short/run_0/config.json
    Saved aggregate metrics to /fslarge/scratch/users/h61084/codes/tsrag_time/outputs/tsrag/evaluations/chronos2_max/Global_Price/Q/short/run_0/metrics_summary.json
    Metrics summary (averaged over all series/windows/variates):
      MSE: 1781287.4871
      MAE: 313.4901
      RMSE: 353.6570
      MAPE: 0.1798
      sMAPE: 0.1925
      MASE: 1.5801
      ND: 0.1810
      CRPS: 0.1810
TIME run allocation action=new run=/fslarge/scratch/users/h61084/codes/tsrag_time/outputs/tsrag/evaluations/tsrag/Global_Price/Q/short/run_0 launch_id=selena_3452080 slurm_job_id=3452080 launched_at=2026-09-18T01:58:18.043429+00:00
[2026-09-18 01:58:18 UTC] evaluate method=tsrag dataset=Global_Price/Q term=short
    Total instances: 300, Series during experiment: 60, Windows: 5
    Collecting ground truth and context...
    Detected to_univariate case: 60 flat series -> 1 series x 60 variates
    Organizing data into arrays...
    Saved predictions (quantiles) to /fslarge/scratch/users/h61084/codes/tsrag_time/outputs/tsrag/evaluations/tsrag/Global_Price/Q/short/run_0/predictions.npz
    Computing per-window metrics...
    Saved metrics to /fslarge/scratch/users/h61084/codes/tsrag_time/outputs/tsrag/evaluations/tsrag/Global_Price/Q/short/run_0/metrics.npz
    Saved config to /fslarge/scratch/users/h61084/codes/tsrag_time/outputs/tsrag/evaluations/tsrag/Global_Price/Q/short/run_0/config.json
    Saved aggregate metrics to /fslarge/scratch/users/h61084/codes/tsrag_time/outputs/tsrag/evaluations/tsrag/Global_Price/Q/short/run_0/metrics_summary.json
    Metrics summary (averaged over all series/windows/variates):
      MSE: 1713971.9929
      MAE: 304.0817
      RMSE: 341.7313
      MAPE: 0.1793
      sMAPE: 0.1905
      MASE: 1.5685
      ND: 0.1799
      CRPS: 0.1799
TIME run allocation action=new run=/fslarge/scratch/users/h61084/codes/tsrag_time/outputs/tsrag/evaluations/bayes_mixture/Global_Price/Q/short/run_0 launch_id=selena_3452080 slurm_job_id=3452080 launched_at=2026-09-18T01:58:18.124176+00:00
[2026-09-18 01:58:18 UTC] evaluate method=bayes_mixture dataset=Global_Price/Q term=short
    Total instances: 300, Series during experiment: 60, Windows: 5
    Collecting ground truth and context...
    Detected to_univariate case: 60 flat series -> 1 series x 60 variates
    Organizing data into arrays...
    Saved predictions (quantiles) to /fslarge/scratch/users/h61084/codes/tsrag_time/outputs/tsrag/evaluations/bayes_mixture/Global_Price/Q/short/run_0/predictions.npz
    Computing per-window metrics...
    Saved metrics to /fslarge/scratch/users/h61084/codes/tsrag_time/outputs/tsrag/evaluations/bayes_mixture/Global_Price/Q/short/run_0/metrics.npz
    Saved config to /fslarge/scratch/users/h61084/codes/tsrag_time/outputs/tsrag/evaluations/bayes_mixture/Global_Price/Q/short/run_0/config.json
    Saved aggregate metrics to /fslarge/scratch/users/h61084/codes/tsrag_time/outputs/tsrag/evaluations/bayes_mixture/Global_Price/Q/short/run_0/metrics_summary.json
    Metrics summary (averaged over all series/windows/variates):
      MSE: 1748579.6028
      MAE: 309.9852
      RMSE: 349.3857
      MAPE: 0.1787
      sMAPE: 0.1910
      MASE: 1.5697
      ND: 0.1797
      CRPS: 0.1797
TIME run allocation action=new run=/fslarge/scratch/users/h61084/codes/tsrag_time/outputs/tsrag/evaluations/chronos_t5_512/Vehicle_Sales/M/short/run_0 launch_id=selena_3452080 slurm_job_id=3452080 launched_at=2026-09-18T01:58:18.183318+00:00
[2026-09-18 01:58:18 UTC] evaluate method=chronos_t5_512 dataset=Vehicle_Sales/M term=short
    Total instances: 50, Series during experiment: 10, Windows: 5
    Collecting ground truth and context...
    Detected to_univariate case: 10 flat series -> 1 series x 10 variates
    Organizing data into arrays...
    Saved predictions (quantiles) to /fslarge/scratch/users/h61084/codes/tsrag_time/outputs/tsrag/evaluations/chronos_t5_512/Vehicle_Sales/M/short/run_0/predictions.npz
    Computing per-window metrics...
    Saved metrics to /fslarge/scratch/users/h61084/codes/tsrag_time/outputs/tsrag/evaluations/chronos_t5_512/Vehicle_Sales/M/short/run_0/metrics.npz
    Saved config to /fslarge/scratch/users/h61084/codes/tsrag_time/outputs/tsrag/evaluations/chronos_t5_512/Vehicle_Sales/M/short/run_0/config.json
    Saved aggregate metrics to /fslarge/scratch/users/h61084/codes/tsrag_time/outputs/tsrag/evaluations/chronos_t5_512/Vehicle_Sales/M/short/run_0/metrics_summary.json
    Metrics summary (averaged over all series/windows/variates):
      MSE: 2109.0376
      MAE: 11.2073
      RMSE: 13.3031
      MAPE: 0.0781
      sMAPE: 0.0793
      MASE: 0.7705
      ND: 0.0787
      CRPS: 0.0787
TIME run allocation action=new run=/fslarge/scratch/users/h61084/codes/tsrag_time/outputs/tsrag/evaluations/chronos_bolt_512/Vehicle_Sales/M/short/run_0 launch_id=selena_3452080 slurm_job_id=3452080 launched_at=2026-09-18T01:58:18.214462+00:00
[2026-09-18 01:58:18 UTC] evaluate method=chronos_bolt_512 dataset=Vehicle_Sales/M term=short
    Total instances: 50, Series during experiment: 10, Windows: 5
    Collecting ground truth and context...
    Detected to_univariate case: 10 flat series -> 1 series x 10 variates
    Organizing data into arrays...
    Saved predictions (quantiles) to /fslarge/scratch/users/h61084/codes/tsrag_time/outputs/tsrag/evaluations/chronos_bolt_512/Vehicle_Sales/M/short/run_0/predictions.npz
    Computing per-window metrics...
    Saved metrics to /fslarge/scratch/users/h61084/codes/tsrag_time/outputs/tsrag/evaluations/chronos_bolt_512/Vehicle_Sales/M/short/run_0/metrics.npz
    Saved config to /fslarge/scratch/users/h61084/codes/tsrag_time/outputs/tsrag/evaluations/chronos_bolt_512/Vehicle_Sales/M/short/run_0/config.json
    Saved aggregate metrics to /fslarge/scratch/users/h61084/codes/tsrag_time/outputs/tsrag/evaluations/chronos_bolt_512/Vehicle_Sales/M/short/run_0/metrics_summary.json
    Metrics summary (averaged over all series/windows/variates):
      MSE: 1787.2757
      MAE: 10.9048
      RMSE: 12.7612
      MAPE: 0.0817
      sMAPE: 0.0815
      MASE: 0.7713
      ND: 0.0817
      CRPS: 0.0817
TIME run allocation action=new run=/fslarge/scratch/users/h61084/codes/tsrag_time/outputs/tsrag/evaluations/chronos_bolt_max/Vehicle_Sales/M/short/run_0 launch_id=selena_3452080 slurm_job_id=3452080 launched_at=2026-09-18T01:58:18.241458+00:00
[2026-09-18 01:58:18 UTC] evaluate method=chronos_bolt_max dataset=Vehicle_Sales/M term=short
    Total instances: 50, Series during experiment: 10, Windows: 5
    Collecting ground truth and context...
    Detected to_univariate case: 10 flat series -> 1 series x 10 variates
    Organizing data into arrays...
    Saved predictions (quantiles) to /fslarge/scratch/users/h61084/codes/tsrag_time/outputs/tsrag/evaluations/chronos_bolt_max/Vehicle_Sales/M/short/run_0/predictions.npz
    Computing per-window metrics...
    Saved metrics to /fslarge/scratch/users/h61084/codes/tsrag_time/outputs/tsrag/evaluations/chronos_bolt_max/Vehicle_Sales/M/short/run_0/metrics.npz
    Saved config to /fslarge/scratch/users/h61084/codes/tsrag_time/outputs/tsrag/evaluations/chronos_bolt_max/Vehicle_Sales/M/short/run_0/config.json
    Saved aggregate metrics to /fslarge/scratch/users/h61084/codes/tsrag_time/outputs/tsrag/evaluations/chronos_bolt_max/Vehicle_Sales/M/short/run_0/metrics_summary.json
    Metrics summary (averaged over all series/windows/variates):
      MSE: 1736.5520
      MAE: 10.7605
      RMSE: 12.6642
      MAPE: 0.0823
      sMAPE: 0.0821
      MASE: 0.7724
      ND: 0.0824
      CRPS: 0.0824
TIME run allocation action=new run=/fslarge/scratch/users/h61084/codes/tsrag_time/outputs/tsrag/evaluations/chronos2_max/Vehicle_Sales/M/short/run_0 launch_id=selena_3452080 slurm_job_id=3452080 launched_at=2026-09-18T01:58:18.267787+00:00
[2026-09-18 01:58:18 UTC] evaluate method=chronos2_max dataset=Vehicle_Sales/M term=short
    Total instances: 50, Series during experiment: 10, Windows: 5
    Collecting ground truth and context...
    Detected to_univariate case: 10 flat series -> 1 series x 10 variates
    Organizing data into arrays...
    Saved predictions (quantiles) to /fslarge/scratch/users/h61084/codes/tsrag_time/outputs/tsrag/evaluations/chronos2_max/Vehicle_Sales/M/short/run_0/predictions.npz
    Computing per-window metrics...
    Saved metrics to /fslarge/scratch/users/h61084/codes/tsrag_time/outputs/tsrag/evaluations/chronos2_max/Vehicle_Sales/M/short/run_0/metrics.npz
    Saved config to /fslarge/scratch/users/h61084/codes/tsrag_time/outputs/tsrag/evaluations/chronos2_max/Vehicle_Sales/M/short/run_0/config.json
    Saved aggregate metrics to /fslarge/scratch/users/h61084/codes/tsrag_time/outputs/tsrag/evaluations/chronos2_max/Vehicle_Sales/M/short/run_0/metrics_summary.json
    Metrics summary (averaged over all series/windows/variates):
      MSE: 2666.5872
      MAE: 13.7315
      RMSE: 15.3027
      MAPE: 0.0899
      sMAPE: 0.0885
      MASE: 0.8236
      ND: 0.0900
      CRPS: 0.0900
TIME run allocation action=new run=/fslarge/scratch/users/h61084/codes/tsrag_time/outputs/tsrag/evaluations/tsrag/Vehicle_Sales/M/short/run_0 launch_id=selena_3452080 slurm_job_id=3452080 launched_at=2026-09-18T01:58:18.308296+00:00
[2026-09-18 01:58:18 UTC] evaluate method=tsrag dataset=Vehicle_Sales/M term=short
    Total instances: 50, Series during experiment: 10, Windows: 5
    Collecting ground truth and context...
    Detected to_univariate case: 10 flat series -> 1 series x 10 variates
    Organizing data into arrays...
    Saved predictions (quantiles) to /fslarge/scratch/users/h61084/codes/tsrag_time/outputs/tsrag/evaluations/tsrag/Vehicle_Sales/M/short/run_0/predictions.npz
    Computing per-window metrics...
    Saved metrics to /fslarge/scratch/users/h61084/codes/tsrag_time/outputs/tsrag/evaluations/tsrag/Vehicle_Sales/M/short/run_0/metrics.npz
    Saved config to /fslarge/scratch/users/h61084/codes/tsrag_time/outputs/tsrag/evaluations/tsrag/Vehicle_Sales/M/short/run_0/config.json
    Saved aggregate metrics to /fslarge/scratch/users/h61084/codes/tsrag_time/outputs/tsrag/evaluations/tsrag/Vehicle_Sales/M/short/run_0/metrics_summary.json
    Metrics summary (averaged over all series/windows/variates):
      MSE: 1734.4678
      MAE: 10.8038
      RMSE: 12.6609
      MAPE: 0.0824
      sMAPE: 0.0825
      MASE: 0.7820
      ND: 0.0827
      CRPS: 0.0827
TIME run allocation action=new run=/fslarge/scratch/users/h61084/codes/tsrag_time/outputs/tsrag/evaluations/bayes_mixture/Vehicle_Sales/M/short/run_0 launch_id=selena_3452080 slurm_job_id=3452080 launched_at=2026-09-18T01:58:18.372023+00:00
[2026-09-18 01:58:18 UTC] evaluate method=bayes_mixture dataset=Vehicle_Sales/M term=short
    Total instances: 50, Series during experiment: 10, Windows: 5
    Collecting ground truth and context...
    Detected to_univariate case: 10 flat series -> 1 series x 10 variates
    Organizing data into arrays...
    Saved predictions (quantiles) to /fslarge/scratch/users/h61084/codes/tsrag_time/outputs/tsrag/evaluations/bayes_mixture/Vehicle_Sales/M/short/run_0/predictions.npz
    Computing per-window metrics...
    Saved metrics to /fslarge/scratch/users/h61084/codes/tsrag_time/outputs/tsrag/evaluations/bayes_mixture/Vehicle_Sales/M/short/run_0/metrics.npz
    Saved config to /fslarge/scratch/users/h61084/codes/tsrag_time/outputs/tsrag/evaluations/bayes_mixture/Vehicle_Sales/M/short/run_0/config.json
    Saved aggregate metrics to /fslarge/scratch/users/h61084/codes/tsrag_time/outputs/tsrag/evaluations/bayes_mixture/Vehicle_Sales/M/short/run_0/metrics_summary.json
    Metrics summary (averaged over all series/windows/variates):
      MSE: 2205.6260
      MAE: 12.5800
      RMSE: 14.1984
      MAPE: 0.0853
      sMAPE: 0.0845
      MASE: 0.7976
      ND: 0.0855
      CRPS: 0.0855
TIME run allocation action=new run=/fslarge/scratch/users/h61084/codes/tsrag_time/outputs/tsrag/evaluations/chronos_t5_512/Online_Retail_2_UCI/D/short/run_0 launch_id=selena_3452080 slurm_job_id=3452080 launched_at=2026-09-18T01:58:18.405875+00:00
[2026-09-18 01:58:18 UTC] evaluate method=chronos_t5_512 dataset=Online_Retail_2_UCI/D term=short
    Total instances: 6, Series during experiment: 1, Windows: 6
    Collecting ground truth and context...
    Organizing data into arrays...
    ⚠️  Predictions max value (63621.12) exceeds float16 safe range.
    ⚠️  Applying scale factor: 10 (values will be divided)
    Saved predictions (quantiles) to /fslarge/scratch/users/h61084/codes/tsrag_time/outputs/tsrag/evaluations/chronos_t5_512/Online_Retail_2_UCI/D/short/run_0/predictions.npz
    Computing per-window metrics...
    Saved metrics to /fslarge/scratch/users/h61084/codes/tsrag_time/outputs/tsrag/evaluations/chronos_t5_512/Online_Retail_2_UCI/D/short/run_0/metrics.npz
    Saved config to /fslarge/scratch/users/h61084/codes/tsrag_time/outputs/tsrag/evaluations/chronos_t5_512/Online_Retail_2_UCI/D/short/run_0/config.json
    Saved aggregate metrics to /fslarge/scratch/users/h61084/codes/tsrag_time/outputs/tsrag/evaluations/chronos_t5_512/Online_Retail_2_UCI/D/short/run_0/metrics_summary.json
    Metrics summary (averaged over all series/windows/variates):
      MSE: 471175542.9886
      MAE: 12456.7319
      RMSE: 19055.7095
      MAPE: 0.3198
      sMAPE: 0.6036
      MASE: 0.7521
      ND: 0.3447
      CRPS: 0.3447
TIME run allocation action=new run=/fslarge/scratch/users/h61084/codes/tsrag_time/outputs/tsrag/evaluations/chronos_bolt_512/Online_Retail_2_UCI/D/short/run_0 launch_id=selena_3452080 slurm_job_id=3452080 launched_at=2026-09-18T01:58:18.430684+00:00
[2026-09-18 01:58:18 UTC] evaluate method=chronos_bolt_512 dataset=Online_Retail_2_UCI/D term=short
    Total instances: 6, Series during experiment: 1, Windows: 6
    Collecting ground truth and context...
    Organizing data into arrays...
    ⚠️  Predictions max value (76547.02) exceeds float16 safe range.
    ⚠️  Applying scale factor: 10 (values will be divided)
    Saved predictions (quantiles) to /fslarge/scratch/users/h61084/codes/tsrag_time/outputs/tsrag/evaluations/chronos_bolt_512/Online_Retail_2_UCI/D/short/run_0/predictions.npz
    Computing per-window metrics...
    Saved metrics to /fslarge/scratch/users/h61084/codes/tsrag_time/outputs/tsrag/evaluations/chronos_bolt_512/Online_Retail_2_UCI/D/short/run_0/metrics.npz
    Saved config to /fslarge/scratch/users/h61084/codes/tsrag_time/outputs/tsrag/evaluations/chronos_bolt_512/Online_Retail_2_UCI/D/short/run_0/config.json
    Saved aggregate metrics to /fslarge/scratch/users/h61084/codes/tsrag_time/outputs/tsrag/evaluations/chronos_bolt_512/Online_Retail_2_UCI/D/short/run_0/metrics_summary.json
    Metrics summary (averaged over all series/windows/variates):
      MSE: 308937070.0790
      MAE: 10222.1512
      RMSE: 15879.5677
      MAPE: 0.2667
      sMAPE: 0.5251
      MASE: 0.6180
      ND: 0.2974
      CRPS: 0.2974
TIME run allocation action=new run=/fslarge/scratch/users/h61084/codes/tsrag_time/outputs/tsrag/evaluations/chronos_bolt_max/Online_Retail_2_UCI/D/short/run_0 launch_id=selena_3452080 slurm_job_id=3452080 launched_at=2026-09-18T01:58:18.454296+00:00
[2026-09-18 01:58:18 UTC] evaluate method=chronos_bolt_max dataset=Online_Retail_2_UCI/D term=short
    Total instances: 6, Series during experiment: 1, Windows: 6
    Collecting ground truth and context...
    Organizing data into arrays...
    ⚠️  Predictions max value (73459.71) exceeds float16 safe range.
    ⚠️  Applying scale factor: 10 (values will be divided)
    Saved predictions (quantiles) to /fslarge/scratch/users/h61084/codes/tsrag_time/outputs/tsrag/evaluations/chronos_bolt_max/Online_Retail_2_UCI/D/short/run_0/predictions.npz
    Computing per-window metrics...
    Saved metrics to /fslarge/scratch/users/h61084/codes/tsrag_time/outputs/tsrag/evaluations/chronos_bolt_max/Online_Retail_2_UCI/D/short/run_0/metrics.npz
    Saved config to /fslarge/scratch/users/h61084/codes/tsrag_time/outputs/tsrag/evaluations/chronos_bolt_max/Online_Retail_2_UCI/D/short/run_0/config.json
    Saved aggregate metrics to /fslarge/scratch/users/h61084/codes/tsrag_time/outputs/tsrag/evaluations/chronos_bolt_max/Online_Retail_2_UCI/D/short/run_0/metrics_summary.json
    Metrics summary (averaged over all series/windows/variates):
      MSE: 314035391.6255
      MAE: 10246.2875
      RMSE: 16013.3716
      MAPE: 0.2655
      sMAPE: 0.5281
      MASE: 0.6195
      ND: 0.2986
      CRPS: 0.2986
TIME run allocation action=new run=/fslarge/scratch/users/h61084/codes/tsrag_time/outputs/tsrag/evaluations/chronos2_max/Online_Retail_2_UCI/D/short/run_0 launch_id=selena_3452080 slurm_job_id=3452080 launched_at=2026-09-18T01:58:18.476804+00:00
[2026-09-18 01:58:18 UTC] evaluate method=chronos2_max dataset=Online_Retail_2_UCI/D term=short
    Total instances: 6, Series during experiment: 1, Windows: 6
    Collecting ground truth and context...
    Organizing data into arrays...
    ⚠️  Predictions max value (80600.98) exceeds float16 safe range.
    ⚠️  Applying scale factor: 10 (values will be divided)
    Saved predictions (quantiles) to /fslarge/scratch/users/h61084/codes/tsrag_time/outputs/tsrag/evaluations/chronos2_max/Online_Retail_2_UCI/D/short/run_0/predictions.npz
    Computing per-window metrics...
    Saved metrics to /fslarge/scratch/users/h61084/codes/tsrag_time/outputs/tsrag/evaluations/chronos2_max/Online_Retail_2_UCI/D/short/run_0/metrics.npz
    Saved config to /fslarge/scratch/users/h61084/codes/tsrag_time/outputs/tsrag/evaluations/chronos2_max/Online_Retail_2_UCI/D/short/run_0/config.json
    Saved aggregate metrics to /fslarge/scratch/users/h61084/codes/tsrag_time/outputs/tsrag/evaluations/chronos2_max/Online_Retail_2_UCI/D/short/run_0/metrics_summary.json
    Metrics summary (averaged over all series/windows/variates):
      MSE: 308363502.1284
      MAE: 10064.9802
      RMSE: 16022.4769
      MAPE: 0.3003
      sMAPE: 0.5430
      MASE: 0.6093
      ND: 0.2960
      CRPS: 0.2960
TIME run allocation action=new run=/fslarge/scratch/users/h61084/codes/tsrag_time/outputs/tsrag/evaluations/tsrag/Online_Retail_2_UCI/D/short/run_0 launch_id=selena_3452080 slurm_job_id=3452080 launched_at=2026-09-18T01:58:18.514073+00:00
[2026-09-18 01:58:18 UTC] evaluate method=tsrag dataset=Online_Retail_2_UCI/D term=short
    Total instances: 6, Series during experiment: 1, Windows: 6
    Collecting ground truth and context...
    Organizing data into arrays...
    ⚠️  Predictions max value (76136.98) exceeds float16 safe range.
    ⚠️  Applying scale factor: 10 (values will be divided)
    Saved predictions (quantiles) to /fslarge/scratch/users/h61084/codes/tsrag_time/outputs/tsrag/evaluations/tsrag/Online_Retail_2_UCI/D/short/run_0/predictions.npz
    Computing per-window metrics...
    Saved metrics to /fslarge/scratch/users/h61084/codes/tsrag_time/outputs/tsrag/evaluations/tsrag/Online_Retail_2_UCI/D/short/run_0/metrics.npz
    Saved config to /fslarge/scratch/users/h61084/codes/tsrag_time/outputs/tsrag/evaluations/tsrag/Online_Retail_2_UCI/D/short/run_0/config.json
    Saved aggregate metrics to /fslarge/scratch/users/h61084/codes/tsrag_time/outputs/tsrag/evaluations/tsrag/Online_Retail_2_UCI/D/short/run_0/metrics_summary.json
    Metrics summary (averaged over all series/windows/variates):
      MSE: 307506480.7705
      MAE: 10222.4142
      RMSE: 15858.7407
      MAPE: 0.2710
      sMAPE: 0.5284
      MASE: 0.6182
      ND: 0.2983
      CRPS: 0.2983
TIME run allocation action=new run=/fslarge/scratch/users/h61084/codes/tsrag_time/outputs/tsrag/evaluations/bayes_mixture/Online_Retail_2_UCI/D/short/run_0 launch_id=selena_3452080 slurm_job_id=3452080 launched_at=2026-09-18T01:58:18.573365+00:00
[2026-09-18 01:58:18 UTC] evaluate method=bayes_mixture dataset=Online_Retail_2_UCI/D term=short
    Total instances: 6, Series during experiment: 1, Windows: 6
    Collecting ground truth and context...
    Organizing data into arrays...
    ⚠️  Predictions max value (78815.38) exceeds float16 safe range.
    ⚠️  Applying scale factor: 10 (values will be divided)
    Saved predictions (quantiles) to /fslarge/scratch/users/h61084/codes/tsrag_time/outputs/tsrag/evaluations/bayes_mixture/Online_Retail_2_UCI/D/short/run_0/predictions.npz
    Computing per-window metrics...
    Saved metrics to /fslarge/scratch/users/h61084/codes/tsrag_time/outputs/tsrag/evaluations/bayes_mixture/Online_Retail_2_UCI/D/short/run_0/metrics.npz
    Saved config to /fslarge/scratch/users/h61084/codes/tsrag_time/outputs/tsrag/evaluations/bayes_mixture/Online_Retail_2_UCI/D/short/run_0/config.json
    Saved aggregate metrics to /fslarge/scratch/users/h61084/codes/tsrag_time/outputs/tsrag/evaluations/bayes_mixture/Online_Retail_2_UCI/D/short/run_0/metrics_summary.json
    Metrics summary (averaged over all series/windows/variates):
      MSE: 303208056.6704
      MAE: 9923.2272
      RMSE: 15811.8062
      MAPE: 0.2821
      sMAPE: 0.5324
      MASE: 0.6005
      ND: 0.2906
      CRPS: 0.2906
TIME run allocation action=new run=/fslarge/scratch/users/h61084/codes/tsrag_time/outputs/tsrag/evaluations/chronos_t5_512/Supply_Chain_Customer/D/short/run_0 launch_id=selena_3452080 slurm_job_id=3452080 launched_at=2026-09-18T01:58:18.615497+00:00
[2026-09-18 01:58:18 UTC] evaluate method=chronos_t5_512 dataset=Supply_Chain_Customer/D term=short
    Total instances: 432, Series during experiment: 36, Windows: 12
    Collecting ground truth and context...
    Detected to_univariate case: 36 flat series -> 1 series x 36 variates
    Organizing data into arrays...
    ⚠️  Predictions max value (188962.86) exceeds float16 safe range.
    ⚠️  Applying scale factor: 10 (values will be divided)
    Saved predictions (quantiles) to /fslarge/scratch/users/h61084/codes/tsrag_time/outputs/tsrag/evaluations/chronos_t5_512/Supply_Chain_Customer/D/short/run_0/predictions.npz
    Computing per-window metrics...
    Saved metrics to /fslarge/scratch/users/h61084/codes/tsrag_time/outputs/tsrag/evaluations/chronos_t5_512/Supply_Chain_Customer/D/short/run_0/metrics.npz
    Saved config to /fslarge/scratch/users/h61084/codes/tsrag_time/outputs/tsrag/evaluations/chronos_t5_512/Supply_Chain_Customer/D/short/run_0/config.json
    Saved aggregate metrics to /fslarge/scratch/users/h61084/codes/tsrag_time/outputs/tsrag/evaluations/chronos_t5_512/Supply_Chain_Customer/D/short/run_0/metrics_summary.json
    Metrics summary (averaged over all series/windows/variates):
      MSE: 42231615.0994
      MAE: 1919.1383
      RMSE: 2724.0532
      MAPE: 0.4471
      sMAPE: 0.5185
      MASE: 0.7173
      ND: 0.4297
      CRPS: 0.4297
TIME run allocation action=new run=/fslarge/scratch/users/h61084/codes/tsrag_time/outputs/tsrag/evaluations/chronos_bolt_512/Supply_Chain_Customer/D/short/run_0 launch_id=selena_3452080 slurm_job_id=3452080 launched_at=2026-09-18T01:58:18.681631+00:00
[2026-09-18 01:58:18 UTC] evaluate method=chronos_bolt_512 dataset=Supply_Chain_Customer/D term=short
    Total instances: 432, Series during experiment: 36, Windows: 12
    Collecting ground truth and context...
    Detected to_univariate case: 36 flat series -> 1 series x 36 variates
    Organizing data into arrays...
    ⚠️  Predictions max value (192065.66) exceeds float16 safe range.
    ⚠️  Applying scale factor: 10 (values will be divided)
    Saved predictions (quantiles) to /fslarge/scratch/users/h61084/codes/tsrag_time/outputs/tsrag/evaluations/chronos_bolt_512/Supply_Chain_Customer/D/short/run_0/predictions.npz
    Computing per-window metrics...
    Saved metrics to /fslarge/scratch/users/h61084/codes/tsrag_time/outputs/tsrag/evaluations/chronos_bolt_512/Supply_Chain_Customer/D/short/run_0/metrics.npz
    Saved config to /fslarge/scratch/users/h61084/codes/tsrag_time/outputs/tsrag/evaluations/chronos_bolt_512/Supply_Chain_Customer/D/short/run_0/config.json
    Saved aggregate metrics to /fslarge/scratch/users/h61084/codes/tsrag_time/outputs/tsrag/evaluations/chronos_bolt_512/Supply_Chain_Customer/D/short/run_0/metrics_summary.json
    Metrics summary (averaged over all series/windows/variates):
      MSE: 36615126.4111
      MAE: 1790.8037
      RMSE: 2492.7259
      MAPE: 0.4373
      sMAPE: 0.4279
      MASE: 0.6325
      ND: 0.3721
      CRPS: 0.3721
TIME run allocation action=new run=/fslarge/scratch/users/h61084/codes/tsrag_time/outputs/tsrag/evaluations/chronos_bolt_max/Supply_Chain_Customer/D/short/run_0 launch_id=selena_3452080 slurm_job_id=3452080 launched_at=2026-09-18T01:58:18.741288+00:00
[2026-09-18 01:58:18 UTC] evaluate method=chronos_bolt_max dataset=Supply_Chain_Customer/D term=short
    Total instances: 432, Series during experiment: 36, Windows: 12
    Collecting ground truth and context...
    Detected to_univariate case: 36 flat series -> 1 series x 36 variates
    Organizing data into arrays...
    ⚠️  Predictions max value (185497.48) exceeds float16 safe range.
    ⚠️  Applying scale factor: 10 (values will be divided)
    Saved predictions (quantiles) to /fslarge/scratch/users/h61084/codes/tsrag_time/outputs/tsrag/evaluations/chronos_bolt_max/Supply_Chain_Customer/D/short/run_0/predictions.npz
    Computing per-window metrics...
    Saved metrics to /fslarge/scratch/users/h61084/codes/tsrag_time/outputs/tsrag/evaluations/chronos_bolt_max/Supply_Chain_Customer/D/short/run_0/metrics.npz
    Saved config to /fslarge/scratch/users/h61084/codes/tsrag_time/outputs/tsrag/evaluations/chronos_bolt_max/Supply_Chain_Customer/D/short/run_0/config.json
    Saved aggregate metrics to /fslarge/scratch/users/h61084/codes/tsrag_time/outputs/tsrag/evaluations/chronos_bolt_max/Supply_Chain_Customer/D/short/run_0/metrics_summary.json
    Metrics summary (averaged over all series/windows/variates):
      MSE: 32848612.0971
      MAE: 1710.8665
      RMSE: 2393.5512
      MAPE: 0.4313
      sMAPE: 0.4205
      MASE: 0.6131
      ND: 0.3630
      CRPS: 0.3630
TIME run allocation action=new run=/fslarge/scratch/users/h61084/codes/tsrag_time/outputs/tsrag/evaluations/chronos2_max/Supply_Chain_Customer/D/short/run_0 launch_id=selena_3452080 slurm_job_id=3452080 launched_at=2026-09-18T01:58:18.800312+00:00
[2026-09-18 01:58:18 UTC] evaluate method=chronos2_max dataset=Supply_Chain_Customer/D term=short
    Total instances: 432, Series during experiment: 36, Windows: 12
    Collecting ground truth and context...
    Detected to_univariate case: 36 flat series -> 1 series x 36 variates
    Organizing data into arrays...
    ⚠️  Predictions max value (166618.97) exceeds float16 safe range.
    ⚠️  Applying scale factor: 10 (values will be divided)
    Saved predictions (quantiles) to /fslarge/scratch/users/h61084/codes/tsrag_time/outputs/tsrag/evaluations/chronos2_max/Supply_Chain_Customer/D/short/run_0/predictions.npz
    Computing per-window metrics...
    Saved metrics to /fslarge/scratch/users/h61084/codes/tsrag_time/outputs/tsrag/evaluations/chronos2_max/Supply_Chain_Customer/D/short/run_0/metrics.npz
    Saved config to /fslarge/scratch/users/h61084/codes/tsrag_time/outputs/tsrag/evaluations/chronos2_max/Supply_Chain_Customer/D/short/run_0/config.json
    Saved aggregate metrics to /fslarge/scratch/users/h61084/codes/tsrag_time/outputs/tsrag/evaluations/chronos2_max/Supply_Chain_Customer/D/short/run_0/metrics_summary.json
    Metrics summary (averaged over all series/windows/variates):
      MSE: 29400552.9325
      MAE: 1553.1126
      RMSE: 2207.4212
      MAPE: 0.4072
      sMAPE: 0.3825
      MASE: 0.5576
      ND: 0.3354
      CRPS: 0.3354
TIME run allocation action=new run=/fslarge/scratch/users/h61084/codes/tsrag_time/outputs/tsrag/evaluations/tsrag/Supply_Chain_Customer/D/short/run_0 launch_id=selena_3452080 slurm_job_id=3452080 launched_at=2026-09-18T01:58:18.873443+00:00
[2026-09-18 01:58:18 UTC] evaluate method=tsrag dataset=Supply_Chain_Customer/D term=short
    Total instances: 432, Series during experiment: 36, Windows: 12
    Collecting ground truth and context...
    Detected to_univariate case: 36 flat series -> 1 series x 36 variates
    Organizing data into arrays...
    ⚠️  Predictions max value (191928.12) exceeds float16 safe range.
    ⚠️  Applying scale factor: 10 (values will be divided)
    Saved predictions (quantiles) to /fslarge/scratch/users/h61084/codes/tsrag_time/outputs/tsrag/evaluations/tsrag/Supply_Chain_Customer/D/short/run_0/predictions.npz
    Computing per-window metrics...
    Saved metrics to /fslarge/scratch/users/h61084/codes/tsrag_time/outputs/tsrag/evaluations/tsrag/Supply_Chain_Customer/D/short/run_0/metrics.npz
    Saved config to /fslarge/scratch/users/h61084/codes/tsrag_time/outputs/tsrag/evaluations/tsrag/Supply_Chain_Customer/D/short/run_0/config.json
    Saved aggregate metrics to /fslarge/scratch/users/h61084/codes/tsrag_time/outputs/tsrag/evaluations/tsrag/Supply_Chain_Customer/D/short/run_0/metrics_summary.json
    Metrics summary (averaged over all series/windows/variates):
      MSE: 36072011.5804
      MAE: 1785.6089
      RMSE: 2477.7985
      MAPE: 0.4409
      sMAPE: 0.4276
      MASE: 0.6302
      ND: 0.3714
      CRPS: 0.3714
TIME run allocation action=new run=/fslarge/scratch/users/h61084/codes/tsrag_time/outputs/tsrag/evaluations/bayes_mixture/Supply_Chain_Customer/D/short/run_0 launch_id=selena_3452080 slurm_job_id=3452080 launched_at=2026-09-18T01:58:18.969945+00:00
[2026-09-18 01:58:18 UTC] evaluate method=bayes_mixture dataset=Supply_Chain_Customer/D term=short
    Total instances: 432, Series during experiment: 36, Windows: 12
    Collecting ground truth and context...
    Detected to_univariate case: 36 flat series -> 1 series x 36 variates
    Organizing data into arrays...
    ⚠️  Predictions max value (168243.30) exceeds float16 safe range.
    ⚠️  Applying scale factor: 10 (values will be divided)
    Saved predictions (quantiles) to /fslarge/scratch/users/h61084/codes/tsrag_time/outputs/tsrag/evaluations/bayes_mixture/Supply_Chain_Customer/D/short/run_0/predictions.npz
    Computing per-window metrics...
    Saved metrics to /fslarge/scratch/users/h61084/codes/tsrag_time/outputs/tsrag/evaluations/bayes_mixture/Supply_Chain_Customer/D/short/run_0/metrics.npz
    Saved config to /fslarge/scratch/users/h61084/codes/tsrag_time/outputs/tsrag/evaluations/bayes_mixture/Supply_Chain_Customer/D/short/run_0/config.json
    Saved aggregate metrics to /fslarge/scratch/users/h61084/codes/tsrag_time/outputs/tsrag/evaluations/bayes_mixture/Supply_Chain_Customer/D/short/run_0/metrics_summary.json
    Metrics summary (averaged over all series/windows/variates):
      MSE: 29621380.4876
      MAE: 1563.0493
      RMSE: 2219.6037
      MAPE: 0.4067
      sMAPE: 0.3846
      MASE: 0.5615
      ND: 0.3369
      CRPS: 0.3369
TIME run allocation action=new run=/fslarge/scratch/users/h61084/codes/tsrag_time/outputs/tsrag/evaluations/chronos_t5_512/Supply_Chain_Location/D/short/run_0 launch_id=selena_3452080 slurm_job_id=3452080 launched_at=2026-09-18T01:58:19.051617+00:00
[2026-09-18 01:58:19 UTC] evaluate method=chronos_t5_512 dataset=Supply_Chain_Location/D term=short
    Total instances: 612, Series during experiment: 51, Windows: 12
    Collecting ground truth and context...
    Detected to_univariate case: 51 flat series -> 1 series x 51 variates
    Organizing data into arrays...
    ⚠️  Predictions max value (107195.67) exceeds float16 safe range.
    ⚠️  Applying scale factor: 10 (values will be divided)
    Saved predictions (quantiles) to /fslarge/scratch/users/h61084/codes/tsrag_time/outputs/tsrag/evaluations/chronos_t5_512/Supply_Chain_Location/D/short/run_0/predictions.npz
    Computing per-window metrics...
    Saved metrics to /fslarge/scratch/users/h61084/codes/tsrag_time/outputs/tsrag/evaluations/chronos_t5_512/Supply_Chain_Location/D/short/run_0/metrics.npz
    Saved config to /fslarge/scratch/users/h61084/codes/tsrag_time/outputs/tsrag/evaluations/chronos_t5_512/Supply_Chain_Location/D/short/run_0/config.json
    Saved aggregate metrics to /fslarge/scratch/users/h61084/codes/tsrag_time/outputs/tsrag/evaluations/chronos_t5_512/Supply_Chain_Location/D/short/run_0/metrics_summary.json
    Metrics summary (averaged over all series/windows/variates):
      MSE: 31545884.9008
      MAE: 2037.6089
      RMSE: 2881.7087
      MAPE: 0.4871
      sMAPE: 0.4790
      MASE: 0.7344
      ND: 0.4257
      CRPS: 0.4257
TIME run allocation action=new run=/fslarge/scratch/users/h61084/codes/tsrag_time/outputs/tsrag/evaluations/chronos_bolt_512/Supply_Chain_Location/D/short/run_0 launch_id=selena_3452080 slurm_job_id=3452080 launched_at=2026-09-18T01:58:19.134339+00:00
[2026-09-18 01:58:19 UTC] evaluate method=chronos_bolt_512 dataset=Supply_Chain_Location/D term=short
    Total instances: 612, Series during experiment: 51, Windows: 12
    Collecting ground truth and context...
    Detected to_univariate case: 51 flat series -> 1 series x 51 variates
    Organizing data into arrays...
    ⚠️  Predictions max value (88707.06) exceeds float16 safe range.
    ⚠️  Applying scale factor: 10 (values will be divided)
    Saved predictions (quantiles) to /fslarge/scratch/users/h61084/codes/tsrag_time/outputs/tsrag/evaluations/chronos_bolt_512/Supply_Chain_Location/D/short/run_0/predictions.npz
    Computing per-window metrics...
    Saved metrics to /fslarge/scratch/users/h61084/codes/tsrag_time/outputs/tsrag/evaluations/chronos_bolt_512/Supply_Chain_Location/D/short/run_0/metrics.npz
    Saved config to /fslarge/scratch/users/h61084/codes/tsrag_time/outputs/tsrag/evaluations/chronos_bolt_512/Supply_Chain_Location/D/short/run_0/config.json
    Saved aggregate metrics to /fslarge/scratch/users/h61084/codes/tsrag_time/outputs/tsrag/evaluations/chronos_bolt_512/Supply_Chain_Location/D/short/run_0/metrics_summary.json
    Metrics summary (averaged over all series/windows/variates):
      MSE: 22049857.9134
      MAE: 1807.5323
      RMSE: 2443.0199
      MAPE: 0.5010
      sMAPE: 0.4273
      MASE: 0.6602
      ND: 0.3858
      CRPS: 0.3858
TIME run allocation action=new run=/fslarge/scratch/users/h61084/codes/tsrag_time/outputs/tsrag/evaluations/chronos_bolt_max/Supply_Chain_Location/D/short/run_0 launch_id=selena_3452080 slurm_job_id=3452080 launched_at=2026-09-18T01:58:19.209110+00:00
[2026-09-18 01:58:19 UTC] evaluate method=chronos_bolt_max dataset=Supply_Chain_Location/D term=short
    Total instances: 612, Series during experiment: 51, Windows: 12
    Collecting ground truth and context...
    Detected to_univariate case: 51 flat series -> 1 series x 51 variates
    Organizing data into arrays...
    ⚠️  Predictions max value (86134.17) exceeds float16 safe range.
    ⚠️  Applying scale factor: 10 (values will be divided)
    Saved predictions (quantiles) to /fslarge/scratch/users/h61084/codes/tsrag_time/outputs/tsrag/evaluations/chronos_bolt_max/Supply_Chain_Location/D/short/run_0/predictions.npz
    Computing per-window metrics...
    Saved metrics to /fslarge/scratch/users/h61084/codes/tsrag_time/outputs/tsrag/evaluations/chronos_bolt_max/Supply_Chain_Location/D/short/run_0/metrics.npz
    Saved config to /fslarge/scratch/users/h61084/codes/tsrag_time/outputs/tsrag/evaluations/chronos_bolt_max/Supply_Chain_Location/D/short/run_0/config.json
    Saved aggregate metrics to /fslarge/scratch/users/h61084/codes/tsrag_time/outputs/tsrag/evaluations/chronos_bolt_max/Supply_Chain_Location/D/short/run_0/metrics_summary.json
    Metrics summary (averaged over all series/windows/variates):
      MSE: 21468139.9751
      MAE: 1791.9018
      RMSE: 2409.5008
      MAPE: 0.5009
      sMAPE: 0.4225
      MASE: 0.6500
      ND: 0.3807
      CRPS: 0.3807
TIME run allocation action=new run=/fslarge/scratch/users/h61084/codes/tsrag_time/outputs/tsrag/evaluations/chronos2_max/Supply_Chain_Location/D/short/run_0 launch_id=selena_3452080 slurm_job_id=3452080 launched_at=2026-09-18T01:58:19.282646+00:00
[2026-09-18 01:58:19 UTC] evaluate method=chronos2_max dataset=Supply_Chain_Location/D term=short
    Total instances: 612, Series during experiment: 51, Windows: 12
    Collecting ground truth and context...
    Detected to_univariate case: 51 flat series -> 1 series x 51 variates
    Organizing data into arrays...
    ⚠️  Predictions max value (72778.27) exceeds float16 safe range.
    ⚠️  Applying scale factor: 10 (values will be divided)
    Saved predictions (quantiles) to /fslarge/scratch/users/h61084/codes/tsrag_time/outputs/tsrag/evaluations/chronos2_max/Supply_Chain_Location/D/short/run_0/predictions.npz
    Computing per-window metrics...
    Saved metrics to /fslarge/scratch/users/h61084/codes/tsrag_time/outputs/tsrag/evaluations/chronos2_max/Supply_Chain_Location/D/short/run_0/metrics.npz
    Saved config to /fslarge/scratch/users/h61084/codes/tsrag_time/outputs/tsrag/evaluations/chronos2_max/Supply_Chain_Location/D/short/run_0/config.json
    Saved aggregate metrics to /fslarge/scratch/users/h61084/codes/tsrag_time/outputs/tsrag/evaluations/chronos2_max/Supply_Chain_Location/D/short/run_0/metrics_summary.json
    Metrics summary (averaged over all series/windows/variates):
      MSE: 19273968.3357
      MAE: 1714.7489
      RMSE: 2278.6413
      MAPE: 0.4863
      sMAPE: 0.3920
      MASE: 0.6095
      ND: 0.3586
      CRPS: 0.3586
TIME run allocation action=new run=/fslarge/scratch/users/h61084/codes/tsrag_time/outputs/tsrag/evaluations/tsrag/Supply_Chain_Location/D/short/run_0 launch_id=selena_3452080 slurm_job_id=3452080 launched_at=2026-09-18T01:58:19.370006+00:00
[2026-09-18 01:58:19 UTC] evaluate method=tsrag dataset=Supply_Chain_Location/D term=short
    Total instances: 612, Series during experiment: 51, Windows: 12
    Collecting ground truth and context...
    Detected to_univariate case: 51 flat series -> 1 series x 51 variates
    Organizing data into arrays...
    ⚠️  Predictions max value (89373.79) exceeds float16 safe range.
    ⚠️  Applying scale factor: 10 (values will be divided)
    Saved predictions (quantiles) to /fslarge/scratch/users/h61084/codes/tsrag_time/outputs/tsrag/evaluations/tsrag/Supply_Chain_Location/D/short/run_0/predictions.npz
    Computing per-window metrics...
    Saved metrics to /fslarge/scratch/users/h61084/codes/tsrag_time/outputs/tsrag/evaluations/tsrag/Supply_Chain_Location/D/short/run_0/metrics.npz
    Saved config to /fslarge/scratch/users/h61084/codes/tsrag_time/outputs/tsrag/evaluations/tsrag/Supply_Chain_Location/D/short/run_0/config.json
    Saved aggregate metrics to /fslarge/scratch/users/h61084/codes/tsrag_time/outputs/tsrag/evaluations/tsrag/Supply_Chain_Location/D/short/run_0/metrics_summary.json
    Metrics summary (averaged over all series/windows/variates):
      MSE: 21741563.3109
      MAE: 1803.0747
      RMSE: 2427.2336
      MAPE: 0.5054
      sMAPE: 0.4272
      MASE: 0.6583
      ND: 0.3849
      CRPS: 0.3849
TIME run allocation action=new run=/fslarge/scratch/users/h61084/codes/tsrag_time/outputs/tsrag/evaluations/bayes_mixture/Supply_Chain_Location/D/short/run_0 launch_id=selena_3452080 slurm_job_id=3452080 launched_at=2026-09-18T01:58:19.480078+00:00
[2026-09-18 01:58:19 UTC] evaluate method=bayes_mixture dataset=Supply_Chain_Location/D term=short
    Total instances: 612, Series during experiment: 51, Windows: 12
    Collecting ground truth and context...
    Detected to_univariate case: 51 flat series -> 1 series x 51 variates
    Organizing data into arrays...
    ⚠️  Predictions max value (74043.85) exceeds float16 safe range.
    ⚠️  Applying scale factor: 10 (values will be divided)
    Saved predictions (quantiles) to /fslarge/scratch/users/h61084/codes/tsrag_time/outputs/tsrag/evaluations/bayes_mixture/Supply_Chain_Location/D/short/run_0/predictions.npz
    Computing per-window metrics...
    Saved metrics to /fslarge/scratch/users/h61084/codes/tsrag_time/outputs/tsrag/evaluations/bayes_mixture/Supply_Chain_Location/D/short/run_0/metrics.npz
    Saved config to /fslarge/scratch/users/h61084/codes/tsrag_time/outputs/tsrag/evaluations/bayes_mixture/Supply_Chain_Location/D/short/run_0/config.json
    Saved aggregate metrics to /fslarge/scratch/users/h61084/codes/tsrag_time/outputs/tsrag/evaluations/bayes_mixture/Supply_Chain_Location/D/short/run_0/metrics_summary.json
    Metrics summary (averaged over all series/windows/variates):
      MSE: 19424327.0607
      MAE: 1718.4800
      RMSE: 2289.0415
      MAPE: 0.4848
      sMAPE: 0.3941
      MASE: 0.6125
      ND: 0.3598
      CRPS: 0.3598
TIME run allocation action=new run=/fslarge/scratch/users/h61084/codes/tsrag_time/outputs/tsrag/evaluations/chronos_t5_512/azure2019_U/5T/short/run_0 launch_id=selena_3452080 slurm_job_id=3452080 launched_at=2026-09-18T01:58:19.573799+00:00
[2026-09-18 01:58:19 UTC] evaluate method=chronos_t5_512 dataset=azure2019_U/5T term=short
    Total instances: 1404, Series during experiment: 234, Windows: 6
    Collecting ground truth and context...
    Detected to_univariate case: 234 flat series -> 78 series x 3 variates
    Organizing data into arrays...
    Saved predictions (quantiles) to /fslarge/scratch/users/h61084/codes/tsrag_time/outputs/tsrag/evaluations/chronos_t5_512/azure2019_U/5T/short/run_0/predictions.npz
    Computing per-window metrics...
    Saved metrics to /fslarge/scratch/users/h61084/codes/tsrag_time/outputs/tsrag/evaluations/chronos_t5_512/azure2019_U/5T/short/run_0/metrics.npz
    Saved config to /fslarge/scratch/users/h61084/codes/tsrag_time/outputs/tsrag/evaluations/chronos_t5_512/azure2019_U/5T/short/run_0/config.json
    Saved aggregate metrics to /fslarge/scratch/users/h61084/codes/tsrag_time/outputs/tsrag/evaluations/chronos_t5_512/azure2019_U/5T/short/run_0/metrics_summary.json
    Metrics summary (averaged over all series/windows/variates):
      MSE: 76.2971
      MAE: 2.4984
      RMSE: 3.5946
      MAPE: 0.3907
      sMAPE: 0.1836
      MASE: 0.8344
      ND: 0.2135
      CRPS: 0.2135
TIME run allocation action=new run=/fslarge/scratch/users/h61084/codes/tsrag_time/outputs/tsrag/evaluations/chronos_bolt_512/azure2019_U/5T/short/run_0 launch_id=selena_3452080 slurm_job_id=3452080 launched_at=2026-09-18T01:58:19.728146+00:00
[2026-09-18 01:58:19 UTC] evaluate method=chronos_bolt_512 dataset=azure2019_U/5T term=short
    Total instances: 1404, Series during experiment: 234, Windows: 6
    Collecting ground truth and context...
    Detected to_univariate case: 234 flat series -> 78 series x 3 variates
    Organizing data into arrays...
    Saved predictions (quantiles) to /fslarge/scratch/users/h61084/codes/tsrag_time/outputs/tsrag/evaluations/chronos_bolt_512/azure2019_U/5T/short/run_0/predictions.npz
    Computing per-window metrics...
    Saved metrics to /fslarge/scratch/users/h61084/codes/tsrag_time/outputs/tsrag/evaluations/chronos_bolt_512/azure2019_U/5T/short/run_0/metrics.npz
    Saved config to /fslarge/scratch/users/h61084/codes/tsrag_time/outputs/tsrag/evaluations/chronos_bolt_512/azure2019_U/5T/short/run_0/config.json
    Saved aggregate metrics to /fslarge/scratch/users/h61084/codes/tsrag_time/outputs/tsrag/evaluations/chronos_bolt_512/azure2019_U/5T/short/run_0/metrics_summary.json
    Metrics summary (averaged over all series/windows/variates):
      MSE: 71.1709
      MAE: 2.6127
      RMSE: 3.5683
      MAPE: 0.4005
      sMAPE: 0.2013
      MASE: 0.7997
      ND: 0.2191
      CRPS: 0.2191
TIME run allocation action=new run=/fslarge/scratch/users/h61084/codes/tsrag_time/outputs/tsrag/evaluations/chronos_bolt_max/azure2019_U/5T/short/run_0 launch_id=selena_3452080 slurm_job_id=3452080 launched_at=2026-09-18T01:58:19.878259+00:00
[2026-09-18 01:58:19 UTC] evaluate method=chronos_bolt_max dataset=azure2019_U/5T term=short
    Total instances: 1404, Series during experiment: 234, Windows: 6
    Collecting ground truth and context...
    Detected to_univariate case: 234 flat series -> 78 series x 3 variates
    Organizing data into arrays...
    Saved predictions (quantiles) to /fslarge/scratch/users/h61084/codes/tsrag_time/outputs/tsrag/evaluations/chronos_bolt_max/azure2019_U/5T/short/run_0/predictions.npz
    Computing per-window metrics...
    Saved metrics to /fslarge/scratch/users/h61084/codes/tsrag_time/outputs/tsrag/evaluations/chronos_bolt_max/azure2019_U/5T/short/run_0/metrics.npz
    Saved config to /fslarge/scratch/users/h61084/codes/tsrag_time/outputs/tsrag/evaluations/chronos_bolt_max/azure2019_U/5T/short/run_0/config.json
    Saved aggregate metrics to /fslarge/scratch/users/h61084/codes/tsrag_time/outputs/tsrag/evaluations/chronos_bolt_max/azure2019_U/5T/short/run_0/metrics_summary.json
    Metrics summary (averaged over all series/windows/variates):
      MSE: 71.6663
      MAE: 2.6218
      RMSE: 3.5617
      MAPE: 0.4058
      sMAPE: 0.2047
      MASE: 0.7730
      ND: 0.2184
      CRPS: 0.2184
TIME run allocation action=new run=/fslarge/scratch/users/h61084/codes/tsrag_time/outputs/tsrag/evaluations/chronos2_max/azure2019_U/5T/short/run_0 launch_id=selena_3452080 slurm_job_id=3452080 launched_at=2026-09-18T01:58:20.026838+00:00
[2026-09-18 01:58:20 UTC] evaluate method=chronos2_max dataset=azure2019_U/5T term=short
    Total instances: 1404, Series during experiment: 234, Windows: 6
    Collecting ground truth and context...
    Detected to_univariate case: 234 flat series -> 78 series x 3 variates
    Organizing data into arrays...
    Saved predictions (quantiles) to /fslarge/scratch/users/h61084/codes/tsrag_time/outputs/tsrag/evaluations/chronos2_max/azure2019_U/5T/short/run_0/predictions.npz
    Computing per-window metrics...
    Saved metrics to /fslarge/scratch/users/h61084/codes/tsrag_time/outputs/tsrag/evaluations/chronos2_max/azure2019_U/5T/short/run_0/metrics.npz
    Saved config to /fslarge/scratch/users/h61084/codes/tsrag_time/outputs/tsrag/evaluations/chronos2_max/azure2019_U/5T/short/run_0/config.json
    Saved aggregate metrics to /fslarge/scratch/users/h61084/codes/tsrag_time/outputs/tsrag/evaluations/chronos2_max/azure2019_U/5T/short/run_0/metrics_summary.json
    Metrics summary (averaged over all series/windows/variates):
      MSE: 69.3260
      MAE: 2.3909
      RMSE: 3.3254
      MAPE: 0.3706
      sMAPE: 0.1648
      MASE: 0.6571
      ND: 0.1773
      CRPS: 0.1773
TIME run allocation action=new run=/fslarge/scratch/users/h61084/codes/tsrag_time/outputs/tsrag/evaluations/tsrag/azure2019_U/5T/short/run_0 launch_id=selena_3452080 slurm_job_id=3452080 launched_at=2026-09-18T01:58:20.190198+00:00
[2026-09-18 01:58:20 UTC] evaluate method=tsrag dataset=azure2019_U/5T term=short
    Total instances: 1404, Series during experiment: 234, Windows: 6
    Collecting ground truth and context...
    Detected to_univariate case: 234 flat series -> 78 series x 3 variates
    Organizing data into arrays...
    Saved predictions (quantiles) to /fslarge/scratch/users/h61084/codes/tsrag_time/outputs/tsrag/evaluations/tsrag/azure2019_U/5T/short/run_0/predictions.npz
    Computing per-window metrics...
    Saved metrics to /fslarge/scratch/users/h61084/codes/tsrag_time/outputs/tsrag/evaluations/tsrag/azure2019_U/5T/short/run_0/metrics.npz
    Saved config to /fslarge/scratch/users/h61084/codes/tsrag_time/outputs/tsrag/evaluations/tsrag/azure2019_U/5T/short/run_0/config.json
    Saved aggregate metrics to /fslarge/scratch/users/h61084/codes/tsrag_time/outputs/tsrag/evaluations/tsrag/azure2019_U/5T/short/run_0/metrics_summary.json
    Metrics summary (averaged over all series/windows/variates):
      MSE: 68.0339
      MAE: 2.5943
      RMSE: 3.5385
      MAPE: 0.4025
      sMAPE: 0.2017
      MASE: 0.8029
      ND: 0.2199
      CRPS: 0.2199
TIME run allocation action=new run=/fslarge/scratch/users/h61084/codes/tsrag_time/outputs/tsrag/evaluations/bayes_mixture/azure2019_U/5T/short/run_0 launch_id=selena_3452080 slurm_job_id=3452080 launched_at=2026-09-18T01:58:20.378551+00:00
[2026-09-18 01:58:20 UTC] evaluate method=bayes_mixture dataset=azure2019_U/5T term=short
    Total instances: 1404, Series during experiment: 234, Windows: 6
    Collecting ground truth and context...
    Detected to_univariate case: 234 flat series -> 78 series x 3 variates
    Organizing data into arrays...
    Saved predictions (quantiles) to /fslarge/scratch/users/h61084/codes/tsrag_time/outputs/tsrag/evaluations/bayes_mixture/azure2019_U/5T/short/run_0/predictions.npz
    Computing per-window metrics...
    Saved metrics to /fslarge/scratch/users/h61084/codes/tsrag_time/outputs/tsrag/evaluations/bayes_mixture/azure2019_U/5T/short/run_0/metrics.npz
    Saved config to /fslarge/scratch/users/h61084/codes/tsrag_time/outputs/tsrag/evaluations/bayes_mixture/azure2019_U/5T/short/run_0/config.json
    Saved aggregate metrics to /fslarge/scratch/users/h61084/codes/tsrag_time/outputs/tsrag/evaluations/bayes_mixture/azure2019_U/5T/short/run_0/metrics_summary.json
    Metrics summary (averaged over all series/windows/variates):
      MSE: 65.4969
      MAE: 2.3926
      RMSE: 3.3055
      MAPE: 0.3715
      sMAPE: 0.1683
      MASE: 0.6700
      ND: 0.1801
      CRPS: 0.1801
TIME run allocation action=new run=/fslarge/scratch/users/h61084/codes/tsrag_time/outputs/tsrag/evaluations/chronos_t5_512/Smart_Manufacturing/H/short/run_0 launch_id=selena_3452080 slurm_job_id=3452080 launched_at=2026-09-18T01:58:20.544170+00:00
[2026-09-18 01:58:20 UTC] evaluate method=chronos_t5_512 dataset=Smart_Manufacturing/H term=short
    Total instances: 2380, Series during experiment: 170, Windows: 14
    Collecting ground truth and context...
    Detected to_univariate case: 170 flat series -> 34 series x 5 variates
    Organizing data into arrays...
    Saved predictions (quantiles) to /fslarge/scratch/users/h61084/codes/tsrag_time/outputs/tsrag/evaluations/chronos_t5_512/Smart_Manufacturing/H/short/run_0/predictions.npz
    Computing per-window metrics...
    Saved metrics to /fslarge/scratch/users/h61084/codes/tsrag_time/outputs/tsrag/evaluations/chronos_t5_512/Smart_Manufacturing/H/short/run_0/metrics.npz
    Saved config to /fslarge/scratch/users/h61084/codes/tsrag_time/outputs/tsrag/evaluations/chronos_t5_512/Smart_Manufacturing/H/short/run_0/config.json
    Saved aggregate metrics to /fslarge/scratch/users/h61084/codes/tsrag_time/outputs/tsrag/evaluations/chronos_t5_512/Smart_Manufacturing/H/short/run_0/metrics_summary.json
    Metrics summary (averaged over all series/windows/variates):
      MSE: 81.1833
      MAE: 5.8363
      RMSE: 7.1994
      MAPE: 0.3403
      sMAPE: 0.2292
      MASE: 0.7274
      ND: 0.2211
      CRPS: 0.2211
TIME run allocation action=new run=/fslarge/scratch/users/h61084/codes/tsrag_time/outputs/tsrag/evaluations/chronos_bolt_512/Smart_Manufacturing/H/short/run_0 launch_id=selena_3452080 slurm_job_id=3452080 launched_at=2026-09-18T01:58:20.766834+00:00
[2026-09-18 01:58:20 UTC] evaluate method=chronos_bolt_512 dataset=Smart_Manufacturing/H term=short
    Total instances: 2380, Series during experiment: 170, Windows: 14
    Collecting ground truth and context...
    Detected to_univariate case: 170 flat series -> 34 series x 5 variates
    Organizing data into arrays...
    Saved predictions (quantiles) to /fslarge/scratch/users/h61084/codes/tsrag_time/outputs/tsrag/evaluations/chronos_bolt_512/Smart_Manufacturing/H/short/run_0/predictions.npz
    Computing per-window metrics...
    Saved metrics to /fslarge/scratch/users/h61084/codes/tsrag_time/outputs/tsrag/evaluations/chronos_bolt_512/Smart_Manufacturing/H/short/run_0/metrics.npz
    Saved config to /fslarge/scratch/users/h61084/codes/tsrag_time/outputs/tsrag/evaluations/chronos_bolt_512/Smart_Manufacturing/H/short/run_0/config.json
    Saved aggregate metrics to /fslarge/scratch/users/h61084/codes/tsrag_time/outputs/tsrag/evaluations/chronos_bolt_512/Smart_Manufacturing/H/short/run_0/metrics_summary.json
    Metrics summary (averaged over all series/windows/variates):
      MSE: 79.3800
      MAE: 5.7584
      RMSE: 7.1105
      MAPE: 0.3428
      sMAPE: 0.2267
      MASE: 0.7173
      ND: 0.2186
      CRPS: 0.2186
TIME run allocation action=new run=/fslarge/scratch/users/h61084/codes/tsrag_time/outputs/tsrag/evaluations/chronos_bolt_max/Smart_Manufacturing/H/short/run_0 launch_id=selena_3452080 slurm_job_id=3452080 launched_at=2026-09-18T01:58:20.982854+00:00
[2026-09-18 01:58:20 UTC] evaluate method=chronos_bolt_max dataset=Smart_Manufacturing/H term=short
    Total instances: 2380, Series during experiment: 170, Windows: 14
    Collecting ground truth and context...
    Detected to_univariate case: 170 flat series -> 34 series x 5 variates
    Organizing data into arrays...
    Saved predictions (quantiles) to /fslarge/scratch/users/h61084/codes/tsrag_time/outputs/tsrag/evaluations/chronos_bolt_max/Smart_Manufacturing/H/short/run_0/predictions.npz
    Computing per-window metrics...
    Saved metrics to /fslarge/scratch/users/h61084/codes/tsrag_time/outputs/tsrag/evaluations/chronos_bolt_max/Smart_Manufacturing/H/short/run_0/metrics.npz
    Saved config to /fslarge/scratch/users/h61084/codes/tsrag_time/outputs/tsrag/evaluations/chronos_bolt_max/Smart_Manufacturing/H/short/run_0/config.json
    Saved aggregate metrics to /fslarge/scratch/users/h61084/codes/tsrag_time/outputs/tsrag/evaluations/chronos_bolt_max/Smart_Manufacturing/H/short/run_0/metrics_summary.json
    Metrics summary (averaged over all series/windows/variates):
      MSE: 79.1682
      MAE: 5.7509
      RMSE: 7.1013
      MAPE: 0.3446
      sMAPE: 0.2264
      MASE: 0.7167
      ND: 0.2186
      CRPS: 0.2186
TIME run allocation action=new run=/fslarge/scratch/users/h61084/codes/tsrag_time/outputs/tsrag/evaluations/chronos2_max/Smart_Manufacturing/H/short/run_0 launch_id=selena_3452080 slurm_job_id=3452080 launched_at=2026-09-18T01:58:21.198062+00:00
[2026-09-18 01:58:21 UTC] evaluate method=chronos2_max dataset=Smart_Manufacturing/H term=short
    Total instances: 2380, Series during experiment: 170, Windows: 14
    Collecting ground truth and context...
    Detected to_univariate case: 170 flat series -> 34 series x 5 variates
    Organizing data into arrays...
    Saved predictions (quantiles) to /fslarge/scratch/users/h61084/codes/tsrag_time/outputs/tsrag/evaluations/chronos2_max/Smart_Manufacturing/H/short/run_0/predictions.npz
    Computing per-window metrics...
    Saved metrics to /fslarge/scratch/users/h61084/codes/tsrag_time/outputs/tsrag/evaluations/chronos2_max/Smart_Manufacturing/H/short/run_0/metrics.npz
    Saved config to /fslarge/scratch/users/h61084/codes/tsrag_time/outputs/tsrag/evaluations/chronos2_max/Smart_Manufacturing/H/short/run_0/config.json
    Saved aggregate metrics to /fslarge/scratch/users/h61084/codes/tsrag_time/outputs/tsrag/evaluations/chronos2_max/Smart_Manufacturing/H/short/run_0/metrics_summary.json
    Metrics summary (averaged over all series/windows/variates):
      MSE: 78.3464
      MAE: 5.7164
      RMSE: 7.0635
      MAPE: 0.3321
      sMAPE: 0.2253
      MASE: 0.7118
      ND: 0.2165
      CRPS: 0.2165
TIME run allocation action=new run=/fslarge/scratch/users/h61084/codes/tsrag_time/outputs/tsrag/evaluations/tsrag/Smart_Manufacturing/H/short/run_0 launch_id=selena_3452080 slurm_job_id=3452080 launched_at=2026-09-18T01:58:21.429786+00:00
[2026-09-18 01:58:21 UTC] evaluate method=tsrag dataset=Smart_Manufacturing/H term=short
    Total instances: 2380, Series during experiment: 170, Windows: 14
    Collecting ground truth and context...
    Detected to_univariate case: 170 flat series -> 34 series x 5 variates
    Organizing data into arrays...
    Saved predictions (quantiles) to /fslarge/scratch/users/h61084/codes/tsrag_time/outputs/tsrag/evaluations/tsrag/Smart_Manufacturing/H/short/run_0/predictions.npz
    Computing per-window metrics...
    Saved metrics to /fslarge/scratch/users/h61084/codes/tsrag_time/outputs/tsrag/evaluations/tsrag/Smart_Manufacturing/H/short/run_0/metrics.npz
    Saved config to /fslarge/scratch/users/h61084/codes/tsrag_time/outputs/tsrag/evaluations/tsrag/Smart_Manufacturing/H/short/run_0/config.json
    Saved aggregate metrics to /fslarge/scratch/users/h61084/codes/tsrag_time/outputs/tsrag/evaluations/tsrag/Smart_Manufacturing/H/short/run_0/metrics_summary.json
    Metrics summary (averaged over all series/windows/variates):
      MSE: 79.1682
      MAE: 5.7509
      RMSE: 7.1013
      MAPE: 0.3446
      sMAPE: 0.2264
      MASE: 0.7167
      ND: 0.2186
      CRPS: 0.2186
TIME run allocation action=new run=/fslarge/scratch/users/h61084/codes/tsrag_time/outputs/tsrag/evaluations/bayes_mixture/Smart_Manufacturing/H/short/run_0 launch_id=selena_3452080 slurm_job_id=3452080 launched_at=2026-09-18T01:58:21.687156+00:00
[2026-09-18 01:58:21 UTC] evaluate method=bayes_mixture dataset=Smart_Manufacturing/H term=short
    Total instances: 2380, Series during experiment: 170, Windows: 14
    Collecting ground truth and context...
    Detected to_univariate case: 170 flat series -> 34 series x 5 variates
    Organizing data into arrays...
    Saved predictions (quantiles) to /fslarge/scratch/users/h61084/codes/tsrag_time/outputs/tsrag/evaluations/bayes_mixture/Smart_Manufacturing/H/short/run_0/predictions.npz
    Computing per-window metrics...
    Saved metrics to /fslarge/scratch/users/h61084/codes/tsrag_time/outputs/tsrag/evaluations/bayes_mixture/Smart_Manufacturing/H/short/run_0/metrics.npz
    Saved config to /fslarge/scratch/users/h61084/codes/tsrag_time/outputs/tsrag/evaluations/bayes_mixture/Smart_Manufacturing/H/short/run_0/config.json
    Saved aggregate metrics to /fslarge/scratch/users/h61084/codes/tsrag_time/outputs/tsrag/evaluations/bayes_mixture/Smart_Manufacturing/H/short/run_0/metrics_summary.json
    Metrics summary (averaged over all series/windows/variates):
      MSE: 78.3747
      MAE: 5.7190
      RMSE: 7.0651
      MAPE: 0.3363
      sMAPE: 0.2253
      MASE: 0.7122
      ND: 0.2168
      CRPS: 0.2168
TIME run allocation action=new run=/fslarge/scratch/users/h61084/codes/tsrag_time/outputs/tsrag/evaluations/chronos_t5_512/Smart_Manufacturing/H/medium/run_0 launch_id=selena_3452080 slurm_job_id=3452080 launched_at=2026-09-18T01:58:21.920014+00:00
[2026-09-18 01:58:21 UTC] evaluate method=chronos_t5_512 dataset=Smart_Manufacturing/H term=medium
    Total instances: 340, Series during experiment: 170, Windows: 2
    Collecting ground truth and context...
    Detected to_univariate case: 170 flat series -> 34 series x 5 variates
    Organizing data into arrays...
    Saved predictions (quantiles) to /fslarge/scratch/users/h61084/codes/tsrag_time/outputs/tsrag/evaluations/chronos_t5_512/Smart_Manufacturing/H/medium/run_0/predictions.npz
    Computing per-window metrics...
    Saved metrics to /fslarge/scratch/users/h61084/codes/tsrag_time/outputs/tsrag/evaluations/chronos_t5_512/Smart_Manufacturing/H/medium/run_0/metrics.npz
    Saved config to /fslarge/scratch/users/h61084/codes/tsrag_time/outputs/tsrag/evaluations/chronos_t5_512/Smart_Manufacturing/H/medium/run_0/config.json
    Saved aggregate metrics to /fslarge/scratch/users/h61084/codes/tsrag_time/outputs/tsrag/evaluations/chronos_t5_512/Smart_Manufacturing/H/medium/run_0/metrics_summary.json
    Metrics summary (averaged over all series/windows/variates):
      MSE: 80.7205
      MAE: 5.8247
      RMSE: 7.2615
      MAPE: 0.3466
      sMAPE: 0.2294
      MASE: 0.7264
      ND: 0.2199
      CRPS: 0.2199
TIME run allocation action=new run=/fslarge/scratch/users/h61084/codes/tsrag_time/outputs/tsrag/evaluations/chronos_bolt_512/Smart_Manufacturing/H/medium/run_0 launch_id=selena_3452080 slurm_job_id=3452080 launched_at=2026-09-18T01:58:21.994797+00:00
[2026-09-18 01:58:21 UTC] evaluate method=chronos_bolt_512 dataset=Smart_Manufacturing/H term=medium
    Total instances: 340, Series during experiment: 170, Windows: 2
    Collecting ground truth and context...
    Detected to_univariate case: 170 flat series -> 34 series x 5 variates
    Organizing data into arrays...
    Saved predictions (quantiles) to /fslarge/scratch/users/h61084/codes/tsrag_time/outputs/tsrag/evaluations/chronos_bolt_512/Smart_Manufacturing/H/medium/run_0/predictions.npz
    Computing per-window metrics...
    Saved metrics to /fslarge/scratch/users/h61084/codes/tsrag_time/outputs/tsrag/evaluations/chronos_bolt_512/Smart_Manufacturing/H/medium/run_0/metrics.npz
    Saved config to /fslarge/scratch/users/h61084/codes/tsrag_time/outputs/tsrag/evaluations/chronos_bolt_512/Smart_Manufacturing/H/medium/run_0/config.json
    Saved aggregate metrics to /fslarge/scratch/users/h61084/codes/tsrag_time/outputs/tsrag/evaluations/chronos_bolt_512/Smart_Manufacturing/H/medium/run_0/metrics_summary.json
    Metrics summary (averaged over all series/windows/variates):
      MSE: 79.0272
      MAE: 5.7465
      RMSE: 7.1791
      MAPE: 0.3482
      sMAPE: 0.2263
      MASE: 0.7155
      ND: 0.2167
      CRPS: 0.2167
TIME run allocation action=new run=/fslarge/scratch/users/h61084/codes/tsrag_time/outputs/tsrag/evaluations/chronos_bolt_max/Smart_Manufacturing/H/medium/run_0 launch_id=selena_3452080 slurm_job_id=3452080 launched_at=2026-09-18T01:58:22.067323+00:00
[2026-09-18 01:58:22 UTC] evaluate method=chronos_bolt_max dataset=Smart_Manufacturing/H term=medium
    Total instances: 340, Series during experiment: 170, Windows: 2
    Collecting ground truth and context...
    Detected to_univariate case: 170 flat series -> 34 series x 5 variates
    Organizing data into arrays...
    Saved predictions (quantiles) to /fslarge/scratch/users/h61084/codes/tsrag_time/outputs/tsrag/evaluations/chronos_bolt_max/Smart_Manufacturing/H/medium/run_0/predictions.npz
    Computing per-window metrics...
    Saved metrics to /fslarge/scratch/users/h61084/codes/tsrag_time/outputs/tsrag/evaluations/chronos_bolt_max/Smart_Manufacturing/H/medium/run_0/metrics.npz
    Saved config to /fslarge/scratch/users/h61084/codes/tsrag_time/outputs/tsrag/evaluations/chronos_bolt_max/Smart_Manufacturing/H/medium/run_0/config.json
    Saved aggregate metrics to /fslarge/scratch/users/h61084/codes/tsrag_time/outputs/tsrag/evaluations/chronos_bolt_max/Smart_Manufacturing/H/medium/run_0/metrics_summary.json
    Metrics summary (averaged over all series/windows/variates):
      MSE: 78.6815
      MAE: 5.7346
      RMSE: 7.1633
      MAPE: 0.3461
      sMAPE: 0.2259
      MASE: 0.7140
      ND: 0.2162
      CRPS: 0.2162
TIME run allocation action=new run=/fslarge/scratch/users/h61084/codes/tsrag_time/outputs/tsrag/evaluations/chronos2_max/Smart_Manufacturing/H/medium/run_0 launch_id=selena_3452080 slurm_job_id=3452080 launched_at=2026-09-18T01:58:22.138387+00:00
[2026-09-18 01:58:22 UTC] evaluate method=chronos2_max dataset=Smart_Manufacturing/H term=medium
    Total instances: 340, Series during experiment: 170, Windows: 2
    Collecting ground truth and context...
    Detected to_univariate case: 170 flat series -> 34 series x 5 variates
    Organizing data into arrays...
    Saved predictions (quantiles) to /fslarge/scratch/users/h61084/codes/tsrag_time/outputs/tsrag/evaluations/chronos2_max/Smart_Manufacturing/H/medium/run_0/predictions.npz
    Computing per-window metrics...
    Saved metrics to /fslarge/scratch/users/h61084/codes/tsrag_time/outputs/tsrag/evaluations/chronos2_max/Smart_Manufacturing/H/medium/run_0/metrics.npz
    Saved config to /fslarge/scratch/users/h61084/codes/tsrag_time/outputs/tsrag/evaluations/chronos2_max/Smart_Manufacturing/H/medium/run_0/config.json
    Saved aggregate metrics to /fslarge/scratch/users/h61084/codes/tsrag_time/outputs/tsrag/evaluations/chronos2_max/Smart_Manufacturing/H/medium/run_0/metrics_summary.json
    Metrics summary (averaged over all series/windows/variates):
      MSE: 78.4224
      MAE: 5.7197
      RMSE: 7.1497
      MAPE: 0.3377
      sMAPE: 0.2253
      MASE: 0.7115
      ND: 0.2153
      CRPS: 0.2153
TIME run allocation action=new run=/fslarge/scratch/users/h61084/codes/tsrag_time/outputs/tsrag/evaluations/tsrag/Smart_Manufacturing/H/medium/run_0 launch_id=selena_3452080 slurm_job_id=3452080 launched_at=2026-09-18T01:58:22.224121+00:00
[2026-09-18 01:58:22 UTC] evaluate method=tsrag dataset=Smart_Manufacturing/H term=medium
    Total instances: 340, Series during experiment: 170, Windows: 2
    Collecting ground truth and context...
    Detected to_univariate case: 170 flat series -> 34 series x 5 variates
    Organizing data into arrays...
    Saved predictions (quantiles) to /fslarge/scratch/users/h61084/codes/tsrag_time/outputs/tsrag/evaluations/tsrag/Smart_Manufacturing/H/medium/run_0/predictions.npz
    Computing per-window metrics...
    Saved metrics to /fslarge/scratch/users/h61084/codes/tsrag_time/outputs/tsrag/evaluations/tsrag/Smart_Manufacturing/H/medium/run_0/metrics.npz
    Saved config to /fslarge/scratch/users/h61084/codes/tsrag_time/outputs/tsrag/evaluations/tsrag/Smart_Manufacturing/H/medium/run_0/config.json
    Saved aggregate metrics to /fslarge/scratch/users/h61084/codes/tsrag_time/outputs/tsrag/evaluations/tsrag/Smart_Manufacturing/H/medium/run_0/metrics_summary.json
    Metrics summary (averaged over all series/windows/variates):
      MSE: 78.6815
      MAE: 5.7346
      RMSE: 7.1633
      MAPE: 0.3461
      sMAPE: 0.2259
      MASE: 0.7140
      ND: 0.2162
      CRPS: 0.2162
TIME run allocation action=new run=/fslarge/scratch/users/h61084/codes/tsrag_time/outputs/tsrag/evaluations/bayes_mixture/Smart_Manufacturing/H/medium/run_0 launch_id=selena_3452080 slurm_job_id=3452080 launched_at=2026-09-18T01:58:22.332971+00:00
[2026-09-18 01:58:22 UTC] evaluate method=bayes_mixture dataset=Smart_Manufacturing/H term=medium
    Total instances: 340, Series during experiment: 170, Windows: 2
    Collecting ground truth and context...
    Detected to_univariate case: 170 flat series -> 34 series x 5 variates
    Organizing data into arrays...
    Saved predictions (quantiles) to /fslarge/scratch/users/h61084/codes/tsrag_time/outputs/tsrag/evaluations/bayes_mixture/Smart_Manufacturing/H/medium/run_0/predictions.npz
    Computing per-window metrics...
    Saved metrics to /fslarge/scratch/users/h61084/codes/tsrag_time/outputs/tsrag/evaluations/bayes_mixture/Smart_Manufacturing/H/medium/run_0/metrics.npz
    Saved config to /fslarge/scratch/users/h61084/codes/tsrag_time/outputs/tsrag/evaluations/bayes_mixture/Smart_Manufacturing/H/medium/run_0/config.json
    Saved aggregate metrics to /fslarge/scratch/users/h61084/codes/tsrag_time/outputs/tsrag/evaluations/bayes_mixture/Smart_Manufacturing/H/medium/run_0/metrics_summary.json
    Metrics summary (averaged over all series/windows/variates):
      MSE: 78.3732
      MAE: 5.7196
      RMSE: 7.1481
      MAPE: 0.3404
      sMAPE: 0.2253
      MASE: 0.7116
      ND: 0.2154
      CRPS: 0.2154
TIME run allocation action=new run=/fslarge/scratch/users/h61084/codes/tsrag_time/outputs/tsrag/evaluations/chronos_t5_512/Smart_Manufacturing/H/long/run_0 launch_id=selena_3452080 slurm_job_id=3452080 launched_at=2026-09-18T01:58:22.419816+00:00
[2026-09-18 01:58:22 UTC] evaluate method=chronos_t5_512 dataset=Smart_Manufacturing/H term=long
    Total instances: 170, Series during experiment: 170, Windows: 1
    Collecting ground truth and context...
    Detected to_univariate case: 170 flat series -> 34 series x 5 variates
    Organizing data into arrays...
    Saved predictions (quantiles) to /fslarge/scratch/users/h61084/codes/tsrag_time/outputs/tsrag/evaluations/chronos_t5_512/Smart_Manufacturing/H/long/run_0/predictions.npz
    Computing per-window metrics...
    Saved metrics to /fslarge/scratch/users/h61084/codes/tsrag_time/outputs/tsrag/evaluations/chronos_t5_512/Smart_Manufacturing/H/long/run_0/metrics.npz
    Saved config to /fslarge/scratch/users/h61084/codes/tsrag_time/outputs/tsrag/evaluations/chronos_t5_512/Smart_Manufacturing/H/long/run_0/config.json
    Saved aggregate metrics to /fslarge/scratch/users/h61084/codes/tsrag_time/outputs/tsrag/evaluations/chronos_t5_512/Smart_Manufacturing/H/long/run_0/metrics_summary.json
    Metrics summary (averaged over all series/windows/variates):
      MSE: 80.4271
      MAE: 5.8077
      RMSE: 7.2553
      MAPE: 0.3521
      sMAPE: 0.2286
      MASE: 0.7237
      ND: 0.2191
      CRPS: 0.2191
TIME run allocation action=new run=/fslarge/scratch/users/h61084/codes/tsrag_time/outputs/tsrag/evaluations/chronos_bolt_512/Smart_Manufacturing/H/long/run_0 launch_id=selena_3452080 slurm_job_id=3452080 launched_at=2026-09-18T01:58:22.481918+00:00
[2026-09-18 01:58:22 UTC] evaluate method=chronos_bolt_512 dataset=Smart_Manufacturing/H term=long
    Total instances: 170, Series during experiment: 170, Windows: 1
    Collecting ground truth and context...
    Detected to_univariate case: 170 flat series -> 34 series x 5 variates
    Organizing data into arrays...
    Saved predictions (quantiles) to /fslarge/scratch/users/h61084/codes/tsrag_time/outputs/tsrag/evaluations/chronos_bolt_512/Smart_Manufacturing/H/long/run_0/predictions.npz
    Computing per-window metrics...
    Saved metrics to /fslarge/scratch/users/h61084/codes/tsrag_time/outputs/tsrag/evaluations/chronos_bolt_512/Smart_Manufacturing/H/long/run_0/metrics.npz
    Saved config to /fslarge/scratch/users/h61084/codes/tsrag_time/outputs/tsrag/evaluations/chronos_bolt_512/Smart_Manufacturing/H/long/run_0/config.json
    Saved aggregate metrics to /fslarge/scratch/users/h61084/codes/tsrag_time/outputs/tsrag/evaluations/chronos_bolt_512/Smart_Manufacturing/H/long/run_0/metrics_summary.json
    Metrics summary (averaged over all series/windows/variates):
      MSE: 79.1744
      MAE: 5.7481
      RMSE: 7.1940
      MAPE: 0.3521
      sMAPE: 0.2262
      MASE: 0.7152
      ND: 0.2166
      CRPS: 0.2166
TIME run allocation action=new run=/fslarge/scratch/users/h61084/codes/tsrag_time/outputs/tsrag/evaluations/chronos_bolt_max/Smart_Manufacturing/H/long/run_0 launch_id=selena_3452080 slurm_job_id=3452080 launched_at=2026-09-18T01:58:22.541429+00:00
[2026-09-18 01:58:22 UTC] evaluate method=chronos_bolt_max dataset=Smart_Manufacturing/H term=long
    Total instances: 170, Series during experiment: 170, Windows: 1
    Collecting ground truth and context...
    Detected to_univariate case: 170 flat series -> 34 series x 5 variates
    Organizing data into arrays...
    Saved predictions (quantiles) to /fslarge/scratch/users/h61084/codes/tsrag_time/outputs/tsrag/evaluations/chronos_bolt_max/Smart_Manufacturing/H/long/run_0/predictions.npz
    Computing per-window metrics...
    Saved metrics to /fslarge/scratch/users/h61084/codes/tsrag_time/outputs/tsrag/evaluations/chronos_bolt_max/Smart_Manufacturing/H/long/run_0/metrics.npz
    Saved config to /fslarge/scratch/users/h61084/codes/tsrag_time/outputs/tsrag/evaluations/chronos_bolt_max/Smart_Manufacturing/H/long/run_0/config.json
    Saved aggregate metrics to /fslarge/scratch/users/h61084/codes/tsrag_time/outputs/tsrag/evaluations/chronos_bolt_max/Smart_Manufacturing/H/long/run_0/metrics_summary.json
    Metrics summary (averaged over all series/windows/variates):
      MSE: 78.7499
      MAE: 5.7349
      RMSE: 7.1749
      MAPE: 0.3493
      sMAPE: 0.2259
      MASE: 0.7137
      ND: 0.2162
      CRPS: 0.2162
TIME run allocation action=new run=/fslarge/scratch/users/h61084/codes/tsrag_time/outputs/tsrag/evaluations/chronos2_max/Smart_Manufacturing/H/long/run_0 launch_id=selena_3452080 slurm_job_id=3452080 launched_at=2026-09-18T01:58:22.600069+00:00
[2026-09-18 01:58:22 UTC] evaluate method=chronos2_max dataset=Smart_Manufacturing/H term=long
    Total instances: 170, Series during experiment: 170, Windows: 1
    Collecting ground truth and context...
    Detected to_univariate case: 170 flat series -> 34 series x 5 variates
    Organizing data into arrays...
    Saved predictions (quantiles) to /fslarge/scratch/users/h61084/codes/tsrag_time/outputs/tsrag/evaluations/chronos2_max/Smart_Manufacturing/H/long/run_0/predictions.npz
    Computing per-window metrics...
    Saved metrics to /fslarge/scratch/users/h61084/codes/tsrag_time/outputs/tsrag/evaluations/chronos2_max/Smart_Manufacturing/H/long/run_0/metrics.npz
    Saved config to /fslarge/scratch/users/h61084/codes/tsrag_time/outputs/tsrag/evaluations/chronos2_max/Smart_Manufacturing/H/long/run_0/config.json
    Saved aggregate metrics to /fslarge/scratch/users/h61084/codes/tsrag_time/outputs/tsrag/evaluations/chronos2_max/Smart_Manufacturing/H/long/run_0/metrics_summary.json
    Metrics summary (averaged over all series/windows/variates):
      MSE: 78.4263
      MAE: 5.7196
      RMSE: 7.1591
      MAPE: 0.3402
      sMAPE: 0.2253
      MASE: 0.7110
      ND: 0.2152
      CRPS: 0.2152
TIME run allocation action=new run=/fslarge/scratch/users/h61084/codes/tsrag_time/outputs/tsrag/evaluations/tsrag/Smart_Manufacturing/H/long/run_0 launch_id=selena_3452080 slurm_job_id=3452080 launched_at=2026-09-18T01:58:22.673441+00:00
[2026-09-18 01:58:22 UTC] evaluate method=tsrag dataset=Smart_Manufacturing/H term=long
    Total instances: 170, Series during experiment: 170, Windows: 1
    Collecting ground truth and context...
    Detected to_univariate case: 170 flat series -> 34 series x 5 variates
    Organizing data into arrays...
    Saved predictions (quantiles) to /fslarge/scratch/users/h61084/codes/tsrag_time/outputs/tsrag/evaluations/tsrag/Smart_Manufacturing/H/long/run_0/predictions.npz
    Computing per-window metrics...
    Saved metrics to /fslarge/scratch/users/h61084/codes/tsrag_time/outputs/tsrag/evaluations/tsrag/Smart_Manufacturing/H/long/run_0/metrics.npz
    Saved config to /fslarge/scratch/users/h61084/codes/tsrag_time/outputs/tsrag/evaluations/tsrag/Smart_Manufacturing/H/long/run_0/config.json
    Saved aggregate metrics to /fslarge/scratch/users/h61084/codes/tsrag_time/outputs/tsrag/evaluations/tsrag/Smart_Manufacturing/H/long/run_0/metrics_summary.json
    Metrics summary (averaged over all series/windows/variates):
      MSE: 78.7499
      MAE: 5.7349
      RMSE: 7.1749
      MAPE: 0.3493
      sMAPE: 0.2259
      MASE: 0.7137
      ND: 0.2162
      CRPS: 0.2162
TIME run allocation action=new run=/fslarge/scratch/users/h61084/codes/tsrag_time/outputs/tsrag/evaluations/bayes_mixture/Smart_Manufacturing/H/long/run_0 launch_id=selena_3452080 slurm_job_id=3452080 launched_at=2026-09-18T01:58:22.770391+00:00
[2026-09-18 01:58:22 UTC] evaluate method=bayes_mixture dataset=Smart_Manufacturing/H term=long
    Total instances: 170, Series during experiment: 170, Windows: 1
    Collecting ground truth and context...
    Detected to_univariate case: 170 flat series -> 34 series x 5 variates
    Organizing data into arrays...
    Saved predictions (quantiles) to /fslarge/scratch/users/h61084/codes/tsrag_time/outputs/tsrag/evaluations/bayes_mixture/Smart_Manufacturing/H/long/run_0/predictions.npz
    Computing per-window metrics...
    Saved metrics to /fslarge/scratch/users/h61084/codes/tsrag_time/outputs/tsrag/evaluations/bayes_mixture/Smart_Manufacturing/H/long/run_0/metrics.npz
    Saved config to /fslarge/scratch/users/h61084/codes/tsrag_time/outputs/tsrag/evaluations/bayes_mixture/Smart_Manufacturing/H/long/run_0/config.json
    Saved aggregate metrics to /fslarge/scratch/users/h61084/codes/tsrag_time/outputs/tsrag/evaluations/bayes_mixture/Smart_Manufacturing/H/long/run_0/metrics_summary.json
    Metrics summary (averaged over all series/windows/variates):
      MSE: 78.4115
      MAE: 5.7200
      RMSE: 7.1587
      MAPE: 0.3433
      sMAPE: 0.2253
      MASE: 0.7113
      ND: 0.2153
      CRPS: 0.2153
TIME run allocation action=new run=/fslarge/scratch/users/h61084/codes/tsrag_time/outputs/tsrag/evaluations/chronos_t5_512/MetroPT-3/5T/short/run_0 launch_id=selena_3452080 slurm_job_id=3452080 launched_at=2026-09-18T01:58:22.855170+00:00
[2026-09-18 01:58:22 UTC] evaluate method=chronos_t5_512 dataset=MetroPT-3/5T term=short
    Total instances: 216, Series during experiment: 6, Windows: 36
    Collecting ground truth and context...
    Detected to_univariate case: 6 flat series -> 1 series x 6 variates
    Organizing data into arrays...
    Saved predictions (quantiles) to /fslarge/scratch/users/h61084/codes/tsrag_time/outputs/tsrag/evaluations/chronos_t5_512/MetroPT-3/5T/short/run_0/predictions.npz
    Computing per-window metrics...
    Saved metrics to /fslarge/scratch/users/h61084/codes/tsrag_time/outputs/tsrag/evaluations/chronos_t5_512/MetroPT-3/5T/short/run_0/metrics.npz
    Saved config to /fslarge/scratch/users/h61084/codes/tsrag_time/outputs/tsrag/evaluations/chronos_t5_512/MetroPT-3/5T/short/run_0/config.json
    Saved aggregate metrics to /fslarge/scratch/users/h61084/codes/tsrag_time/outputs/tsrag/evaluations/chronos_t5_512/MetroPT-3/5T/short/run_0/metrics_summary.json
    Metrics summary (averaged over all series/windows/variates):
      MSE: 4.3943
      MAE: 1.2354
      RMSE: 1.6485
      MAPE: 4.4087
      sMAPE: 0.3701
      MASE: 0.6919
      ND: 0.3438
      CRPS: 0.3438
TIME run allocation action=new run=/fslarge/scratch/users/h61084/codes/tsrag_time/outputs/tsrag/evaluations/chronos_bolt_512/MetroPT-3/5T/short/run_0 launch_id=selena_3452080 slurm_job_id=3452080 launched_at=2026-09-18T01:58:22.920944+00:00
[2026-09-18 01:58:22 UTC] evaluate method=chronos_bolt_512 dataset=MetroPT-3/5T term=short
    Total instances: 216, Series during experiment: 6, Windows: 36
    Collecting ground truth and context...
    Detected to_univariate case: 6 flat series -> 1 series x 6 variates
    Organizing data into arrays...
    Saved predictions (quantiles) to /fslarge/scratch/users/h61084/codes/tsrag_time/outputs/tsrag/evaluations/chronos_bolt_512/MetroPT-3/5T/short/run_0/predictions.npz
    Computing per-window metrics...
    Saved metrics to /fslarge/scratch/users/h61084/codes/tsrag_time/outputs/tsrag/evaluations/chronos_bolt_512/MetroPT-3/5T/short/run_0/metrics.npz
    Saved config to /fslarge/scratch/users/h61084/codes/tsrag_time/outputs/tsrag/evaluations/chronos_bolt_512/MetroPT-3/5T/short/run_0/config.json
    Saved aggregate metrics to /fslarge/scratch/users/h61084/codes/tsrag_time/outputs/tsrag/evaluations/chronos_bolt_512/MetroPT-3/5T/short/run_0/metrics_summary.json
    Metrics summary (averaged over all series/windows/variates):
      MSE: 3.9458
      MAE: 1.2196
      RMSE: 1.5693
      MAPE: 5.1914
      sMAPE: 0.4977
      MASE: 0.6638
      ND: 0.3414
      CRPS: 0.3414
TIME run allocation action=new run=/fslarge/scratch/users/h61084/codes/tsrag_time/outputs/tsrag/evaluations/chronos_bolt_max/MetroPT-3/5T/short/run_0 launch_id=selena_3452080 slurm_job_id=3452080 launched_at=2026-09-18T01:58:22.978920+00:00
[2026-09-18 01:58:22 UTC] evaluate method=chronos_bolt_max dataset=MetroPT-3/5T term=short
    Total instances: 216, Series during experiment: 6, Windows: 36
    Collecting ground truth and context...
    Detected to_univariate case: 6 flat series -> 1 series x 6 variates
    Organizing data into arrays...
    Saved predictions (quantiles) to /fslarge/scratch/users/h61084/codes/tsrag_time/outputs/tsrag/evaluations/chronos_bolt_max/MetroPT-3/5T/short/run_0/predictions.npz
    Computing per-window metrics...
    Saved metrics to /fslarge/scratch/users/h61084/codes/tsrag_time/outputs/tsrag/evaluations/chronos_bolt_max/MetroPT-3/5T/short/run_0/metrics.npz
    Saved config to /fslarge/scratch/users/h61084/codes/tsrag_time/outputs/tsrag/evaluations/chronos_bolt_max/MetroPT-3/5T/short/run_0/config.json
    Saved aggregate metrics to /fslarge/scratch/users/h61084/codes/tsrag_time/outputs/tsrag/evaluations/chronos_bolt_max/MetroPT-3/5T/short/run_0/metrics_summary.json
    Metrics summary (averaged over all series/windows/variates):
      MSE: 3.5402
      MAE: 1.1859
      RMSE: 1.5190
      MAPE: 5.0638
      sMAPE: 0.4972
      MASE: 0.6495
      ND: 0.3394
      CRPS: 0.3394
TIME run allocation action=new run=/fslarge/scratch/users/h61084/codes/tsrag_time/outputs/tsrag/evaluations/chronos2_max/MetroPT-3/5T/short/run_0 launch_id=selena_3452080 slurm_job_id=3452080 launched_at=2026-09-18T01:58:23.033220+00:00
[2026-09-18 01:58:23 UTC] evaluate method=chronos2_max dataset=MetroPT-3/5T term=short
    Total instances: 216, Series during experiment: 6, Windows: 36
    Collecting ground truth and context...
    Detected to_univariate case: 6 flat series -> 1 series x 6 variates
    Organizing data into arrays...
    Saved predictions (quantiles) to /fslarge/scratch/users/h61084/codes/tsrag_time/outputs/tsrag/evaluations/chronos2_max/MetroPT-3/5T/short/run_0/predictions.npz
    Computing per-window metrics...
    Saved metrics to /fslarge/scratch/users/h61084/codes/tsrag_time/outputs/tsrag/evaluations/chronos2_max/MetroPT-3/5T/short/run_0/metrics.npz
    Saved config to /fslarge/scratch/users/h61084/codes/tsrag_time/outputs/tsrag/evaluations/chronos2_max/MetroPT-3/5T/short/run_0/config.json
    Saved aggregate metrics to /fslarge/scratch/users/h61084/codes/tsrag_time/outputs/tsrag/evaluations/chronos2_max/MetroPT-3/5T/short/run_0/metrics_summary.json
    Metrics summary (averaged over all series/windows/variates):
      MSE: 3.3005
      MAE: 1.1011
      RMSE: 1.4651
      MAPE: 3.2997
      sMAPE: 0.4905
      MASE: 0.6110
      ND: 0.3142
      CRPS: 0.3142
TIME run allocation action=new run=/fslarge/scratch/users/h61084/codes/tsrag_time/outputs/tsrag/evaluations/tsrag/MetroPT-3/5T/short/run_0 launch_id=selena_3452080 slurm_job_id=3452080 launched_at=2026-09-18T01:58:23.102792+00:00
[2026-09-18 01:58:23 UTC] evaluate method=tsrag dataset=MetroPT-3/5T term=short
    Total instances: 216, Series during experiment: 6, Windows: 36
    Collecting ground truth and context...
    Detected to_univariate case: 6 flat series -> 1 series x 6 variates
    Organizing data into arrays...
    Saved predictions (quantiles) to /fslarge/scratch/users/h61084/codes/tsrag_time/outputs/tsrag/evaluations/tsrag/MetroPT-3/5T/short/run_0/predictions.npz
    Computing per-window metrics...
    Saved metrics to /fslarge/scratch/users/h61084/codes/tsrag_time/outputs/tsrag/evaluations/tsrag/MetroPT-3/5T/short/run_0/metrics.npz
    Saved config to /fslarge/scratch/users/h61084/codes/tsrag_time/outputs/tsrag/evaluations/tsrag/MetroPT-3/5T/short/run_0/config.json
    Saved aggregate metrics to /fslarge/scratch/users/h61084/codes/tsrag_time/outputs/tsrag/evaluations/tsrag/MetroPT-3/5T/short/run_0/metrics_summary.json
    Metrics summary (averaged over all series/windows/variates):
      MSE: 3.5378
      MAE: 1.1854
      RMSE: 1.5199
      MAPE: 5.0613
      sMAPE: 0.4973
      MASE: 0.6489
      ND: 0.3394
      CRPS: 0.3394
TIME run allocation action=new run=/fslarge/scratch/users/h61084/codes/tsrag_time/outputs/tsrag/evaluations/bayes_mixture/MetroPT-3/5T/short/run_0 launch_id=selena_3452080 slurm_job_id=3452080 launched_at=2026-09-18T01:58:23.195324+00:00
[2026-09-18 01:58:23 UTC] evaluate method=bayes_mixture dataset=MetroPT-3/5T term=short
    Total instances: 216, Series during experiment: 6, Windows: 36
    Collecting ground truth and context...
    Detected to_univariate case: 6 flat series -> 1 series x 6 variates
    Organizing data into arrays...
    Saved predictions (quantiles) to /fslarge/scratch/users/h61084/codes/tsrag_time/outputs/tsrag/evaluations/bayes_mixture/MetroPT-3/5T/short/run_0/predictions.npz
    Computing per-window metrics...
    Saved metrics to /fslarge/scratch/users/h61084/codes/tsrag_time/outputs/tsrag/evaluations/bayes_mixture/MetroPT-3/5T/short/run_0/metrics.npz
    Saved config to /fslarge/scratch/users/h61084/codes/tsrag_time/outputs/tsrag/evaluations/bayes_mixture/MetroPT-3/5T/short/run_0/config.json
    Saved aggregate metrics to /fslarge/scratch/users/h61084/codes/tsrag_time/outputs/tsrag/evaluations/bayes_mixture/MetroPT-3/5T/short/run_0/metrics_summary.json
    Metrics summary (averaged over all series/windows/variates):
      MSE: 3.3136
      MAE: 1.1269
      RMSE: 1.4692
      MAPE: 4.1284
      sMAPE: 0.4967
      MASE: 0.6196
      ND: 0.3232
      CRPS: 0.3232
TIME run allocation action=new run=/fslarge/scratch/users/h61084/codes/tsrag_time/outputs/tsrag/evaluations/chronos_t5_512/MetroPT-3/5T/medium/run_0 launch_id=selena_3452080 slurm_job_id=3452080 launched_at=2026-09-18T01:58:23.273964+00:00
[2026-09-18 01:58:23 UTC] evaluate method=chronos_t5_512 dataset=MetroPT-3/5T term=medium
    Total instances: 36, Series during experiment: 6, Windows: 6
    Collecting ground truth and context...
    Detected to_univariate case: 6 flat series -> 1 series x 6 variates
    Organizing data into arrays...
    Saved predictions (quantiles) to /fslarge/scratch/users/h61084/codes/tsrag_time/outputs/tsrag/evaluations/chronos_t5_512/MetroPT-3/5T/medium/run_0/predictions.npz
    Computing per-window metrics...
    Saved metrics to /fslarge/scratch/users/h61084/codes/tsrag_time/outputs/tsrag/evaluations/chronos_t5_512/MetroPT-3/5T/medium/run_0/metrics.npz
    Saved config to /fslarge/scratch/users/h61084/codes/tsrag_time/outputs/tsrag/evaluations/chronos_t5_512/MetroPT-3/5T/medium/run_0/config.json
    Saved aggregate metrics to /fslarge/scratch/users/h61084/codes/tsrag_time/outputs/tsrag/evaluations/chronos_t5_512/MetroPT-3/5T/medium/run_0/metrics_summary.json
    Metrics summary (averaged over all series/windows/variates):
      MSE: 5.6386
      MAE: 1.3952
      RMSE: 1.8107
      MAPE: 2.3094
      sMAPE: 0.4275
      MASE: 0.7493
      ND: 0.3410
      CRPS: 0.3410
TIME run allocation action=new run=/fslarge/scratch/users/h61084/codes/tsrag_time/outputs/tsrag/evaluations/chronos_bolt_512/MetroPT-3/5T/medium/run_0 launch_id=selena_3452080 slurm_job_id=3452080 launched_at=2026-09-18T01:58:23.317232+00:00
[2026-09-18 01:58:23 UTC] evaluate method=chronos_bolt_512 dataset=MetroPT-3/5T term=medium
    Total instances: 36, Series during experiment: 6, Windows: 6
    Collecting ground truth and context...
    Detected to_univariate case: 6 flat series -> 1 series x 6 variates
    Organizing data into arrays...
    Saved predictions (quantiles) to /fslarge/scratch/users/h61084/codes/tsrag_time/outputs/tsrag/evaluations/chronos_bolt_512/MetroPT-3/5T/medium/run_0/predictions.npz
    Computing per-window metrics...
    Saved metrics to /fslarge/scratch/users/h61084/codes/tsrag_time/outputs/tsrag/evaluations/chronos_bolt_512/MetroPT-3/5T/medium/run_0/metrics.npz
    Saved config to /fslarge/scratch/users/h61084/codes/tsrag_time/outputs/tsrag/evaluations/chronos_bolt_512/MetroPT-3/5T/medium/run_0/config.json
    Saved aggregate metrics to /fslarge/scratch/users/h61084/codes/tsrag_time/outputs/tsrag/evaluations/chronos_bolt_512/MetroPT-3/5T/medium/run_0/metrics_summary.json
    Metrics summary (averaged over all series/windows/variates):
      MSE: 4.2882
      MAE: 1.2590
      RMSE: 1.6339
      MAPE: 5.6907
      sMAPE: 0.4934
      MASE: 0.7075
      ND: 0.3430
      CRPS: 0.3430
TIME run allocation action=new run=/fslarge/scratch/users/h61084/codes/tsrag_time/outputs/tsrag/evaluations/chronos_bolt_max/MetroPT-3/5T/medium/run_0 launch_id=selena_3452080 slurm_job_id=3452080 launched_at=2026-09-18T01:58:23.351998+00:00
[2026-09-18 01:58:23 UTC] evaluate method=chronos_bolt_max dataset=MetroPT-3/5T term=medium
    Total instances: 36, Series during experiment: 6, Windows: 6
    Collecting ground truth and context...
    Detected to_univariate case: 6 flat series -> 1 series x 6 variates
    Organizing data into arrays...
    Saved predictions (quantiles) to /fslarge/scratch/users/h61084/codes/tsrag_time/outputs/tsrag/evaluations/chronos_bolt_max/MetroPT-3/5T/medium/run_0/predictions.npz
    Computing per-window metrics...
    Saved metrics to /fslarge/scratch/users/h61084/codes/tsrag_time/outputs/tsrag/evaluations/chronos_bolt_max/MetroPT-3/5T/medium/run_0/metrics.npz
    Saved config to /fslarge/scratch/users/h61084/codes/tsrag_time/outputs/tsrag/evaluations/chronos_bolt_max/MetroPT-3/5T/medium/run_0/config.json
    Saved aggregate metrics to /fslarge/scratch/users/h61084/codes/tsrag_time/outputs/tsrag/evaluations/chronos_bolt_max/MetroPT-3/5T/medium/run_0/metrics_summary.json
    Metrics summary (averaged over all series/windows/variates):
      MSE: 3.4239
      MAE: 1.2081
      RMSE: 1.5178
      MAPE: 7.1321
      sMAPE: 0.4817
      MASE: 0.6856
      ND: 0.3474
      CRPS: 0.3474
TIME run allocation action=new run=/fslarge/scratch/users/h61084/codes/tsrag_time/outputs/tsrag/evaluations/chronos2_max/MetroPT-3/5T/medium/run_0 launch_id=selena_3452080 slurm_job_id=3452080 launched_at=2026-09-18T01:58:23.385367+00:00
[2026-09-18 01:58:23 UTC] evaluate method=chronos2_max dataset=MetroPT-3/5T term=medium
    Total instances: 36, Series during experiment: 6, Windows: 6
    Collecting ground truth and context...
    Detected to_univariate case: 6 flat series -> 1 series x 6 variates
    Organizing data into arrays...
    Saved predictions (quantiles) to /fslarge/scratch/users/h61084/codes/tsrag_time/outputs/tsrag/evaluations/chronos2_max/MetroPT-3/5T/medium/run_0/predictions.npz
    Computing per-window metrics...
    Saved metrics to /fslarge/scratch/users/h61084/codes/tsrag_time/outputs/tsrag/evaluations/chronos2_max/MetroPT-3/5T/medium/run_0/metrics.npz
    Saved config to /fslarge/scratch/users/h61084/codes/tsrag_time/outputs/tsrag/evaluations/chronos2_max/MetroPT-3/5T/medium/run_0/config.json
    Saved aggregate metrics to /fslarge/scratch/users/h61084/codes/tsrag_time/outputs/tsrag/evaluations/chronos2_max/MetroPT-3/5T/medium/run_0/metrics_summary.json
    Metrics summary (averaged over all series/windows/variates):
      MSE: 3.3363
      MAE: 1.1450
      RMSE: 1.5182
      MAPE: 3.0558
      sMAPE: 0.5167
      MASE: 0.6476
      ND: 0.3286
      CRPS: 0.3286
TIME run allocation action=new run=/fslarge/scratch/users/h61084/codes/tsrag_time/outputs/tsrag/evaluations/tsrag/MetroPT-3/5T/medium/run_0 launch_id=selena_3452080 slurm_job_id=3452080 launched_at=2026-09-18T01:58:23.435183+00:00
[2026-09-18 01:58:23 UTC] evaluate method=tsrag dataset=MetroPT-3/5T term=medium
    Total instances: 36, Series during experiment: 6, Windows: 6
    Collecting ground truth and context...
    Detected to_univariate case: 6 flat series -> 1 series x 6 variates
    Organizing data into arrays...
    Saved predictions (quantiles) to /fslarge/scratch/users/h61084/codes/tsrag_time/outputs/tsrag/evaluations/tsrag/MetroPT-3/5T/medium/run_0/predictions.npz
    Computing per-window metrics...
    Saved metrics to /fslarge/scratch/users/h61084/codes/tsrag_time/outputs/tsrag/evaluations/tsrag/MetroPT-3/5T/medium/run_0/metrics.npz
    Saved config to /fslarge/scratch/users/h61084/codes/tsrag_time/outputs/tsrag/evaluations/tsrag/MetroPT-3/5T/medium/run_0/config.json
    Saved aggregate metrics to /fslarge/scratch/users/h61084/codes/tsrag_time/outputs/tsrag/evaluations/tsrag/MetroPT-3/5T/medium/run_0/metrics_summary.json
    Metrics summary (averaged over all series/windows/variates):
      MSE: 3.4331
      MAE: 1.2054
      RMSE: 1.5205
      MAPE: 7.1319
      sMAPE: 0.4813
      MASE: 0.6842
      ND: 0.3471
      CRPS: 0.3471
TIME run allocation action=new run=/fslarge/scratch/users/h61084/codes/tsrag_time/outputs/tsrag/evaluations/bayes_mixture/MetroPT-3/5T/medium/run_0 launch_id=selena_3452080 slurm_job_id=3452080 launched_at=2026-09-18T01:58:23.506740+00:00
[2026-09-18 01:58:23 UTC] evaluate method=bayes_mixture dataset=MetroPT-3/5T term=medium
    Total instances: 36, Series during experiment: 6, Windows: 6
    Collecting ground truth and context...
    Detected to_univariate case: 6 flat series -> 1 series x 6 variates
    Organizing data into arrays...
    Saved predictions (quantiles) to /fslarge/scratch/users/h61084/codes/tsrag_time/outputs/tsrag/evaluations/bayes_mixture/MetroPT-3/5T/medium/run_0/predictions.npz
    Computing per-window metrics...
    Saved metrics to /fslarge/scratch/users/h61084/codes/tsrag_time/outputs/tsrag/evaluations/bayes_mixture/MetroPT-3/5T/medium/run_0/metrics.npz
    Saved config to /fslarge/scratch/users/h61084/codes/tsrag_time/outputs/tsrag/evaluations/bayes_mixture/MetroPT-3/5T/medium/run_0/config.json
    Saved aggregate metrics to /fslarge/scratch/users/h61084/codes/tsrag_time/outputs/tsrag/evaluations/bayes_mixture/MetroPT-3/5T/medium/run_0/metrics_summary.json
    Metrics summary (averaged over all series/windows/variates):
      MSE: 3.3106
      MAE: 1.1724
      RMSE: 1.5042
      MAPE: 5.6005
      sMAPE: 0.4908
      MASE: 0.6658
      ND: 0.3387
      CRPS: 0.3387
TIME run allocation action=new run=/fslarge/scratch/users/h61084/codes/tsrag_time/outputs/tsrag/evaluations/chronos_t5_512/MetroPT-3/5T/long/run_0 launch_id=selena_3452080 slurm_job_id=3452080 launched_at=2026-09-18T01:58:23.564562+00:00
[2026-09-18 01:58:23 UTC] evaluate method=chronos_t5_512 dataset=MetroPT-3/5T term=long
    Total instances: 18, Series during experiment: 6, Windows: 3
    Collecting ground truth and context...
    Detected to_univariate case: 6 flat series -> 1 series x 6 variates
    Organizing data into arrays...
    Saved predictions (quantiles) to /fslarge/scratch/users/h61084/codes/tsrag_time/outputs/tsrag/evaluations/chronos_t5_512/MetroPT-3/5T/long/run_0/predictions.npz
    Computing per-window metrics...
    Saved metrics to /fslarge/scratch/users/h61084/codes/tsrag_time/outputs/tsrag/evaluations/chronos_t5_512/MetroPT-3/5T/long/run_0/metrics.npz
    Saved config to /fslarge/scratch/users/h61084/codes/tsrag_time/outputs/tsrag/evaluations/chronos_t5_512/MetroPT-3/5T/long/run_0/config.json
    Saved aggregate metrics to /fslarge/scratch/users/h61084/codes/tsrag_time/outputs/tsrag/evaluations/chronos_t5_512/MetroPT-3/5T/long/run_0/metrics_summary.json
    Metrics summary (averaged over all series/windows/variates):
      MSE: 4.3226
      MAE: 1.2783
      RMSE: 1.6782
      MAPE: 2.2840
      sMAPE: 0.4398
      MASE: 0.7535
      ND: 0.3415
      CRPS: 0.3415
TIME run allocation action=new run=/fslarge/scratch/users/h61084/codes/tsrag_time/outputs/tsrag/evaluations/chronos_bolt_512/MetroPT-3/5T/long/run_0 launch_id=selena_3452080 slurm_job_id=3452080 launched_at=2026-09-18T01:58:23.605529+00:00
[2026-09-18 01:58:23 UTC] evaluate method=chronos_bolt_512 dataset=MetroPT-3/5T term=long
    Total instances: 18, Series during experiment: 6, Windows: 3
    Collecting ground truth and context...
    Detected to_univariate case: 6 flat series -> 1 series x 6 variates
    Organizing data into arrays...
    Saved predictions (quantiles) to /fslarge/scratch/users/h61084/codes/tsrag_time/outputs/tsrag/evaluations/chronos_bolt_512/MetroPT-3/5T/long/run_0/predictions.npz
    Computing per-window metrics...
    Saved metrics to /fslarge/scratch/users/h61084/codes/tsrag_time/outputs/tsrag/evaluations/chronos_bolt_512/MetroPT-3/5T/long/run_0/metrics.npz
    Saved config to /fslarge/scratch/users/h61084/codes/tsrag_time/outputs/tsrag/evaluations/chronos_bolt_512/MetroPT-3/5T/long/run_0/config.json
    Saved aggregate metrics to /fslarge/scratch/users/h61084/codes/tsrag_time/outputs/tsrag/evaluations/chronos_bolt_512/MetroPT-3/5T/long/run_0/metrics_summary.json
    Metrics summary (averaged over all series/windows/variates):
      MSE: 3.6616
      MAE: 1.2003
      RMSE: 1.5673
      MAPE: 4.8063
      sMAPE: 0.5026
      MASE: 0.6998
      ND: 0.3415
      CRPS: 0.3415
TIME run allocation action=new run=/fslarge/scratch/users/h61084/codes/tsrag_time/outputs/tsrag/evaluations/chronos_bolt_max/MetroPT-3/5T/long/run_0 launch_id=selena_3452080 slurm_job_id=3452080 launched_at=2026-09-18T01:58:23.638276+00:00
[2026-09-18 01:58:23 UTC] evaluate method=chronos_bolt_max dataset=MetroPT-3/5T term=long
    Total instances: 18, Series during experiment: 6, Windows: 3
    Collecting ground truth and context...
    Detected to_univariate case: 6 flat series -> 1 series x 6 variates
    Organizing data into arrays...
    Saved predictions (quantiles) to /fslarge/scratch/users/h61084/codes/tsrag_time/outputs/tsrag/evaluations/chronos_bolt_max/MetroPT-3/5T/long/run_0/predictions.npz
    Computing per-window metrics...
    Saved metrics to /fslarge/scratch/users/h61084/codes/tsrag_time/outputs/tsrag/evaluations/chronos_bolt_max/MetroPT-3/5T/long/run_0/metrics.npz
    Saved config to /fslarge/scratch/users/h61084/codes/tsrag_time/outputs/tsrag/evaluations/chronos_bolt_max/MetroPT-3/5T/long/run_0/config.json
    Saved aggregate metrics to /fslarge/scratch/users/h61084/codes/tsrag_time/outputs/tsrag/evaluations/chronos_bolt_max/MetroPT-3/5T/long/run_0/metrics_summary.json
    Metrics summary (averaged over all series/windows/variates):
      MSE: 3.3339
      MAE: 1.2067
      RMSE: 1.5065
      MAPE: 6.7195
      sMAPE: 0.4852
      MASE: 0.6948
      ND: 0.3485
      CRPS: 0.3485
TIME run allocation action=new run=/fslarge/scratch/users/h61084/codes/tsrag_time/outputs/tsrag/evaluations/chronos2_max/MetroPT-3/5T/long/run_0 launch_id=selena_3452080 slurm_job_id=3452080 launched_at=2026-09-18T01:58:23.669754+00:00
[2026-09-18 01:58:23 UTC] evaluate method=chronos2_max dataset=MetroPT-3/5T term=long
    Total instances: 18, Series during experiment: 6, Windows: 3
    Collecting ground truth and context...
    Detected to_univariate case: 6 flat series -> 1 series x 6 variates
    Organizing data into arrays...
    Saved predictions (quantiles) to /fslarge/scratch/users/h61084/codes/tsrag_time/outputs/tsrag/evaluations/chronos2_max/MetroPT-3/5T/long/run_0/predictions.npz
    Computing per-window metrics...
    Saved metrics to /fslarge/scratch/users/h61084/codes/tsrag_time/outputs/tsrag/evaluations/chronos2_max/MetroPT-3/5T/long/run_0/metrics.npz
    Saved config to /fslarge/scratch/users/h61084/codes/tsrag_time/outputs/tsrag/evaluations/chronos2_max/MetroPT-3/5T/long/run_0/config.json
    Saved aggregate metrics to /fslarge/scratch/users/h61084/codes/tsrag_time/outputs/tsrag/evaluations/chronos2_max/MetroPT-3/5T/long/run_0/metrics_summary.json
    Metrics summary (averaged over all series/windows/variates):
      MSE: 3.4136
      MAE: 1.1577
      RMSE: 1.5336
      MAPE: 3.0809
      sMAPE: 0.5202
      MASE: 0.6643
      ND: 0.3314
      CRPS: 0.3314
TIME run allocation action=new run=/fslarge/scratch/users/h61084/codes/tsrag_time/outputs/tsrag/evaluations/tsrag/MetroPT-3/5T/long/run_0 launch_id=selena_3452080 slurm_job_id=3452080 launched_at=2026-09-18T01:58:23.715763+00:00
[2026-09-18 01:58:23 UTC] evaluate method=tsrag dataset=MetroPT-3/5T term=long
    Total instances: 18, Series during experiment: 6, Windows: 3
    Collecting ground truth and context...
    Detected to_univariate case: 6 flat series -> 1 series x 6 variates
    Organizing data into arrays...
    Saved predictions (quantiles) to /fslarge/scratch/users/h61084/codes/tsrag_time/outputs/tsrag/evaluations/tsrag/MetroPT-3/5T/long/run_0/predictions.npz
    Computing per-window metrics...
    Saved metrics to /fslarge/scratch/users/h61084/codes/tsrag_time/outputs/tsrag/evaluations/tsrag/MetroPT-3/5T/long/run_0/metrics.npz
    Saved config to /fslarge/scratch/users/h61084/codes/tsrag_time/outputs/tsrag/evaluations/tsrag/MetroPT-3/5T/long/run_0/config.json
    Saved aggregate metrics to /fslarge/scratch/users/h61084/codes/tsrag_time/outputs/tsrag/evaluations/tsrag/MetroPT-3/5T/long/run_0/metrics_summary.json
    Metrics summary (averaged over all series/windows/variates):
      MSE: 3.3339
      MAE: 1.2067
      RMSE: 1.5065
      MAPE: 6.7195
      sMAPE: 0.4852
      MASE: 0.6948
      ND: 0.3485
      CRPS: 0.3485
TIME run allocation action=new run=/fslarge/scratch/users/h61084/codes/tsrag_time/outputs/tsrag/evaluations/bayes_mixture/MetroPT-3/5T/long/run_0 launch_id=selena_3452080 slurm_job_id=3452080 launched_at=2026-09-18T01:58:23.784806+00:00
[2026-09-18 01:58:23 UTC] evaluate method=bayes_mixture dataset=MetroPT-3/5T term=long
    Total instances: 18, Series during experiment: 6, Windows: 3
    Collecting ground truth and context...
    Detected to_univariate case: 6 flat series -> 1 series x 6 variates
    Organizing data into arrays...
    Saved predictions (quantiles) to /fslarge/scratch/users/h61084/codes/tsrag_time/outputs/tsrag/evaluations/bayes_mixture/MetroPT-3/5T/long/run_0/predictions.npz
    Computing per-window metrics...
    Saved metrics to /fslarge/scratch/users/h61084/codes/tsrag_time/outputs/tsrag/evaluations/bayes_mixture/MetroPT-3/5T/long/run_0/metrics.npz
    Saved config to /fslarge/scratch/users/h61084/codes/tsrag_time/outputs/tsrag/evaluations/bayes_mixture/MetroPT-3/5T/long/run_0/config.json
    Saved aggregate metrics to /fslarge/scratch/users/h61084/codes/tsrag_time/outputs/tsrag/evaluations/bayes_mixture/MetroPT-3/5T/long/run_0/metrics_summary.json
    Metrics summary (averaged over all series/windows/variates):
      MSE: 3.3226
      MAE: 1.1697
      RMSE: 1.5101
      MAPE: 4.5341
      sMAPE: 0.5023
      MASE: 0.6720
      ND: 0.3371
      CRPS: 0.3371

[2026-09-18 01:58:28 UTC] stage=report
[2026-09-18 03:58:30,257][datasets][INFO] - PyTorch version 2.9.1 available.
[2026-09-18 01:58:32 UTC] stage=report tasks=90 seed=0 device=cuda Slurm=3452080
[2026-09-18 01:58:52 UTC] chronos_t5_512: tasks=90 mean_task_MASE=1.4972995996011549 inference_seconds=4875.84 fallbacks=0
[2026-09-18 01:58:52 UTC] chronos_bolt_512: tasks=90 mean_task_MASE=1.2134024138893946 inference_seconds=84.77 fallbacks=0
[2026-09-18 01:58:52 UTC] chronos_bolt_max: tasks=90 mean_task_MASE=1.167904574003762 inference_seconds=251.32 fallbacks=0
[2026-09-18 01:58:52 UTC] chronos2_max: tasks=90 mean_task_MASE=1.0692296721463808 inference_seconds=236.76 fallbacks=0
[2026-09-18 01:58:52 UTC] tsrag: tasks=90 mean_task_MASE=1.2008706366714894 inference_seconds=18115.12 fallbacks=28860
[2026-09-18 01:58:52 UTC] bayes_mixture: tasks=90 mean_task_MASE=1.071780396308274 inference_seconds=18351.90 fallbacks=0
