[2026-09-27 14:51:50 UTC] TS-RAG paths: project=/fssmall/home/h61084/codes/tsrag_time outputs=/scratch/users/h61084/codes/tsrag_time/outputs logs=/scratch/users/h61084/codes/tsrag_time/logs
[2026-09-27 14:51:51 UTC] resources allocation {"CUDA_VISIBLE_DEVICES": "0", "SLURM_CPUS_PER_TASK": "8", "SLURM_JOB_GPUS": "0,1,2,3", "SLURM_JOB_ID": "3584841", "SLURM_MEM_PER_CPU": "unset", "SLURM_MEM_PER_NODE": "80000", "SLURM_STEP_GPUS": "0", "SLURM_STEP_ID": "0", "cpu_count": 8, "host": "sean0013"}
[2026-09-27 14:51:51 UTC] resources RAM {"MemAvailable_MiB": 372637.05078125, "MemTotal_MiB": 386622.875, "cgroup_reason": "memory.max is unlimited", "cgroup_status": "unlimited"}
[2026-09-27 14:51:51 UTC] resources nvidia_inventory {"columns": "index,uuid,name,driver,total_MiB,free_MiB,used_MiB", "devices": ["0, GPU-dbd5c613-e4b4-d9ff-3ea2-7c34bb769b45, NVIDIA H100 NVL, 560.35.05, 95830, 95350, 1"]}
[2026-09-27 14:51:57 UTC] resources torch {"cuda_available": true, "note": "visibility probe; CPU-only stages need not use an allocated GPU", "version": "2.9.1+cu128", "visible_gpu_count": 1}
[2026-09-27 14:51:57 UTC] resources cuda_device {"capability": "9.0", "free_MiB": 94825.125, "logical_index": 0, "name": "NVIDIA H100 NVL", "total_MiB": 95350.1875}
[2026-09-27 14:51:58 UTC] TS-RAG paths: project=/fssmall/home/h61084/codes/tsrag_time outputs=/scratch/users/h61084/codes/tsrag_time/outputs logs=/scratch/users/h61084/codes/tsrag_time/logs
[2026-09-27 14:51:58 UTC] Slurm=3584841 launch=selena_3584841 stages=prepare,vanilla,extract,predict,mix,evaluate,report mode=full

[2026-09-27 14:51:58 UTC] stage=prepare
[2026-09-27 16:52:00,762][datasets][INFO] - PyTorch version 2.9.1 available.
[2026-09-27 14:52:03 UTC] resources selected_device {"component": "tsrag_time", "device": "cpu", "stage": "prepare"}
[2026-09-27 14:52:03 UTC] stage=prepare tasks=90 seed=0 device=cuda Slurm=3584841
[2026-09-27 14:52:03 UTC] prepare dataset=Water_Quality_Darwin/15T term=short H=16 validation=1440
TIME run allocation action=new run=/fslarge/scratch/users/h61084/codes/tsrag_time/outputs/tsrag/data/validation/shared/Water_Quality_Darwin/15T/short/run_0 launch_id=selena_3584841 slurm_job_id=3584841 launched_at=2026-09-27T14:52:03.782781+00:00
TIME run allocation action=new run=/fslarge/scratch/users/h61084/codes/tsrag_time/outputs/tsrag/data/test/shared/Water_Quality_Darwin/15T/short/run_0 launch_id=selena_3584841 slurm_job_id=3584841 launched_at=2026-09-27T14:52:04.084147+00:00
[2026-09-27 14:52:04 UTC] prepare dataset=Water_Quality_Darwin/15T term=medium H=96 validation=1440
TIME run allocation action=new run=/fslarge/scratch/users/h61084/codes/tsrag_time/outputs/tsrag/data/validation/shared/Water_Quality_Darwin/15T/medium/run_0 launch_id=selena_3584841 slurm_job_id=3584841 launched_at=2026-09-27T14:52:04.337592+00:00
TIME run allocation action=new run=/fslarge/scratch/users/h61084/codes/tsrag_time/outputs/tsrag/data/test/shared/Water_Quality_Darwin/15T/medium/run_0 launch_id=selena_3584841 slurm_job_id=3584841 launched_at=2026-09-27T14:52:04.602201+00:00
[2026-09-27 14:52:04 UTC] prepare dataset=Water_Quality_Darwin/15T term=long H=288 validation=1440
TIME run allocation action=new run=/fslarge/scratch/users/h61084/codes/tsrag_time/outputs/tsrag/data/validation/shared/Water_Quality_Darwin/15T/long/run_0 launch_id=selena_3584841 slurm_job_id=3584841 launched_at=2026-09-27T14:52:04.853666+00:00
TIME run allocation action=new run=/fslarge/scratch/users/h61084/codes/tsrag_time/outputs/tsrag/data/test/shared/Water_Quality_Darwin/15T/long/run_0 launch_id=selena_3584841 slurm_job_id=3584841 launched_at=2026-09-27T14:52:05.117747+00:00
[2026-09-27 14:52:05 UTC] prepare dataset=current_velocity/5T term=short H=36 validation=4320
TIME run allocation action=new run=/fslarge/scratch/users/h61084/codes/tsrag_time/outputs/tsrag/data/validation/shared/current_velocity/5T/short/run_0 launch_id=selena_3584841 slurm_job_id=3584841 launched_at=2026-09-27T14:52:05.360323+00:00
TIME run allocation action=new run=/fslarge/scratch/users/h61084/codes/tsrag_time/outputs/tsrag/data/test/shared/current_velocity/5T/short/run_0 launch_id=selena_3584841 slurm_job_id=3584841 launched_at=2026-09-27T14:52:05.422839+00:00
[2026-09-27 14:52:05 UTC] prepare dataset=current_velocity/5T term=medium H=288 validation=4320
TIME run allocation action=new run=/fslarge/scratch/users/h61084/codes/tsrag_time/outputs/tsrag/data/validation/shared/current_velocity/5T/medium/run_0 launch_id=selena_3584841 slurm_job_id=3584841 launched_at=2026-09-27T14:52:05.492263+00:00
TIME run allocation action=new run=/fslarge/scratch/users/h61084/codes/tsrag_time/outputs/tsrag/data/test/shared/current_velocity/5T/medium/run_0 launch_id=selena_3584841 slurm_job_id=3584841 launched_at=2026-09-27T14:52:05.552829+00:00
[2026-09-27 14:52:05 UTC] prepare dataset=current_velocity/5T term=long H=864 validation=4320
TIME run allocation action=new run=/fslarge/scratch/users/h61084/codes/tsrag_time/outputs/tsrag/data/validation/shared/current_velocity/5T/long/run_0 launch_id=selena_3584841 slurm_job_id=3584841 launched_at=2026-09-27T14:52:05.620656+00:00
TIME run allocation action=new run=/fslarge/scratch/users/h61084/codes/tsrag_time/outputs/tsrag/data/test/shared/current_velocity/5T/long/run_0 launch_id=selena_3584841 slurm_job_id=3584841 launched_at=2026-09-27T14:52:05.679611+00:00
[2026-09-27 14:52:05 UTC] prepare dataset=current_velocity/10T term=short H=18 validation=2160
TIME run allocation action=new run=/fslarge/scratch/users/h61084/codes/tsrag_time/outputs/tsrag/data/validation/shared/current_velocity/10T/short/run_0 launch_id=selena_3584841 slurm_job_id=3584841 launched_at=2026-09-27T14:52:05.768399+00:00
TIME run allocation action=new run=/fslarge/scratch/users/h61084/codes/tsrag_time/outputs/tsrag/data/test/shared/current_velocity/10T/short/run_0 launch_id=selena_3584841 slurm_job_id=3584841 launched_at=2026-09-27T14:52:06.294852+00:00
[2026-09-27 14:52:06 UTC] prepare dataset=current_velocity/10T term=medium H=144 validation=2160
TIME run allocation action=new run=/fslarge/scratch/users/h61084/codes/tsrag_time/outputs/tsrag/data/validation/shared/current_velocity/10T/medium/run_0 launch_id=selena_3584841 slurm_job_id=3584841 launched_at=2026-09-27T14:52:06.782832+00:00
TIME run allocation action=new run=/fslarge/scratch/users/h61084/codes/tsrag_time/outputs/tsrag/data/test/shared/current_velocity/10T/medium/run_0 launch_id=selena_3584841 slurm_job_id=3584841 launched_at=2026-09-27T14:52:07.294399+00:00
[2026-09-27 14:52:07 UTC] prepare dataset=current_velocity/10T term=long H=432 validation=2160
TIME run allocation action=new run=/fslarge/scratch/users/h61084/codes/tsrag_time/outputs/tsrag/data/validation/shared/current_velocity/10T/long/run_0 launch_id=selena_3584841 slurm_job_id=3584841 launched_at=2026-09-27T14:52:07.781821+00:00
TIME run allocation action=new run=/fslarge/scratch/users/h61084/codes/tsrag_time/outputs/tsrag/data/test/shared/current_velocity/10T/long/run_0 launch_id=selena_3584841 slurm_job_id=3584841 launched_at=2026-09-27T14:52:08.303629+00:00
[2026-09-27 14:52:08 UTC] prepare dataset=current_velocity/15T term=short H=12 validation=1440
TIME run allocation action=new run=/fslarge/scratch/users/h61084/codes/tsrag_time/outputs/tsrag/data/validation/shared/current_velocity/15T/short/run_0 launch_id=selena_3584841 slurm_job_id=3584841 launched_at=2026-09-27T14:52:08.783769+00:00
TIME run allocation action=new run=/fslarge/scratch/users/h61084/codes/tsrag_time/outputs/tsrag/data/test/shared/current_velocity/15T/short/run_0 launch_id=selena_3584841 slurm_job_id=3584841 launched_at=2026-09-27T14:52:08.891023+00:00
[2026-09-27 14:52:08 UTC] prepare dataset=current_velocity/15T term=medium H=96 validation=1440
TIME run allocation action=new run=/fslarge/scratch/users/h61084/codes/tsrag_time/outputs/tsrag/data/validation/shared/current_velocity/15T/medium/run_0 launch_id=selena_3584841 slurm_job_id=3584841 launched_at=2026-09-27T14:52:08.995132+00:00
TIME run allocation action=new run=/fslarge/scratch/users/h61084/codes/tsrag_time/outputs/tsrag/data/test/shared/current_velocity/15T/medium/run_0 launch_id=selena_3584841 slurm_job_id=3584841 launched_at=2026-09-27T14:52:09.097370+00:00
[2026-09-27 14:52:09 UTC] prepare dataset=current_velocity/15T term=long H=288 validation=1440
TIME run allocation action=new run=/fslarge/scratch/users/h61084/codes/tsrag_time/outputs/tsrag/data/validation/shared/current_velocity/15T/long/run_0 launch_id=selena_3584841 slurm_job_id=3584841 launched_at=2026-09-27T14:52:09.197359+00:00
TIME run allocation action=new run=/fslarge/scratch/users/h61084/codes/tsrag_time/outputs/tsrag/data/test/shared/current_velocity/15T/long/run_0 launch_id=selena_3584841 slurm_job_id=3584841 launched_at=2026-09-27T14:52:09.298362+00:00
[2026-09-27 14:52:09 UTC] prepare dataset=current_velocity/H term=short H=24 validation=672
TIME run allocation action=new run=/fslarge/scratch/users/h61084/codes/tsrag_time/outputs/tsrag/data/validation/shared/current_velocity/H/short/run_0 launch_id=selena_3584841 slurm_job_id=3584841 launched_at=2026-09-27T14:52:09.402504+00:00
TIME run allocation action=new run=/fslarge/scratch/users/h61084/codes/tsrag_time/outputs/tsrag/data/test/shared/current_velocity/H/short/run_0 launch_id=selena_3584841 slurm_job_id=3584841 launched_at=2026-09-27T14:52:09.569280+00:00
[2026-09-27 14:52:09 UTC] prepare dataset=current_velocity/H term=medium H=168 validation=672
TIME run allocation action=new run=/fslarge/scratch/users/h61084/codes/tsrag_time/outputs/tsrag/data/validation/shared/current_velocity/H/medium/run_0 launch_id=selena_3584841 slurm_job_id=3584841 launched_at=2026-09-27T14:52:09.737989+00:00
TIME run allocation action=new run=/fslarge/scratch/users/h61084/codes/tsrag_time/outputs/tsrag/data/test/shared/current_velocity/H/medium/run_0 launch_id=selena_3584841 slurm_job_id=3584841 launched_at=2026-09-27T14:52:09.898391+00:00
[2026-09-27 14:52:10 UTC] prepare dataset=current_velocity/H term=long H=336 validation=672
TIME run allocation action=new run=/fslarge/scratch/users/h61084/codes/tsrag_time/outputs/tsrag/data/validation/shared/current_velocity/H/long/run_0 launch_id=selena_3584841 slurm_job_id=3584841 launched_at=2026-09-27T14:52:10.052242+00:00
TIME run allocation action=new run=/fslarge/scratch/users/h61084/codes/tsrag_time/outputs/tsrag/data/test/shared/current_velocity/H/long/run_0 launch_id=selena_3584841 slurm_job_id=3584841 launched_at=2026-09-27T14:52:10.224877+00:00
[2026-09-27 14:52:10 UTC] prepare dataset=CPHL/15T term=short H=12 validation=1440
TIME run allocation action=new run=/fslarge/scratch/users/h61084/codes/tsrag_time/outputs/tsrag/data/validation/shared/CPHL/15T/short/run_0 launch_id=selena_3584841 slurm_job_id=3584841 launched_at=2026-09-27T14:52:10.369022+00:00
TIME run allocation action=new run=/fslarge/scratch/users/h61084/codes/tsrag_time/outputs/tsrag/data/test/shared/CPHL/15T/short/run_0 launch_id=selena_3584841 slurm_job_id=3584841 launched_at=2026-09-27T14:52:10.386379+00:00
[2026-09-27 14:52:10 UTC] prepare dataset=CPHL/15T term=medium H=96 validation=1440
TIME run allocation action=new run=/fslarge/scratch/users/h61084/codes/tsrag_time/outputs/tsrag/data/validation/shared/CPHL/15T/medium/run_0 launch_id=selena_3584841 slurm_job_id=3584841 launched_at=2026-09-27T14:52:10.405216+00:00
TIME run allocation action=new run=/fslarge/scratch/users/h61084/codes/tsrag_time/outputs/tsrag/data/test/shared/CPHL/15T/medium/run_0 launch_id=selena_3584841 slurm_job_id=3584841 launched_at=2026-09-27T14:52:10.421722+00:00
[2026-09-27 14:52:10 UTC] prepare dataset=CPHL/15T term=long H=288 validation=1440
TIME run allocation action=new run=/fslarge/scratch/users/h61084/codes/tsrag_time/outputs/tsrag/data/validation/shared/CPHL/15T/long/run_0 launch_id=selena_3584841 slurm_job_id=3584841 launched_at=2026-09-27T14:52:10.440051+00:00
TIME run allocation action=new run=/fslarge/scratch/users/h61084/codes/tsrag_time/outputs/tsrag/data/test/shared/CPHL/15T/long/run_0 launch_id=selena_3584841 slurm_job_id=3584841 launched_at=2026-09-27T14:52:10.455648+00:00
[2026-09-27 14:52:10 UTC] prepare dataset=CPHL/30T term=short H=12 validation=1440
TIME run allocation action=new run=/fslarge/scratch/users/h61084/codes/tsrag_time/outputs/tsrag/data/validation/shared/CPHL/30T/short/run_0 launch_id=selena_3584841 slurm_job_id=3584841 launched_at=2026-09-27T14:52:10.474776+00:00
TIME run allocation action=new run=/fslarge/scratch/users/h61084/codes/tsrag_time/outputs/tsrag/data/test/shared/CPHL/30T/short/run_0 launch_id=selena_3584841 slurm_job_id=3584841 launched_at=2026-09-27T14:52:10.495403+00:00
[2026-09-27 14:52:10 UTC] prepare dataset=CPHL/30T term=medium H=48 validation=1440
TIME run allocation action=new run=/fslarge/scratch/users/h61084/codes/tsrag_time/outputs/tsrag/data/validation/shared/CPHL/30T/medium/run_0 launch_id=selena_3584841 slurm_job_id=3584841 launched_at=2026-09-27T14:52:10.518051+00:00
TIME run allocation action=new run=/fslarge/scratch/users/h61084/codes/tsrag_time/outputs/tsrag/data/test/shared/CPHL/30T/medium/run_0 launch_id=selena_3584841 slurm_job_id=3584841 launched_at=2026-09-27T14:52:10.537854+00:00
[2026-09-27 14:52:10 UTC] prepare dataset=CPHL/30T term=long H=144 validation=1440
TIME run allocation action=new run=/fslarge/scratch/users/h61084/codes/tsrag_time/outputs/tsrag/data/validation/shared/CPHL/30T/long/run_0 launch_id=selena_3584841 slurm_job_id=3584841 launched_at=2026-09-27T14:52:10.560339+00:00
TIME run allocation action=new run=/fslarge/scratch/users/h61084/codes/tsrag_time/outputs/tsrag/data/test/shared/CPHL/30T/long/run_0 launch_id=selena_3584841 slurm_job_id=3584841 launched_at=2026-09-27T14:52:10.579799+00:00
[2026-09-27 14:52:10 UTC] prepare dataset=CPHL/H term=short H=24 validation=672
TIME run allocation action=new run=/fslarge/scratch/users/h61084/codes/tsrag_time/outputs/tsrag/data/validation/shared/CPHL/H/short/run_0 launch_id=selena_3584841 slurm_job_id=3584841 launched_at=2026-09-27T14:52:10.602824+00:00
TIME run allocation action=new run=/fslarge/scratch/users/h61084/codes/tsrag_time/outputs/tsrag/data/test/shared/CPHL/H/short/run_0 launch_id=selena_3584841 slurm_job_id=3584841 launched_at=2026-09-27T14:52:10.618720+00:00
[2026-09-27 14:52:10 UTC] prepare dataset=CPHL/H term=medium H=168 validation=672
TIME run allocation action=new run=/fslarge/scratch/users/h61084/codes/tsrag_time/outputs/tsrag/data/validation/shared/CPHL/H/medium/run_0 launch_id=selena_3584841 slurm_job_id=3584841 launched_at=2026-09-27T14:52:10.637469+00:00
TIME run allocation action=new run=/fslarge/scratch/users/h61084/codes/tsrag_time/outputs/tsrag/data/test/shared/CPHL/H/medium/run_0 launch_id=selena_3584841 slurm_job_id=3584841 launched_at=2026-09-27T14:52:10.652880+00:00
[2026-09-27 14:52:10 UTC] prepare dataset=CPHL/H term=long H=336 validation=672
TIME run allocation action=new run=/fslarge/scratch/users/h61084/codes/tsrag_time/outputs/tsrag/data/validation/shared/CPHL/H/long/run_0 launch_id=selena_3584841 slurm_job_id=3584841 launched_at=2026-09-27T14:52:10.670694+00:00
TIME run allocation action=new run=/fslarge/scratch/users/h61084/codes/tsrag_time/outputs/tsrag/data/test/shared/CPHL/H/long/run_0 launch_id=selena_3584841 slurm_job_id=3584841 launched_at=2026-09-27T14:52:10.685718+00:00
[2026-09-27 14:52:10 UTC] prepare dataset=Coastal_T_S/15T term=short H=12 validation=1440
TIME run allocation action=new run=/fslarge/scratch/users/h61084/codes/tsrag_time/outputs/tsrag/data/validation/shared/Coastal_T_S/15T/short/run_0 launch_id=selena_3584841 slurm_job_id=3584841 launched_at=2026-09-27T14:52:10.709355+00:00
TIME run allocation action=new run=/fslarge/scratch/users/h61084/codes/tsrag_time/outputs/tsrag/data/test/shared/Coastal_T_S/15T/short/run_0 launch_id=selena_3584841 slurm_job_id=3584841 launched_at=2026-09-27T14:52:10.835951+00:00
[2026-09-27 14:52:10 UTC] prepare dataset=Coastal_T_S/15T term=medium H=96 validation=1440
TIME run allocation action=new run=/fslarge/scratch/users/h61084/codes/tsrag_time/outputs/tsrag/data/validation/shared/Coastal_T_S/15T/medium/run_0 launch_id=selena_3584841 slurm_job_id=3584841 launched_at=2026-09-27T14:52:10.962042+00:00
TIME run allocation action=new run=/fslarge/scratch/users/h61084/codes/tsrag_time/outputs/tsrag/data/test/shared/Coastal_T_S/15T/medium/run_0 launch_id=selena_3584841 slurm_job_id=3584841 launched_at=2026-09-27T14:52:11.087504+00:00
[2026-09-27 14:52:11 UTC] prepare dataset=Coastal_T_S/15T term=long H=288 validation=1440
TIME run allocation action=new run=/fslarge/scratch/users/h61084/codes/tsrag_time/outputs/tsrag/data/validation/shared/Coastal_T_S/15T/long/run_0 launch_id=selena_3584841 slurm_job_id=3584841 launched_at=2026-09-27T14:52:11.213943+00:00
TIME run allocation action=new run=/fslarge/scratch/users/h61084/codes/tsrag_time/outputs/tsrag/data/test/shared/Coastal_T_S/15T/long/run_0 launch_id=selena_3584841 slurm_job_id=3584841 launched_at=2026-09-27T14:52:11.337847+00:00
[2026-09-27 14:52:11 UTC] prepare dataset=Coastal_T_S/20T term=short H=9 validation=1080
TIME run allocation action=new run=/fslarge/scratch/users/h61084/codes/tsrag_time/outputs/tsrag/data/validation/shared/Coastal_T_S/20T/short/run_0 launch_id=selena_3584841 slurm_job_id=3584841 launched_at=2026-09-27T14:52:11.457351+00:00
TIME run allocation action=new run=/fslarge/scratch/users/h61084/codes/tsrag_time/outputs/tsrag/data/test/shared/Coastal_T_S/20T/short/run_0 launch_id=selena_3584841 slurm_job_id=3584841 launched_at=2026-09-27T14:52:11.474882+00:00
[2026-09-27 14:52:11 UTC] prepare dataset=Coastal_T_S/20T term=medium H=72 validation=1080
TIME run allocation action=new run=/fslarge/scratch/users/h61084/codes/tsrag_time/outputs/tsrag/data/validation/shared/Coastal_T_S/20T/medium/run_0 launch_id=selena_3584841 slurm_job_id=3584841 launched_at=2026-09-27T14:52:11.495952+00:00
TIME run allocation action=new run=/fslarge/scratch/users/h61084/codes/tsrag_time/outputs/tsrag/data/test/shared/Coastal_T_S/20T/medium/run_0 launch_id=selena_3584841 slurm_job_id=3584841 launched_at=2026-09-27T14:52:11.512301+00:00
[2026-09-27 14:52:11 UTC] prepare dataset=Coastal_T_S/20T term=long H=216 validation=1080
TIME run allocation action=new run=/fslarge/scratch/users/h61084/codes/tsrag_time/outputs/tsrag/data/validation/shared/Coastal_T_S/20T/long/run_0 launch_id=selena_3584841 slurm_job_id=3584841 launched_at=2026-09-27T14:52:11.532719+00:00
TIME run allocation action=new run=/fslarge/scratch/users/h61084/codes/tsrag_time/outputs/tsrag/data/test/shared/Coastal_T_S/20T/long/run_0 launch_id=selena_3584841 slurm_job_id=3584841 launched_at=2026-09-27T14:52:11.549151+00:00
[2026-09-27 14:52:11 UTC] prepare dataset=Coastal_T_S/H term=short H=24 validation=672
TIME run allocation action=new run=/fslarge/scratch/users/h61084/codes/tsrag_time/outputs/tsrag/data/validation/shared/Coastal_T_S/H/short/run_0 launch_id=selena_3584841 slurm_job_id=3584841 launched_at=2026-09-27T14:52:11.578630+00:00
TIME run allocation action=new run=/fslarge/scratch/users/h61084/codes/tsrag_time/outputs/tsrag/data/test/shared/Coastal_T_S/H/short/run_0 launch_id=selena_3584841 slurm_job_id=3584841 launched_at=2026-09-27T14:52:11.724904+00:00
[2026-09-27 14:52:11 UTC] prepare dataset=Coastal_T_S/H term=medium H=168 validation=672
TIME run allocation action=new run=/fslarge/scratch/users/h61084/codes/tsrag_time/outputs/tsrag/data/validation/shared/Coastal_T_S/H/medium/run_0 launch_id=selena_3584841 slurm_job_id=3584841 launched_at=2026-09-27T14:52:11.873044+00:00
TIME run allocation action=new run=/fslarge/scratch/users/h61084/codes/tsrag_time/outputs/tsrag/data/test/shared/Coastal_T_S/H/medium/run_0 launch_id=selena_3584841 slurm_job_id=3584841 launched_at=2026-09-27T14:52:12.013498+00:00
[2026-09-27 14:52:12 UTC] prepare dataset=Coastal_T_S/H term=long H=336 validation=672
TIME run allocation action=new run=/fslarge/scratch/users/h61084/codes/tsrag_time/outputs/tsrag/data/validation/shared/Coastal_T_S/H/long/run_0 launch_id=selena_3584841 slurm_job_id=3584841 launched_at=2026-09-27T14:52:12.163101+00:00
TIME run allocation action=new run=/fslarge/scratch/users/h61084/codes/tsrag_time/outputs/tsrag/data/test/shared/Coastal_T_S/H/long/run_0 launch_id=selena_3584841 slurm_job_id=3584841 launched_at=2026-09-27T14:52:12.297991+00:00
[2026-09-27 14:52:12 UTC] prepare dataset=SG_Weather/D term=short H=3 validation=366
TIME run allocation action=new run=/fslarge/scratch/users/h61084/codes/tsrag_time/outputs/tsrag/data/validation/shared/SG_Weather/D/short/run_0 launch_id=selena_3584841 slurm_job_id=3584841 launched_at=2026-09-27T14:52:12.432932+00:00
TIME run allocation action=new run=/fslarge/scratch/users/h61084/codes/tsrag_time/outputs/tsrag/data/test/shared/SG_Weather/D/short/run_0 launch_id=selena_3584841 slurm_job_id=3584841 launched_at=2026-09-27T14:52:12.465213+00:00
[2026-09-27 14:52:12 UTC] prepare dataset=SG_Weather/D term=medium H=7 validation=366
TIME run allocation action=new run=/fslarge/scratch/users/h61084/codes/tsrag_time/outputs/tsrag/data/validation/shared/SG_Weather/D/medium/run_0 launch_id=selena_3584841 slurm_job_id=3584841 launched_at=2026-09-27T14:52:12.500722+00:00
TIME run allocation action=new run=/fslarge/scratch/users/h61084/codes/tsrag_time/outputs/tsrag/data/test/shared/SG_Weather/D/medium/run_0 launch_id=selena_3584841 slurm_job_id=3584841 launched_at=2026-09-27T14:52:12.530618+00:00
[2026-09-27 14:52:12 UTC] prepare dataset=SG_Weather/D term=long H=14 validation=366
TIME run allocation action=new run=/fslarge/scratch/users/h61084/codes/tsrag_time/outputs/tsrag/data/validation/shared/SG_Weather/D/long/run_0 launch_id=selena_3584841 slurm_job_id=3584841 launched_at=2026-09-27T14:52:12.564118+00:00
TIME run allocation action=new run=/fslarge/scratch/users/h61084/codes/tsrag_time/outputs/tsrag/data/test/shared/SG_Weather/D/long/run_0 launch_id=selena_3584841 slurm_job_id=3584841 launched_at=2026-09-27T14:52:12.593700+00:00
[2026-09-27 14:52:12 UTC] prepare dataset=SG_PM25/H term=short H=24 validation=2160
TIME run allocation action=new run=/fslarge/scratch/users/h61084/codes/tsrag_time/outputs/tsrag/data/validation/shared/SG_PM25/H/short/run_0 launch_id=selena_3584841 slurm_job_id=3584841 launched_at=2026-09-27T14:52:12.629484+00:00
TIME run allocation action=new run=/fslarge/scratch/users/h61084/codes/tsrag_time/outputs/tsrag/data/test/shared/SG_PM25/H/short/run_0 launch_id=selena_3584841 slurm_job_id=3584841 launched_at=2026-09-27T14:52:12.710989+00:00
[2026-09-27 14:52:12 UTC] prepare dataset=SG_PM25/H term=medium H=72 validation=2160
TIME run allocation action=new run=/fslarge/scratch/users/h61084/codes/tsrag_time/outputs/tsrag/data/validation/shared/SG_PM25/H/medium/run_0 launch_id=selena_3584841 slurm_job_id=3584841 launched_at=2026-09-27T14:52:12.792425+00:00
TIME run allocation action=new run=/fslarge/scratch/users/h61084/codes/tsrag_time/outputs/tsrag/data/test/shared/SG_PM25/H/medium/run_0 launch_id=selena_3584841 slurm_job_id=3584841 launched_at=2026-09-27T14:52:12.871631+00:00
[2026-09-27 14:52:12 UTC] prepare dataset=SG_PM25/H term=long H=168 validation=2160
TIME run allocation action=new run=/fslarge/scratch/users/h61084/codes/tsrag_time/outputs/tsrag/data/validation/shared/SG_PM25/H/long/run_0 launch_id=selena_3584841 slurm_job_id=3584841 launched_at=2026-09-27T14:52:12.952671+00:00
TIME run allocation action=new run=/fslarge/scratch/users/h61084/codes/tsrag_time/outputs/tsrag/data/test/shared/SG_PM25/H/long/run_0 launch_id=selena_3584841 slurm_job_id=3584841 launched_at=2026-09-27T14:52:13.032309+00:00
[2026-09-27 14:52:13 UTC] prepare dataset=NE_China_Wind/H term=short H=24 validation=720
TIME run allocation action=new run=/fslarge/scratch/users/h61084/codes/tsrag_time/outputs/tsrag/data/validation/shared/NE_China_Wind/H/short/run_0 launch_id=selena_3584841 slurm_job_id=3584841 launched_at=2026-09-27T14:52:13.111414+00:00
TIME run allocation action=new run=/fslarge/scratch/users/h61084/codes/tsrag_time/outputs/tsrag/data/test/shared/NE_China_Wind/H/short/run_0 launch_id=selena_3584841 slurm_job_id=3584841 launched_at=2026-09-27T14:52:13.133617+00:00
[2026-09-27 14:52:13 UTC] prepare dataset=NE_China_Wind/H term=medium H=72 validation=720
TIME run allocation action=new run=/fslarge/scratch/users/h61084/codes/tsrag_time/outputs/tsrag/data/validation/shared/NE_China_Wind/H/medium/run_0 launch_id=selena_3584841 slurm_job_id=3584841 launched_at=2026-09-27T14:52:13.157822+00:00
TIME run allocation action=new run=/fslarge/scratch/users/h61084/codes/tsrag_time/outputs/tsrag/data/test/shared/NE_China_Wind/H/medium/run_0 launch_id=selena_3584841 slurm_job_id=3584841 launched_at=2026-09-27T14:52:13.179365+00:00
[2026-09-27 14:52:13 UTC] prepare dataset=NE_China_Wind/H term=long H=168 validation=720
TIME run allocation action=new run=/fslarge/scratch/users/h61084/codes/tsrag_time/outputs/tsrag/data/validation/shared/NE_China_Wind/H/long/run_0 launch_id=selena_3584841 slurm_job_id=3584841 launched_at=2026-09-27T14:52:13.203039+00:00
TIME run allocation action=new run=/fslarge/scratch/users/h61084/codes/tsrag_time/outputs/tsrag/data/test/shared/NE_China_Wind/H/long/run_0 launch_id=selena_3584841 slurm_job_id=3584841 launched_at=2026-09-27T14:52:13.224702+00:00
[2026-09-27 14:52:13 UTC] prepare dataset=Australia_Solar/H term=short H=24 validation=2520
TIME run allocation action=new run=/fslarge/scratch/users/h61084/codes/tsrag_time/outputs/tsrag/data/validation/shared/Australia_Solar/H/short/run_0 launch_id=selena_3584841 slurm_job_id=3584841 launched_at=2026-09-27T14:52:13.249993+00:00
TIME run allocation action=new run=/fslarge/scratch/users/h61084/codes/tsrag_time/outputs/tsrag/data/test/shared/Australia_Solar/H/short/run_0 launch_id=selena_3584841 slurm_job_id=3584841 launched_at=2026-09-27T14:52:13.296518+00:00
[2026-09-27 14:52:13 UTC] prepare dataset=Australia_Solar/H term=medium H=72 validation=2520
TIME run allocation action=new run=/fslarge/scratch/users/h61084/codes/tsrag_time/outputs/tsrag/data/validation/shared/Australia_Solar/H/medium/run_0 launch_id=selena_3584841 slurm_job_id=3584841 launched_at=2026-09-27T14:52:13.345241+00:00
TIME run allocation action=new run=/fslarge/scratch/users/h61084/codes/tsrag_time/outputs/tsrag/data/test/shared/Australia_Solar/H/medium/run_0 launch_id=selena_3584841 slurm_job_id=3584841 launched_at=2026-09-27T14:52:13.390720+00:00
[2026-09-27 14:52:13 UTC] prepare dataset=Australia_Solar/H term=long H=168 validation=2520
TIME run allocation action=new run=/fslarge/scratch/users/h61084/codes/tsrag_time/outputs/tsrag/data/validation/shared/Australia_Solar/H/long/run_0 launch_id=selena_3584841 slurm_job_id=3584841 launched_at=2026-09-27T14:52:13.439503+00:00
TIME run allocation action=new run=/fslarge/scratch/users/h61084/codes/tsrag_time/outputs/tsrag/data/test/shared/Australia_Solar/H/long/run_0 launch_id=selena_3584841 slurm_job_id=3584841 launched_at=2026-09-27T14:52:13.484912+00:00
[2026-09-27 14:52:13 UTC] prepare dataset=epf_electricity_price/H term=short H=24 validation=2520
TIME run allocation action=new run=/fslarge/scratch/users/h61084/codes/tsrag_time/outputs/tsrag/data/validation/shared/epf_electricity_price/H/short/run_0 launch_id=selena_3584841 slurm_job_id=3584841 launched_at=2026-09-27T14:52:13.537348+00:00
TIME run allocation action=new run=/fslarge/scratch/users/h61084/codes/tsrag_time/outputs/tsrag/data/test/shared/epf_electricity_price/H/short/run_0 launch_id=selena_3584841 slurm_job_id=3584841 launched_at=2026-09-27T14:52:13.650347+00:00
[2026-09-27 14:52:13 UTC] prepare dataset=epf_electricity_price/H term=medium H=72 validation=2520
TIME run allocation action=new run=/fslarge/scratch/users/h61084/codes/tsrag_time/outputs/tsrag/data/validation/shared/epf_electricity_price/H/medium/run_0 launch_id=selena_3584841 slurm_job_id=3584841 launched_at=2026-09-27T14:52:13.758650+00:00
TIME run allocation action=new run=/fslarge/scratch/users/h61084/codes/tsrag_time/outputs/tsrag/data/test/shared/epf_electricity_price/H/medium/run_0 launch_id=selena_3584841 slurm_job_id=3584841 launched_at=2026-09-27T14:52:13.867198+00:00
[2026-09-27 14:52:13 UTC] prepare dataset=epf_electricity_price/H term=long H=168 validation=2520
TIME run allocation action=new run=/fslarge/scratch/users/h61084/codes/tsrag_time/outputs/tsrag/data/validation/shared/epf_electricity_price/H/long/run_0 launch_id=selena_3584841 slurm_job_id=3584841 launched_at=2026-09-27T14:52:13.972800+00:00
TIME run allocation action=new run=/fslarge/scratch/users/h61084/codes/tsrag_time/outputs/tsrag/data/test/shared/epf_electricity_price/H/long/run_0 launch_id=selena_3584841 slurm_job_id=3584841 launched_at=2026-09-27T14:52:14.079983+00:00
[2026-09-27 14:52:14 UTC] prepare dataset=OpenElectricity_NEM/5T term=short H=24 validation=4032
TIME run allocation action=new run=/fslarge/scratch/users/h61084/codes/tsrag_time/outputs/tsrag/data/validation/shared/OpenElectricity_NEM/5T/short/run_0 launch_id=selena_3584841 slurm_job_id=3584841 launched_at=2026-09-27T14:52:14.190591+00:00
TIME run allocation action=new run=/fslarge/scratch/users/h61084/codes/tsrag_time/outputs/tsrag/data/test/shared/OpenElectricity_NEM/5T/short/run_0 launch_id=selena_3584841 slurm_job_id=3584841 launched_at=2026-09-27T14:52:14.359047+00:00
[2026-09-27 14:52:14 UTC] prepare dataset=OpenElectricity_NEM/5T term=medium H=96 validation=4032
TIME run allocation action=new run=/fslarge/scratch/users/h61084/codes/tsrag_time/outputs/tsrag/data/validation/shared/OpenElectricity_NEM/5T/medium/run_0 launch_id=selena_3584841 slurm_job_id=3584841 launched_at=2026-09-27T14:52:14.531419+00:00
TIME run allocation action=new run=/fslarge/scratch/users/h61084/codes/tsrag_time/outputs/tsrag/data/test/shared/OpenElectricity_NEM/5T/medium/run_0 launch_id=selena_3584841 slurm_job_id=3584841 launched_at=2026-09-27T14:52:14.696523+00:00
[2026-09-27 14:52:14 UTC] prepare dataset=OpenElectricity_NEM/5T term=long H=288 validation=4032
TIME run allocation action=new run=/fslarge/scratch/users/h61084/codes/tsrag_time/outputs/tsrag/data/validation/shared/OpenElectricity_NEM/5T/long/run_0 launch_id=selena_3584841 slurm_job_id=3584841 launched_at=2026-09-27T14:52:14.866830+00:00
TIME run allocation action=new run=/fslarge/scratch/users/h61084/codes/tsrag_time/outputs/tsrag/data/test/shared/OpenElectricity_NEM/5T/long/run_0 launch_id=selena_3584841 slurm_job_id=3584841 launched_at=2026-09-27T14:52:15.032029+00:00
[2026-09-27 14:52:15 UTC] prepare dataset=EWELD_Load/15T term=short H=24 validation=1344
TIME run allocation action=new run=/fslarge/scratch/users/h61084/codes/tsrag_time/outputs/tsrag/data/validation/shared/EWELD_Load/15T/short/run_0 launch_id=selena_3584841 slurm_job_id=3584841 launched_at=2026-09-27T14:52:15.196650+00:00
TIME run allocation action=new run=/fslarge/scratch/users/h61084/codes/tsrag_time/outputs/tsrag/data/test/shared/EWELD_Load/15T/short/run_0 launch_id=selena_3584841 slurm_job_id=3584841 launched_at=2026-09-27T14:52:15.279390+00:00
[2026-09-27 14:52:15 UTC] prepare dataset=EWELD_Load/15T term=medium H=96 validation=1344
TIME run allocation action=new run=/fslarge/scratch/users/h61084/codes/tsrag_time/outputs/tsrag/data/validation/shared/EWELD_Load/15T/medium/run_0 launch_id=selena_3584841 slurm_job_id=3584841 launched_at=2026-09-27T14:52:15.364065+00:00
TIME run allocation action=new run=/fslarge/scratch/users/h61084/codes/tsrag_time/outputs/tsrag/data/test/shared/EWELD_Load/15T/medium/run_0 launch_id=selena_3584841 slurm_job_id=3584841 launched_at=2026-09-27T14:52:15.446707+00:00
[2026-09-27 14:52:15 UTC] prepare dataset=EWELD_Load/15T term=long H=672 validation=1344
TIME run allocation action=new run=/fslarge/scratch/users/h61084/codes/tsrag_time/outputs/tsrag/data/validation/shared/EWELD_Load/15T/long/run_0 launch_id=selena_3584841 slurm_job_id=3584841 launched_at=2026-09-27T14:52:15.530580+00:00
TIME run allocation action=new run=/fslarge/scratch/users/h61084/codes/tsrag_time/outputs/tsrag/data/test/shared/EWELD_Load/15T/long/run_0 launch_id=selena_3584841 slurm_job_id=3584841 launched_at=2026-09-27T14:52:15.610436+00:00
[2026-09-27 14:52:15 UTC] prepare dataset=SG_Carpark/15T term=short H=16 validation=672
TIME run allocation action=new run=/fslarge/scratch/users/h61084/codes/tsrag_time/outputs/tsrag/data/validation/shared/SG_Carpark/15T/short/run_0 launch_id=selena_3584841 slurm_job_id=3584841 launched_at=2026-09-27T14:52:15.794631+00:00
TIME run allocation action=new run=/fslarge/scratch/users/h61084/codes/tsrag_time/outputs/tsrag/data/test/shared/SG_Carpark/15T/short/run_0 launch_id=selena_3584841 slurm_job_id=3584841 launched_at=2026-09-27T14:52:17.823016+00:00
[2026-09-27 14:52:19 UTC] prepare dataset=SG_Carpark/15T term=medium H=96 validation=672
TIME run allocation action=new run=/fslarge/scratch/users/h61084/codes/tsrag_time/outputs/tsrag/data/validation/shared/SG_Carpark/15T/medium/run_0 launch_id=selena_3584841 slurm_job_id=3584841 launched_at=2026-09-27T14:52:19.818973+00:00
TIME run allocation action=new run=/fslarge/scratch/users/h61084/codes/tsrag_time/outputs/tsrag/data/test/shared/SG_Carpark/15T/medium/run_0 launch_id=selena_3584841 slurm_job_id=3584841 launched_at=2026-09-27T14:52:21.848769+00:00
[2026-09-27 14:52:23 UTC] prepare dataset=SG_Carpark/15T term=long H=672 validation=672
TIME run allocation action=new run=/fslarge/scratch/users/h61084/codes/tsrag_time/outputs/tsrag/data/validation/shared/SG_Carpark/15T/long/run_0 launch_id=selena_3584841 slurm_job_id=3584841 launched_at=2026-09-27T14:52:23.852427+00:00
TIME run allocation action=new run=/fslarge/scratch/users/h61084/codes/tsrag_time/outputs/tsrag/data/test/shared/SG_Carpark/15T/long/run_0 launch_id=selena_3584841 slurm_job_id=3584841 launched_at=2026-09-27T14:52:25.815691+00:00
[2026-09-27 14:52:27 UTC] prepare dataset=Finland_Traffic/15T term=short H=16 validation=2880
TIME run allocation action=new run=/fslarge/scratch/users/h61084/codes/tsrag_time/outputs/tsrag/data/validation/shared/Finland_Traffic/15T/short/run_0 launch_id=selena_3584841 slurm_job_id=3584841 launched_at=2026-09-27T14:52:27.599385+00:00
TIME run allocation action=new run=/fslarge/scratch/users/h61084/codes/tsrag_time/outputs/tsrag/data/test/shared/Finland_Traffic/15T/short/run_0 launch_id=selena_3584841 slurm_job_id=3584841 launched_at=2026-09-27T14:52:27.623047+00:00
[2026-09-27 14:52:27 UTC] prepare dataset=Finland_Traffic/15T term=medium H=96 validation=2880
TIME run allocation action=new run=/fslarge/scratch/users/h61084/codes/tsrag_time/outputs/tsrag/data/validation/shared/Finland_Traffic/15T/medium/run_0 launch_id=selena_3584841 slurm_job_id=3584841 launched_at=2026-09-27T14:52:27.648010+00:00
TIME run allocation action=new run=/fslarge/scratch/users/h61084/codes/tsrag_time/outputs/tsrag/data/test/shared/Finland_Traffic/15T/medium/run_0 launch_id=selena_3584841 slurm_job_id=3584841 launched_at=2026-09-27T14:52:27.669894+00:00
[2026-09-27 14:52:27 UTC] prepare dataset=Finland_Traffic/15T term=long H=672 validation=2880
TIME run allocation action=new run=/fslarge/scratch/users/h61084/codes/tsrag_time/outputs/tsrag/data/validation/shared/Finland_Traffic/15T/long/run_0 launch_id=selena_3584841 slurm_job_id=3584841 launched_at=2026-09-27T14:52:27.693847+00:00
TIME run allocation action=new run=/fslarge/scratch/users/h61084/codes/tsrag_time/outputs/tsrag/data/test/shared/Finland_Traffic/15T/long/run_0 launch_id=selena_3584841 slurm_job_id=3584841 launched_at=2026-09-27T14:52:27.715046+00:00
[2026-09-27 14:52:27 UTC] prepare dataset=Port_Activity/D term=short H=30 validation=90
TIME run allocation action=new run=/fslarge/scratch/users/h61084/codes/tsrag_time/outputs/tsrag/data/validation/shared/Port_Activity/D/short/run_0 launch_id=selena_3584841 slurm_job_id=3584841 launched_at=2026-09-27T14:52:27.751808+00:00
TIME run allocation action=new run=/fslarge/scratch/users/h61084/codes/tsrag_time/outputs/tsrag/data/test/shared/Port_Activity/D/short/run_0 launch_id=selena_3584841 slurm_job_id=3584841 launched_at=2026-09-27T14:52:27.878432+00:00
[2026-09-27 14:52:27 UTC] prepare dataset=Port_Activity/W term=short H=13 validation=13
TIME run allocation action=new run=/fslarge/scratch/users/h61084/codes/tsrag_time/outputs/tsrag/data/validation/shared/Port_Activity/W/short/run_0 launch_id=selena_3584841 slurm_job_id=3584841 launched_at=2026-09-27T14:52:28.007403+00:00
TIME run allocation action=new run=/fslarge/scratch/users/h61084/codes/tsrag_time/outputs/tsrag/data/test/shared/Port_Activity/W/short/run_0 launch_id=selena_3584841 slurm_job_id=3584841 launched_at=2026-09-27T14:52:28.023818+00:00
[2026-09-27 14:52:28 UTC] prepare dataset=ECDC_COVID/D term=short H=30 validation=30
TIME run allocation action=new run=/fslarge/scratch/users/h61084/codes/tsrag_time/outputs/tsrag/data/validation/shared/ECDC_COVID/D/short/run_0 launch_id=selena_3584841 slurm_job_id=3584841 launched_at=2026-09-27T14:52:28.038223+00:00
TIME run allocation action=new run=/fslarge/scratch/users/h61084/codes/tsrag_time/outputs/tsrag/data/test/shared/ECDC_COVID/D/short/run_0 launch_id=selena_3584841 slurm_job_id=3584841 launched_at=2026-09-27T14:52:28.050652+00:00
[2026-09-27 14:52:28 UTC] prepare dataset=ECDC_COVID/W term=short H=13 validation=13
TIME run allocation action=new run=/fslarge/scratch/users/h61084/codes/tsrag_time/outputs/tsrag/data/validation/shared/ECDC_COVID/W/short/run_0 launch_id=selena_3584841 slurm_job_id=3584841 launched_at=2026-09-27T14:52:28.065657+00:00
TIME run allocation action=new run=/fslarge/scratch/users/h61084/codes/tsrag_time/outputs/tsrag/data/test/shared/ECDC_COVID/W/short/run_0 launch_id=selena_3584841 slurm_job_id=3584841 launched_at=2026-09-27T14:52:28.076049+00:00
[2026-09-27 14:52:28 UTC] prepare dataset=Global_Influenza/W term=short H=13 validation=13
TIME run allocation action=new run=/fslarge/scratch/users/h61084/codes/tsrag_time/outputs/tsrag/data/validation/shared/Global_Influenza/W/short/run_0 launch_id=selena_3584841 slurm_job_id=3584841 launched_at=2026-09-27T14:52:28.089448+00:00
TIME run allocation action=new run=/fslarge/scratch/users/h61084/codes/tsrag_time/outputs/tsrag/data/test/shared/Global_Influenza/W/short/run_0 launch_id=selena_3584841 slurm_job_id=3584841 launched_at=2026-09-27T14:52:28.100497+00:00
[2026-09-27 14:52:28 UTC] prepare dataset=Crypto/D term=short H=30 validation=92
TIME run allocation action=new run=/fslarge/scratch/users/h61084/codes/tsrag_time/outputs/tsrag/data/validation/shared/Crypto/D/short/run_0 launch_id=selena_3584841 slurm_job_id=3584841 launched_at=2026-09-27T14:52:28.113802+00:00
TIME run allocation action=new run=/fslarge/scratch/users/h61084/codes/tsrag_time/outputs/tsrag/data/test/shared/Crypto/D/short/run_0 launch_id=selena_3584841 slurm_job_id=3584841 launched_at=2026-09-27T14:52:28.126549+00:00
[2026-09-27 14:52:28 UTC] prepare dataset=US_Term_Structure/B term=short H=20 validation=100
TIME run allocation action=new run=/fslarge/scratch/users/h61084/codes/tsrag_time/outputs/tsrag/data/validation/shared/US_Term_Structure/B/short/run_0 launch_id=selena_3584841 slurm_job_id=3584841 launched_at=2026-09-27T14:52:28.150230+00:00
TIME run allocation action=new run=/fslarge/scratch/users/h61084/codes/tsrag_time/outputs/tsrag/data/test/shared/US_Term_Structure/B/short/run_0 launch_id=selena_3584841 slurm_job_id=3584841 launched_at=2026-09-27T14:52:28.292632+00:00
[2026-09-27 14:52:28 UTC] prepare dataset=Oil_Price/B term=short H=20 validation=100
TIME run allocation action=new run=/fslarge/scratch/users/h61084/codes/tsrag_time/outputs/tsrag/data/validation/shared/Oil_Price/B/short/run_0 launch_id=selena_3584841 slurm_job_id=3584841 launched_at=2026-09-27T14:52:28.431065+00:00
TIME run allocation action=new run=/fslarge/scratch/users/h61084/codes/tsrag_time/outputs/tsrag/data/test/shared/Oil_Price/B/short/run_0 launch_id=selena_3584841 slurm_job_id=3584841 launched_at=2026-09-27T14:52:28.459044+00:00
[2026-09-27 14:52:28 UTC] prepare dataset=Job_Claims/W term=short H=13 validation=13
TIME run allocation action=new run=/fslarge/scratch/users/h61084/codes/tsrag_time/outputs/tsrag/data/validation/shared/Job_Claims/W/short/run_0 launch_id=selena_3584841 slurm_job_id=3584841 launched_at=2026-09-27T14:52:28.490344+00:00
TIME run allocation action=new run=/fslarge/scratch/users/h61084/codes/tsrag_time/outputs/tsrag/data/test/shared/Job_Claims/W/short/run_0 launch_id=selena_3584841 slurm_job_id=3584841 launched_at=2026-09-27T14:52:28.500438+00:00
[2026-09-27 14:52:28 UTC] prepare dataset=Uncertainty_1M/M term=short H=6 validation=18
TIME run allocation action=new run=/fslarge/scratch/users/h61084/codes/tsrag_time/outputs/tsrag/data/validation/shared/Uncertainty_1M/M/short/run_0 launch_id=selena_3584841 slurm_job_id=3584841 launched_at=2026-09-27T14:52:28.513108+00:00
TIME run allocation action=new run=/fslarge/scratch/users/h61084/codes/tsrag_time/outputs/tsrag/data/test/shared/Uncertainty_1M/M/short/run_0 launch_id=selena_3584841 slurm_job_id=3584841 launched_at=2026-09-27T14:52:28.522901+00:00
[2026-09-27 14:52:28 UTC] prepare dataset=Housing_Inventory/M term=short H=12 validation=12
TIME run allocation action=new run=/fslarge/scratch/users/h61084/codes/tsrag_time/outputs/tsrag/data/validation/shared/Housing_Inventory/M/short/run_0 launch_id=selena_3584841 slurm_job_id=3584841 launched_at=2026-09-27T14:52:28.535994+00:00
TIME run allocation action=new run=/fslarge/scratch/users/h61084/codes/tsrag_time/outputs/tsrag/data/test/shared/Housing_Inventory/M/short/run_0 launch_id=selena_3584841 slurm_job_id=3584841 launched_at=2026-09-27T14:52:28.545819+00:00
[2026-09-27 14:52:28 UTC] prepare dataset=JOLTS/M term=short H=12 validation=12
TIME run allocation action=new run=/fslarge/scratch/users/h61084/codes/tsrag_time/outputs/tsrag/data/validation/shared/JOLTS/M/short/run_0 launch_id=selena_3584841 slurm_job_id=3584841 launched_at=2026-09-27T14:52:28.558803+00:00
TIME run allocation action=new run=/fslarge/scratch/users/h61084/codes/tsrag_time/outputs/tsrag/data/test/shared/JOLTS/M/short/run_0 launch_id=selena_3584841 slurm_job_id=3584841 launched_at=2026-09-27T14:52:28.568952+00:00
[2026-09-27 14:52:28 UTC] prepare dataset=US_Labor/M term=short H=12 validation=12
TIME run allocation action=new run=/fslarge/scratch/users/h61084/codes/tsrag_time/outputs/tsrag/data/validation/shared/US_Labor/M/short/run_0 launch_id=selena_3584841 slurm_job_id=3584841 launched_at=2026-09-27T14:52:28.582105+00:00
TIME run allocation action=new run=/fslarge/scratch/users/h61084/codes/tsrag_time/outputs/tsrag/data/test/shared/US_Labor/M/short/run_0 launch_id=selena_3584841 slurm_job_id=3584841 launched_at=2026-09-27T14:52:28.592254+00:00
[2026-09-27 14:52:28 UTC] prepare dataset=Vehicle_Supply/M term=short H=12 validation=12
TIME run allocation action=new run=/fslarge/scratch/users/h61084/codes/tsrag_time/outputs/tsrag/data/validation/shared/Vehicle_Supply/M/short/run_0 launch_id=selena_3584841 slurm_job_id=3584841 launched_at=2026-09-27T14:52:28.604944+00:00
TIME run allocation action=new run=/fslarge/scratch/users/h61084/codes/tsrag_time/outputs/tsrag/data/test/shared/Vehicle_Supply/M/short/run_0 launch_id=selena_3584841 slurm_job_id=3584841 launched_at=2026-09-27T14:52:28.615942+00:00
[2026-09-27 14:52:28 UTC] prepare dataset=Auto_Production_SF/M term=short H=12 validation=12
TIME run allocation action=new run=/fslarge/scratch/users/h61084/codes/tsrag_time/outputs/tsrag/data/validation/shared/Auto_Production_SF/M/short/run_0 launch_id=selena_3584841 slurm_job_id=3584841 launched_at=2026-09-27T14:52:28.629237+00:00
TIME run allocation action=new run=/fslarge/scratch/users/h61084/codes/tsrag_time/outputs/tsrag/data/test/shared/Auto_Production_SF/M/short/run_0 launch_id=selena_3584841 slurm_job_id=3584841 launched_at=2026-09-27T14:52:28.639459+00:00
[2026-09-27 14:52:28 UTC] prepare dataset=Commodity_Production/M term=short H=12 validation=12
TIME run allocation action=new run=/fslarge/scratch/users/h61084/codes/tsrag_time/outputs/tsrag/data/validation/shared/Commodity_Production/M/short/run_0 launch_id=selena_3584841 slurm_job_id=3584841 launched_at=2026-09-27T14:52:28.653219+00:00
TIME run allocation action=new run=/fslarge/scratch/users/h61084/codes/tsrag_time/outputs/tsrag/data/test/shared/Commodity_Production/M/short/run_0 launch_id=selena_3584841 slurm_job_id=3584841 launched_at=2026-09-27T14:52:28.664765+00:00
[2026-09-27 14:52:28 UTC] prepare dataset=Commodity_Import/M term=short H=12 validation=12
TIME run allocation action=new run=/fslarge/scratch/users/h61084/codes/tsrag_time/outputs/tsrag/data/validation/shared/Commodity_Import/M/short/run_0 launch_id=selena_3584841 slurm_job_id=3584841 launched_at=2026-09-27T14:52:28.678144+00:00
TIME run allocation action=new run=/fslarge/scratch/users/h61084/codes/tsrag_time/outputs/tsrag/data/test/shared/Commodity_Import/M/short/run_0 launch_id=selena_3584841 slurm_job_id=3584841 launched_at=2026-09-27T14:52:28.689283+00:00
[2026-09-27 14:52:28 UTC] prepare dataset=WUI_Global/Q term=short H=4 validation=20
TIME run allocation action=new run=/fslarge/scratch/users/h61084/codes/tsrag_time/outputs/tsrag/data/validation/shared/WUI_Global/Q/short/run_0 launch_id=selena_3584841 slurm_job_id=3584841 launched_at=2026-09-27T14:52:28.703038+00:00
TIME run allocation action=new run=/fslarge/scratch/users/h61084/codes/tsrag_time/outputs/tsrag/data/test/shared/WUI_Global/Q/short/run_0 launch_id=selena_3584841 slurm_job_id=3584841 launched_at=2026-09-27T14:52:28.713405+00:00
[2026-09-27 14:52:28 UTC] prepare dataset=Global_Price/Q term=short H=4 validation=8
TIME run allocation action=new run=/fslarge/scratch/users/h61084/codes/tsrag_time/outputs/tsrag/data/validation/shared/Global_Price/Q/short/run_0 launch_id=selena_3584841 slurm_job_id=3584841 launched_at=2026-09-27T14:52:28.726629+00:00
TIME run allocation action=new run=/fslarge/scratch/users/h61084/codes/tsrag_time/outputs/tsrag/data/test/shared/Global_Price/Q/short/run_0 launch_id=selena_3584841 slurm_job_id=3584841 launched_at=2026-09-27T14:52:28.737109+00:00
[2026-09-27 14:52:28 UTC] prepare dataset=Vehicle_Sales/M term=short H=12 validation=12
TIME run allocation action=new run=/fslarge/scratch/users/h61084/codes/tsrag_time/outputs/tsrag/data/validation/shared/Vehicle_Sales/M/short/run_0 launch_id=selena_3584841 slurm_job_id=3584841 launched_at=2026-09-27T14:52:28.750368+00:00
TIME run allocation action=new run=/fslarge/scratch/users/h61084/codes/tsrag_time/outputs/tsrag/data/test/shared/Vehicle_Sales/M/short/run_0 launch_id=selena_3584841 slurm_job_id=3584841 launched_at=2026-09-27T14:52:28.760615+00:00
[2026-09-27 14:52:28 UTC] prepare dataset=Online_Retail_2_UCI/D term=short H=30 validation=90
TIME run allocation action=new run=/fslarge/scratch/users/h61084/codes/tsrag_time/outputs/tsrag/data/validation/shared/Online_Retail_2_UCI/D/short/run_0 launch_id=selena_3584841 slurm_job_id=3584841 launched_at=2026-09-27T14:52:28.773331+00:00
TIME run allocation action=new run=/fslarge/scratch/users/h61084/codes/tsrag_time/outputs/tsrag/data/test/shared/Online_Retail_2_UCI/D/short/run_0 launch_id=selena_3584841 slurm_job_id=3584841 launched_at=2026-09-27T14:52:28.783061+00:00
[2026-09-27 14:52:28 UTC] prepare dataset=Supply_Chain_Customer/D term=short H=30 validation=90
TIME run allocation action=new run=/fslarge/scratch/users/h61084/codes/tsrag_time/outputs/tsrag/data/validation/shared/Supply_Chain_Customer/D/short/run_0 launch_id=selena_3584841 slurm_job_id=3584841 launched_at=2026-09-27T14:52:28.796929+00:00
TIME run allocation action=new run=/fslarge/scratch/users/h61084/codes/tsrag_time/outputs/tsrag/data/test/shared/Supply_Chain_Customer/D/short/run_0 launch_id=selena_3584841 slurm_job_id=3584841 launched_at=2026-09-27T14:52:28.823293+00:00
[2026-09-27 14:52:28 UTC] prepare dataset=Supply_Chain_Location/D term=short H=30 validation=90
TIME run allocation action=new run=/fslarge/scratch/users/h61084/codes/tsrag_time/outputs/tsrag/data/validation/shared/Supply_Chain_Location/D/short/run_0 launch_id=selena_3584841 slurm_job_id=3584841 launched_at=2026-09-27T14:52:28.855643+00:00
TIME run allocation action=new run=/fslarge/scratch/users/h61084/codes/tsrag_time/outputs/tsrag/data/test/shared/Supply_Chain_Location/D/short/run_0 launch_id=selena_3584841 slurm_job_id=3584841 launched_at=2026-09-27T14:52:28.887708+00:00
[2026-09-27 14:52:28 UTC] prepare dataset=azure2019_U/5T term=short H=48 validation=96
TIME run allocation action=new run=/fslarge/scratch/users/h61084/codes/tsrag_time/outputs/tsrag/data/validation/shared/azure2019_U/5T/short/run_0 launch_id=selena_3584841 slurm_job_id=3584841 launched_at=2026-09-27T14:52:28.935663+00:00
TIME run allocation action=new run=/fslarge/scratch/users/h61084/codes/tsrag_time/outputs/tsrag/data/test/shared/azure2019_U/5T/short/run_0 launch_id=selena_3584841 slurm_job_id=3584841 launched_at=2026-09-27T14:52:29.031019+00:00
[2026-09-27 14:52:29 UTC] prepare dataset=Smart_Manufacturing/H term=short H=24 validation=336
TIME run allocation action=new run=/fslarge/scratch/users/h61084/codes/tsrag_time/outputs/tsrag/data/validation/shared/Smart_Manufacturing/H/short/run_0 launch_id=selena_3584841 slurm_job_id=3584841 launched_at=2026-09-27T14:52:29.122495+00:00
TIME run allocation action=new run=/fslarge/scratch/users/h61084/codes/tsrag_time/outputs/tsrag/data/test/shared/Smart_Manufacturing/H/short/run_0 launch_id=selena_3584841 slurm_job_id=3584841 launched_at=2026-09-27T14:52:29.192191+00:00
[2026-09-27 14:52:29 UTC] prepare dataset=Smart_Manufacturing/H term=medium H=168 validation=336
TIME run allocation action=new run=/fslarge/scratch/users/h61084/codes/tsrag_time/outputs/tsrag/data/validation/shared/Smart_Manufacturing/H/medium/run_0 launch_id=selena_3584841 slurm_job_id=3584841 launched_at=2026-09-27T14:52:29.277789+00:00
TIME run allocation action=new run=/fslarge/scratch/users/h61084/codes/tsrag_time/outputs/tsrag/data/test/shared/Smart_Manufacturing/H/medium/run_0 launch_id=selena_3584841 slurm_job_id=3584841 launched_at=2026-09-27T14:52:29.335538+00:00
[2026-09-27 14:52:29 UTC] prepare dataset=Smart_Manufacturing/H term=long H=336 validation=336
TIME run allocation action=new run=/fslarge/scratch/users/h61084/codes/tsrag_time/outputs/tsrag/data/validation/shared/Smart_Manufacturing/H/long/run_0 launch_id=selena_3584841 slurm_job_id=3584841 launched_at=2026-09-27T14:52:29.410931+00:00
TIME run allocation action=new run=/fslarge/scratch/users/h61084/codes/tsrag_time/outputs/tsrag/data/test/shared/Smart_Manufacturing/H/long/run_0 launch_id=selena_3584841 slurm_job_id=3584841 launched_at=2026-09-27T14:52:29.459341+00:00
[2026-09-27 14:52:29 UTC] prepare dataset=MetroPT-3/5T term=short H=48 validation=1728
TIME run allocation action=new run=/fslarge/scratch/users/h61084/codes/tsrag_time/outputs/tsrag/data/validation/shared/MetroPT-3/5T/short/run_0 launch_id=selena_3584841 slurm_job_id=3584841 launched_at=2026-09-27T14:52:29.519702+00:00
TIME run allocation action=new run=/fslarge/scratch/users/h61084/codes/tsrag_time/outputs/tsrag/data/test/shared/MetroPT-3/5T/short/run_0 launch_id=selena_3584841 slurm_job_id=3584841 launched_at=2026-09-27T14:52:29.564886+00:00
[2026-09-27 14:52:29 UTC] prepare dataset=MetroPT-3/5T term=medium H=288 validation=1728
TIME run allocation action=new run=/fslarge/scratch/users/h61084/codes/tsrag_time/outputs/tsrag/data/validation/shared/MetroPT-3/5T/medium/run_0 launch_id=selena_3584841 slurm_job_id=3584841 launched_at=2026-09-27T14:52:29.613365+00:00
TIME run allocation action=new run=/fslarge/scratch/users/h61084/codes/tsrag_time/outputs/tsrag/data/test/shared/MetroPT-3/5T/medium/run_0 launch_id=selena_3584841 slurm_job_id=3584841 launched_at=2026-09-27T14:52:29.657517+00:00
[2026-09-27 14:52:29 UTC] prepare dataset=MetroPT-3/5T term=long H=576 validation=1728
TIME run allocation action=new run=/fslarge/scratch/users/h61084/codes/tsrag_time/outputs/tsrag/data/validation/shared/MetroPT-3/5T/long/run_0 launch_id=selena_3584841 slurm_job_id=3584841 launched_at=2026-09-27T14:52:29.705188+00:00
TIME run allocation action=new run=/fslarge/scratch/users/h61084/codes/tsrag_time/outputs/tsrag/data/test/shared/MetroPT-3/5T/long/run_0 launch_id=selena_3584841 slurm_job_id=3584841 launched_at=2026-09-27T14:52:29.755210+00:00

[2026-09-27 14:52:35 UTC] stage=vanilla
[2026-09-27 16:52:36,682][datasets][INFO] - PyTorch version 2.9.1 available.
[2026-09-27 14:52:38 UTC] resources selected_device {"component": "tsrag_time", "device": "cuda", "stage": "vanilla"}
[2026-09-27 14:52:38 UTC] stage=vanilla tasks=90 seed=0 device=cuda Slurm=3584841
TIME run allocation action=new run=/fslarge/scratch/users/h61084/codes/tsrag_time/outputs/tsrag/predictions/validation/chronos_bolt_512/Water_Quality_Darwin/15T/short/run_0 launch_id=selena_3584841 slurm_job_id=3584841 launched_at=2026-09-27T14:52:38.824074+00:00
[2026-09-27 14:52:38 UTC] vanilla split=validation method=chronos_bolt_512 dataset=Water_Quality_Darwin/15T term=short L=512 H=16
TIME run allocation action=new run=/fslarge/scratch/users/h61084/codes/tsrag_time/outputs/tsrag/predictions/test/chronos_bolt_512/Water_Quality_Darwin/15T/short/run_0 launch_id=selena_3584841 slurm_job_id=3584841 launched_at=2026-09-27T14:52:40.923336+00:00
[2026-09-27 14:52:40 UTC] vanilla split=test method=chronos_bolt_512 dataset=Water_Quality_Darwin/15T term=short L=512 H=16
TIME run allocation action=new run=/fslarge/scratch/users/h61084/codes/tsrag_time/outputs/tsrag/predictions/validation/chronos_bolt_512/Water_Quality_Darwin/15T/medium/run_0 launch_id=selena_3584841 slurm_job_id=3584841 launched_at=2026-09-27T14:52:41.048070+00:00
[2026-09-27 14:52:41 UTC] vanilla split=validation method=chronos_bolt_512 dataset=Water_Quality_Darwin/15T term=medium L=512 H=96
TIME run allocation action=new run=/fslarge/scratch/users/h61084/codes/tsrag_time/outputs/tsrag/predictions/test/chronos_bolt_512/Water_Quality_Darwin/15T/medium/run_0 launch_id=selena_3584841 slurm_job_id=3584841 launched_at=2026-09-27T14:52:41.133237+00:00
[2026-09-27 14:52:41 UTC] vanilla split=test method=chronos_bolt_512 dataset=Water_Quality_Darwin/15T term=medium L=512 H=96
TIME run allocation action=new run=/fslarge/scratch/users/h61084/codes/tsrag_time/outputs/tsrag/predictions/validation/chronos_bolt_512/Water_Quality_Darwin/15T/long/run_0 launch_id=selena_3584841 slurm_job_id=3584841 launched_at=2026-09-27T14:52:41.219183+00:00
[2026-09-27 14:52:41 UTC] vanilla split=validation method=chronos_bolt_512 dataset=Water_Quality_Darwin/15T term=long L=512 H=288
TIME run allocation action=new run=/fslarge/scratch/users/h61084/codes/tsrag_time/outputs/tsrag/predictions/test/chronos_bolt_512/Water_Quality_Darwin/15T/long/run_0 launch_id=selena_3584841 slurm_job_id=3584841 launched_at=2026-09-27T14:52:41.293683+00:00
[2026-09-27 14:52:41 UTC] vanilla split=test method=chronos_bolt_512 dataset=Water_Quality_Darwin/15T term=long L=512 H=288
TIME run allocation action=new run=/fslarge/scratch/users/h61084/codes/tsrag_time/outputs/tsrag/predictions/validation/chronos_bolt_512/current_velocity/5T/short/run_0 launch_id=selena_3584841 slurm_job_id=3584841 launched_at=2026-09-27T14:52:41.383955+00:00
[2026-09-27 14:52:41 UTC] vanilla split=validation method=chronos_bolt_512 dataset=current_velocity/5T term=short L=512 H=36
TIME run allocation action=new run=/fslarge/scratch/users/h61084/codes/tsrag_time/outputs/tsrag/predictions/test/chronos_bolt_512/current_velocity/5T/short/run_0 launch_id=selena_3584841 slurm_job_id=3584841 launched_at=2026-09-27T14:52:41.437070+00:00
[2026-09-27 14:52:41 UTC] vanilla split=test method=chronos_bolt_512 dataset=current_velocity/5T term=short L=512 H=36
TIME run allocation action=new run=/fslarge/scratch/users/h61084/codes/tsrag_time/outputs/tsrag/predictions/validation/chronos_bolt_512/current_velocity/5T/medium/run_0 launch_id=selena_3584841 slurm_job_id=3584841 launched_at=2026-09-27T14:52:41.490467+00:00
[2026-09-27 14:52:41 UTC] vanilla split=validation method=chronos_bolt_512 dataset=current_velocity/5T term=medium L=512 H=288
TIME run allocation action=new run=/fslarge/scratch/users/h61084/codes/tsrag_time/outputs/tsrag/predictions/test/chronos_bolt_512/current_velocity/5T/medium/run_0 launch_id=selena_3584841 slurm_job_id=3584841 launched_at=2026-09-27T14:52:41.530052+00:00
[2026-09-27 14:52:41 UTC] vanilla split=test method=chronos_bolt_512 dataset=current_velocity/5T term=medium L=512 H=288
TIME run allocation action=new run=/fslarge/scratch/users/h61084/codes/tsrag_time/outputs/tsrag/predictions/validation/chronos_bolt_512/current_velocity/5T/long/run_0 launch_id=selena_3584841 slurm_job_id=3584841 launched_at=2026-09-27T14:52:41.576921+00:00
[2026-09-27 14:52:41 UTC] vanilla split=validation method=chronos_bolt_512 dataset=current_velocity/5T term=long L=512 H=864
TIME run allocation action=new run=/fslarge/scratch/users/h61084/codes/tsrag_time/outputs/tsrag/predictions/test/chronos_bolt_512/current_velocity/5T/long/run_0 launch_id=selena_3584841 slurm_job_id=3584841 launched_at=2026-09-27T14:52:41.616671+00:00
[2026-09-27 14:52:41 UTC] vanilla split=test method=chronos_bolt_512 dataset=current_velocity/5T term=long L=512 H=864
TIME run allocation action=new run=/fslarge/scratch/users/h61084/codes/tsrag_time/outputs/tsrag/predictions/validation/chronos_bolt_512/current_velocity/10T/short/run_0 launch_id=selena_3584841 slurm_job_id=3584841 launched_at=2026-09-27T14:52:41.662544+00:00
[2026-09-27 14:52:41 UTC] vanilla split=validation method=chronos_bolt_512 dataset=current_velocity/10T term=short L=512 H=18
TIME run allocation action=new run=/fslarge/scratch/users/h61084/codes/tsrag_time/outputs/tsrag/predictions/test/chronos_bolt_512/current_velocity/10T/short/run_0 launch_id=selena_3584841 slurm_job_id=3584841 launched_at=2026-09-27T14:52:41.894365+00:00
[2026-09-27 14:52:41 UTC] vanilla split=test method=chronos_bolt_512 dataset=current_velocity/10T term=short L=512 H=18
TIME run allocation action=new run=/fslarge/scratch/users/h61084/codes/tsrag_time/outputs/tsrag/predictions/validation/chronos_bolt_512/current_velocity/10T/medium/run_0 launch_id=selena_3584841 slurm_job_id=3584841 launched_at=2026-09-27T14:52:42.095562+00:00
[2026-09-27 14:52:42 UTC] vanilla split=validation method=chronos_bolt_512 dataset=current_velocity/10T term=medium L=512 H=144
TIME run allocation action=new run=/fslarge/scratch/users/h61084/codes/tsrag_time/outputs/tsrag/predictions/test/chronos_bolt_512/current_velocity/10T/medium/run_0 launch_id=selena_3584841 slurm_job_id=3584841 launched_at=2026-09-27T14:52:42.231054+00:00
[2026-09-27 14:52:42 UTC] vanilla split=test method=chronos_bolt_512 dataset=current_velocity/10T term=medium L=512 H=144
TIME run allocation action=new run=/fslarge/scratch/users/h61084/codes/tsrag_time/outputs/tsrag/predictions/validation/chronos_bolt_512/current_velocity/10T/long/run_0 launch_id=selena_3584841 slurm_job_id=3584841 launched_at=2026-09-27T14:52:42.367016+00:00
[2026-09-27 14:52:42 UTC] vanilla split=validation method=chronos_bolt_512 dataset=current_velocity/10T term=long L=512 H=432
TIME run allocation action=new run=/fslarge/scratch/users/h61084/codes/tsrag_time/outputs/tsrag/predictions/test/chronos_bolt_512/current_velocity/10T/long/run_0 launch_id=selena_3584841 slurm_job_id=3584841 launched_at=2026-09-27T14:52:42.490402+00:00
[2026-09-27 14:52:42 UTC] vanilla split=test method=chronos_bolt_512 dataset=current_velocity/10T term=long L=512 H=432
TIME run allocation action=new run=/fslarge/scratch/users/h61084/codes/tsrag_time/outputs/tsrag/predictions/validation/chronos_bolt_512/current_velocity/15T/short/run_0 launch_id=selena_3584841 slurm_job_id=3584841 launched_at=2026-09-27T14:52:42.620614+00:00
[2026-09-27 14:52:42 UTC] vanilla split=validation method=chronos_bolt_512 dataset=current_velocity/15T term=short L=512 H=12
TIME run allocation action=new run=/fslarge/scratch/users/h61084/codes/tsrag_time/outputs/tsrag/predictions/test/chronos_bolt_512/current_velocity/15T/short/run_0 launch_id=selena_3584841 slurm_job_id=3584841 launched_at=2026-09-27T14:52:42.724127+00:00
[2026-09-27 14:52:42 UTC] vanilla split=test method=chronos_bolt_512 dataset=current_velocity/15T term=short L=512 H=12
TIME run allocation action=new run=/fslarge/scratch/users/h61084/codes/tsrag_time/outputs/tsrag/predictions/validation/chronos_bolt_512/current_velocity/15T/medium/run_0 launch_id=selena_3584841 slurm_job_id=3584841 launched_at=2026-09-27T14:52:42.816995+00:00
[2026-09-27 14:52:42 UTC] vanilla split=validation method=chronos_bolt_512 dataset=current_velocity/15T term=medium L=512 H=96
TIME run allocation action=new run=/fslarge/scratch/users/h61084/codes/tsrag_time/outputs/tsrag/predictions/test/chronos_bolt_512/current_velocity/15T/medium/run_0 launch_id=selena_3584841 slurm_job_id=3584841 launched_at=2026-09-27T14:52:42.872531+00:00
[2026-09-27 14:52:42 UTC] vanilla split=test method=chronos_bolt_512 dataset=current_velocity/15T term=medium L=512 H=96
TIME run allocation action=new run=/fslarge/scratch/users/h61084/codes/tsrag_time/outputs/tsrag/predictions/validation/chronos_bolt_512/current_velocity/15T/long/run_0 launch_id=selena_3584841 slurm_job_id=3584841 launched_at=2026-09-27T14:52:42.931997+00:00
[2026-09-27 14:52:42 UTC] vanilla split=validation method=chronos_bolt_512 dataset=current_velocity/15T term=long L=512 H=288
TIME run allocation action=new run=/fslarge/scratch/users/h61084/codes/tsrag_time/outputs/tsrag/predictions/test/chronos_bolt_512/current_velocity/15T/long/run_0 launch_id=selena_3584841 slurm_job_id=3584841 launched_at=2026-09-27T14:52:42.982414+00:00
[2026-09-27 14:52:42 UTC] vanilla split=test method=chronos_bolt_512 dataset=current_velocity/15T term=long L=512 H=288
TIME run allocation action=new run=/fslarge/scratch/users/h61084/codes/tsrag_time/outputs/tsrag/predictions/validation/chronos_bolt_512/current_velocity/H/short/run_0 launch_id=selena_3584841 slurm_job_id=3584841 launched_at=2026-09-27T14:52:43.037572+00:00
[2026-09-27 14:52:43 UTC] vanilla split=validation method=chronos_bolt_512 dataset=current_velocity/H term=short L=512 H=24
TIME run allocation action=new run=/fslarge/scratch/users/h61084/codes/tsrag_time/outputs/tsrag/predictions/test/chronos_bolt_512/current_velocity/H/short/run_0 launch_id=selena_3584841 slurm_job_id=3584841 launched_at=2026-09-27T14:52:43.154764+00:00
[2026-09-27 14:52:43 UTC] vanilla split=test method=chronos_bolt_512 dataset=current_velocity/H term=short L=512 H=24
TIME run allocation action=new run=/fslarge/scratch/users/h61084/codes/tsrag_time/outputs/tsrag/predictions/validation/chronos_bolt_512/current_velocity/H/medium/run_0 launch_id=selena_3584841 slurm_job_id=3584841 launched_at=2026-09-27T14:52:43.262164+00:00
[2026-09-27 14:52:43 UTC] vanilla split=validation method=chronos_bolt_512 dataset=current_velocity/H term=medium L=512 H=168
TIME run allocation action=new run=/fslarge/scratch/users/h61084/codes/tsrag_time/outputs/tsrag/predictions/test/chronos_bolt_512/current_velocity/H/medium/run_0 launch_id=selena_3584841 slurm_job_id=3584841 launched_at=2026-09-27T14:52:43.333433+00:00
[2026-09-27 14:52:43 UTC] vanilla split=test method=chronos_bolt_512 dataset=current_velocity/H term=medium L=512 H=168
TIME run allocation action=new run=/fslarge/scratch/users/h61084/codes/tsrag_time/outputs/tsrag/predictions/validation/chronos_bolt_512/current_velocity/H/long/run_0 launch_id=selena_3584841 slurm_job_id=3584841 launched_at=2026-09-27T14:52:43.416001+00:00
[2026-09-27 14:52:43 UTC] vanilla split=validation method=chronos_bolt_512 dataset=current_velocity/H term=long L=512 H=336
TIME run allocation action=new run=/fslarge/scratch/users/h61084/codes/tsrag_time/outputs/tsrag/predictions/test/chronos_bolt_512/current_velocity/H/long/run_0 launch_id=selena_3584841 slurm_job_id=3584841 launched_at=2026-09-27T14:52:43.484834+00:00
[2026-09-27 14:52:43 UTC] vanilla split=test method=chronos_bolt_512 dataset=current_velocity/H term=long L=512 H=336
TIME run allocation action=new run=/fslarge/scratch/users/h61084/codes/tsrag_time/outputs/tsrag/predictions/validation/chronos_bolt_512/CPHL/15T/short/run_0 launch_id=selena_3584841 slurm_job_id=3584841 launched_at=2026-09-27T14:52:43.560367+00:00
[2026-09-27 14:52:43 UTC] vanilla split=validation method=chronos_bolt_512 dataset=CPHL/15T term=short L=512 H=12
TIME run allocation action=new run=/fslarge/scratch/users/h61084/codes/tsrag_time/outputs/tsrag/predictions/test/chronos_bolt_512/CPHL/15T/short/run_0 launch_id=selena_3584841 slurm_job_id=3584841 launched_at=2026-09-27T14:52:43.595662+00:00
[2026-09-27 14:52:43 UTC] vanilla split=test method=chronos_bolt_512 dataset=CPHL/15T term=short L=512 H=12
TIME run allocation action=new run=/fslarge/scratch/users/h61084/codes/tsrag_time/outputs/tsrag/predictions/validation/chronos_bolt_512/CPHL/15T/medium/run_0 launch_id=selena_3584841 slurm_job_id=3584841 launched_at=2026-09-27T14:52:43.636544+00:00
[2026-09-27 14:52:43 UTC] vanilla split=validation method=chronos_bolt_512 dataset=CPHL/15T term=medium L=512 H=96
TIME run allocation action=new run=/fslarge/scratch/users/h61084/codes/tsrag_time/outputs/tsrag/predictions/test/chronos_bolt_512/CPHL/15T/medium/run_0 launch_id=selena_3584841 slurm_job_id=3584841 launched_at=2026-09-27T14:52:43.664709+00:00
[2026-09-27 14:52:43 UTC] vanilla split=test method=chronos_bolt_512 dataset=CPHL/15T term=medium L=512 H=96
TIME run allocation action=new run=/fslarge/scratch/users/h61084/codes/tsrag_time/outputs/tsrag/predictions/validation/chronos_bolt_512/CPHL/15T/long/run_0 launch_id=selena_3584841 slurm_job_id=3584841 launched_at=2026-09-27T14:52:43.702593+00:00
[2026-09-27 14:52:43 UTC] vanilla split=validation method=chronos_bolt_512 dataset=CPHL/15T term=long L=512 H=288
TIME run allocation action=new run=/fslarge/scratch/users/h61084/codes/tsrag_time/outputs/tsrag/predictions/test/chronos_bolt_512/CPHL/15T/long/run_0 launch_id=selena_3584841 slurm_job_id=3584841 launched_at=2026-09-27T14:52:43.731481+00:00
[2026-09-27 14:52:43 UTC] vanilla split=test method=chronos_bolt_512 dataset=CPHL/15T term=long L=512 H=288
TIME run allocation action=new run=/fslarge/scratch/users/h61084/codes/tsrag_time/outputs/tsrag/predictions/validation/chronos_bolt_512/CPHL/30T/short/run_0 launch_id=selena_3584841 slurm_job_id=3584841 launched_at=2026-09-27T14:52:43.766888+00:00
[2026-09-27 14:52:43 UTC] vanilla split=validation method=chronos_bolt_512 dataset=CPHL/30T term=short L=512 H=12
TIME run allocation action=new run=/fslarge/scratch/users/h61084/codes/tsrag_time/outputs/tsrag/predictions/test/chronos_bolt_512/CPHL/30T/short/run_0 launch_id=selena_3584841 slurm_job_id=3584841 launched_at=2026-09-27T14:52:43.801935+00:00
[2026-09-27 14:52:43 UTC] vanilla split=test method=chronos_bolt_512 dataset=CPHL/30T term=short L=512 H=12
TIME run allocation action=new run=/fslarge/scratch/users/h61084/codes/tsrag_time/outputs/tsrag/predictions/validation/chronos_bolt_512/CPHL/30T/medium/run_0 launch_id=selena_3584841 slurm_job_id=3584841 launched_at=2026-09-27T14:52:43.842126+00:00
[2026-09-27 14:52:43 UTC] vanilla split=validation method=chronos_bolt_512 dataset=CPHL/30T term=medium L=512 H=48
TIME run allocation action=new run=/fslarge/scratch/users/h61084/codes/tsrag_time/outputs/tsrag/predictions/test/chronos_bolt_512/CPHL/30T/medium/run_0 launch_id=selena_3584841 slurm_job_id=3584841 launched_at=2026-09-27T14:52:43.873548+00:00
[2026-09-27 14:52:43 UTC] vanilla split=test method=chronos_bolt_512 dataset=CPHL/30T term=medium L=512 H=48
TIME run allocation action=new run=/fslarge/scratch/users/h61084/codes/tsrag_time/outputs/tsrag/predictions/validation/chronos_bolt_512/CPHL/30T/long/run_0 launch_id=selena_3584841 slurm_job_id=3584841 launched_at=2026-09-27T14:52:43.909816+00:00
[2026-09-27 14:52:43 UTC] vanilla split=validation method=chronos_bolt_512 dataset=CPHL/30T term=long L=512 H=144
TIME run allocation action=new run=/fslarge/scratch/users/h61084/codes/tsrag_time/outputs/tsrag/predictions/test/chronos_bolt_512/CPHL/30T/long/run_0 launch_id=selena_3584841 slurm_job_id=3584841 launched_at=2026-09-27T14:52:43.947898+00:00
[2026-09-27 14:52:43 UTC] vanilla split=test method=chronos_bolt_512 dataset=CPHL/30T term=long L=512 H=144
TIME run allocation action=new run=/fslarge/scratch/users/h61084/codes/tsrag_time/outputs/tsrag/predictions/validation/chronos_bolt_512/CPHL/H/short/run_0 launch_id=selena_3584841 slurm_job_id=3584841 launched_at=2026-09-27T14:52:43.993828+00:00
[2026-09-27 14:52:43 UTC] vanilla split=validation method=chronos_bolt_512 dataset=CPHL/H term=short L=512 H=24
TIME run allocation action=new run=/fslarge/scratch/users/h61084/codes/tsrag_time/outputs/tsrag/predictions/test/chronos_bolt_512/CPHL/H/short/run_0 launch_id=selena_3584841 slurm_job_id=3584841 launched_at=2026-09-27T14:52:44.026978+00:00
[2026-09-27 14:52:44 UTC] vanilla split=test method=chronos_bolt_512 dataset=CPHL/H term=short L=512 H=24
TIME run allocation action=new run=/fslarge/scratch/users/h61084/codes/tsrag_time/outputs/tsrag/predictions/validation/chronos_bolt_512/CPHL/H/medium/run_0 launch_id=selena_3584841 slurm_job_id=3584841 launched_at=2026-09-27T14:52:44.065287+00:00
[2026-09-27 14:52:44 UTC] vanilla split=validation method=chronos_bolt_512 dataset=CPHL/H term=medium L=512 H=168
TIME run allocation action=new run=/fslarge/scratch/users/h61084/codes/tsrag_time/outputs/tsrag/predictions/test/chronos_bolt_512/CPHL/H/medium/run_0 launch_id=selena_3584841 slurm_job_id=3584841 launched_at=2026-09-27T14:52:44.095993+00:00
[2026-09-27 14:52:44 UTC] vanilla split=test method=chronos_bolt_512 dataset=CPHL/H term=medium L=512 H=168
TIME run allocation action=new run=/fslarge/scratch/users/h61084/codes/tsrag_time/outputs/tsrag/predictions/validation/chronos_bolt_512/CPHL/H/long/run_0 launch_id=selena_3584841 slurm_job_id=3584841 launched_at=2026-09-27T14:52:44.133308+00:00
[2026-09-27 14:52:44 UTC] vanilla split=validation method=chronos_bolt_512 dataset=CPHL/H term=long L=512 H=336
TIME run allocation action=new run=/fslarge/scratch/users/h61084/codes/tsrag_time/outputs/tsrag/predictions/test/chronos_bolt_512/CPHL/H/long/run_0 launch_id=selena_3584841 slurm_job_id=3584841 launched_at=2026-09-27T14:52:44.161493+00:00
[2026-09-27 14:52:44 UTC] vanilla split=test method=chronos_bolt_512 dataset=CPHL/H term=long L=512 H=336
TIME run allocation action=new run=/fslarge/scratch/users/h61084/codes/tsrag_time/outputs/tsrag/predictions/validation/chronos_bolt_512/Coastal_T_S/15T/short/run_0 launch_id=selena_3584841 slurm_job_id=3584841 launched_at=2026-09-27T14:52:44.197624+00:00
[2026-09-27 14:52:44 UTC] vanilla split=validation method=chronos_bolt_512 dataset=Coastal_T_S/15T term=short L=512 H=12
TIME run allocation action=new run=/fslarge/scratch/users/h61084/codes/tsrag_time/outputs/tsrag/predictions/test/chronos_bolt_512/Coastal_T_S/15T/short/run_0 launch_id=selena_3584841 slurm_job_id=3584841 launched_at=2026-09-27T14:52:44.275660+00:00
[2026-09-27 14:52:44 UTC] vanilla split=test method=chronos_bolt_512 dataset=Coastal_T_S/15T term=short L=512 H=12
TIME run allocation action=new run=/fslarge/scratch/users/h61084/codes/tsrag_time/outputs/tsrag/predictions/validation/chronos_bolt_512/Coastal_T_S/15T/medium/run_0 launch_id=selena_3584841 slurm_job_id=3584841 launched_at=2026-09-27T14:52:44.351507+00:00
[2026-09-27 14:52:44 UTC] vanilla split=validation method=chronos_bolt_512 dataset=Coastal_T_S/15T term=medium L=512 H=96
TIME run allocation action=new run=/fslarge/scratch/users/h61084/codes/tsrag_time/outputs/tsrag/predictions/test/chronos_bolt_512/Coastal_T_S/15T/medium/run_0 launch_id=selena_3584841 slurm_job_id=3584841 launched_at=2026-09-27T14:52:44.404778+00:00
[2026-09-27 14:52:44 UTC] vanilla split=test method=chronos_bolt_512 dataset=Coastal_T_S/15T term=medium L=512 H=96
TIME run allocation action=new run=/fslarge/scratch/users/h61084/codes/tsrag_time/outputs/tsrag/predictions/validation/chronos_bolt_512/Coastal_T_S/15T/long/run_0 launch_id=selena_3584841 slurm_job_id=3584841 launched_at=2026-09-27T14:52:44.465108+00:00
[2026-09-27 14:52:44 UTC] vanilla split=validation method=chronos_bolt_512 dataset=Coastal_T_S/15T term=long L=512 H=288
TIME run allocation action=new run=/fslarge/scratch/users/h61084/codes/tsrag_time/outputs/tsrag/predictions/test/chronos_bolt_512/Coastal_T_S/15T/long/run_0 launch_id=selena_3584841 slurm_job_id=3584841 launched_at=2026-09-27T14:52:44.515581+00:00
[2026-09-27 14:52:44 UTC] vanilla split=test method=chronos_bolt_512 dataset=Coastal_T_S/15T term=long L=512 H=288
TIME run allocation action=new run=/fslarge/scratch/users/h61084/codes/tsrag_time/outputs/tsrag/predictions/validation/chronos_bolt_512/Coastal_T_S/20T/short/run_0 launch_id=selena_3584841 slurm_job_id=3584841 launched_at=2026-09-27T14:52:44.572333+00:00
[2026-09-27 14:52:44 UTC] vanilla split=validation method=chronos_bolt_512 dataset=Coastal_T_S/20T term=short L=512 H=9
TIME run allocation action=new run=/fslarge/scratch/users/h61084/codes/tsrag_time/outputs/tsrag/predictions/test/chronos_bolt_512/Coastal_T_S/20T/short/run_0 launch_id=selena_3584841 slurm_job_id=3584841 launched_at=2026-09-27T14:52:44.609872+00:00
[2026-09-27 14:52:44 UTC] vanilla split=test method=chronos_bolt_512 dataset=Coastal_T_S/20T term=short L=512 H=9
TIME run allocation action=new run=/fslarge/scratch/users/h61084/codes/tsrag_time/outputs/tsrag/predictions/validation/chronos_bolt_512/Coastal_T_S/20T/medium/run_0 launch_id=selena_3584841 slurm_job_id=3584841 launched_at=2026-09-27T14:52:44.649963+00:00
[2026-09-27 14:52:44 UTC] vanilla split=validation method=chronos_bolt_512 dataset=Coastal_T_S/20T term=medium L=512 H=72
TIME run allocation action=new run=/fslarge/scratch/users/h61084/codes/tsrag_time/outputs/tsrag/predictions/test/chronos_bolt_512/Coastal_T_S/20T/medium/run_0 launch_id=selena_3584841 slurm_job_id=3584841 launched_at=2026-09-27T14:52:44.679184+00:00
[2026-09-27 14:52:44 UTC] vanilla split=test method=chronos_bolt_512 dataset=Coastal_T_S/20T term=medium L=512 H=72
TIME run allocation action=new run=/fslarge/scratch/users/h61084/codes/tsrag_time/outputs/tsrag/predictions/validation/chronos_bolt_512/Coastal_T_S/20T/long/run_0 launch_id=selena_3584841 slurm_job_id=3584841 launched_at=2026-09-27T14:52:44.714219+00:00
[2026-09-27 14:52:44 UTC] vanilla split=validation method=chronos_bolt_512 dataset=Coastal_T_S/20T term=long L=512 H=216
TIME run allocation action=new run=/fslarge/scratch/users/h61084/codes/tsrag_time/outputs/tsrag/predictions/test/chronos_bolt_512/Coastal_T_S/20T/long/run_0 launch_id=selena_3584841 slurm_job_id=3584841 launched_at=2026-09-27T14:52:44.743121+00:00
[2026-09-27 14:52:44 UTC] vanilla split=test method=chronos_bolt_512 dataset=Coastal_T_S/20T term=long L=512 H=216
TIME run allocation action=new run=/fslarge/scratch/users/h61084/codes/tsrag_time/outputs/tsrag/predictions/validation/chronos_bolt_512/Coastal_T_S/H/short/run_0 launch_id=selena_3584841 slurm_job_id=3584841 launched_at=2026-09-27T14:52:44.778568+00:00
[2026-09-27 14:52:44 UTC] vanilla split=validation method=chronos_bolt_512 dataset=Coastal_T_S/H term=short L=512 H=24
TIME run allocation action=new run=/fslarge/scratch/users/h61084/codes/tsrag_time/outputs/tsrag/predictions/test/chronos_bolt_512/Coastal_T_S/H/short/run_0 launch_id=selena_3584841 slurm_job_id=3584841 launched_at=2026-09-27T14:52:44.868381+00:00
[2026-09-27 14:52:44 UTC] vanilla split=test method=chronos_bolt_512 dataset=Coastal_T_S/H term=short L=512 H=24
TIME run allocation action=new run=/fslarge/scratch/users/h61084/codes/tsrag_time/outputs/tsrag/predictions/validation/chronos_bolt_512/Coastal_T_S/H/medium/run_0 launch_id=selena_3584841 slurm_job_id=3584841 launched_at=2026-09-27T14:52:44.953783+00:00
[2026-09-27 14:52:44 UTC] vanilla split=validation method=chronos_bolt_512 dataset=Coastal_T_S/H term=medium L=512 H=168
TIME run allocation action=new run=/fslarge/scratch/users/h61084/codes/tsrag_time/outputs/tsrag/predictions/test/chronos_bolt_512/Coastal_T_S/H/medium/run_0 launch_id=selena_3584841 slurm_job_id=3584841 launched_at=2026-09-27T14:52:45.015749+00:00
[2026-09-27 14:52:45 UTC] vanilla split=test method=chronos_bolt_512 dataset=Coastal_T_S/H term=medium L=512 H=168
TIME run allocation action=new run=/fslarge/scratch/users/h61084/codes/tsrag_time/outputs/tsrag/predictions/validation/chronos_bolt_512/Coastal_T_S/H/long/run_0 launch_id=selena_3584841 slurm_job_id=3584841 launched_at=2026-09-27T14:52:45.083072+00:00
[2026-09-27 14:52:45 UTC] vanilla split=validation method=chronos_bolt_512 dataset=Coastal_T_S/H term=long L=512 H=336
TIME run allocation action=new run=/fslarge/scratch/users/h61084/codes/tsrag_time/outputs/tsrag/predictions/test/chronos_bolt_512/Coastal_T_S/H/long/run_0 launch_id=selena_3584841 slurm_job_id=3584841 launched_at=2026-09-27T14:52:45.142384+00:00
[2026-09-27 14:52:45 UTC] vanilla split=test method=chronos_bolt_512 dataset=Coastal_T_S/H term=long L=512 H=336
TIME run allocation action=new run=/fslarge/scratch/users/h61084/codes/tsrag_time/outputs/tsrag/predictions/validation/chronos_bolt_512/SG_Weather/D/short/run_0 launch_id=selena_3584841 slurm_job_id=3584841 launched_at=2026-09-27T14:52:45.208717+00:00
[2026-09-27 14:52:45 UTC] vanilla split=validation method=chronos_bolt_512 dataset=SG_Weather/D term=short L=512 H=3
TIME run allocation action=new run=/fslarge/scratch/users/h61084/codes/tsrag_time/outputs/tsrag/predictions/test/chronos_bolt_512/SG_Weather/D/short/run_0 launch_id=selena_3584841 slurm_job_id=3584841 launched_at=2026-09-27T14:52:45.289184+00:00
[2026-09-27 14:52:45 UTC] vanilla split=test method=chronos_bolt_512 dataset=SG_Weather/D term=short L=512 H=3
TIME run allocation action=new run=/fslarge/scratch/users/h61084/codes/tsrag_time/outputs/tsrag/predictions/validation/chronos_bolt_512/SG_Weather/D/medium/run_0 launch_id=selena_3584841 slurm_job_id=3584841 launched_at=2026-09-27T14:52:45.360209+00:00
[2026-09-27 14:52:45 UTC] vanilla split=validation method=chronos_bolt_512 dataset=SG_Weather/D term=medium L=512 H=7
[2026-09-27 14:52:52 UTC] resources selected_device {"device": "cuda", "model": "chronos_bolt", "stage": "forecast"}
TIME run allocation action=new run=/fslarge/scratch/users/h61084/codes/tsrag_time/outputs/tsrag/predictions/test/chronos_bolt_512/SG_Weather/D/medium/run_0 launch_id=selena_3584841 slurm_job_id=3584841 launched_at=2026-09-27T14:52:55.395377+00:00
[2026-09-27 14:52:55 UTC] vanilla split=test method=chronos_bolt_512 dataset=SG_Weather/D term=medium L=512 H=7
TIME run allocation action=new run=/fslarge/scratch/users/h61084/codes/tsrag_time/outputs/tsrag/predictions/validation/chronos_bolt_512/SG_Weather/D/long/run_0 launch_id=selena_3584841 slurm_job_id=3584841 launched_at=2026-09-27T14:52:55.453750+00:00
[2026-09-27 14:52:55 UTC] vanilla split=validation method=chronos_bolt_512 dataset=SG_Weather/D term=long L=512 H=14
TIME run allocation action=new run=/fslarge/scratch/users/h61084/codes/tsrag_time/outputs/tsrag/predictions/test/chronos_bolt_512/SG_Weather/D/long/run_0 launch_id=selena_3584841 slurm_job_id=3584841 launched_at=2026-09-27T14:52:55.866842+00:00
[2026-09-27 14:52:55 UTC] vanilla split=test method=chronos_bolt_512 dataset=SG_Weather/D term=long L=512 H=14
TIME run allocation action=new run=/fslarge/scratch/users/h61084/codes/tsrag_time/outputs/tsrag/predictions/validation/chronos_bolt_512/SG_PM25/H/short/run_0 launch_id=selena_3584841 slurm_job_id=3584841 launched_at=2026-09-27T14:52:55.916070+00:00
[2026-09-27 14:52:55 UTC] vanilla split=validation method=chronos_bolt_512 dataset=SG_PM25/H term=short L=512 H=24
TIME run allocation action=new run=/fslarge/scratch/users/h61084/codes/tsrag_time/outputs/tsrag/predictions/test/chronos_bolt_512/SG_PM25/H/short/run_0 launch_id=selena_3584841 slurm_job_id=3584841 launched_at=2026-09-27T14:52:55.970098+00:00
[2026-09-27 14:52:55 UTC] vanilla split=test method=chronos_bolt_512 dataset=SG_PM25/H term=short L=512 H=24
TIME run allocation action=new run=/fslarge/scratch/users/h61084/codes/tsrag_time/outputs/tsrag/predictions/validation/chronos_bolt_512/SG_PM25/H/medium/run_0 launch_id=selena_3584841 slurm_job_id=3584841 launched_at=2026-09-27T14:52:56.025683+00:00
[2026-09-27 14:52:56 UTC] vanilla split=validation method=chronos_bolt_512 dataset=SG_PM25/H term=medium L=512 H=72
TIME run allocation action=new run=/fslarge/scratch/users/h61084/codes/tsrag_time/outputs/tsrag/predictions/test/chronos_bolt_512/SG_PM25/H/medium/run_0 launch_id=selena_3584841 slurm_job_id=3584841 launched_at=2026-09-27T14:52:56.071527+00:00
[2026-09-27 14:52:56 UTC] vanilla split=test method=chronos_bolt_512 dataset=SG_PM25/H term=medium L=512 H=72
TIME run allocation action=new run=/fslarge/scratch/users/h61084/codes/tsrag_time/outputs/tsrag/predictions/validation/chronos_bolt_512/SG_PM25/H/long/run_0 launch_id=selena_3584841 slurm_job_id=3584841 launched_at=2026-09-27T14:52:56.123526+00:00
[2026-09-27 14:52:56 UTC] vanilla split=validation method=chronos_bolt_512 dataset=SG_PM25/H term=long L=512 H=168
TIME run allocation action=new run=/fslarge/scratch/users/h61084/codes/tsrag_time/outputs/tsrag/predictions/test/chronos_bolt_512/SG_PM25/H/long/run_0 launch_id=selena_3584841 slurm_job_id=3584841 launched_at=2026-09-27T14:52:56.521782+00:00
[2026-09-27 14:52:56 UTC] vanilla split=test method=chronos_bolt_512 dataset=SG_PM25/H term=long L=512 H=168
TIME run allocation action=new run=/fslarge/scratch/users/h61084/codes/tsrag_time/outputs/tsrag/predictions/validation/chronos_bolt_512/NE_China_Wind/H/short/run_0 launch_id=selena_3584841 slurm_job_id=3584841 launched_at=2026-09-27T14:52:56.575268+00:00
[2026-09-27 14:52:56 UTC] vanilla split=validation method=chronos_bolt_512 dataset=NE_China_Wind/H term=short L=512 H=24
TIME run allocation action=new run=/fslarge/scratch/users/h61084/codes/tsrag_time/outputs/tsrag/predictions/test/chronos_bolt_512/NE_China_Wind/H/short/run_0 launch_id=selena_3584841 slurm_job_id=3584841 launched_at=2026-09-27T14:52:56.609433+00:00
[2026-09-27 14:52:56 UTC] vanilla split=test method=chronos_bolt_512 dataset=NE_China_Wind/H term=short L=512 H=24
TIME run allocation action=new run=/fslarge/scratch/users/h61084/codes/tsrag_time/outputs/tsrag/predictions/validation/chronos_bolt_512/NE_China_Wind/H/medium/run_0 launch_id=selena_3584841 slurm_job_id=3584841 launched_at=2026-09-27T14:52:56.648500+00:00
[2026-09-27 14:52:56 UTC] vanilla split=validation method=chronos_bolt_512 dataset=NE_China_Wind/H term=medium L=512 H=72
TIME run allocation action=new run=/fslarge/scratch/users/h61084/codes/tsrag_time/outputs/tsrag/predictions/test/chronos_bolt_512/NE_China_Wind/H/medium/run_0 launch_id=selena_3584841 slurm_job_id=3584841 launched_at=2026-09-27T14:52:56.679588+00:00
[2026-09-27 14:52:56 UTC] vanilla split=test method=chronos_bolt_512 dataset=NE_China_Wind/H term=medium L=512 H=72
TIME run allocation action=new run=/fslarge/scratch/users/h61084/codes/tsrag_time/outputs/tsrag/predictions/validation/chronos_bolt_512/NE_China_Wind/H/long/run_0 launch_id=selena_3584841 slurm_job_id=3584841 launched_at=2026-09-27T14:52:56.716006+00:00
[2026-09-27 14:52:56 UTC] vanilla split=validation method=chronos_bolt_512 dataset=NE_China_Wind/H term=long L=512 H=168
TIME run allocation action=new run=/fslarge/scratch/users/h61084/codes/tsrag_time/outputs/tsrag/predictions/test/chronos_bolt_512/NE_China_Wind/H/long/run_0 launch_id=selena_3584841 slurm_job_id=3584841 launched_at=2026-09-27T14:52:56.837509+00:00
[2026-09-27 14:52:56 UTC] vanilla split=test method=chronos_bolt_512 dataset=NE_China_Wind/H term=long L=512 H=168
TIME run allocation action=new run=/fslarge/scratch/users/h61084/codes/tsrag_time/outputs/tsrag/predictions/validation/chronos_bolt_512/Australia_Solar/H/short/run_0 launch_id=selena_3584841 slurm_job_id=3584841 launched_at=2026-09-27T14:52:56.875681+00:00
[2026-09-27 14:52:56 UTC] vanilla split=validation method=chronos_bolt_512 dataset=Australia_Solar/H term=short L=512 H=24
TIME run allocation action=new run=/fslarge/scratch/users/h61084/codes/tsrag_time/outputs/tsrag/predictions/test/chronos_bolt_512/Australia_Solar/H/short/run_0 launch_id=selena_3584841 slurm_job_id=3584841 launched_at=2026-09-27T14:52:56.917809+00:00
[2026-09-27 14:52:56 UTC] vanilla split=test method=chronos_bolt_512 dataset=Australia_Solar/H term=short L=512 H=24
TIME run allocation action=new run=/fslarge/scratch/users/h61084/codes/tsrag_time/outputs/tsrag/predictions/validation/chronos_bolt_512/Australia_Solar/H/medium/run_0 launch_id=selena_3584841 slurm_job_id=3584841 launched_at=2026-09-27T14:52:56.963596+00:00
[2026-09-27 14:52:56 UTC] vanilla split=validation method=chronos_bolt_512 dataset=Australia_Solar/H term=medium L=512 H=72
TIME run allocation action=new run=/fslarge/scratch/users/h61084/codes/tsrag_time/outputs/tsrag/predictions/test/chronos_bolt_512/Australia_Solar/H/medium/run_0 launch_id=selena_3584841 slurm_job_id=3584841 launched_at=2026-09-27T14:52:57.000668+00:00
[2026-09-27 14:52:57 UTC] vanilla split=test method=chronos_bolt_512 dataset=Australia_Solar/H term=medium L=512 H=72
TIME run allocation action=new run=/fslarge/scratch/users/h61084/codes/tsrag_time/outputs/tsrag/predictions/validation/chronos_bolt_512/Australia_Solar/H/long/run_0 launch_id=selena_3584841 slurm_job_id=3584841 launched_at=2026-09-27T14:52:57.044512+00:00
[2026-09-27 14:52:57 UTC] vanilla split=validation method=chronos_bolt_512 dataset=Australia_Solar/H term=long L=512 H=168
TIME run allocation action=new run=/fslarge/scratch/users/h61084/codes/tsrag_time/outputs/tsrag/predictions/test/chronos_bolt_512/Australia_Solar/H/long/run_0 launch_id=selena_3584841 slurm_job_id=3584841 launched_at=2026-09-27T14:52:57.081320+00:00
[2026-09-27 14:52:57 UTC] vanilla split=test method=chronos_bolt_512 dataset=Australia_Solar/H term=long L=512 H=168
TIME run allocation action=new run=/fslarge/scratch/users/h61084/codes/tsrag_time/outputs/tsrag/predictions/validation/chronos_bolt_512/epf_electricity_price/H/short/run_0 launch_id=selena_3584841 slurm_job_id=3584841 launched_at=2026-09-27T14:52:57.123795+00:00
[2026-09-27 14:52:57 UTC] vanilla split=validation method=chronos_bolt_512 dataset=epf_electricity_price/H term=short L=512 H=24
TIME run allocation action=new run=/fslarge/scratch/users/h61084/codes/tsrag_time/outputs/tsrag/predictions/test/chronos_bolt_512/epf_electricity_price/H/short/run_0 launch_id=selena_3584841 slurm_job_id=3584841 launched_at=2026-09-27T14:52:57.178675+00:00
[2026-09-27 14:52:57 UTC] vanilla split=test method=chronos_bolt_512 dataset=epf_electricity_price/H term=short L=512 H=24
TIME run allocation action=new run=/fslarge/scratch/users/h61084/codes/tsrag_time/outputs/tsrag/predictions/validation/chronos_bolt_512/epf_electricity_price/H/medium/run_0 launch_id=selena_3584841 slurm_job_id=3584841 launched_at=2026-09-27T14:52:57.240801+00:00
[2026-09-27 14:52:57 UTC] vanilla split=validation method=chronos_bolt_512 dataset=epf_electricity_price/H term=medium L=512 H=72
TIME run allocation action=new run=/fslarge/scratch/users/h61084/codes/tsrag_time/outputs/tsrag/predictions/test/chronos_bolt_512/epf_electricity_price/H/medium/run_0 launch_id=selena_3584841 slurm_job_id=3584841 launched_at=2026-09-27T14:52:57.298017+00:00
[2026-09-27 14:52:57 UTC] vanilla split=test method=chronos_bolt_512 dataset=epf_electricity_price/H term=medium L=512 H=72
TIME run allocation action=new run=/fslarge/scratch/users/h61084/codes/tsrag_time/outputs/tsrag/predictions/validation/chronos_bolt_512/epf_electricity_price/H/long/run_0 launch_id=selena_3584841 slurm_job_id=3584841 launched_at=2026-09-27T14:52:57.351498+00:00
[2026-09-27 14:52:57 UTC] vanilla split=validation method=chronos_bolt_512 dataset=epf_electricity_price/H term=long L=512 H=168
TIME run allocation action=new run=/fslarge/scratch/users/h61084/codes/tsrag_time/outputs/tsrag/predictions/test/chronos_bolt_512/epf_electricity_price/H/long/run_0 launch_id=selena_3584841 slurm_job_id=3584841 launched_at=2026-09-27T14:52:57.398681+00:00
[2026-09-27 14:52:57 UTC] vanilla split=test method=chronos_bolt_512 dataset=epf_electricity_price/H term=long L=512 H=168
TIME run allocation action=new run=/fslarge/scratch/users/h61084/codes/tsrag_time/outputs/tsrag/predictions/validation/chronos_bolt_512/OpenElectricity_NEM/5T/short/run_0 launch_id=selena_3584841 slurm_job_id=3584841 launched_at=2026-09-27T14:52:57.451873+00:00
[2026-09-27 14:52:57 UTC] vanilla split=validation method=chronos_bolt_512 dataset=OpenElectricity_NEM/5T term=short L=512 H=24
TIME run allocation action=new run=/fslarge/scratch/users/h61084/codes/tsrag_time/outputs/tsrag/predictions/test/chronos_bolt_512/OpenElectricity_NEM/5T/short/run_0 launch_id=selena_3584841 slurm_job_id=3584841 launched_at=2026-09-27T14:52:57.545386+00:00
[2026-09-27 14:52:57 UTC] vanilla split=test method=chronos_bolt_512 dataset=OpenElectricity_NEM/5T term=short L=512 H=24
TIME run allocation action=new run=/fslarge/scratch/users/h61084/codes/tsrag_time/outputs/tsrag/predictions/validation/chronos_bolt_512/OpenElectricity_NEM/5T/medium/run_0 launch_id=selena_3584841 slurm_job_id=3584841 launched_at=2026-09-27T14:52:57.635524+00:00
[2026-09-27 14:52:57 UTC] vanilla split=validation method=chronos_bolt_512 dataset=OpenElectricity_NEM/5T term=medium L=512 H=96
TIME run allocation action=new run=/fslarge/scratch/users/h61084/codes/tsrag_time/outputs/tsrag/predictions/test/chronos_bolt_512/OpenElectricity_NEM/5T/medium/run_0 launch_id=selena_3584841 slurm_job_id=3584841 launched_at=2026-09-27T14:52:57.707280+00:00
[2026-09-27 14:52:57 UTC] vanilla split=test method=chronos_bolt_512 dataset=OpenElectricity_NEM/5T term=medium L=512 H=96
TIME run allocation action=new run=/fslarge/scratch/users/h61084/codes/tsrag_time/outputs/tsrag/predictions/validation/chronos_bolt_512/OpenElectricity_NEM/5T/long/run_0 launch_id=selena_3584841 slurm_job_id=3584841 launched_at=2026-09-27T14:52:57.783270+00:00
[2026-09-27 14:52:57 UTC] vanilla split=validation method=chronos_bolt_512 dataset=OpenElectricity_NEM/5T term=long L=512 H=288
TIME run allocation action=new run=/fslarge/scratch/users/h61084/codes/tsrag_time/outputs/tsrag/predictions/test/chronos_bolt_512/OpenElectricity_NEM/5T/long/run_0 launch_id=selena_3584841 slurm_job_id=3584841 launched_at=2026-09-27T14:52:57.849764+00:00
[2026-09-27 14:52:57 UTC] vanilla split=test method=chronos_bolt_512 dataset=OpenElectricity_NEM/5T term=long L=512 H=288
TIME run allocation action=new run=/fslarge/scratch/users/h61084/codes/tsrag_time/outputs/tsrag/predictions/validation/chronos_bolt_512/EWELD_Load/15T/short/run_0 launch_id=selena_3584841 slurm_job_id=3584841 launched_at=2026-09-27T14:52:57.925167+00:00
[2026-09-27 14:52:57 UTC] vanilla split=validation method=chronos_bolt_512 dataset=EWELD_Load/15T term=short L=512 H=24
TIME run allocation action=new run=/fslarge/scratch/users/h61084/codes/tsrag_time/outputs/tsrag/predictions/test/chronos_bolt_512/EWELD_Load/15T/short/run_0 launch_id=selena_3584841 slurm_job_id=3584841 launched_at=2026-09-27T14:52:57.979362+00:00
[2026-09-27 14:52:57 UTC] vanilla split=test method=chronos_bolt_512 dataset=EWELD_Load/15T term=short L=512 H=24
TIME run allocation action=new run=/fslarge/scratch/users/h61084/codes/tsrag_time/outputs/tsrag/predictions/validation/chronos_bolt_512/EWELD_Load/15T/medium/run_0 launch_id=selena_3584841 slurm_job_id=3584841 launched_at=2026-09-27T14:52:58.035433+00:00
[2026-09-27 14:52:58 UTC] vanilla split=validation method=chronos_bolt_512 dataset=EWELD_Load/15T term=medium L=512 H=96
TIME run allocation action=new run=/fslarge/scratch/users/h61084/codes/tsrag_time/outputs/tsrag/predictions/test/chronos_bolt_512/EWELD_Load/15T/medium/run_0 launch_id=selena_3584841 slurm_job_id=3584841 launched_at=2026-09-27T14:52:58.080408+00:00
[2026-09-27 14:52:58 UTC] vanilla split=test method=chronos_bolt_512 dataset=EWELD_Load/15T term=medium L=512 H=96
TIME run allocation action=new run=/fslarge/scratch/users/h61084/codes/tsrag_time/outputs/tsrag/predictions/validation/chronos_bolt_512/EWELD_Load/15T/long/run_0 launch_id=selena_3584841 slurm_job_id=3584841 launched_at=2026-09-27T14:52:58.130473+00:00
[2026-09-27 14:52:58 UTC] vanilla split=validation method=chronos_bolt_512 dataset=EWELD_Load/15T term=long L=512 H=672
TIME run allocation action=new run=/fslarge/scratch/users/h61084/codes/tsrag_time/outputs/tsrag/predictions/test/chronos_bolt_512/EWELD_Load/15T/long/run_0 launch_id=selena_3584841 slurm_job_id=3584841 launched_at=2026-09-27T14:52:58.174004+00:00
[2026-09-27 14:52:58 UTC] vanilla split=test method=chronos_bolt_512 dataset=EWELD_Load/15T term=long L=512 H=672
TIME run allocation action=new run=/fslarge/scratch/users/h61084/codes/tsrag_time/outputs/tsrag/predictions/validation/chronos_bolt_512/SG_Carpark/15T/short/run_0 launch_id=selena_3584841 slurm_job_id=3584841 launched_at=2026-09-27T14:52:58.223846+00:00
[2026-09-27 14:52:58 UTC] vanilla split=validation method=chronos_bolt_512 dataset=SG_Carpark/15T term=short L=512 H=16
TIME run allocation action=new run=/fslarge/scratch/users/h61084/codes/tsrag_time/outputs/tsrag/predictions/test/chronos_bolt_512/SG_Carpark/15T/short/run_0 launch_id=selena_3584841 slurm_job_id=3584841 launched_at=2026-09-27T14:52:58.880138+00:00
[2026-09-27 14:52:58 UTC] vanilla split=test method=chronos_bolt_512 dataset=SG_Carpark/15T term=short L=512 H=16
TIME run allocation action=new run=/fslarge/scratch/users/h61084/codes/tsrag_time/outputs/tsrag/predictions/validation/chronos_bolt_512/SG_Carpark/15T/medium/run_0 launch_id=selena_3584841 slurm_job_id=3584841 launched_at=2026-09-27T14:52:59.450871+00:00
[2026-09-27 14:52:59 UTC] vanilla split=validation method=chronos_bolt_512 dataset=SG_Carpark/15T term=medium L=512 H=96
TIME run allocation action=new run=/fslarge/scratch/users/h61084/codes/tsrag_time/outputs/tsrag/predictions/test/chronos_bolt_512/SG_Carpark/15T/medium/run_0 launch_id=selena_3584841 slurm_job_id=3584841 launched_at=2026-09-27T14:52:59.884342+00:00
[2026-09-27 14:52:59 UTC] vanilla split=test method=chronos_bolt_512 dataset=SG_Carpark/15T term=medium L=512 H=96
TIME run allocation action=new run=/fslarge/scratch/users/h61084/codes/tsrag_time/outputs/tsrag/predictions/validation/chronos_bolt_512/SG_Carpark/15T/long/run_0 launch_id=selena_3584841 slurm_job_id=3584841 launched_at=2026-09-27T14:53:00.325250+00:00
[2026-09-27 14:53:00 UTC] vanilla split=validation method=chronos_bolt_512 dataset=SG_Carpark/15T term=long L=512 H=672
TIME run allocation action=new run=/fslarge/scratch/users/h61084/codes/tsrag_time/outputs/tsrag/predictions/test/chronos_bolt_512/SG_Carpark/15T/long/run_0 launch_id=selena_3584841 slurm_job_id=3584841 launched_at=2026-09-27T14:53:00.739222+00:00
[2026-09-27 14:53:00 UTC] vanilla split=test method=chronos_bolt_512 dataset=SG_Carpark/15T term=long L=512 H=672
TIME run allocation action=new run=/fslarge/scratch/users/h61084/codes/tsrag_time/outputs/tsrag/predictions/validation/chronos_bolt_512/Finland_Traffic/15T/short/run_0 launch_id=selena_3584841 slurm_job_id=3584841 launched_at=2026-09-27T14:53:01.152359+00:00
[2026-09-27 14:53:01 UTC] vanilla split=validation method=chronos_bolt_512 dataset=Finland_Traffic/15T term=short L=512 H=16
TIME run allocation action=new run=/fslarge/scratch/users/h61084/codes/tsrag_time/outputs/tsrag/predictions/test/chronos_bolt_512/Finland_Traffic/15T/short/run_0 launch_id=selena_3584841 slurm_job_id=3584841 launched_at=2026-09-27T14:53:01.188170+00:00
[2026-09-27 14:53:01 UTC] vanilla split=test method=chronos_bolt_512 dataset=Finland_Traffic/15T term=short L=512 H=16
TIME run allocation action=new run=/fslarge/scratch/users/h61084/codes/tsrag_time/outputs/tsrag/predictions/validation/chronos_bolt_512/Finland_Traffic/15T/medium/run_0 launch_id=selena_3584841 slurm_job_id=3584841 launched_at=2026-09-27T14:53:01.227219+00:00
[2026-09-27 14:53:01 UTC] vanilla split=validation method=chronos_bolt_512 dataset=Finland_Traffic/15T term=medium L=512 H=96
TIME run allocation action=new run=/fslarge/scratch/users/h61084/codes/tsrag_time/outputs/tsrag/predictions/test/chronos_bolt_512/Finland_Traffic/15T/medium/run_0 launch_id=selena_3584841 slurm_job_id=3584841 launched_at=2026-09-27T14:53:01.257534+00:00
[2026-09-27 14:53:01 UTC] vanilla split=test method=chronos_bolt_512 dataset=Finland_Traffic/15T term=medium L=512 H=96
TIME run allocation action=new run=/fslarge/scratch/users/h61084/codes/tsrag_time/outputs/tsrag/predictions/validation/chronos_bolt_512/Finland_Traffic/15T/long/run_0 launch_id=selena_3584841 slurm_job_id=3584841 launched_at=2026-09-27T14:53:01.294169+00:00
[2026-09-27 14:53:01 UTC] vanilla split=validation method=chronos_bolt_512 dataset=Finland_Traffic/15T term=long L=512 H=672
TIME run allocation action=new run=/fslarge/scratch/users/h61084/codes/tsrag_time/outputs/tsrag/predictions/test/chronos_bolt_512/Finland_Traffic/15T/long/run_0 launch_id=selena_3584841 slurm_job_id=3584841 launched_at=2026-09-27T14:53:01.518703+00:00
[2026-09-27 14:53:01 UTC] vanilla split=test method=chronos_bolt_512 dataset=Finland_Traffic/15T term=long L=512 H=672
TIME run allocation action=new run=/fslarge/scratch/users/h61084/codes/tsrag_time/outputs/tsrag/predictions/validation/chronos_bolt_512/Port_Activity/D/short/run_0 launch_id=selena_3584841 slurm_job_id=3584841 launched_at=2026-09-27T14:53:01.556534+00:00
[2026-09-27 14:53:01 UTC] vanilla split=validation method=chronos_bolt_512 dataset=Port_Activity/D term=short L=512 H=30
TIME run allocation action=new run=/fslarge/scratch/users/h61084/codes/tsrag_time/outputs/tsrag/predictions/test/chronos_bolt_512/Port_Activity/D/short/run_0 launch_id=selena_3584841 slurm_job_id=3584841 launched_at=2026-09-27T14:53:01.631549+00:00
[2026-09-27 14:53:01 UTC] vanilla split=test method=chronos_bolt_512 dataset=Port_Activity/D term=short L=512 H=30
TIME run allocation action=new run=/fslarge/scratch/users/h61084/codes/tsrag_time/outputs/tsrag/predictions/validation/chronos_bolt_512/Port_Activity/W/short/run_0 launch_id=selena_3584841 slurm_job_id=3584841 launched_at=2026-09-27T14:53:01.735080+00:00
[2026-09-27 14:53:01 UTC] vanilla split=validation method=chronos_bolt_512 dataset=Port_Activity/W term=short L=512 H=13
TIME run allocation action=new run=/fslarge/scratch/users/h61084/codes/tsrag_time/outputs/tsrag/predictions/test/chronos_bolt_512/Port_Activity/W/short/run_0 launch_id=selena_3584841 slurm_job_id=3584841 launched_at=2026-09-27T14:53:01.776304+00:00
[2026-09-27 14:53:01 UTC] vanilla split=test method=chronos_bolt_512 dataset=Port_Activity/W term=short L=512 H=13
TIME run allocation action=new run=/fslarge/scratch/users/h61084/codes/tsrag_time/outputs/tsrag/predictions/validation/chronos_bolt_512/ECDC_COVID/D/short/run_0 launch_id=selena_3584841 slurm_job_id=3584841 launched_at=2026-09-27T14:53:01.831266+00:00
[2026-09-27 14:53:01 UTC] vanilla split=validation method=chronos_bolt_512 dataset=ECDC_COVID/D term=short L=512 H=30
TIME run allocation action=new run=/fslarge/scratch/users/h61084/codes/tsrag_time/outputs/tsrag/predictions/test/chronos_bolt_512/ECDC_COVID/D/short/run_0 launch_id=selena_3584841 slurm_job_id=3584841 launched_at=2026-09-27T14:53:01.861180+00:00
[2026-09-27 14:53:01 UTC] vanilla split=test method=chronos_bolt_512 dataset=ECDC_COVID/D term=short L=512 H=30
TIME run allocation action=new run=/fslarge/scratch/users/h61084/codes/tsrag_time/outputs/tsrag/predictions/validation/chronos_bolt_512/ECDC_COVID/W/short/run_0 launch_id=selena_3584841 slurm_job_id=3584841 launched_at=2026-09-27T14:53:01.897960+00:00
[2026-09-27 14:53:01 UTC] vanilla split=validation method=chronos_bolt_512 dataset=ECDC_COVID/W term=short L=512 H=13
TIME run allocation action=new run=/fslarge/scratch/users/h61084/codes/tsrag_time/outputs/tsrag/predictions/test/chronos_bolt_512/ECDC_COVID/W/short/run_0 launch_id=selena_3584841 slurm_job_id=3584841 launched_at=2026-09-27T14:53:01.927256+00:00
[2026-09-27 14:53:01 UTC] vanilla split=test method=chronos_bolt_512 dataset=ECDC_COVID/W term=short L=512 H=13
TIME run allocation action=new run=/fslarge/scratch/users/h61084/codes/tsrag_time/outputs/tsrag/predictions/validation/chronos_bolt_512/Global_Influenza/W/short/run_0 launch_id=selena_3584841 slurm_job_id=3584841 launched_at=2026-09-27T14:53:01.964655+00:00
[2026-09-27 14:53:01 UTC] vanilla split=validation method=chronos_bolt_512 dataset=Global_Influenza/W term=short L=512 H=13
TIME run allocation action=new run=/fslarge/scratch/users/h61084/codes/tsrag_time/outputs/tsrag/predictions/test/chronos_bolt_512/Global_Influenza/W/short/run_0 launch_id=selena_3584841 slurm_job_id=3584841 launched_at=2026-09-27T14:53:01.994872+00:00
[2026-09-27 14:53:01 UTC] vanilla split=test method=chronos_bolt_512 dataset=Global_Influenza/W term=short L=512 H=13
TIME run allocation action=new run=/fslarge/scratch/users/h61084/codes/tsrag_time/outputs/tsrag/predictions/validation/chronos_bolt_512/Crypto/D/short/run_0 launch_id=selena_3584841 slurm_job_id=3584841 launched_at=2026-09-27T14:53:02.034032+00:00
[2026-09-27 14:53:02 UTC] vanilla split=validation method=chronos_bolt_512 dataset=Crypto/D term=short L=512 H=30
TIME run allocation action=new run=/fslarge/scratch/users/h61084/codes/tsrag_time/outputs/tsrag/predictions/test/chronos_bolt_512/Crypto/D/short/run_0 launch_id=selena_3584841 slurm_job_id=3584841 launched_at=2026-09-27T14:53:02.080315+00:00
[2026-09-27 14:53:02 UTC] vanilla split=test method=chronos_bolt_512 dataset=Crypto/D term=short L=512 H=30
TIME run allocation action=new run=/fslarge/scratch/users/h61084/codes/tsrag_time/outputs/tsrag/predictions/validation/chronos_bolt_512/US_Term_Structure/B/short/run_0 launch_id=selena_3584841 slurm_job_id=3584841 launched_at=2026-09-27T14:53:02.118104+00:00
[2026-09-27 14:53:02 UTC] vanilla split=validation method=chronos_bolt_512 dataset=US_Term_Structure/B term=short L=512 H=20
TIME run allocation action=new run=/fslarge/scratch/users/h61084/codes/tsrag_time/outputs/tsrag/predictions/test/chronos_bolt_512/US_Term_Structure/B/short/run_0 launch_id=selena_3584841 slurm_job_id=3584841 launched_at=2026-09-27T14:53:02.180018+00:00
[2026-09-27 14:53:02 UTC] vanilla split=test method=chronos_bolt_512 dataset=US_Term_Structure/B term=short L=512 H=20
TIME run allocation action=new run=/fslarge/scratch/users/h61084/codes/tsrag_time/outputs/tsrag/predictions/validation/chronos_bolt_512/Oil_Price/B/short/run_0 launch_id=selena_3584841 slurm_job_id=3584841 launched_at=2026-09-27T14:53:02.260507+00:00
[2026-09-27 14:53:02 UTC] vanilla split=validation method=chronos_bolt_512 dataset=Oil_Price/B term=short L=512 H=20
TIME run allocation action=new run=/fslarge/scratch/users/h61084/codes/tsrag_time/outputs/tsrag/predictions/test/chronos_bolt_512/Oil_Price/B/short/run_0 launch_id=selena_3584841 slurm_job_id=3584841 launched_at=2026-09-27T14:53:02.293907+00:00
[2026-09-27 14:53:02 UTC] vanilla split=test method=chronos_bolt_512 dataset=Oil_Price/B term=short L=512 H=20
TIME run allocation action=new run=/fslarge/scratch/users/h61084/codes/tsrag_time/outputs/tsrag/predictions/validation/chronos_bolt_512/Job_Claims/W/short/run_0 launch_id=selena_3584841 slurm_job_id=3584841 launched_at=2026-09-27T14:53:02.338442+00:00
[2026-09-27 14:53:02 UTC] vanilla split=validation method=chronos_bolt_512 dataset=Job_Claims/W term=short L=512 H=13
TIME run allocation action=new run=/fslarge/scratch/users/h61084/codes/tsrag_time/outputs/tsrag/predictions/test/chronos_bolt_512/Job_Claims/W/short/run_0 launch_id=selena_3584841 slurm_job_id=3584841 launched_at=2026-09-27T14:53:02.366450+00:00
[2026-09-27 14:53:02 UTC] vanilla split=test method=chronos_bolt_512 dataset=Job_Claims/W term=short L=512 H=13
TIME run allocation action=new run=/fslarge/scratch/users/h61084/codes/tsrag_time/outputs/tsrag/predictions/validation/chronos_bolt_512/Uncertainty_1M/M/short/run_0 launch_id=selena_3584841 slurm_job_id=3584841 launched_at=2026-09-27T14:53:02.401184+00:00
[2026-09-27 14:53:02 UTC] vanilla split=validation method=chronos_bolt_512 dataset=Uncertainty_1M/M term=short L=512 H=6
TIME run allocation action=new run=/fslarge/scratch/users/h61084/codes/tsrag_time/outputs/tsrag/predictions/test/chronos_bolt_512/Uncertainty_1M/M/short/run_0 launch_id=selena_3584841 slurm_job_id=3584841 launched_at=2026-09-27T14:53:02.429289+00:00
[2026-09-27 14:53:02 UTC] vanilla split=test method=chronos_bolt_512 dataset=Uncertainty_1M/M term=short L=512 H=6
TIME run allocation action=new run=/fslarge/scratch/users/h61084/codes/tsrag_time/outputs/tsrag/predictions/validation/chronos_bolt_512/Housing_Inventory/M/short/run_0 launch_id=selena_3584841 slurm_job_id=3584841 launched_at=2026-09-27T14:53:02.463583+00:00
[2026-09-27 14:53:02 UTC] vanilla split=validation method=chronos_bolt_512 dataset=Housing_Inventory/M term=short L=512 H=12
TIME run allocation action=new run=/fslarge/scratch/users/h61084/codes/tsrag_time/outputs/tsrag/predictions/test/chronos_bolt_512/Housing_Inventory/M/short/run_0 launch_id=selena_3584841 slurm_job_id=3584841 launched_at=2026-09-27T14:53:02.492564+00:00
[2026-09-27 14:53:02 UTC] vanilla split=test method=chronos_bolt_512 dataset=Housing_Inventory/M term=short L=512 H=12
TIME run allocation action=new run=/fslarge/scratch/users/h61084/codes/tsrag_time/outputs/tsrag/predictions/validation/chronos_bolt_512/JOLTS/M/short/run_0 launch_id=selena_3584841 slurm_job_id=3584841 launched_at=2026-09-27T14:53:02.529205+00:00
[2026-09-27 14:53:02 UTC] vanilla split=validation method=chronos_bolt_512 dataset=JOLTS/M term=short L=512 H=12
TIME run allocation action=new run=/fslarge/scratch/users/h61084/codes/tsrag_time/outputs/tsrag/predictions/test/chronos_bolt_512/JOLTS/M/short/run_0 launch_id=selena_3584841 slurm_job_id=3584841 launched_at=2026-09-27T14:53:02.570687+00:00
[2026-09-27 14:53:02 UTC] vanilla split=test method=chronos_bolt_512 dataset=JOLTS/M term=short L=512 H=12
TIME run allocation action=new run=/fslarge/scratch/users/h61084/codes/tsrag_time/outputs/tsrag/predictions/validation/chronos_bolt_512/US_Labor/M/short/run_0 launch_id=selena_3584841 slurm_job_id=3584841 launched_at=2026-09-27T14:53:02.608926+00:00
[2026-09-27 14:53:02 UTC] vanilla split=validation method=chronos_bolt_512 dataset=US_Labor/M term=short L=512 H=12
TIME run allocation action=new run=/fslarge/scratch/users/h61084/codes/tsrag_time/outputs/tsrag/predictions/test/chronos_bolt_512/US_Labor/M/short/run_0 launch_id=selena_3584841 slurm_job_id=3584841 launched_at=2026-09-27T14:53:02.639018+00:00
[2026-09-27 14:53:02 UTC] vanilla split=test method=chronos_bolt_512 dataset=US_Labor/M term=short L=512 H=12
TIME run allocation action=new run=/fslarge/scratch/users/h61084/codes/tsrag_time/outputs/tsrag/predictions/validation/chronos_bolt_512/Vehicle_Supply/M/short/run_0 launch_id=selena_3584841 slurm_job_id=3584841 launched_at=2026-09-27T14:53:02.675135+00:00
[2026-09-27 14:53:02 UTC] vanilla split=validation method=chronos_bolt_512 dataset=Vehicle_Supply/M term=short L=512 H=12
TIME run allocation action=new run=/fslarge/scratch/users/h61084/codes/tsrag_time/outputs/tsrag/predictions/test/chronos_bolt_512/Vehicle_Supply/M/short/run_0 launch_id=selena_3584841 slurm_job_id=3584841 launched_at=2026-09-27T14:53:02.703506+00:00
[2026-09-27 14:53:02 UTC] vanilla split=test method=chronos_bolt_512 dataset=Vehicle_Supply/M term=short L=512 H=12
TIME run allocation action=new run=/fslarge/scratch/users/h61084/codes/tsrag_time/outputs/tsrag/predictions/validation/chronos_bolt_512/Auto_Production_SF/M/short/run_0 launch_id=selena_3584841 slurm_job_id=3584841 launched_at=2026-09-27T14:53:02.739340+00:00
[2026-09-27 14:53:02 UTC] vanilla split=validation method=chronos_bolt_512 dataset=Auto_Production_SF/M term=short L=512 H=12
TIME run allocation action=new run=/fslarge/scratch/users/h61084/codes/tsrag_time/outputs/tsrag/predictions/test/chronos_bolt_512/Auto_Production_SF/M/short/run_0 launch_id=selena_3584841 slurm_job_id=3584841 launched_at=2026-09-27T14:53:02.767954+00:00
[2026-09-27 14:53:02 UTC] vanilla split=test method=chronos_bolt_512 dataset=Auto_Production_SF/M term=short L=512 H=12
TIME run allocation action=new run=/fslarge/scratch/users/h61084/codes/tsrag_time/outputs/tsrag/predictions/validation/chronos_bolt_512/Commodity_Production/M/short/run_0 launch_id=selena_3584841 slurm_job_id=3584841 launched_at=2026-09-27T14:53:02.802442+00:00
[2026-09-27 14:53:02 UTC] vanilla split=validation method=chronos_bolt_512 dataset=Commodity_Production/M term=short L=512 H=12
TIME run allocation action=new run=/fslarge/scratch/users/h61084/codes/tsrag_time/outputs/tsrag/predictions/test/chronos_bolt_512/Commodity_Production/M/short/run_0 launch_id=selena_3584841 slurm_job_id=3584841 launched_at=2026-09-27T14:53:02.833018+00:00
[2026-09-27 14:53:02 UTC] vanilla split=test method=chronos_bolt_512 dataset=Commodity_Production/M term=short L=512 H=12
TIME run allocation action=new run=/fslarge/scratch/users/h61084/codes/tsrag_time/outputs/tsrag/predictions/validation/chronos_bolt_512/Commodity_Import/M/short/run_0 launch_id=selena_3584841 slurm_job_id=3584841 launched_at=2026-09-27T14:53:02.873618+00:00
[2026-09-27 14:53:02 UTC] vanilla split=validation method=chronos_bolt_512 dataset=Commodity_Import/M term=short L=512 H=12
TIME run allocation action=new run=/fslarge/scratch/users/h61084/codes/tsrag_time/outputs/tsrag/predictions/test/chronos_bolt_512/Commodity_Import/M/short/run_0 launch_id=selena_3584841 slurm_job_id=3584841 launched_at=2026-09-27T14:53:02.902890+00:00
[2026-09-27 14:53:02 UTC] vanilla split=test method=chronos_bolt_512 dataset=Commodity_Import/M term=short L=512 H=12
TIME run allocation action=new run=/fslarge/scratch/users/h61084/codes/tsrag_time/outputs/tsrag/predictions/validation/chronos_bolt_512/WUI_Global/Q/short/run_0 launch_id=selena_3584841 slurm_job_id=3584841 launched_at=2026-09-27T14:53:02.943796+00:00
[2026-09-27 14:53:02 UTC] vanilla split=validation method=chronos_bolt_512 dataset=WUI_Global/Q term=short L=512 H=4
TIME run allocation action=new run=/fslarge/scratch/users/h61084/codes/tsrag_time/outputs/tsrag/predictions/test/chronos_bolt_512/WUI_Global/Q/short/run_0 launch_id=selena_3584841 slurm_job_id=3584841 launched_at=2026-09-27T14:53:02.973274+00:00
[2026-09-27 14:53:02 UTC] vanilla split=test method=chronos_bolt_512 dataset=WUI_Global/Q term=short L=512 H=4
TIME run allocation action=new run=/fslarge/scratch/users/h61084/codes/tsrag_time/outputs/tsrag/predictions/validation/chronos_bolt_512/Global_Price/Q/short/run_0 launch_id=selena_3584841 slurm_job_id=3584841 launched_at=2026-09-27T14:53:03.009807+00:00
[2026-09-27 14:53:03 UTC] vanilla split=validation method=chronos_bolt_512 dataset=Global_Price/Q term=short L=512 H=4
TIME run allocation action=new run=/fslarge/scratch/users/h61084/codes/tsrag_time/outputs/tsrag/predictions/test/chronos_bolt_512/Global_Price/Q/short/run_0 launch_id=selena_3584841 slurm_job_id=3584841 launched_at=2026-09-27T14:53:03.040412+00:00
[2026-09-27 14:53:03 UTC] vanilla split=test method=chronos_bolt_512 dataset=Global_Price/Q term=short L=512 H=4
TIME run allocation action=new run=/fslarge/scratch/users/h61084/codes/tsrag_time/outputs/tsrag/predictions/validation/chronos_bolt_512/Vehicle_Sales/M/short/run_0 launch_id=selena_3584841 slurm_job_id=3584841 launched_at=2026-09-27T14:53:03.081326+00:00
[2026-09-27 14:53:03 UTC] vanilla split=validation method=chronos_bolt_512 dataset=Vehicle_Sales/M term=short L=512 H=12
TIME run allocation action=new run=/fslarge/scratch/users/h61084/codes/tsrag_time/outputs/tsrag/predictions/test/chronos_bolt_512/Vehicle_Sales/M/short/run_0 launch_id=selena_3584841 slurm_job_id=3584841 launched_at=2026-09-27T14:53:03.110334+00:00
[2026-09-27 14:53:03 UTC] vanilla split=test method=chronos_bolt_512 dataset=Vehicle_Sales/M term=short L=512 H=12
TIME run allocation action=new run=/fslarge/scratch/users/h61084/codes/tsrag_time/outputs/tsrag/predictions/validation/chronos_bolt_512/Online_Retail_2_UCI/D/short/run_0 launch_id=selena_3584841 slurm_job_id=3584841 launched_at=2026-09-27T14:53:03.145917+00:00
[2026-09-27 14:53:03 UTC] vanilla split=validation method=chronos_bolt_512 dataset=Online_Retail_2_UCI/D term=short L=512 H=30
TIME run allocation action=new run=/fslarge/scratch/users/h61084/codes/tsrag_time/outputs/tsrag/predictions/test/chronos_bolt_512/Online_Retail_2_UCI/D/short/run_0 launch_id=selena_3584841 slurm_job_id=3584841 launched_at=2026-09-27T14:53:03.174207+00:00
[2026-09-27 14:53:03 UTC] vanilla split=test method=chronos_bolt_512 dataset=Online_Retail_2_UCI/D term=short L=512 H=30
TIME run allocation action=new run=/fslarge/scratch/users/h61084/codes/tsrag_time/outputs/tsrag/predictions/validation/chronos_bolt_512/Supply_Chain_Customer/D/short/run_0 launch_id=selena_3584841 slurm_job_id=3584841 launched_at=2026-09-27T14:53:03.209790+00:00
[2026-09-27 14:53:03 UTC] vanilla split=validation method=chronos_bolt_512 dataset=Supply_Chain_Customer/D term=short L=512 H=30
TIME run allocation action=new run=/fslarge/scratch/users/h61084/codes/tsrag_time/outputs/tsrag/predictions/test/chronos_bolt_512/Supply_Chain_Customer/D/short/run_0 launch_id=selena_3584841 slurm_job_id=3584841 launched_at=2026-09-27T14:53:03.245166+00:00
[2026-09-27 14:53:03 UTC] vanilla split=test method=chronos_bolt_512 dataset=Supply_Chain_Customer/D term=short L=512 H=30
TIME run allocation action=new run=/fslarge/scratch/users/h61084/codes/tsrag_time/outputs/tsrag/predictions/validation/chronos_bolt_512/Supply_Chain_Location/D/short/run_0 launch_id=selena_3584841 slurm_job_id=3584841 launched_at=2026-09-27T14:53:03.290097+00:00
[2026-09-27 14:53:03 UTC] vanilla split=validation method=chronos_bolt_512 dataset=Supply_Chain_Location/D term=short L=512 H=30
TIME run allocation action=new run=/fslarge/scratch/users/h61084/codes/tsrag_time/outputs/tsrag/predictions/test/chronos_bolt_512/Supply_Chain_Location/D/short/run_0 launch_id=selena_3584841 slurm_job_id=3584841 launched_at=2026-09-27T14:53:03.328188+00:00
[2026-09-27 14:53:03 UTC] vanilla split=test method=chronos_bolt_512 dataset=Supply_Chain_Location/D term=short L=512 H=30
TIME run allocation action=new run=/fslarge/scratch/users/h61084/codes/tsrag_time/outputs/tsrag/predictions/validation/chronos_bolt_512/azure2019_U/5T/short/run_0 launch_id=selena_3584841 slurm_job_id=3584841 launched_at=2026-09-27T14:53:03.377620+00:00
[2026-09-27 14:53:03 UTC] vanilla split=validation method=chronos_bolt_512 dataset=azure2019_U/5T term=short L=512 H=48
TIME run allocation action=new run=/fslarge/scratch/users/h61084/codes/tsrag_time/outputs/tsrag/predictions/test/chronos_bolt_512/azure2019_U/5T/short/run_0 launch_id=selena_3584841 slurm_job_id=3584841 launched_at=2026-09-27T14:53:03.443745+00:00
[2026-09-27 14:53:03 UTC] vanilla split=test method=chronos_bolt_512 dataset=azure2019_U/5T term=short L=512 H=48
TIME run allocation action=new run=/fslarge/scratch/users/h61084/codes/tsrag_time/outputs/tsrag/predictions/validation/chronos_bolt_512/Smart_Manufacturing/H/short/run_0 launch_id=selena_3584841 slurm_job_id=3584841 launched_at=2026-09-27T14:53:03.529321+00:00
[2026-09-27 14:53:03 UTC] vanilla split=validation method=chronos_bolt_512 dataset=Smart_Manufacturing/H term=short L=512 H=24
TIME run allocation action=new run=/fslarge/scratch/users/h61084/codes/tsrag_time/outputs/tsrag/predictions/test/chronos_bolt_512/Smart_Manufacturing/H/short/run_0 launch_id=selena_3584841 slurm_job_id=3584841 launched_at=2026-09-27T14:53:03.620457+00:00
[2026-09-27 14:53:03 UTC] vanilla split=test method=chronos_bolt_512 dataset=Smart_Manufacturing/H term=short L=512 H=24
TIME run allocation action=new run=/fslarge/scratch/users/h61084/codes/tsrag_time/outputs/tsrag/predictions/validation/chronos_bolt_512/Smart_Manufacturing/H/medium/run_0 launch_id=selena_3584841 slurm_job_id=3584841 launched_at=2026-09-27T14:53:03.707295+00:00
[2026-09-27 14:53:03 UTC] vanilla split=validation method=chronos_bolt_512 dataset=Smart_Manufacturing/H term=medium L=512 H=168
TIME run allocation action=new run=/fslarge/scratch/users/h61084/codes/tsrag_time/outputs/tsrag/predictions/test/chronos_bolt_512/Smart_Manufacturing/H/medium/run_0 launch_id=selena_3584841 slurm_job_id=3584841 launched_at=2026-09-27T14:53:03.767513+00:00
[2026-09-27 14:53:03 UTC] vanilla split=test method=chronos_bolt_512 dataset=Smart_Manufacturing/H term=medium L=512 H=168
TIME run allocation action=new run=/fslarge/scratch/users/h61084/codes/tsrag_time/outputs/tsrag/predictions/validation/chronos_bolt_512/Smart_Manufacturing/H/long/run_0 launch_id=selena_3584841 slurm_job_id=3584841 launched_at=2026-09-27T14:53:03.832806+00:00
[2026-09-27 14:53:03 UTC] vanilla split=validation method=chronos_bolt_512 dataset=Smart_Manufacturing/H term=long L=512 H=336
TIME run allocation action=new run=/fslarge/scratch/users/h61084/codes/tsrag_time/outputs/tsrag/predictions/test/chronos_bolt_512/Smart_Manufacturing/H/long/run_0 launch_id=selena_3584841 slurm_job_id=3584841 launched_at=2026-09-27T14:53:03.888528+00:00
[2026-09-27 14:53:03 UTC] vanilla split=test method=chronos_bolt_512 dataset=Smart_Manufacturing/H term=long L=512 H=336
TIME run allocation action=new run=/fslarge/scratch/users/h61084/codes/tsrag_time/outputs/tsrag/predictions/validation/chronos_bolt_512/MetroPT-3/5T/short/run_0 launch_id=selena_3584841 slurm_job_id=3584841 launched_at=2026-09-27T14:53:03.950386+00:00
[2026-09-27 14:53:03 UTC] vanilla split=validation method=chronos_bolt_512 dataset=MetroPT-3/5T term=short L=512 H=48
TIME run allocation action=new run=/fslarge/scratch/users/h61084/codes/tsrag_time/outputs/tsrag/predictions/test/chronos_bolt_512/MetroPT-3/5T/short/run_0 launch_id=selena_3584841 slurm_job_id=3584841 launched_at=2026-09-27T14:53:03.991452+00:00
[2026-09-27 14:53:03 UTC] vanilla split=test method=chronos_bolt_512 dataset=MetroPT-3/5T term=short L=512 H=48
TIME run allocation action=new run=/fslarge/scratch/users/h61084/codes/tsrag_time/outputs/tsrag/predictions/validation/chronos_bolt_512/MetroPT-3/5T/medium/run_0 launch_id=selena_3584841 slurm_job_id=3584841 launched_at=2026-09-27T14:53:04.035476+00:00
[2026-09-27 14:53:04 UTC] vanilla split=validation method=chronos_bolt_512 dataset=MetroPT-3/5T term=medium L=512 H=288
TIME run allocation action=new run=/fslarge/scratch/users/h61084/codes/tsrag_time/outputs/tsrag/predictions/test/chronos_bolt_512/MetroPT-3/5T/medium/run_0 launch_id=selena_3584841 slurm_job_id=3584841 launched_at=2026-09-27T14:53:04.070216+00:00
[2026-09-27 14:53:04 UTC] vanilla split=test method=chronos_bolt_512 dataset=MetroPT-3/5T term=medium L=512 H=288
TIME run allocation action=new run=/fslarge/scratch/users/h61084/codes/tsrag_time/outputs/tsrag/predictions/validation/chronos_bolt_512/MetroPT-3/5T/long/run_0 launch_id=selena_3584841 slurm_job_id=3584841 launched_at=2026-09-27T14:53:04.111187+00:00
[2026-09-27 14:53:04 UTC] vanilla split=validation method=chronos_bolt_512 dataset=MetroPT-3/5T term=long L=512 H=576
TIME run allocation action=new run=/fslarge/scratch/users/h61084/codes/tsrag_time/outputs/tsrag/predictions/test/chronos_bolt_512/MetroPT-3/5T/long/run_0 launch_id=selena_3584841 slurm_job_id=3584841 launched_at=2026-09-27T14:53:04.145147+00:00
[2026-09-27 14:53:04 UTC] vanilla split=test method=chronos_bolt_512 dataset=MetroPT-3/5T term=long L=512 H=576
TIME run allocation action=new run=/fslarge/scratch/users/h61084/codes/tsrag_time/outputs/tsrag/predictions/validation/chronos_bolt_max/Water_Quality_Darwin/15T/short/run_0 launch_id=selena_3584841 slurm_job_id=3584841 launched_at=2026-09-27T14:53:04.185815+00:00
[2026-09-27 14:53:04 UTC] vanilla split=validation method=chronos_bolt_max dataset=Water_Quality_Darwin/15T term=short L=2048 H=16
TIME run allocation action=new run=/fslarge/scratch/users/h61084/codes/tsrag_time/outputs/tsrag/predictions/test/chronos_bolt_max/Water_Quality_Darwin/15T/short/run_0 launch_id=selena_3584841 slurm_job_id=3584841 launched_at=2026-09-27T14:53:04.316328+00:00
[2026-09-27 14:53:04 UTC] vanilla split=test method=chronos_bolt_max dataset=Water_Quality_Darwin/15T term=short L=2048 H=16
TIME run allocation action=new run=/fslarge/scratch/users/h61084/codes/tsrag_time/outputs/tsrag/predictions/validation/chronos_bolt_max/Water_Quality_Darwin/15T/medium/run_0 launch_id=selena_3584841 slurm_job_id=3584841 launched_at=2026-09-27T14:53:04.410168+00:00
[2026-09-27 14:53:04 UTC] vanilla split=validation method=chronos_bolt_max dataset=Water_Quality_Darwin/15T term=medium L=2048 H=96
TIME run allocation action=new run=/fslarge/scratch/users/h61084/codes/tsrag_time/outputs/tsrag/predictions/test/chronos_bolt_max/Water_Quality_Darwin/15T/medium/run_0 launch_id=selena_3584841 slurm_job_id=3584841 launched_at=2026-09-27T14:53:04.490440+00:00
[2026-09-27 14:53:04 UTC] vanilla split=test method=chronos_bolt_max dataset=Water_Quality_Darwin/15T term=medium L=2048 H=96
TIME run allocation action=new run=/fslarge/scratch/users/h61084/codes/tsrag_time/outputs/tsrag/predictions/validation/chronos_bolt_max/Water_Quality_Darwin/15T/long/run_0 launch_id=selena_3584841 slurm_job_id=3584841 launched_at=2026-09-27T14:53:04.573547+00:00
[2026-09-27 14:53:04 UTC] vanilla split=validation method=chronos_bolt_max dataset=Water_Quality_Darwin/15T term=long L=2048 H=288
TIME run allocation action=new run=/fslarge/scratch/users/h61084/codes/tsrag_time/outputs/tsrag/predictions/test/chronos_bolt_max/Water_Quality_Darwin/15T/long/run_0 launch_id=selena_3584841 slurm_job_id=3584841 launched_at=2026-09-27T14:53:04.649419+00:00
[2026-09-27 14:53:04 UTC] vanilla split=test method=chronos_bolt_max dataset=Water_Quality_Darwin/15T term=long L=2048 H=288
TIME run allocation action=new run=/fslarge/scratch/users/h61084/codes/tsrag_time/outputs/tsrag/predictions/validation/chronos_bolt_max/current_velocity/5T/short/run_0 launch_id=selena_3584841 slurm_job_id=3584841 launched_at=2026-09-27T14:53:04.732107+00:00
[2026-09-27 14:53:04 UTC] vanilla split=validation method=chronos_bolt_max dataset=current_velocity/5T term=short L=2048 H=36
TIME run allocation action=new run=/fslarge/scratch/users/h61084/codes/tsrag_time/outputs/tsrag/predictions/test/chronos_bolt_max/current_velocity/5T/short/run_0 launch_id=selena_3584841 slurm_job_id=3584841 launched_at=2026-09-27T14:53:04.783390+00:00
[2026-09-27 14:53:04 UTC] vanilla split=test method=chronos_bolt_max dataset=current_velocity/5T term=short L=2048 H=36
TIME run allocation action=new run=/fslarge/scratch/users/h61084/codes/tsrag_time/outputs/tsrag/predictions/validation/chronos_bolt_max/current_velocity/5T/medium/run_0 launch_id=selena_3584841 slurm_job_id=3584841 launched_at=2026-09-27T14:53:04.827175+00:00
[2026-09-27 14:53:04 UTC] vanilla split=validation method=chronos_bolt_max dataset=current_velocity/5T term=medium L=2048 H=288
TIME run allocation action=new run=/fslarge/scratch/users/h61084/codes/tsrag_time/outputs/tsrag/predictions/test/chronos_bolt_max/current_velocity/5T/medium/run_0 launch_id=selena_3584841 slurm_job_id=3584841 launched_at=2026-09-27T14:53:04.865814+00:00
[2026-09-27 14:53:04 UTC] vanilla split=test method=chronos_bolt_max dataset=current_velocity/5T term=medium L=2048 H=288
TIME run allocation action=new run=/fslarge/scratch/users/h61084/codes/tsrag_time/outputs/tsrag/predictions/validation/chronos_bolt_max/current_velocity/5T/long/run_0 launch_id=selena_3584841 slurm_job_id=3584841 launched_at=2026-09-27T14:53:04.907781+00:00
[2026-09-27 14:53:04 UTC] vanilla split=validation method=chronos_bolt_max dataset=current_velocity/5T term=long L=2048 H=864
TIME run allocation action=new run=/fslarge/scratch/users/h61084/codes/tsrag_time/outputs/tsrag/predictions/test/chronos_bolt_max/current_velocity/5T/long/run_0 launch_id=selena_3584841 slurm_job_id=3584841 launched_at=2026-09-27T14:53:04.948065+00:00
[2026-09-27 14:53:04 UTC] vanilla split=test method=chronos_bolt_max dataset=current_velocity/5T term=long L=2048 H=864
TIME run allocation action=new run=/fslarge/scratch/users/h61084/codes/tsrag_time/outputs/tsrag/predictions/validation/chronos_bolt_max/current_velocity/10T/short/run_0 launch_id=selena_3584841 slurm_job_id=3584841 launched_at=2026-09-27T14:53:04.990222+00:00
[2026-09-27 14:53:04 UTC] vanilla split=validation method=chronos_bolt_max dataset=current_velocity/10T term=short L=2048 H=18
TIME run allocation action=new run=/fslarge/scratch/users/h61084/codes/tsrag_time/outputs/tsrag/predictions/test/chronos_bolt_max/current_velocity/10T/short/run_0 launch_id=selena_3584841 slurm_job_id=3584841 launched_at=2026-09-27T14:53:05.218399+00:00
[2026-09-27 14:53:05 UTC] vanilla split=test method=chronos_bolt_max dataset=current_velocity/10T term=short L=2048 H=18
TIME run allocation action=new run=/fslarge/scratch/users/h61084/codes/tsrag_time/outputs/tsrag/predictions/validation/chronos_bolt_max/current_velocity/10T/medium/run_0 launch_id=selena_3584841 slurm_job_id=3584841 launched_at=2026-09-27T14:53:05.381205+00:00
[2026-09-27 14:53:05 UTC] vanilla split=validation method=chronos_bolt_max dataset=current_velocity/10T term=medium L=2048 H=144
TIME run allocation action=new run=/fslarge/scratch/users/h61084/codes/tsrag_time/outputs/tsrag/predictions/test/chronos_bolt_max/current_velocity/10T/medium/run_0 launch_id=selena_3584841 slurm_job_id=3584841 launched_at=2026-09-27T14:53:05.510685+00:00
[2026-09-27 14:53:05 UTC] vanilla split=test method=chronos_bolt_max dataset=current_velocity/10T term=medium L=2048 H=144
TIME run allocation action=new run=/fslarge/scratch/users/h61084/codes/tsrag_time/outputs/tsrag/predictions/validation/chronos_bolt_max/current_velocity/10T/long/run_0 launch_id=selena_3584841 slurm_job_id=3584841 launched_at=2026-09-27T14:53:05.655167+00:00
[2026-09-27 14:53:05 UTC] vanilla split=validation method=chronos_bolt_max dataset=current_velocity/10T term=long L=2048 H=432
TIME run allocation action=new run=/fslarge/scratch/users/h61084/codes/tsrag_time/outputs/tsrag/predictions/test/chronos_bolt_max/current_velocity/10T/long/run_0 launch_id=selena_3584841 slurm_job_id=3584841 launched_at=2026-09-27T14:53:05.780410+00:00
[2026-09-27 14:53:05 UTC] vanilla split=test method=chronos_bolt_max dataset=current_velocity/10T term=long L=2048 H=432
TIME run allocation action=new run=/fslarge/scratch/users/h61084/codes/tsrag_time/outputs/tsrag/predictions/validation/chronos_bolt_max/current_velocity/15T/short/run_0 launch_id=selena_3584841 slurm_job_id=3584841 launched_at=2026-09-27T14:53:05.923766+00:00
[2026-09-27 14:53:05 UTC] vanilla split=validation method=chronos_bolt_max dataset=current_velocity/15T term=short L=2048 H=12
TIME run allocation action=new run=/fslarge/scratch/users/h61084/codes/tsrag_time/outputs/tsrag/predictions/test/chronos_bolt_max/current_velocity/15T/short/run_0 launch_id=selena_3584841 slurm_job_id=3584841 launched_at=2026-09-27T14:53:06.027545+00:00
[2026-09-27 14:53:06 UTC] vanilla split=test method=chronos_bolt_max dataset=current_velocity/15T term=short L=2048 H=12
TIME run allocation action=new run=/fslarge/scratch/users/h61084/codes/tsrag_time/outputs/tsrag/predictions/validation/chronos_bolt_max/current_velocity/15T/medium/run_0 launch_id=selena_3584841 slurm_job_id=3584841 launched_at=2026-09-27T14:53:06.092735+00:00
[2026-09-27 14:53:06 UTC] vanilla split=validation method=chronos_bolt_max dataset=current_velocity/15T term=medium L=2048 H=96
TIME run allocation action=new run=/fslarge/scratch/users/h61084/codes/tsrag_time/outputs/tsrag/predictions/test/chronos_bolt_max/current_velocity/15T/medium/run_0 launch_id=selena_3584841 slurm_job_id=3584841 launched_at=2026-09-27T14:53:06.145049+00:00
[2026-09-27 14:53:06 UTC] vanilla split=test method=chronos_bolt_max dataset=current_velocity/15T term=medium L=2048 H=96
TIME run allocation action=new run=/fslarge/scratch/users/h61084/codes/tsrag_time/outputs/tsrag/predictions/validation/chronos_bolt_max/current_velocity/15T/long/run_0 launch_id=selena_3584841 slurm_job_id=3584841 launched_at=2026-09-27T14:53:06.198455+00:00
[2026-09-27 14:53:06 UTC] vanilla split=validation method=chronos_bolt_max dataset=current_velocity/15T term=long L=2048 H=288
TIME run allocation action=new run=/fslarge/scratch/users/h61084/codes/tsrag_time/outputs/tsrag/predictions/test/chronos_bolt_max/current_velocity/15T/long/run_0 launch_id=selena_3584841 slurm_job_id=3584841 launched_at=2026-09-27T14:53:06.246051+00:00
[2026-09-27 14:53:06 UTC] vanilla split=test method=chronos_bolt_max dataset=current_velocity/15T term=long L=2048 H=288
TIME run allocation action=new run=/fslarge/scratch/users/h61084/codes/tsrag_time/outputs/tsrag/predictions/validation/chronos_bolt_max/current_velocity/H/short/run_0 launch_id=selena_3584841 slurm_job_id=3584841 launched_at=2026-09-27T14:53:06.298677+00:00
[2026-09-27 14:53:06 UTC] vanilla split=validation method=chronos_bolt_max dataset=current_velocity/H term=short L=2048 H=24
TIME run allocation action=new run=/fslarge/scratch/users/h61084/codes/tsrag_time/outputs/tsrag/predictions/test/chronos_bolt_max/current_velocity/H/short/run_0 launch_id=selena_3584841 slurm_job_id=3584841 launched_at=2026-09-27T14:53:06.414762+00:00
[2026-09-27 14:53:06 UTC] vanilla split=test method=chronos_bolt_max dataset=current_velocity/H term=short L=2048 H=24
TIME run allocation action=new run=/fslarge/scratch/users/h61084/codes/tsrag_time/outputs/tsrag/predictions/validation/chronos_bolt_max/current_velocity/H/medium/run_0 launch_id=selena_3584841 slurm_job_id=3584841 launched_at=2026-09-27T14:53:06.504529+00:00
[2026-09-27 14:53:06 UTC] vanilla split=validation method=chronos_bolt_max dataset=current_velocity/H term=medium L=2048 H=168
TIME run allocation action=new run=/fslarge/scratch/users/h61084/codes/tsrag_time/outputs/tsrag/predictions/test/chronos_bolt_max/current_velocity/H/medium/run_0 launch_id=selena_3584841 slurm_job_id=3584841 launched_at=2026-09-27T14:53:06.574064+00:00
[2026-09-27 14:53:06 UTC] vanilla split=test method=chronos_bolt_max dataset=current_velocity/H term=medium L=2048 H=168
TIME run allocation action=new run=/fslarge/scratch/users/h61084/codes/tsrag_time/outputs/tsrag/predictions/validation/chronos_bolt_max/current_velocity/H/long/run_0 launch_id=selena_3584841 slurm_job_id=3584841 launched_at=2026-09-27T14:53:06.653816+00:00
[2026-09-27 14:53:06 UTC] vanilla split=validation method=chronos_bolt_max dataset=current_velocity/H term=long L=2048 H=336
TIME run allocation action=new run=/fslarge/scratch/users/h61084/codes/tsrag_time/outputs/tsrag/predictions/test/chronos_bolt_max/current_velocity/H/long/run_0 launch_id=selena_3584841 slurm_job_id=3584841 launched_at=2026-09-27T14:53:06.723326+00:00
[2026-09-27 14:53:06 UTC] vanilla split=test method=chronos_bolt_max dataset=current_velocity/H term=long L=2048 H=336
TIME run allocation action=new run=/fslarge/scratch/users/h61084/codes/tsrag_time/outputs/tsrag/predictions/validation/chronos_bolt_max/CPHL/15T/short/run_0 launch_id=selena_3584841 slurm_job_id=3584841 launched_at=2026-09-27T14:53:06.801332+00:00
[2026-09-27 14:53:06 UTC] vanilla split=validation method=chronos_bolt_max dataset=CPHL/15T term=short L=2048 H=12
TIME run allocation action=new run=/fslarge/scratch/users/h61084/codes/tsrag_time/outputs/tsrag/predictions/test/chronos_bolt_max/CPHL/15T/short/run_0 launch_id=selena_3584841 slurm_job_id=3584841 launched_at=2026-09-27T14:53:06.838161+00:00
[2026-09-27 14:53:06 UTC] vanilla split=test method=chronos_bolt_max dataset=CPHL/15T term=short L=2048 H=12
TIME run allocation action=new run=/fslarge/scratch/users/h61084/codes/tsrag_time/outputs/tsrag/predictions/validation/chronos_bolt_max/CPHL/15T/medium/run_0 launch_id=selena_3584841 slurm_job_id=3584841 launched_at=2026-09-27T14:53:06.866973+00:00
[2026-09-27 14:53:06 UTC] vanilla split=validation method=chronos_bolt_max dataset=CPHL/15T term=medium L=2048 H=96
TIME run allocation action=new run=/fslarge/scratch/users/h61084/codes/tsrag_time/outputs/tsrag/predictions/test/chronos_bolt_max/CPHL/15T/medium/run_0 launch_id=selena_3584841 slurm_job_id=3584841 launched_at=2026-09-27T14:53:06.894600+00:00
[2026-09-27 14:53:06 UTC] vanilla split=test method=chronos_bolt_max dataset=CPHL/15T term=medium L=2048 H=96
TIME run allocation action=new run=/fslarge/scratch/users/h61084/codes/tsrag_time/outputs/tsrag/predictions/validation/chronos_bolt_max/CPHL/15T/long/run_0 launch_id=selena_3584841 slurm_job_id=3584841 launched_at=2026-09-27T14:53:06.922369+00:00
[2026-09-27 14:53:06 UTC] vanilla split=validation method=chronos_bolt_max dataset=CPHL/15T term=long L=2048 H=288
TIME run allocation action=new run=/fslarge/scratch/users/h61084/codes/tsrag_time/outputs/tsrag/predictions/test/chronos_bolt_max/CPHL/15T/long/run_0 launch_id=selena_3584841 slurm_job_id=3584841 launched_at=2026-09-27T14:53:06.950727+00:00
[2026-09-27 14:53:06 UTC] vanilla split=test method=chronos_bolt_max dataset=CPHL/15T term=long L=2048 H=288
TIME run allocation action=new run=/fslarge/scratch/users/h61084/codes/tsrag_time/outputs/tsrag/predictions/validation/chronos_bolt_max/CPHL/30T/short/run_0 launch_id=selena_3584841 slurm_job_id=3584841 launched_at=2026-09-27T14:53:06.978076+00:00
[2026-09-27 14:53:06 UTC] vanilla split=validation method=chronos_bolt_max dataset=CPHL/30T term=short L=2048 H=12
TIME run allocation action=new run=/fslarge/scratch/users/h61084/codes/tsrag_time/outputs/tsrag/predictions/test/chronos_bolt_max/CPHL/30T/short/run_0 launch_id=selena_3584841 slurm_job_id=3584841 launched_at=2026-09-27T14:53:07.010793+00:00
[2026-09-27 14:53:07 UTC] vanilla split=test method=chronos_bolt_max dataset=CPHL/30T term=short L=2048 H=12
TIME run allocation action=new run=/fslarge/scratch/users/h61084/codes/tsrag_time/outputs/tsrag/predictions/validation/chronos_bolt_max/CPHL/30T/medium/run_0 launch_id=selena_3584841 slurm_job_id=3584841 launched_at=2026-09-27T14:53:07.039181+00:00
[2026-09-27 14:53:07 UTC] vanilla split=validation method=chronos_bolt_max dataset=CPHL/30T term=medium L=2048 H=48
TIME run allocation action=new run=/fslarge/scratch/users/h61084/codes/tsrag_time/outputs/tsrag/predictions/test/chronos_bolt_max/CPHL/30T/medium/run_0 launch_id=selena_3584841 slurm_job_id=3584841 launched_at=2026-09-27T14:53:07.067784+00:00
[2026-09-27 14:53:07 UTC] vanilla split=test method=chronos_bolt_max dataset=CPHL/30T term=medium L=2048 H=48
TIME run allocation action=new run=/fslarge/scratch/users/h61084/codes/tsrag_time/outputs/tsrag/predictions/validation/chronos_bolt_max/CPHL/30T/long/run_0 launch_id=selena_3584841 slurm_job_id=3584841 launched_at=2026-09-27T14:53:07.095772+00:00
[2026-09-27 14:53:07 UTC] vanilla split=validation method=chronos_bolt_max dataset=CPHL/30T term=long L=2048 H=144
TIME run allocation action=new run=/fslarge/scratch/users/h61084/codes/tsrag_time/outputs/tsrag/predictions/test/chronos_bolt_max/CPHL/30T/long/run_0 launch_id=selena_3584841 slurm_job_id=3584841 launched_at=2026-09-27T14:53:07.125492+00:00
[2026-09-27 14:53:07 UTC] vanilla split=test method=chronos_bolt_max dataset=CPHL/30T term=long L=2048 H=144
TIME run allocation action=new run=/fslarge/scratch/users/h61084/codes/tsrag_time/outputs/tsrag/predictions/validation/chronos_bolt_max/CPHL/H/short/run_0 launch_id=selena_3584841 slurm_job_id=3584841 launched_at=2026-09-27T14:53:07.153119+00:00
[2026-09-27 14:53:07 UTC] vanilla split=validation method=chronos_bolt_max dataset=CPHL/H term=short L=2048 H=24
TIME run allocation action=new run=/fslarge/scratch/users/h61084/codes/tsrag_time/outputs/tsrag/predictions/test/chronos_bolt_max/CPHL/H/short/run_0 launch_id=selena_3584841 slurm_job_id=3584841 launched_at=2026-09-27T14:53:07.182773+00:00
[2026-09-27 14:53:07 UTC] vanilla split=test method=chronos_bolt_max dataset=CPHL/H term=short L=2048 H=24
TIME run allocation action=new run=/fslarge/scratch/users/h61084/codes/tsrag_time/outputs/tsrag/predictions/validation/chronos_bolt_max/CPHL/H/medium/run_0 launch_id=selena_3584841 slurm_job_id=3584841 launched_at=2026-09-27T14:53:07.213276+00:00
[2026-09-27 14:53:07 UTC] vanilla split=validation method=chronos_bolt_max dataset=CPHL/H term=medium L=2048 H=168
TIME run allocation action=new run=/fslarge/scratch/users/h61084/codes/tsrag_time/outputs/tsrag/predictions/test/chronos_bolt_max/CPHL/H/medium/run_0 launch_id=selena_3584841 slurm_job_id=3584841 launched_at=2026-09-27T14:53:07.243321+00:00
[2026-09-27 14:53:07 UTC] vanilla split=test method=chronos_bolt_max dataset=CPHL/H term=medium L=2048 H=168
TIME run allocation action=new run=/fslarge/scratch/users/h61084/codes/tsrag_time/outputs/tsrag/predictions/validation/chronos_bolt_max/CPHL/H/long/run_0 launch_id=selena_3584841 slurm_job_id=3584841 launched_at=2026-09-27T14:53:07.270318+00:00
[2026-09-27 14:53:07 UTC] vanilla split=validation method=chronos_bolt_max dataset=CPHL/H term=long L=2048 H=336
TIME run allocation action=new run=/fslarge/scratch/users/h61084/codes/tsrag_time/outputs/tsrag/predictions/test/chronos_bolt_max/CPHL/H/long/run_0 launch_id=selena_3584841 slurm_job_id=3584841 launched_at=2026-09-27T14:53:07.297799+00:00
[2026-09-27 14:53:07 UTC] vanilla split=test method=chronos_bolt_max dataset=CPHL/H term=long L=2048 H=336
TIME run allocation action=new run=/fslarge/scratch/users/h61084/codes/tsrag_time/outputs/tsrag/predictions/validation/chronos_bolt_max/Coastal_T_S/15T/short/run_0 launch_id=selena_3584841 slurm_job_id=3584841 launched_at=2026-09-27T14:53:07.325457+00:00
[2026-09-27 14:53:07 UTC] vanilla split=validation method=chronos_bolt_max dataset=Coastal_T_S/15T term=short L=2048 H=12
TIME run allocation action=new run=/fslarge/scratch/users/h61084/codes/tsrag_time/outputs/tsrag/predictions/test/chronos_bolt_max/Coastal_T_S/15T/short/run_0 launch_id=selena_3584841 slurm_job_id=3584841 launched_at=2026-09-27T14:53:07.404757+00:00
[2026-09-27 14:53:07 UTC] vanilla split=test method=chronos_bolt_max dataset=Coastal_T_S/15T term=short L=2048 H=12
TIME run allocation action=new run=/fslarge/scratch/users/h61084/codes/tsrag_time/outputs/tsrag/predictions/validation/chronos_bolt_max/Coastal_T_S/15T/medium/run_0 launch_id=selena_3584841 slurm_job_id=3584841 launched_at=2026-09-27T14:53:07.462448+00:00
[2026-09-27 14:53:07 UTC] vanilla split=validation method=chronos_bolt_max dataset=Coastal_T_S/15T term=medium L=2048 H=96
TIME run allocation action=new run=/fslarge/scratch/users/h61084/codes/tsrag_time/outputs/tsrag/predictions/test/chronos_bolt_max/Coastal_T_S/15T/medium/run_0 launch_id=selena_3584841 slurm_job_id=3584841 launched_at=2026-09-27T14:53:07.514677+00:00
[2026-09-27 14:53:07 UTC] vanilla split=test method=chronos_bolt_max dataset=Coastal_T_S/15T term=medium L=2048 H=96
TIME run allocation action=new run=/fslarge/scratch/users/h61084/codes/tsrag_time/outputs/tsrag/predictions/validation/chronos_bolt_max/Coastal_T_S/15T/long/run_0 launch_id=selena_3584841 slurm_job_id=3584841 launched_at=2026-09-27T14:53:07.569134+00:00
[2026-09-27 14:53:07 UTC] vanilla split=validation method=chronos_bolt_max dataset=Coastal_T_S/15T term=long L=2048 H=288
TIME run allocation action=new run=/fslarge/scratch/users/h61084/codes/tsrag_time/outputs/tsrag/predictions/test/chronos_bolt_max/Coastal_T_S/15T/long/run_0 launch_id=selena_3584841 slurm_job_id=3584841 launched_at=2026-09-27T14:53:07.618437+00:00
[2026-09-27 14:53:07 UTC] vanilla split=test method=chronos_bolt_max dataset=Coastal_T_S/15T term=long L=2048 H=288
TIME run allocation action=new run=/fslarge/scratch/users/h61084/codes/tsrag_time/outputs/tsrag/predictions/validation/chronos_bolt_max/Coastal_T_S/20T/short/run_0 launch_id=selena_3584841 slurm_job_id=3584841 launched_at=2026-09-27T14:53:07.669774+00:00
[2026-09-27 14:53:07 UTC] vanilla split=validation method=chronos_bolt_max dataset=Coastal_T_S/20T term=short L=2048 H=9
TIME run allocation action=new run=/fslarge/scratch/users/h61084/codes/tsrag_time/outputs/tsrag/predictions/test/chronos_bolt_max/Coastal_T_S/20T/short/run_0 launch_id=selena_3584841 slurm_job_id=3584841 launched_at=2026-09-27T14:53:07.704415+00:00
[2026-09-27 14:53:07 UTC] vanilla split=test method=chronos_bolt_max dataset=Coastal_T_S/20T term=short L=2048 H=9
TIME run allocation action=new run=/fslarge/scratch/users/h61084/codes/tsrag_time/outputs/tsrag/predictions/validation/chronos_bolt_max/Coastal_T_S/20T/medium/run_0 launch_id=selena_3584841 slurm_job_id=3584841 launched_at=2026-09-27T14:53:07.732878+00:00
[2026-09-27 14:53:07 UTC] vanilla split=validation method=chronos_bolt_max dataset=Coastal_T_S/20T term=medium L=2048 H=72
TIME run allocation action=new run=/fslarge/scratch/users/h61084/codes/tsrag_time/outputs/tsrag/predictions/test/chronos_bolt_max/Coastal_T_S/20T/medium/run_0 launch_id=selena_3584841 slurm_job_id=3584841 launched_at=2026-09-27T14:53:07.761691+00:00
[2026-09-27 14:53:07 UTC] vanilla split=test method=chronos_bolt_max dataset=Coastal_T_S/20T term=medium L=2048 H=72
TIME run allocation action=new run=/fslarge/scratch/users/h61084/codes/tsrag_time/outputs/tsrag/predictions/validation/chronos_bolt_max/Coastal_T_S/20T/long/run_0 launch_id=selena_3584841 slurm_job_id=3584841 launched_at=2026-09-27T14:53:07.788953+00:00
[2026-09-27 14:53:07 UTC] vanilla split=validation method=chronos_bolt_max dataset=Coastal_T_S/20T term=long L=2048 H=216
TIME run allocation action=new run=/fslarge/scratch/users/h61084/codes/tsrag_time/outputs/tsrag/predictions/test/chronos_bolt_max/Coastal_T_S/20T/long/run_0 launch_id=selena_3584841 slurm_job_id=3584841 launched_at=2026-09-27T14:53:07.816150+00:00
[2026-09-27 14:53:07 UTC] vanilla split=test method=chronos_bolt_max dataset=Coastal_T_S/20T term=long L=2048 H=216
TIME run allocation action=new run=/fslarge/scratch/users/h61084/codes/tsrag_time/outputs/tsrag/predictions/validation/chronos_bolt_max/Coastal_T_S/H/short/run_0 launch_id=selena_3584841 slurm_job_id=3584841 launched_at=2026-09-27T14:53:07.843460+00:00
[2026-09-27 14:53:07 UTC] vanilla split=validation method=chronos_bolt_max dataset=Coastal_T_S/H term=short L=2048 H=24
TIME run allocation action=new run=/fslarge/scratch/users/h61084/codes/tsrag_time/outputs/tsrag/predictions/test/chronos_bolt_max/Coastal_T_S/H/short/run_0 launch_id=selena_3584841 slurm_job_id=3584841 launched_at=2026-09-27T14:53:07.936884+00:00
[2026-09-27 14:53:07 UTC] vanilla split=test method=chronos_bolt_max dataset=Coastal_T_S/H term=short L=2048 H=24
TIME run allocation action=new run=/fslarge/scratch/users/h61084/codes/tsrag_time/outputs/tsrag/predictions/validation/chronos_bolt_max/Coastal_T_S/H/medium/run_0 launch_id=selena_3584841 slurm_job_id=3584841 launched_at=2026-09-27T14:53:08.020316+00:00
[2026-09-27 14:53:08 UTC] vanilla split=validation method=chronos_bolt_max dataset=Coastal_T_S/H term=medium L=2048 H=168
TIME run allocation action=new run=/fslarge/scratch/users/h61084/codes/tsrag_time/outputs/tsrag/predictions/test/chronos_bolt_max/Coastal_T_S/H/medium/run_0 launch_id=selena_3584841 slurm_job_id=3584841 launched_at=2026-09-27T14:53:08.082026+00:00
[2026-09-27 14:53:08 UTC] vanilla split=test method=chronos_bolt_max dataset=Coastal_T_S/H term=medium L=2048 H=168
TIME run allocation action=new run=/fslarge/scratch/users/h61084/codes/tsrag_time/outputs/tsrag/predictions/validation/chronos_bolt_max/Coastal_T_S/H/long/run_0 launch_id=selena_3584841 slurm_job_id=3584841 launched_at=2026-09-27T14:53:08.149001+00:00
[2026-09-27 14:53:08 UTC] vanilla split=validation method=chronos_bolt_max dataset=Coastal_T_S/H term=long L=2048 H=336
TIME run allocation action=new run=/fslarge/scratch/users/h61084/codes/tsrag_time/outputs/tsrag/predictions/test/chronos_bolt_max/Coastal_T_S/H/long/run_0 launch_id=selena_3584841 slurm_job_id=3584841 launched_at=2026-09-27T14:53:08.208611+00:00
[2026-09-27 14:53:08 UTC] vanilla split=test method=chronos_bolt_max dataset=Coastal_T_S/H term=long L=2048 H=336
TIME run allocation action=new run=/fslarge/scratch/users/h61084/codes/tsrag_time/outputs/tsrag/predictions/validation/chronos_bolt_max/SG_Weather/D/short/run_0 launch_id=selena_3584841 slurm_job_id=3584841 launched_at=2026-09-27T14:53:08.274696+00:00
[2026-09-27 14:53:08 UTC] vanilla split=validation method=chronos_bolt_max dataset=SG_Weather/D term=short L=2048 H=3
TIME run allocation action=new run=/fslarge/scratch/users/h61084/codes/tsrag_time/outputs/tsrag/predictions/test/chronos_bolt_max/SG_Weather/D/short/run_0 launch_id=selena_3584841 slurm_job_id=3584841 launched_at=2026-09-27T14:53:08.353283+00:00
[2026-09-27 14:53:08 UTC] vanilla split=test method=chronos_bolt_max dataset=SG_Weather/D term=short L=2048 H=3
TIME run allocation action=new run=/fslarge/scratch/users/h61084/codes/tsrag_time/outputs/tsrag/predictions/validation/chronos_bolt_max/SG_Weather/D/medium/run_0 launch_id=selena_3584841 slurm_job_id=3584841 launched_at=2026-09-27T14:53:08.396258+00:00
[2026-09-27 14:53:08 UTC] vanilla split=validation method=chronos_bolt_max dataset=SG_Weather/D term=medium L=2048 H=7
TIME run allocation action=new run=/fslarge/scratch/users/h61084/codes/tsrag_time/outputs/tsrag/predictions/test/chronos_bolt_max/SG_Weather/D/medium/run_0 launch_id=selena_3584841 slurm_job_id=3584841 launched_at=2026-09-27T14:53:09.819527+00:00
[2026-09-27 14:53:09 UTC] vanilla split=test method=chronos_bolt_max dataset=SG_Weather/D term=medium L=2048 H=7
TIME run allocation action=new run=/fslarge/scratch/users/h61084/codes/tsrag_time/outputs/tsrag/predictions/validation/chronos_bolt_max/SG_Weather/D/long/run_0 launch_id=selena_3584841 slurm_job_id=3584841 launched_at=2026-09-27T14:53:09.856877+00:00
[2026-09-27 14:53:09 UTC] vanilla split=validation method=chronos_bolt_max dataset=SG_Weather/D term=long L=2048 H=14
TIME run allocation action=new run=/fslarge/scratch/users/h61084/codes/tsrag_time/outputs/tsrag/predictions/test/chronos_bolt_max/SG_Weather/D/long/run_0 launch_id=selena_3584841 slurm_job_id=3584841 launched_at=2026-09-27T14:53:10.592207+00:00
[2026-09-27 14:53:10 UTC] vanilla split=test method=chronos_bolt_max dataset=SG_Weather/D term=long L=2048 H=14
TIME run allocation action=new run=/fslarge/scratch/users/h61084/codes/tsrag_time/outputs/tsrag/predictions/validation/chronos_bolt_max/SG_PM25/H/short/run_0 launch_id=selena_3584841 slurm_job_id=3584841 launched_at=2026-09-27T14:53:10.628343+00:00
[2026-09-27 14:53:10 UTC] vanilla split=validation method=chronos_bolt_max dataset=SG_PM25/H term=short L=2048 H=24
TIME run allocation action=new run=/fslarge/scratch/users/h61084/codes/tsrag_time/outputs/tsrag/predictions/test/chronos_bolt_max/SG_PM25/H/short/run_0 launch_id=selena_3584841 slurm_job_id=3584841 launched_at=2026-09-27T14:53:10.678886+00:00
[2026-09-27 14:53:10 UTC] vanilla split=test method=chronos_bolt_max dataset=SG_PM25/H term=short L=2048 H=24
TIME run allocation action=new run=/fslarge/scratch/users/h61084/codes/tsrag_time/outputs/tsrag/predictions/validation/chronos_bolt_max/SG_PM25/H/medium/run_0 launch_id=selena_3584841 slurm_job_id=3584841 launched_at=2026-09-27T14:53:10.722036+00:00
[2026-09-27 14:53:10 UTC] vanilla split=validation method=chronos_bolt_max dataset=SG_PM25/H term=medium L=2048 H=72
TIME run allocation action=new run=/fslarge/scratch/users/h61084/codes/tsrag_time/outputs/tsrag/predictions/test/chronos_bolt_max/SG_PM25/H/medium/run_0 launch_id=selena_3584841 slurm_job_id=3584841 launched_at=2026-09-27T14:53:10.764024+00:00
[2026-09-27 14:53:10 UTC] vanilla split=test method=chronos_bolt_max dataset=SG_PM25/H term=medium L=2048 H=72
TIME run allocation action=new run=/fslarge/scratch/users/h61084/codes/tsrag_time/outputs/tsrag/predictions/validation/chronos_bolt_max/SG_PM25/H/long/run_0 launch_id=selena_3584841 slurm_job_id=3584841 launched_at=2026-09-27T14:53:10.806439+00:00
[2026-09-27 14:53:10 UTC] vanilla split=validation method=chronos_bolt_max dataset=SG_PM25/H term=long L=2048 H=168
TIME run allocation action=new run=/fslarge/scratch/users/h61084/codes/tsrag_time/outputs/tsrag/predictions/test/chronos_bolt_max/SG_PM25/H/long/run_0 launch_id=selena_3584841 slurm_job_id=3584841 launched_at=2026-09-27T14:53:11.872585+00:00
[2026-09-27 14:53:11 UTC] vanilla split=test method=chronos_bolt_max dataset=SG_PM25/H term=long L=2048 H=168
TIME run allocation action=new run=/fslarge/scratch/users/h61084/codes/tsrag_time/outputs/tsrag/predictions/validation/chronos_bolt_max/NE_China_Wind/H/short/run_0 launch_id=selena_3584841 slurm_job_id=3584841 launched_at=2026-09-27T14:53:11.915946+00:00
[2026-09-27 14:53:11 UTC] vanilla split=validation method=chronos_bolt_max dataset=NE_China_Wind/H term=short L=2048 H=24
TIME run allocation action=new run=/fslarge/scratch/users/h61084/codes/tsrag_time/outputs/tsrag/predictions/test/chronos_bolt_max/NE_China_Wind/H/short/run_0 launch_id=selena_3584841 slurm_job_id=3584841 launched_at=2026-09-27T14:53:11.950038+00:00
[2026-09-27 14:53:11 UTC] vanilla split=test method=chronos_bolt_max dataset=NE_China_Wind/H term=short L=2048 H=24
TIME run allocation action=new run=/fslarge/scratch/users/h61084/codes/tsrag_time/outputs/tsrag/predictions/validation/chronos_bolt_max/NE_China_Wind/H/medium/run_0 launch_id=selena_3584841 slurm_job_id=3584841 launched_at=2026-09-27T14:53:11.979657+00:00
[2026-09-27 14:53:11 UTC] vanilla split=validation method=chronos_bolt_max dataset=NE_China_Wind/H term=medium L=2048 H=72
TIME run allocation action=new run=/fslarge/scratch/users/h61084/codes/tsrag_time/outputs/tsrag/predictions/test/chronos_bolt_max/NE_China_Wind/H/medium/run_0 launch_id=selena_3584841 slurm_job_id=3584841 launched_at=2026-09-27T14:53:12.010301+00:00
[2026-09-27 14:53:12 UTC] vanilla split=test method=chronos_bolt_max dataset=NE_China_Wind/H term=medium L=2048 H=72
TIME run allocation action=new run=/fslarge/scratch/users/h61084/codes/tsrag_time/outputs/tsrag/predictions/validation/chronos_bolt_max/NE_China_Wind/H/long/run_0 launch_id=selena_3584841 slurm_job_id=3584841 launched_at=2026-09-27T14:53:12.038986+00:00
[2026-09-27 14:53:12 UTC] vanilla split=validation method=chronos_bolt_max dataset=NE_China_Wind/H term=long L=2048 H=168
TIME run allocation action=new run=/fslarge/scratch/users/h61084/codes/tsrag_time/outputs/tsrag/predictions/test/chronos_bolt_max/NE_China_Wind/H/long/run_0 launch_id=selena_3584841 slurm_job_id=3584841 launched_at=2026-09-27T14:53:12.361878+00:00
[2026-09-27 14:53:12 UTC] vanilla split=test method=chronos_bolt_max dataset=NE_China_Wind/H term=long L=2048 H=168
TIME run allocation action=new run=/fslarge/scratch/users/h61084/codes/tsrag_time/outputs/tsrag/predictions/validation/chronos_bolt_max/Australia_Solar/H/short/run_0 launch_id=selena_3584841 slurm_job_id=3584841 launched_at=2026-09-27T14:53:12.391425+00:00
[2026-09-27 14:53:12 UTC] vanilla split=validation method=chronos_bolt_max dataset=Australia_Solar/H term=short L=2048 H=24
TIME run allocation action=new run=/fslarge/scratch/users/h61084/codes/tsrag_time/outputs/tsrag/predictions/test/chronos_bolt_max/Australia_Solar/H/short/run_0 launch_id=selena_3584841 slurm_job_id=3584841 launched_at=2026-09-27T14:53:12.432071+00:00
[2026-09-27 14:53:12 UTC] vanilla split=test method=chronos_bolt_max dataset=Australia_Solar/H term=short L=2048 H=24
TIME run allocation action=new run=/fslarge/scratch/users/h61084/codes/tsrag_time/outputs/tsrag/predictions/validation/chronos_bolt_max/Australia_Solar/H/medium/run_0 launch_id=selena_3584841 slurm_job_id=3584841 launched_at=2026-09-27T14:53:12.467048+00:00
[2026-09-27 14:53:12 UTC] vanilla split=validation method=chronos_bolt_max dataset=Australia_Solar/H term=medium L=2048 H=72
TIME run allocation action=new run=/fslarge/scratch/users/h61084/codes/tsrag_time/outputs/tsrag/predictions/test/chronos_bolt_max/Australia_Solar/H/medium/run_0 launch_id=selena_3584841 slurm_job_id=3584841 launched_at=2026-09-27T14:53:12.502021+00:00
[2026-09-27 14:53:12 UTC] vanilla split=test method=chronos_bolt_max dataset=Australia_Solar/H term=medium L=2048 H=72
TIME run allocation action=new run=/fslarge/scratch/users/h61084/codes/tsrag_time/outputs/tsrag/predictions/validation/chronos_bolt_max/Australia_Solar/H/long/run_0 launch_id=selena_3584841 slurm_job_id=3584841 launched_at=2026-09-27T14:53:12.536135+00:00
[2026-09-27 14:53:12 UTC] vanilla split=validation method=chronos_bolt_max dataset=Australia_Solar/H term=long L=2048 H=168
TIME run allocation action=new run=/fslarge/scratch/users/h61084/codes/tsrag_time/outputs/tsrag/predictions/test/chronos_bolt_max/Australia_Solar/H/long/run_0 launch_id=selena_3584841 slurm_job_id=3584841 launched_at=2026-09-27T14:53:12.570182+00:00
[2026-09-27 14:53:12 UTC] vanilla split=test method=chronos_bolt_max dataset=Australia_Solar/H term=long L=2048 H=168
TIME run allocation action=new run=/fslarge/scratch/users/h61084/codes/tsrag_time/outputs/tsrag/predictions/validation/chronos_bolt_max/epf_electricity_price/H/short/run_0 launch_id=selena_3584841 slurm_job_id=3584841 launched_at=2026-09-27T14:53:12.604613+00:00
[2026-09-27 14:53:12 UTC] vanilla split=validation method=chronos_bolt_max dataset=epf_electricity_price/H term=short L=2048 H=24
TIME run allocation action=new run=/fslarge/scratch/users/h61084/codes/tsrag_time/outputs/tsrag/predictions/test/chronos_bolt_max/epf_electricity_price/H/short/run_0 launch_id=selena_3584841 slurm_job_id=3584841 launched_at=2026-09-27T14:53:12.657910+00:00
[2026-09-27 14:53:12 UTC] vanilla split=test method=chronos_bolt_max dataset=epf_electricity_price/H term=short L=2048 H=24
TIME run allocation action=new run=/fslarge/scratch/users/h61084/codes/tsrag_time/outputs/tsrag/predictions/validation/chronos_bolt_max/epf_electricity_price/H/medium/run_0 launch_id=selena_3584841 slurm_job_id=3584841 launched_at=2026-09-27T14:53:12.705079+00:00
[2026-09-27 14:53:12 UTC] vanilla split=validation method=chronos_bolt_max dataset=epf_electricity_price/H term=medium L=2048 H=72
TIME run allocation action=new run=/fslarge/scratch/users/h61084/codes/tsrag_time/outputs/tsrag/predictions/test/chronos_bolt_max/epf_electricity_price/H/medium/run_0 launch_id=selena_3584841 slurm_job_id=3584841 launched_at=2026-09-27T14:53:12.751862+00:00
[2026-09-27 14:53:12 UTC] vanilla split=test method=chronos_bolt_max dataset=epf_electricity_price/H term=medium L=2048 H=72
TIME run allocation action=new run=/fslarge/scratch/users/h61084/codes/tsrag_time/outputs/tsrag/predictions/validation/chronos_bolt_max/epf_electricity_price/H/long/run_0 launch_id=selena_3584841 slurm_job_id=3584841 launched_at=2026-09-27T14:53:12.797055+00:00
[2026-09-27 14:53:12 UTC] vanilla split=validation method=chronos_bolt_max dataset=epf_electricity_price/H term=long L=2048 H=168
TIME run allocation action=new run=/fslarge/scratch/users/h61084/codes/tsrag_time/outputs/tsrag/predictions/test/chronos_bolt_max/epf_electricity_price/H/long/run_0 launch_id=selena_3584841 slurm_job_id=3584841 launched_at=2026-09-27T14:53:12.841766+00:00
[2026-09-27 14:53:12 UTC] vanilla split=test method=chronos_bolt_max dataset=epf_electricity_price/H term=long L=2048 H=168
TIME run allocation action=new run=/fslarge/scratch/users/h61084/codes/tsrag_time/outputs/tsrag/predictions/validation/chronos_bolt_max/OpenElectricity_NEM/5T/short/run_0 launch_id=selena_3584841 slurm_job_id=3584841 launched_at=2026-09-27T14:53:12.887420+00:00
[2026-09-27 14:53:12 UTC] vanilla split=validation method=chronos_bolt_max dataset=OpenElectricity_NEM/5T term=short L=2048 H=24
TIME run allocation action=new run=/fslarge/scratch/users/h61084/codes/tsrag_time/outputs/tsrag/predictions/test/chronos_bolt_max/OpenElectricity_NEM/5T/short/run_0 launch_id=selena_3584841 slurm_job_id=3584841 launched_at=2026-09-27T14:53:12.979256+00:00
[2026-09-27 14:53:12 UTC] vanilla split=test method=chronos_bolt_max dataset=OpenElectricity_NEM/5T term=short L=2048 H=24
TIME run allocation action=new run=/fslarge/scratch/users/h61084/codes/tsrag_time/outputs/tsrag/predictions/validation/chronos_bolt_max/OpenElectricity_NEM/5T/medium/run_0 launch_id=selena_3584841 slurm_job_id=3584841 launched_at=2026-09-27T14:53:13.059356+00:00
[2026-09-27 14:53:13 UTC] vanilla split=validation method=chronos_bolt_max dataset=OpenElectricity_NEM/5T term=medium L=2048 H=96
TIME run allocation action=new run=/fslarge/scratch/users/h61084/codes/tsrag_time/outputs/tsrag/predictions/test/chronos_bolt_max/OpenElectricity_NEM/5T/medium/run_0 launch_id=selena_3584841 slurm_job_id=3584841 launched_at=2026-09-27T14:53:13.128616+00:00
[2026-09-27 14:53:13 UTC] vanilla split=test method=chronos_bolt_max dataset=OpenElectricity_NEM/5T term=medium L=2048 H=96
TIME run allocation action=new run=/fslarge/scratch/users/h61084/codes/tsrag_time/outputs/tsrag/predictions/validation/chronos_bolt_max/OpenElectricity_NEM/5T/long/run_0 launch_id=selena_3584841 slurm_job_id=3584841 launched_at=2026-09-27T14:53:13.198444+00:00
[2026-09-27 14:53:13 UTC] vanilla split=validation method=chronos_bolt_max dataset=OpenElectricity_NEM/5T term=long L=2048 H=288
TIME run allocation action=new run=/fslarge/scratch/users/h61084/codes/tsrag_time/outputs/tsrag/predictions/test/chronos_bolt_max/OpenElectricity_NEM/5T/long/run_0 launch_id=selena_3584841 slurm_job_id=3584841 launched_at=2026-09-27T14:53:13.261014+00:00
[2026-09-27 14:53:13 UTC] vanilla split=test method=chronos_bolt_max dataset=OpenElectricity_NEM/5T term=long L=2048 H=288
TIME run allocation action=new run=/fslarge/scratch/users/h61084/codes/tsrag_time/outputs/tsrag/predictions/validation/chronos_bolt_max/EWELD_Load/15T/short/run_0 launch_id=selena_3584841 slurm_job_id=3584841 launched_at=2026-09-27T14:53:13.331694+00:00
[2026-09-27 14:53:13 UTC] vanilla split=validation method=chronos_bolt_max dataset=EWELD_Load/15T term=short L=2048 H=24
TIME run allocation action=new run=/fslarge/scratch/users/h61084/codes/tsrag_time/outputs/tsrag/predictions/test/chronos_bolt_max/EWELD_Load/15T/short/run_0 launch_id=selena_3584841 slurm_job_id=3584841 launched_at=2026-09-27T14:53:13.382853+00:00
[2026-09-27 14:53:13 UTC] vanilla split=test method=chronos_bolt_max dataset=EWELD_Load/15T term=short L=2048 H=24
TIME run allocation action=new run=/fslarge/scratch/users/h61084/codes/tsrag_time/outputs/tsrag/predictions/validation/chronos_bolt_max/EWELD_Load/15T/medium/run_0 launch_id=selena_3584841 slurm_job_id=3584841 launched_at=2026-09-27T14:53:13.428000+00:00
[2026-09-27 14:53:13 UTC] vanilla split=validation method=chronos_bolt_max dataset=EWELD_Load/15T term=medium L=2048 H=96
TIME run allocation action=new run=/fslarge/scratch/users/h61084/codes/tsrag_time/outputs/tsrag/predictions/test/chronos_bolt_max/EWELD_Load/15T/medium/run_0 launch_id=selena_3584841 slurm_job_id=3584841 launched_at=2026-09-27T14:53:13.470881+00:00
[2026-09-27 14:53:13 UTC] vanilla split=test method=chronos_bolt_max dataset=EWELD_Load/15T term=medium L=2048 H=96
TIME run allocation action=new run=/fslarge/scratch/users/h61084/codes/tsrag_time/outputs/tsrag/predictions/validation/chronos_bolt_max/EWELD_Load/15T/long/run_0 launch_id=selena_3584841 slurm_job_id=3584841 launched_at=2026-09-27T14:53:13.514649+00:00
[2026-09-27 14:53:13 UTC] vanilla split=validation method=chronos_bolt_max dataset=EWELD_Load/15T term=long L=2048 H=672
TIME run allocation action=new run=/fslarge/scratch/users/h61084/codes/tsrag_time/outputs/tsrag/predictions/test/chronos_bolt_max/EWELD_Load/15T/long/run_0 launch_id=selena_3584841 slurm_job_id=3584841 launched_at=2026-09-27T14:53:13.555846+00:00
[2026-09-27 14:53:13 UTC] vanilla split=test method=chronos_bolt_max dataset=EWELD_Load/15T term=long L=2048 H=672
TIME run allocation action=new run=/fslarge/scratch/users/h61084/codes/tsrag_time/outputs/tsrag/predictions/validation/chronos_bolt_max/SG_Carpark/15T/short/run_0 launch_id=selena_3584841 slurm_job_id=3584841 launched_at=2026-09-27T14:53:13.598276+00:00
[2026-09-27 14:53:13 UTC] vanilla split=validation method=chronos_bolt_max dataset=SG_Carpark/15T term=short L=2048 H=16
TIME run allocation action=new run=/fslarge/scratch/users/h61084/codes/tsrag_time/outputs/tsrag/predictions/test/chronos_bolt_max/SG_Carpark/15T/short/run_0 launch_id=selena_3584841 slurm_job_id=3584841 launched_at=2026-09-27T14:53:14.218805+00:00
[2026-09-27 14:53:14 UTC] vanilla split=test method=chronos_bolt_max dataset=SG_Carpark/15T term=short L=2048 H=16
TIME run allocation action=new run=/fslarge/scratch/users/h61084/codes/tsrag_time/outputs/tsrag/predictions/validation/chronos_bolt_max/SG_Carpark/15T/medium/run_0 launch_id=selena_3584841 slurm_job_id=3584841 launched_at=2026-09-27T14:53:14.711730+00:00
[2026-09-27 14:53:14 UTC] vanilla split=validation method=chronos_bolt_max dataset=SG_Carpark/15T term=medium L=2048 H=96
TIME run allocation action=new run=/fslarge/scratch/users/h61084/codes/tsrag_time/outputs/tsrag/predictions/test/chronos_bolt_max/SG_Carpark/15T/medium/run_0 launch_id=selena_3584841 slurm_job_id=3584841 launched_at=2026-09-27T14:53:15.160898+00:00
[2026-09-27 14:53:15 UTC] vanilla split=test method=chronos_bolt_max dataset=SG_Carpark/15T term=medium L=2048 H=96
TIME run allocation action=new run=/fslarge/scratch/users/h61084/codes/tsrag_time/outputs/tsrag/predictions/validation/chronos_bolt_max/SG_Carpark/15T/long/run_0 launch_id=selena_3584841 slurm_job_id=3584841 launched_at=2026-09-27T14:53:15.596546+00:00
[2026-09-27 14:53:15 UTC] vanilla split=validation method=chronos_bolt_max dataset=SG_Carpark/15T term=long L=2048 H=672
TIME run allocation action=new run=/fslarge/scratch/users/h61084/codes/tsrag_time/outputs/tsrag/predictions/test/chronos_bolt_max/SG_Carpark/15T/long/run_0 launch_id=selena_3584841 slurm_job_id=3584841 launched_at=2026-09-27T14:53:16.010270+00:00
[2026-09-27 14:53:16 UTC] vanilla split=test method=chronos_bolt_max dataset=SG_Carpark/15T term=long L=2048 H=672
TIME run allocation action=new run=/fslarge/scratch/users/h61084/codes/tsrag_time/outputs/tsrag/predictions/validation/chronos_bolt_max/Finland_Traffic/15T/short/run_0 launch_id=selena_3584841 slurm_job_id=3584841 launched_at=2026-09-27T14:53:16.437115+00:00
[2026-09-27 14:53:16 UTC] vanilla split=validation method=chronos_bolt_max dataset=Finland_Traffic/15T term=short L=2048 H=16
TIME run allocation action=new run=/fslarge/scratch/users/h61084/codes/tsrag_time/outputs/tsrag/predictions/test/chronos_bolt_max/Finland_Traffic/15T/short/run_0 launch_id=selena_3584841 slurm_job_id=3584841 launched_at=2026-09-27T14:53:16.475352+00:00
[2026-09-27 14:53:16 UTC] vanilla split=test method=chronos_bolt_max dataset=Finland_Traffic/15T term=short L=2048 H=16
TIME run allocation action=new run=/fslarge/scratch/users/h61084/codes/tsrag_time/outputs/tsrag/predictions/validation/chronos_bolt_max/Finland_Traffic/15T/medium/run_0 launch_id=selena_3584841 slurm_job_id=3584841 launched_at=2026-09-27T14:53:16.504260+00:00
[2026-09-27 14:53:16 UTC] vanilla split=validation method=chronos_bolt_max dataset=Finland_Traffic/15T term=medium L=2048 H=96
TIME run allocation action=new run=/fslarge/scratch/users/h61084/codes/tsrag_time/outputs/tsrag/predictions/test/chronos_bolt_max/Finland_Traffic/15T/medium/run_0 launch_id=selena_3584841 slurm_job_id=3584841 launched_at=2026-09-27T14:53:16.532769+00:00
[2026-09-27 14:53:16 UTC] vanilla split=test method=chronos_bolt_max dataset=Finland_Traffic/15T term=medium L=2048 H=96
TIME run allocation action=new run=/fslarge/scratch/users/h61084/codes/tsrag_time/outputs/tsrag/predictions/validation/chronos_bolt_max/Finland_Traffic/15T/long/run_0 launch_id=selena_3584841 slurm_job_id=3584841 launched_at=2026-09-27T14:53:16.560030+00:00
[2026-09-27 14:53:16 UTC] vanilla split=validation method=chronos_bolt_max dataset=Finland_Traffic/15T term=long L=2048 H=672
TIME run allocation action=new run=/fslarge/scratch/users/h61084/codes/tsrag_time/outputs/tsrag/predictions/test/chronos_bolt_max/Finland_Traffic/15T/long/run_0 launch_id=selena_3584841 slurm_job_id=3584841 launched_at=2026-09-27T14:53:16.976846+00:00
[2026-09-27 14:53:16 UTC] vanilla split=test method=chronos_bolt_max dataset=Finland_Traffic/15T term=long L=2048 H=672
TIME run allocation action=new run=/fslarge/scratch/users/h61084/codes/tsrag_time/outputs/tsrag/predictions/validation/chronos_bolt_max/Port_Activity/D/short/run_0 launch_id=selena_3584841 slurm_job_id=3584841 launched_at=2026-09-27T14:53:17.007569+00:00
[2026-09-27 14:53:17 UTC] vanilla split=validation method=chronos_bolt_max dataset=Port_Activity/D term=short L=2048 H=30
TIME run allocation action=new run=/fslarge/scratch/users/h61084/codes/tsrag_time/outputs/tsrag/predictions/test/chronos_bolt_max/Port_Activity/D/short/run_0 launch_id=selena_3584841 slurm_job_id=3584841 launched_at=2026-09-27T14:53:17.081757+00:00
[2026-09-27 14:53:17 UTC] vanilla split=test method=chronos_bolt_max dataset=Port_Activity/D term=short L=2048 H=30
TIME run allocation action=new run=/fslarge/scratch/users/h61084/codes/tsrag_time/outputs/tsrag/predictions/validation/chronos_bolt_max/Port_Activity/W/short/run_0 launch_id=selena_3584841 slurm_job_id=3584841 launched_at=2026-09-27T14:53:17.171877+00:00
[2026-09-27 14:53:17 UTC] vanilla split=validation method=chronos_bolt_max dataset=Port_Activity/W term=short L=2048 H=13
TIME run allocation action=new run=/fslarge/scratch/users/h61084/codes/tsrag_time/outputs/tsrag/predictions/test/chronos_bolt_max/Port_Activity/W/short/run_0 launch_id=selena_3584841 slurm_job_id=3584841 launched_at=2026-09-27T14:53:17.212247+00:00
[2026-09-27 14:53:17 UTC] vanilla split=test method=chronos_bolt_max dataset=Port_Activity/W term=short L=2048 H=13
TIME run allocation action=new run=/fslarge/scratch/users/h61084/codes/tsrag_time/outputs/tsrag/predictions/validation/chronos_bolt_max/ECDC_COVID/D/short/run_0 launch_id=selena_3584841 slurm_job_id=3584841 launched_at=2026-09-27T14:53:17.255496+00:00
[2026-09-27 14:53:17 UTC] vanilla split=validation method=chronos_bolt_max dataset=ECDC_COVID/D term=short L=2048 H=30
TIME run allocation action=new run=/fslarge/scratch/users/h61084/codes/tsrag_time/outputs/tsrag/predictions/test/chronos_bolt_max/ECDC_COVID/D/short/run_0 launch_id=selena_3584841 slurm_job_id=3584841 launched_at=2026-09-27T14:53:17.284768+00:00
[2026-09-27 14:53:17 UTC] vanilla split=test method=chronos_bolt_max dataset=ECDC_COVID/D term=short L=2048 H=30
TIME run allocation action=new run=/fslarge/scratch/users/h61084/codes/tsrag_time/outputs/tsrag/predictions/validation/chronos_bolt_max/ECDC_COVID/W/short/run_0 launch_id=selena_3584841 slurm_job_id=3584841 launched_at=2026-09-27T14:53:17.312100+00:00
[2026-09-27 14:53:17 UTC] vanilla split=validation method=chronos_bolt_max dataset=ECDC_COVID/W term=short L=2048 H=13
TIME run allocation action=new run=/fslarge/scratch/users/h61084/codes/tsrag_time/outputs/tsrag/predictions/test/chronos_bolt_max/ECDC_COVID/W/short/run_0 launch_id=selena_3584841 slurm_job_id=3584841 launched_at=2026-09-27T14:53:17.339766+00:00
[2026-09-27 14:53:17 UTC] vanilla split=test method=chronos_bolt_max dataset=ECDC_COVID/W term=short L=2048 H=13
TIME run allocation action=new run=/fslarge/scratch/users/h61084/codes/tsrag_time/outputs/tsrag/predictions/validation/chronos_bolt_max/Global_Influenza/W/short/run_0 launch_id=selena_3584841 slurm_job_id=3584841 launched_at=2026-09-27T14:53:17.367387+00:00
[2026-09-27 14:53:17 UTC] vanilla split=validation method=chronos_bolt_max dataset=Global_Influenza/W term=short L=2048 H=13
TIME run allocation action=new run=/fslarge/scratch/users/h61084/codes/tsrag_time/outputs/tsrag/predictions/test/chronos_bolt_max/Global_Influenza/W/short/run_0 launch_id=selena_3584841 slurm_job_id=3584841 launched_at=2026-09-27T14:53:17.396981+00:00
[2026-09-27 14:53:17 UTC] vanilla split=test method=chronos_bolt_max dataset=Global_Influenza/W term=short L=2048 H=13
TIME run allocation action=new run=/fslarge/scratch/users/h61084/codes/tsrag_time/outputs/tsrag/predictions/validation/chronos_bolt_max/Crypto/D/short/run_0 launch_id=selena_3584841 slurm_job_id=3584841 launched_at=2026-09-27T14:53:17.427155+00:00
[2026-09-27 14:53:17 UTC] vanilla split=validation method=chronos_bolt_max dataset=Crypto/D term=short L=2048 H=30
TIME run allocation action=new run=/fslarge/scratch/users/h61084/codes/tsrag_time/outputs/tsrag/predictions/test/chronos_bolt_max/Crypto/D/short/run_0 launch_id=selena_3584841 slurm_job_id=3584841 launched_at=2026-09-27T14:53:17.478309+00:00
[2026-09-27 14:53:17 UTC] vanilla split=test method=chronos_bolt_max dataset=Crypto/D term=short L=2048 H=30
TIME run allocation action=new run=/fslarge/scratch/users/h61084/codes/tsrag_time/outputs/tsrag/predictions/validation/chronos_bolt_max/US_Term_Structure/B/short/run_0 launch_id=selena_3584841 slurm_job_id=3584841 launched_at=2026-09-27T14:53:17.505524+00:00
[2026-09-27 14:53:17 UTC] vanilla split=validation method=chronos_bolt_max dataset=US_Term_Structure/B term=short L=2048 H=20
TIME run allocation action=new run=/fslarge/scratch/users/h61084/codes/tsrag_time/outputs/tsrag/predictions/test/chronos_bolt_max/US_Term_Structure/B/short/run_0 launch_id=selena_3584841 slurm_job_id=3584841 launched_at=2026-09-27T14:53:17.566400+00:00
[2026-09-27 14:53:17 UTC] vanilla split=test method=chronos_bolt_max dataset=US_Term_Structure/B term=short L=2048 H=20
TIME run allocation action=new run=/fslarge/scratch/users/h61084/codes/tsrag_time/outputs/tsrag/predictions/validation/chronos_bolt_max/Oil_Price/B/short/run_0 launch_id=selena_3584841 slurm_job_id=3584841 launched_at=2026-09-27T14:53:17.632790+00:00
[2026-09-27 14:53:17 UTC] vanilla split=validation method=chronos_bolt_max dataset=Oil_Price/B term=short L=2048 H=20
TIME run allocation action=new run=/fslarge/scratch/users/h61084/codes/tsrag_time/outputs/tsrag/predictions/test/chronos_bolt_max/Oil_Price/B/short/run_0 launch_id=selena_3584841 slurm_job_id=3584841 launched_at=2026-09-27T14:53:17.665660+00:00
[2026-09-27 14:53:17 UTC] vanilla split=test method=chronos_bolt_max dataset=Oil_Price/B term=short L=2048 H=20
TIME run allocation action=new run=/fslarge/scratch/users/h61084/codes/tsrag_time/outputs/tsrag/predictions/validation/chronos_bolt_max/Job_Claims/W/short/run_0 launch_id=selena_3584841 slurm_job_id=3584841 launched_at=2026-09-27T14:53:17.700074+00:00
[2026-09-27 14:53:17 UTC] vanilla split=validation method=chronos_bolt_max dataset=Job_Claims/W term=short L=2048 H=13
TIME run allocation action=new run=/fslarge/scratch/users/h61084/codes/tsrag_time/outputs/tsrag/predictions/test/chronos_bolt_max/Job_Claims/W/short/run_0 launch_id=selena_3584841 slurm_job_id=3584841 launched_at=2026-09-27T14:53:17.726397+00:00
[2026-09-27 14:53:17 UTC] vanilla split=test method=chronos_bolt_max dataset=Job_Claims/W term=short L=2048 H=13
TIME run allocation action=new run=/fslarge/scratch/users/h61084/codes/tsrag_time/outputs/tsrag/predictions/validation/chronos_bolt_max/Uncertainty_1M/M/short/run_0 launch_id=selena_3584841 slurm_job_id=3584841 launched_at=2026-09-27T14:53:17.751963+00:00
[2026-09-27 14:53:17 UTC] vanilla split=validation method=chronos_bolt_max dataset=Uncertainty_1M/M term=short L=2048 H=6
TIME run allocation action=new run=/fslarge/scratch/users/h61084/codes/tsrag_time/outputs/tsrag/predictions/test/chronos_bolt_max/Uncertainty_1M/M/short/run_0 launch_id=selena_3584841 slurm_job_id=3584841 launched_at=2026-09-27T14:53:17.779012+00:00
[2026-09-27 14:53:17 UTC] vanilla split=test method=chronos_bolt_max dataset=Uncertainty_1M/M term=short L=2048 H=6
TIME run allocation action=new run=/fslarge/scratch/users/h61084/codes/tsrag_time/outputs/tsrag/predictions/validation/chronos_bolt_max/Housing_Inventory/M/short/run_0 launch_id=selena_3584841 slurm_job_id=3584841 launched_at=2026-09-27T14:53:17.804130+00:00
[2026-09-27 14:53:17 UTC] vanilla split=validation method=chronos_bolt_max dataset=Housing_Inventory/M term=short L=2048 H=12
TIME run allocation action=new run=/fslarge/scratch/users/h61084/codes/tsrag_time/outputs/tsrag/predictions/test/chronos_bolt_max/Housing_Inventory/M/short/run_0 launch_id=selena_3584841 slurm_job_id=3584841 launched_at=2026-09-27T14:53:17.831157+00:00
[2026-09-27 14:53:17 UTC] vanilla split=test method=chronos_bolt_max dataset=Housing_Inventory/M term=short L=2048 H=12
TIME run allocation action=new run=/fslarge/scratch/users/h61084/codes/tsrag_time/outputs/tsrag/predictions/validation/chronos_bolt_max/JOLTS/M/short/run_0 launch_id=selena_3584841 slurm_job_id=3584841 launched_at=2026-09-27T14:53:17.855785+00:00
[2026-09-27 14:53:17 UTC] vanilla split=validation method=chronos_bolt_max dataset=JOLTS/M term=short L=2048 H=12
TIME run allocation action=new run=/fslarge/scratch/users/h61084/codes/tsrag_time/outputs/tsrag/predictions/test/chronos_bolt_max/JOLTS/M/short/run_0 launch_id=selena_3584841 slurm_job_id=3584841 launched_at=2026-09-27T14:53:17.881449+00:00
[2026-09-27 14:53:17 UTC] vanilla split=test method=chronos_bolt_max dataset=JOLTS/M term=short L=2048 H=12
TIME run allocation action=new run=/fslarge/scratch/users/h61084/codes/tsrag_time/outputs/tsrag/predictions/validation/chronos_bolt_max/US_Labor/M/short/run_0 launch_id=selena_3584841 slurm_job_id=3584841 launched_at=2026-09-27T14:53:17.907255+00:00
[2026-09-27 14:53:17 UTC] vanilla split=validation method=chronos_bolt_max dataset=US_Labor/M term=short L=2048 H=12
TIME run allocation action=new run=/fslarge/scratch/users/h61084/codes/tsrag_time/outputs/tsrag/predictions/test/chronos_bolt_max/US_Labor/M/short/run_0 launch_id=selena_3584841 slurm_job_id=3584841 launched_at=2026-09-27T14:53:17.934669+00:00
[2026-09-27 14:53:17 UTC] vanilla split=test method=chronos_bolt_max dataset=US_Labor/M term=short L=2048 H=12
TIME run allocation action=new run=/fslarge/scratch/users/h61084/codes/tsrag_time/outputs/tsrag/predictions/validation/chronos_bolt_max/Vehicle_Supply/M/short/run_0 launch_id=selena_3584841 slurm_job_id=3584841 launched_at=2026-09-27T14:53:17.960673+00:00
[2026-09-27 14:53:17 UTC] vanilla split=validation method=chronos_bolt_max dataset=Vehicle_Supply/M term=short L=2048 H=12
TIME run allocation action=new run=/fslarge/scratch/users/h61084/codes/tsrag_time/outputs/tsrag/predictions/test/chronos_bolt_max/Vehicle_Supply/M/short/run_0 launch_id=selena_3584841 slurm_job_id=3584841 launched_at=2026-09-27T14:53:17.987778+00:00
[2026-09-27 14:53:17 UTC] vanilla split=test method=chronos_bolt_max dataset=Vehicle_Supply/M term=short L=2048 H=12
TIME run allocation action=new run=/fslarge/scratch/users/h61084/codes/tsrag_time/outputs/tsrag/predictions/validation/chronos_bolt_max/Auto_Production_SF/M/short/run_0 launch_id=selena_3584841 slurm_job_id=3584841 launched_at=2026-09-27T14:53:18.013190+00:00
[2026-09-27 14:53:18 UTC] vanilla split=validation method=chronos_bolt_max dataset=Auto_Production_SF/M term=short L=2048 H=12
TIME run allocation action=new run=/fslarge/scratch/users/h61084/codes/tsrag_time/outputs/tsrag/predictions/test/chronos_bolt_max/Auto_Production_SF/M/short/run_0 launch_id=selena_3584841 slurm_job_id=3584841 launched_at=2026-09-27T14:53:18.039090+00:00
[2026-09-27 14:53:18 UTC] vanilla split=test method=chronos_bolt_max dataset=Auto_Production_SF/M term=short L=2048 H=12
TIME run allocation action=new run=/fslarge/scratch/users/h61084/codes/tsrag_time/outputs/tsrag/predictions/validation/chronos_bolt_max/Commodity_Production/M/short/run_0 launch_id=selena_3584841 slurm_job_id=3584841 launched_at=2026-09-27T14:53:18.064164+00:00
[2026-09-27 14:53:18 UTC] vanilla split=validation method=chronos_bolt_max dataset=Commodity_Production/M term=short L=2048 H=12
TIME run allocation action=new run=/fslarge/scratch/users/h61084/codes/tsrag_time/outputs/tsrag/predictions/test/chronos_bolt_max/Commodity_Production/M/short/run_0 launch_id=selena_3584841 slurm_job_id=3584841 launched_at=2026-09-27T14:53:18.093972+00:00
[2026-09-27 14:53:18 UTC] vanilla split=test method=chronos_bolt_max dataset=Commodity_Production/M term=short L=2048 H=12
TIME run allocation action=new run=/fslarge/scratch/users/h61084/codes/tsrag_time/outputs/tsrag/predictions/validation/chronos_bolt_max/Commodity_Import/M/short/run_0 launch_id=selena_3584841 slurm_job_id=3584841 launched_at=2026-09-27T14:53:18.122483+00:00
[2026-09-27 14:53:18 UTC] vanilla split=validation method=chronos_bolt_max dataset=Commodity_Import/M term=short L=2048 H=12
TIME run allocation action=new run=/fslarge/scratch/users/h61084/codes/tsrag_time/outputs/tsrag/predictions/test/chronos_bolt_max/Commodity_Import/M/short/run_0 launch_id=selena_3584841 slurm_job_id=3584841 launched_at=2026-09-27T14:53:18.159079+00:00
[2026-09-27 14:53:18 UTC] vanilla split=test method=chronos_bolt_max dataset=Commodity_Import/M term=short L=2048 H=12
TIME run allocation action=new run=/fslarge/scratch/users/h61084/codes/tsrag_time/outputs/tsrag/predictions/validation/chronos_bolt_max/WUI_Global/Q/short/run_0 launch_id=selena_3584841 slurm_job_id=3584841 launched_at=2026-09-27T14:53:18.188227+00:00
[2026-09-27 14:53:18 UTC] vanilla split=validation method=chronos_bolt_max dataset=WUI_Global/Q term=short L=2048 H=4
TIME run allocation action=new run=/fslarge/scratch/users/h61084/codes/tsrag_time/outputs/tsrag/predictions/test/chronos_bolt_max/WUI_Global/Q/short/run_0 launch_id=selena_3584841 slurm_job_id=3584841 launched_at=2026-09-27T14:53:18.216593+00:00
[2026-09-27 14:53:18 UTC] vanilla split=test method=chronos_bolt_max dataset=WUI_Global/Q term=short L=2048 H=4
TIME run allocation action=new run=/fslarge/scratch/users/h61084/codes/tsrag_time/outputs/tsrag/predictions/validation/chronos_bolt_max/Global_Price/Q/short/run_0 launch_id=selena_3584841 slurm_job_id=3584841 launched_at=2026-09-27T14:53:18.242427+00:00
[2026-09-27 14:53:18 UTC] vanilla split=validation method=chronos_bolt_max dataset=Global_Price/Q term=short L=2048 H=4
TIME run allocation action=new run=/fslarge/scratch/users/h61084/codes/tsrag_time/outputs/tsrag/predictions/test/chronos_bolt_max/Global_Price/Q/short/run_0 launch_id=selena_3584841 slurm_job_id=3584841 launched_at=2026-09-27T14:53:18.270960+00:00
[2026-09-27 14:53:18 UTC] vanilla split=test method=chronos_bolt_max dataset=Global_Price/Q term=short L=2048 H=4
TIME run allocation action=new run=/fslarge/scratch/users/h61084/codes/tsrag_time/outputs/tsrag/predictions/validation/chronos_bolt_max/Vehicle_Sales/M/short/run_0 launch_id=selena_3584841 slurm_job_id=3584841 launched_at=2026-09-27T14:53:18.298865+00:00
[2026-09-27 14:53:18 UTC] vanilla split=validation method=chronos_bolt_max dataset=Vehicle_Sales/M term=short L=2048 H=12
TIME run allocation action=new run=/fslarge/scratch/users/h61084/codes/tsrag_time/outputs/tsrag/predictions/test/chronos_bolt_max/Vehicle_Sales/M/short/run_0 launch_id=selena_3584841 slurm_job_id=3584841 launched_at=2026-09-27T14:53:18.325451+00:00
[2026-09-27 14:53:18 UTC] vanilla split=test method=chronos_bolt_max dataset=Vehicle_Sales/M term=short L=2048 H=12
TIME run allocation action=new run=/fslarge/scratch/users/h61084/codes/tsrag_time/outputs/tsrag/predictions/validation/chronos_bolt_max/Online_Retail_2_UCI/D/short/run_0 launch_id=selena_3584841 slurm_job_id=3584841 launched_at=2026-09-27T14:53:18.351047+00:00
[2026-09-27 14:53:18 UTC] vanilla split=validation method=chronos_bolt_max dataset=Online_Retail_2_UCI/D term=short L=2048 H=30
TIME run allocation action=new run=/fslarge/scratch/users/h61084/codes/tsrag_time/outputs/tsrag/predictions/test/chronos_bolt_max/Online_Retail_2_UCI/D/short/run_0 launch_id=selena_3584841 slurm_job_id=3584841 launched_at=2026-09-27T14:53:18.376985+00:00
[2026-09-27 14:53:18 UTC] vanilla split=test method=chronos_bolt_max dataset=Online_Retail_2_UCI/D term=short L=2048 H=30
TIME run allocation action=new run=/fslarge/scratch/users/h61084/codes/tsrag_time/outputs/tsrag/predictions/validation/chronos_bolt_max/Supply_Chain_Customer/D/short/run_0 launch_id=selena_3584841 slurm_job_id=3584841 launched_at=2026-09-27T14:53:18.401710+00:00
[2026-09-27 14:53:18 UTC] vanilla split=validation method=chronos_bolt_max dataset=Supply_Chain_Customer/D term=short L=2048 H=30
TIME run allocation action=new run=/fslarge/scratch/users/h61084/codes/tsrag_time/outputs/tsrag/predictions/test/chronos_bolt_max/Supply_Chain_Customer/D/short/run_0 launch_id=selena_3584841 slurm_job_id=3584841 launched_at=2026-09-27T14:53:18.434789+00:00
[2026-09-27 14:53:18 UTC] vanilla split=test method=chronos_bolt_max dataset=Supply_Chain_Customer/D term=short L=2048 H=30
TIME run allocation action=new run=/fslarge/scratch/users/h61084/codes/tsrag_time/outputs/tsrag/predictions/validation/chronos_bolt_max/Supply_Chain_Location/D/short/run_0 launch_id=selena_3584841 slurm_job_id=3584841 launched_at=2026-09-27T14:53:18.470322+00:00
[2026-09-27 14:53:18 UTC] vanilla split=validation method=chronos_bolt_max dataset=Supply_Chain_Location/D term=short L=2048 H=30
TIME run allocation action=new run=/fslarge/scratch/users/h61084/codes/tsrag_time/outputs/tsrag/predictions/test/chronos_bolt_max/Supply_Chain_Location/D/short/run_0 launch_id=selena_3584841 slurm_job_id=3584841 launched_at=2026-09-27T14:53:18.507567+00:00
[2026-09-27 14:53:18 UTC] vanilla split=test method=chronos_bolt_max dataset=Supply_Chain_Location/D term=short L=2048 H=30
TIME run allocation action=new run=/fslarge/scratch/users/h61084/codes/tsrag_time/outputs/tsrag/predictions/validation/chronos_bolt_max/azure2019_U/5T/short/run_0 launch_id=selena_3584841 slurm_job_id=3584841 launched_at=2026-09-27T14:53:18.546897+00:00
[2026-09-27 14:53:18 UTC] vanilla split=validation method=chronos_bolt_max dataset=azure2019_U/5T term=short L=2048 H=48
TIME run allocation action=new run=/fslarge/scratch/users/h61084/codes/tsrag_time/outputs/tsrag/predictions/test/chronos_bolt_max/azure2019_U/5T/short/run_0 launch_id=selena_3584841 slurm_job_id=3584841 launched_at=2026-09-27T14:53:18.613509+00:00
[2026-09-27 14:53:18 UTC] vanilla split=test method=chronos_bolt_max dataset=azure2019_U/5T term=short L=2048 H=48
TIME run allocation action=new run=/fslarge/scratch/users/h61084/codes/tsrag_time/outputs/tsrag/predictions/validation/chronos_bolt_max/Smart_Manufacturing/H/short/run_0 launch_id=selena_3584841 slurm_job_id=3584841 launched_at=2026-09-27T14:53:18.693866+00:00
[2026-09-27 14:53:18 UTC] vanilla split=validation method=chronos_bolt_max dataset=Smart_Manufacturing/H term=short L=2048 H=24
TIME run allocation action=new run=/fslarge/scratch/users/h61084/codes/tsrag_time/outputs/tsrag/predictions/test/chronos_bolt_max/Smart_Manufacturing/H/short/run_0 launch_id=selena_3584841 slurm_job_id=3584841 launched_at=2026-09-27T14:53:18.784458+00:00
[2026-09-27 14:53:18 UTC] vanilla split=test method=chronos_bolt_max dataset=Smart_Manufacturing/H term=short L=2048 H=24
TIME run allocation action=new run=/fslarge/scratch/users/h61084/codes/tsrag_time/outputs/tsrag/predictions/validation/chronos_bolt_max/Smart_Manufacturing/H/medium/run_0 launch_id=selena_3584841 slurm_job_id=3584841 launched_at=2026-09-27T14:53:18.857154+00:00
[2026-09-27 14:53:18 UTC] vanilla split=validation method=chronos_bolt_max dataset=Smart_Manufacturing/H term=medium L=2048 H=168
TIME run allocation action=new run=/fslarge/scratch/users/h61084/codes/tsrag_time/outputs/tsrag/predictions/test/chronos_bolt_max/Smart_Manufacturing/H/medium/run_0 launch_id=selena_3584841 slurm_job_id=3584841 launched_at=2026-09-27T14:53:18.914204+00:00
[2026-09-27 14:53:18 UTC] vanilla split=test method=chronos_bolt_max dataset=Smart_Manufacturing/H term=medium L=2048 H=168
TIME run allocation action=new run=/fslarge/scratch/users/h61084/codes/tsrag_time/outputs/tsrag/predictions/validation/chronos_bolt_max/Smart_Manufacturing/H/long/run_0 launch_id=selena_3584841 slurm_job_id=3584841 launched_at=2026-09-27T14:53:18.976798+00:00
[2026-09-27 14:53:18 UTC] vanilla split=validation method=chronos_bolt_max dataset=Smart_Manufacturing/H term=long L=2048 H=336
TIME run allocation action=new run=/fslarge/scratch/users/h61084/codes/tsrag_time/outputs/tsrag/predictions/test/chronos_bolt_max/Smart_Manufacturing/H/long/run_0 launch_id=selena_3584841 slurm_job_id=3584841 launched_at=2026-09-27T14:53:19.030670+00:00
[2026-09-27 14:53:19 UTC] vanilla split=test method=chronos_bolt_max dataset=Smart_Manufacturing/H term=long L=2048 H=336
TIME run allocation action=new run=/fslarge/scratch/users/h61084/codes/tsrag_time/outputs/tsrag/predictions/validation/chronos_bolt_max/MetroPT-3/5T/short/run_0 launch_id=selena_3584841 slurm_job_id=3584841 launched_at=2026-09-27T14:53:19.095914+00:00
[2026-09-27 14:53:19 UTC] vanilla split=validation method=chronos_bolt_max dataset=MetroPT-3/5T term=short L=2048 H=48
TIME run allocation action=new run=/fslarge/scratch/users/h61084/codes/tsrag_time/outputs/tsrag/predictions/test/chronos_bolt_max/MetroPT-3/5T/short/run_0 launch_id=selena_3584841 slurm_job_id=3584841 launched_at=2026-09-27T14:53:19.137578+00:00
[2026-09-27 14:53:19 UTC] vanilla split=test method=chronos_bolt_max dataset=MetroPT-3/5T term=short L=2048 H=48
TIME run allocation action=new run=/fslarge/scratch/users/h61084/codes/tsrag_time/outputs/tsrag/predictions/validation/chronos_bolt_max/MetroPT-3/5T/medium/run_0 launch_id=selena_3584841 slurm_job_id=3584841 launched_at=2026-09-27T14:53:19.173210+00:00
[2026-09-27 14:53:19 UTC] vanilla split=validation method=chronos_bolt_max dataset=MetroPT-3/5T term=medium L=2048 H=288
TIME run allocation action=new run=/fslarge/scratch/users/h61084/codes/tsrag_time/outputs/tsrag/predictions/test/chronos_bolt_max/MetroPT-3/5T/medium/run_0 launch_id=selena_3584841 slurm_job_id=3584841 launched_at=2026-09-27T14:53:19.207343+00:00
[2026-09-27 14:53:19 UTC] vanilla split=test method=chronos_bolt_max dataset=MetroPT-3/5T term=medium L=2048 H=288
TIME run allocation action=new run=/fslarge/scratch/users/h61084/codes/tsrag_time/outputs/tsrag/predictions/validation/chronos_bolt_max/MetroPT-3/5T/long/run_0 launch_id=selena_3584841 slurm_job_id=3584841 launched_at=2026-09-27T14:53:19.242197+00:00
[2026-09-27 14:53:19 UTC] vanilla split=validation method=chronos_bolt_max dataset=MetroPT-3/5T term=long L=2048 H=576
TIME run allocation action=new run=/fslarge/scratch/users/h61084/codes/tsrag_time/outputs/tsrag/predictions/test/chronos_bolt_max/MetroPT-3/5T/long/run_0 launch_id=selena_3584841 slurm_job_id=3584841 launched_at=2026-09-27T14:53:19.276025+00:00
[2026-09-27 14:53:19 UTC] vanilla split=test method=chronos_bolt_max dataset=MetroPT-3/5T term=long L=2048 H=576
TIME run allocation action=new run=/fslarge/scratch/users/h61084/codes/tsrag_time/outputs/tsrag/predictions/validation/chronos_t5_512/Water_Quality_Darwin/15T/short/run_0 launch_id=selena_3584841 slurm_job_id=3584841 launched_at=2026-09-27T14:53:19.312614+00:00
[2026-09-27 14:53:19 UTC] vanilla split=validation method=chronos_t5_512 dataset=Water_Quality_Darwin/15T term=short L=512 H=16
TIME run allocation action=new run=/fslarge/scratch/users/h61084/codes/tsrag_time/outputs/tsrag/predictions/test/chronos_t5_512/Water_Quality_Darwin/15T/short/run_0 launch_id=selena_3584841 slurm_job_id=3584841 launched_at=2026-09-27T14:53:19.443302+00:00
[2026-09-27 14:53:19 UTC] vanilla split=test method=chronos_t5_512 dataset=Water_Quality_Darwin/15T term=short L=512 H=16
TIME run allocation action=new run=/fslarge/scratch/users/h61084/codes/tsrag_time/outputs/tsrag/predictions/validation/chronos_t5_512/Water_Quality_Darwin/15T/medium/run_0 launch_id=selena_3584841 slurm_job_id=3584841 launched_at=2026-09-27T14:53:19.556239+00:00
[2026-09-27 14:53:19 UTC] vanilla split=validation method=chronos_t5_512 dataset=Water_Quality_Darwin/15T term=medium L=512 H=96
TIME run allocation action=new run=/fslarge/scratch/users/h61084/codes/tsrag_time/outputs/tsrag/predictions/test/chronos_t5_512/Water_Quality_Darwin/15T/medium/run_0 launch_id=selena_3584841 slurm_job_id=3584841 launched_at=2026-09-27T14:53:19.638832+00:00
[2026-09-27 14:53:19 UTC] vanilla split=test method=chronos_t5_512 dataset=Water_Quality_Darwin/15T term=medium L=512 H=96
TIME run allocation action=new run=/fslarge/scratch/users/h61084/codes/tsrag_time/outputs/tsrag/predictions/validation/chronos_t5_512/Water_Quality_Darwin/15T/long/run_0 launch_id=selena_3584841 slurm_job_id=3584841 launched_at=2026-09-27T14:53:19.719950+00:00
[2026-09-27 14:53:19 UTC] vanilla split=validation method=chronos_t5_512 dataset=Water_Quality_Darwin/15T term=long L=512 H=288
TIME run allocation action=new run=/fslarge/scratch/users/h61084/codes/tsrag_time/outputs/tsrag/predictions/test/chronos_t5_512/Water_Quality_Darwin/15T/long/run_0 launch_id=selena_3584841 slurm_job_id=3584841 launched_at=2026-09-27T14:53:19.794775+00:00
[2026-09-27 14:53:19 UTC] vanilla split=test method=chronos_t5_512 dataset=Water_Quality_Darwin/15T term=long L=512 H=288
TIME run allocation action=new run=/fslarge/scratch/users/h61084/codes/tsrag_time/outputs/tsrag/predictions/validation/chronos_t5_512/current_velocity/5T/short/run_0 launch_id=selena_3584841 slurm_job_id=3584841 launched_at=2026-09-27T14:53:19.872296+00:00
[2026-09-27 14:53:19 UTC] vanilla split=validation method=chronos_t5_512 dataset=current_velocity/5T term=short L=512 H=36
TIME run allocation action=new run=/fslarge/scratch/users/h61084/codes/tsrag_time/outputs/tsrag/predictions/test/chronos_t5_512/current_velocity/5T/short/run_0 launch_id=selena_3584841 slurm_job_id=3584841 launched_at=2026-09-27T14:53:19.924441+00:00
[2026-09-27 14:53:19 UTC] vanilla split=test method=chronos_t5_512 dataset=current_velocity/5T term=short L=512 H=36
TIME run allocation action=new run=/fslarge/scratch/users/h61084/codes/tsrag_time/outputs/tsrag/predictions/validation/chronos_t5_512/current_velocity/5T/medium/run_0 launch_id=selena_3584841 slurm_job_id=3584841 launched_at=2026-09-27T14:53:19.971720+00:00
[2026-09-27 14:53:19 UTC] vanilla split=validation method=chronos_t5_512 dataset=current_velocity/5T term=medium L=512 H=288
TIME run allocation action=new run=/fslarge/scratch/users/h61084/codes/tsrag_time/outputs/tsrag/predictions/test/chronos_t5_512/current_velocity/5T/medium/run_0 launch_id=selena_3584841 slurm_job_id=3584841 launched_at=2026-09-27T14:53:20.010454+00:00
[2026-09-27 14:53:20 UTC] vanilla split=test method=chronos_t5_512 dataset=current_velocity/5T term=medium L=512 H=288
TIME run allocation action=new run=/fslarge/scratch/users/h61084/codes/tsrag_time/outputs/tsrag/predictions/validation/chronos_t5_512/current_velocity/5T/long/run_0 launch_id=selena_3584841 slurm_job_id=3584841 launched_at=2026-09-27T14:53:20.050449+00:00
[2026-09-27 14:53:20 UTC] vanilla split=validation method=chronos_t5_512 dataset=current_velocity/5T term=long L=512 H=864
TIME run allocation action=new run=/fslarge/scratch/users/h61084/codes/tsrag_time/outputs/tsrag/predictions/test/chronos_t5_512/current_velocity/5T/long/run_0 launch_id=selena_3584841 slurm_job_id=3584841 launched_at=2026-09-27T14:53:20.088496+00:00
[2026-09-27 14:53:20 UTC] vanilla split=test method=chronos_t5_512 dataset=current_velocity/5T term=long L=512 H=864
TIME run allocation action=new run=/fslarge/scratch/users/h61084/codes/tsrag_time/outputs/tsrag/predictions/validation/chronos_t5_512/current_velocity/10T/short/run_0 launch_id=selena_3584841 slurm_job_id=3584841 launched_at=2026-09-27T14:53:20.127956+00:00
[2026-09-27 14:53:20 UTC] vanilla split=validation method=chronos_t5_512 dataset=current_velocity/10T term=short L=512 H=18
TIME run allocation action=new run=/fslarge/scratch/users/h61084/codes/tsrag_time/outputs/tsrag/predictions/test/chronos_t5_512/current_velocity/10T/short/run_0 launch_id=selena_3584841 slurm_job_id=3584841 launched_at=2026-09-27T14:53:20.355836+00:00
[2026-09-27 14:53:20 UTC] vanilla split=test method=chronos_t5_512 dataset=current_velocity/10T term=short L=512 H=18
TIME run allocation action=new run=/fslarge/scratch/users/h61084/codes/tsrag_time/outputs/tsrag/predictions/validation/chronos_t5_512/current_velocity/10T/medium/run_0 launch_id=selena_3584841 slurm_job_id=3584841 launched_at=2026-09-27T14:53:20.548578+00:00
[2026-09-27 14:53:20 UTC] vanilla split=validation method=chronos_t5_512 dataset=current_velocity/10T term=medium L=512 H=144
TIME run allocation action=new run=/fslarge/scratch/users/h61084/codes/tsrag_time/outputs/tsrag/predictions/test/chronos_t5_512/current_velocity/10T/medium/run_0 launch_id=selena_3584841 slurm_job_id=3584841 launched_at=2026-09-27T14:53:20.682775+00:00
[2026-09-27 14:53:20 UTC] vanilla split=test method=chronos_t5_512 dataset=current_velocity/10T term=medium L=512 H=144
TIME run allocation action=new run=/fslarge/scratch/users/h61084/codes/tsrag_time/outputs/tsrag/predictions/validation/chronos_t5_512/current_velocity/10T/long/run_0 launch_id=selena_3584841 slurm_job_id=3584841 launched_at=2026-09-27T14:53:20.814224+00:00
[2026-09-27 14:53:20 UTC] vanilla split=validation method=chronos_t5_512 dataset=current_velocity/10T term=long L=512 H=432
TIME run allocation action=new run=/fslarge/scratch/users/h61084/codes/tsrag_time/outputs/tsrag/predictions/test/chronos_t5_512/current_velocity/10T/long/run_0 launch_id=selena_3584841 slurm_job_id=3584841 launched_at=2026-09-27T14:53:20.937231+00:00
[2026-09-27 14:53:20 UTC] vanilla split=test method=chronos_t5_512 dataset=current_velocity/10T term=long L=512 H=432
TIME run allocation action=new run=/fslarge/scratch/users/h61084/codes/tsrag_time/outputs/tsrag/predictions/validation/chronos_t5_512/current_velocity/15T/short/run_0 launch_id=selena_3584841 slurm_job_id=3584841 launched_at=2026-09-27T14:53:21.060618+00:00
[2026-09-27 14:53:21 UTC] vanilla split=validation method=chronos_t5_512 dataset=current_velocity/15T term=short L=512 H=12
TIME run allocation action=new run=/fslarge/scratch/users/h61084/codes/tsrag_time/outputs/tsrag/predictions/test/chronos_t5_512/current_velocity/15T/short/run_0 launch_id=selena_3584841 slurm_job_id=3584841 launched_at=2026-09-27T14:53:21.164401+00:00
[2026-09-27 14:53:21 UTC] vanilla split=test method=chronos_t5_512 dataset=current_velocity/15T term=short L=512 H=12
TIME run allocation action=new run=/fslarge/scratch/users/h61084/codes/tsrag_time/outputs/tsrag/predictions/validation/chronos_t5_512/current_velocity/15T/medium/run_0 launch_id=selena_3584841 slurm_job_id=3584841 launched_at=2026-09-27T14:53:21.248635+00:00
[2026-09-27 14:53:21 UTC] vanilla split=validation method=chronos_t5_512 dataset=current_velocity/15T term=medium L=512 H=96
TIME run allocation action=new run=/fslarge/scratch/users/h61084/codes/tsrag_time/outputs/tsrag/predictions/test/chronos_t5_512/current_velocity/15T/medium/run_0 launch_id=selena_3584841 slurm_job_id=3584841 launched_at=2026-09-27T14:53:21.301162+00:00
[2026-09-27 14:53:21 UTC] vanilla split=test method=chronos_t5_512 dataset=current_velocity/15T term=medium L=512 H=96
TIME run allocation action=new run=/fslarge/scratch/users/h61084/codes/tsrag_time/outputs/tsrag/predictions/validation/chronos_t5_512/current_velocity/15T/long/run_0 launch_id=selena_3584841 slurm_job_id=3584841 launched_at=2026-09-27T14:53:21.352564+00:00
[2026-09-27 14:53:21 UTC] vanilla split=validation method=chronos_t5_512 dataset=current_velocity/15T term=long L=512 H=288
TIME run allocation action=new run=/fslarge/scratch/users/h61084/codes/tsrag_time/outputs/tsrag/predictions/test/chronos_t5_512/current_velocity/15T/long/run_0 launch_id=selena_3584841 slurm_job_id=3584841 launched_at=2026-09-27T14:53:21.400156+00:00
[2026-09-27 14:53:21 UTC] vanilla split=test method=chronos_t5_512 dataset=current_velocity/15T term=long L=512 H=288
TIME run allocation action=new run=/fslarge/scratch/users/h61084/codes/tsrag_time/outputs/tsrag/predictions/validation/chronos_t5_512/current_velocity/H/short/run_0 launch_id=selena_3584841 slurm_job_id=3584841 launched_at=2026-09-27T14:53:21.448806+00:00
[2026-09-27 14:53:21 UTC] vanilla split=validation method=chronos_t5_512 dataset=current_velocity/H term=short L=512 H=24
TIME run allocation action=new run=/fslarge/scratch/users/h61084/codes/tsrag_time/outputs/tsrag/predictions/test/chronos_t5_512/current_velocity/H/short/run_0 launch_id=selena_3584841 slurm_job_id=3584841 launched_at=2026-09-27T14:53:21.568193+00:00
[2026-09-27 14:53:21 UTC] vanilla split=test method=chronos_t5_512 dataset=current_velocity/H term=short L=512 H=24
TIME run allocation action=new run=/fslarge/scratch/users/h61084/codes/tsrag_time/outputs/tsrag/predictions/validation/chronos_t5_512/current_velocity/H/medium/run_0 launch_id=selena_3584841 slurm_job_id=3584841 launched_at=2026-09-27T14:53:21.668968+00:00
[2026-09-27 14:53:21 UTC] vanilla split=validation method=chronos_t5_512 dataset=current_velocity/H term=medium L=512 H=168
TIME run allocation action=new run=/fslarge/scratch/users/h61084/codes/tsrag_time/outputs/tsrag/predictions/test/chronos_t5_512/current_velocity/H/medium/run_0 launch_id=selena_3584841 slurm_job_id=3584841 launched_at=2026-09-27T14:53:21.739902+00:00
[2026-09-27 14:53:21 UTC] vanilla split=test method=chronos_t5_512 dataset=current_velocity/H term=medium L=512 H=168
TIME run allocation action=new run=/fslarge/scratch/users/h61084/codes/tsrag_time/outputs/tsrag/predictions/validation/chronos_t5_512/current_velocity/H/long/run_0 launch_id=selena_3584841 slurm_job_id=3584841 launched_at=2026-09-27T14:53:21.809736+00:00
[2026-09-27 14:53:21 UTC] vanilla split=validation method=chronos_t5_512 dataset=current_velocity/H term=long L=512 H=336
TIME run allocation action=new run=/fslarge/scratch/users/h61084/codes/tsrag_time/outputs/tsrag/predictions/test/chronos_t5_512/current_velocity/H/long/run_0 launch_id=selena_3584841 slurm_job_id=3584841 launched_at=2026-09-27T14:53:21.878216+00:00
[2026-09-27 14:53:21 UTC] vanilla split=test method=chronos_t5_512 dataset=current_velocity/H term=long L=512 H=336
TIME run allocation action=new run=/fslarge/scratch/users/h61084/codes/tsrag_time/outputs/tsrag/predictions/validation/chronos_t5_512/CPHL/15T/short/run_0 launch_id=selena_3584841 slurm_job_id=3584841 launched_at=2026-09-27T14:53:21.947197+00:00
[2026-09-27 14:53:21 UTC] vanilla split=validation method=chronos_t5_512 dataset=CPHL/15T term=short L=512 H=12
TIME run allocation action=new run=/fslarge/scratch/users/h61084/codes/tsrag_time/outputs/tsrag/predictions/test/chronos_t5_512/CPHL/15T/short/run_0 launch_id=selena_3584841 slurm_job_id=3584841 launched_at=2026-09-27T14:53:21.981172+00:00
[2026-09-27 14:53:21 UTC] vanilla split=test method=chronos_t5_512 dataset=CPHL/15T term=short L=512 H=12
TIME run allocation action=new run=/fslarge/scratch/users/h61084/codes/tsrag_time/outputs/tsrag/predictions/validation/chronos_t5_512/CPHL/15T/medium/run_0 launch_id=selena_3584841 slurm_job_id=3584841 launched_at=2026-09-27T14:53:22.013918+00:00
[2026-09-27 14:53:22 UTC] vanilla split=validation method=chronos_t5_512 dataset=CPHL/15T term=medium L=512 H=96
TIME run allocation action=new run=/fslarge/scratch/users/h61084/codes/tsrag_time/outputs/tsrag/predictions/test/chronos_t5_512/CPHL/15T/medium/run_0 launch_id=selena_3584841 slurm_job_id=3584841 launched_at=2026-09-27T14:53:22.042005+00:00
[2026-09-27 14:53:22 UTC] vanilla split=test method=chronos_t5_512 dataset=CPHL/15T term=medium L=512 H=96
TIME run allocation action=new run=/fslarge/scratch/users/h61084/codes/tsrag_time/outputs/tsrag/predictions/validation/chronos_t5_512/CPHL/15T/long/run_0 launch_id=selena_3584841 slurm_job_id=3584841 launched_at=2026-09-27T14:53:22.070876+00:00
[2026-09-27 14:53:22 UTC] vanilla split=validation method=chronos_t5_512 dataset=CPHL/15T term=long L=512 H=288
TIME run allocation action=new run=/fslarge/scratch/users/h61084/codes/tsrag_time/outputs/tsrag/predictions/test/chronos_t5_512/CPHL/15T/long/run_0 launch_id=selena_3584841 slurm_job_id=3584841 launched_at=2026-09-27T14:53:22.098554+00:00
[2026-09-27 14:53:22 UTC] vanilla split=test method=chronos_t5_512 dataset=CPHL/15T term=long L=512 H=288
TIME run allocation action=new run=/fslarge/scratch/users/h61084/codes/tsrag_time/outputs/tsrag/predictions/validation/chronos_t5_512/CPHL/30T/short/run_0 launch_id=selena_3584841 slurm_job_id=3584841 launched_at=2026-09-27T14:53:22.127776+00:00
[2026-09-27 14:53:22 UTC] vanilla split=validation method=chronos_t5_512 dataset=CPHL/30T term=short L=512 H=12
TIME run allocation action=new run=/fslarge/scratch/users/h61084/codes/tsrag_time/outputs/tsrag/predictions/test/chronos_t5_512/CPHL/30T/short/run_0 launch_id=selena_3584841 slurm_job_id=3584841 launched_at=2026-09-27T14:53:22.161268+00:00
[2026-09-27 14:53:22 UTC] vanilla split=test method=chronos_t5_512 dataset=CPHL/30T term=short L=512 H=12
TIME run allocation action=new run=/fslarge/scratch/users/h61084/codes/tsrag_time/outputs/tsrag/predictions/validation/chronos_t5_512/CPHL/30T/medium/run_0 launch_id=selena_3584841 slurm_job_id=3584841 launched_at=2026-09-27T14:53:22.192476+00:00
[2026-09-27 14:53:22 UTC] vanilla split=validation method=chronos_t5_512 dataset=CPHL/30T term=medium L=512 H=48
TIME run allocation action=new run=/fslarge/scratch/users/h61084/codes/tsrag_time/outputs/tsrag/predictions/test/chronos_t5_512/CPHL/30T/medium/run_0 launch_id=selena_3584841 slurm_job_id=3584841 launched_at=2026-09-27T14:53:22.221298+00:00
[2026-09-27 14:53:22 UTC] vanilla split=test method=chronos_t5_512 dataset=CPHL/30T term=medium L=512 H=48
TIME run allocation action=new run=/fslarge/scratch/users/h61084/codes/tsrag_time/outputs/tsrag/predictions/validation/chronos_t5_512/CPHL/30T/long/run_0 launch_id=selena_3584841 slurm_job_id=3584841 launched_at=2026-09-27T14:53:22.251491+00:00
[2026-09-27 14:53:22 UTC] vanilla split=validation method=chronos_t5_512 dataset=CPHL/30T term=long L=512 H=144
TIME run allocation action=new run=/fslarge/scratch/users/h61084/codes/tsrag_time/outputs/tsrag/predictions/test/chronos_t5_512/CPHL/30T/long/run_0 launch_id=selena_3584841 slurm_job_id=3584841 launched_at=2026-09-27T14:53:22.279490+00:00
[2026-09-27 14:53:22 UTC] vanilla split=test method=chronos_t5_512 dataset=CPHL/30T term=long L=512 H=144
TIME run allocation action=new run=/fslarge/scratch/users/h61084/codes/tsrag_time/outputs/tsrag/predictions/validation/chronos_t5_512/CPHL/H/short/run_0 launch_id=selena_3584841 slurm_job_id=3584841 launched_at=2026-09-27T14:53:22.309071+00:00
[2026-09-27 14:53:22 UTC] vanilla split=validation method=chronos_t5_512 dataset=CPHL/H term=short L=512 H=24
TIME run allocation action=new run=/fslarge/scratch/users/h61084/codes/tsrag_time/outputs/tsrag/predictions/test/chronos_t5_512/CPHL/H/short/run_0 launch_id=selena_3584841 slurm_job_id=3584841 launched_at=2026-09-27T14:53:22.338692+00:00
[2026-09-27 14:53:22 UTC] vanilla split=test method=chronos_t5_512 dataset=CPHL/H term=short L=512 H=24
TIME run allocation action=new run=/fslarge/scratch/users/h61084/codes/tsrag_time/outputs/tsrag/predictions/validation/chronos_t5_512/CPHL/H/medium/run_0 launch_id=selena_3584841 slurm_job_id=3584841 launched_at=2026-09-27T14:53:22.368573+00:00
[2026-09-27 14:53:22 UTC] vanilla split=validation method=chronos_t5_512 dataset=CPHL/H term=medium L=512 H=168
TIME run allocation action=new run=/fslarge/scratch/users/h61084/codes/tsrag_time/outputs/tsrag/predictions/test/chronos_t5_512/CPHL/H/medium/run_0 launch_id=selena_3584841 slurm_job_id=3584841 launched_at=2026-09-27T14:53:22.396171+00:00
[2026-09-27 14:53:22 UTC] vanilla split=test method=chronos_t5_512 dataset=CPHL/H term=medium L=512 H=168
TIME run allocation action=new run=/fslarge/scratch/users/h61084/codes/tsrag_time/outputs/tsrag/predictions/validation/chronos_t5_512/CPHL/H/long/run_0 launch_id=selena_3584841 slurm_job_id=3584841 launched_at=2026-09-27T14:53:22.425459+00:00
[2026-09-27 14:53:22 UTC] vanilla split=validation method=chronos_t5_512 dataset=CPHL/H term=long L=512 H=336
TIME run allocation action=new run=/fslarge/scratch/users/h61084/codes/tsrag_time/outputs/tsrag/predictions/test/chronos_t5_512/CPHL/H/long/run_0 launch_id=selena_3584841 slurm_job_id=3584841 launched_at=2026-09-27T14:53:22.452656+00:00
[2026-09-27 14:53:22 UTC] vanilla split=test method=chronos_t5_512 dataset=CPHL/H term=long L=512 H=336
TIME run allocation action=new run=/fslarge/scratch/users/h61084/codes/tsrag_time/outputs/tsrag/predictions/validation/chronos_t5_512/Coastal_T_S/15T/short/run_0 launch_id=selena_3584841 slurm_job_id=3584841 launched_at=2026-09-27T14:53:22.481671+00:00
[2026-09-27 14:53:22 UTC] vanilla split=validation method=chronos_t5_512 dataset=Coastal_T_S/15T term=short L=512 H=12
TIME run allocation action=new run=/fslarge/scratch/users/h61084/codes/tsrag_time/outputs/tsrag/predictions/test/chronos_t5_512/Coastal_T_S/15T/short/run_0 launch_id=selena_3584841 slurm_job_id=3584841 launched_at=2026-09-27T14:53:22.558751+00:00
[2026-09-27 14:53:22 UTC] vanilla split=test method=chronos_t5_512 dataset=Coastal_T_S/15T term=short L=512 H=12
TIME run allocation action=new run=/fslarge/scratch/users/h61084/codes/tsrag_time/outputs/tsrag/predictions/validation/chronos_t5_512/Coastal_T_S/15T/medium/run_0 launch_id=selena_3584841 slurm_job_id=3584841 launched_at=2026-09-27T14:53:22.627277+00:00
[2026-09-27 14:53:22 UTC] vanilla split=validation method=chronos_t5_512 dataset=Coastal_T_S/15T term=medium L=512 H=96
TIME run allocation action=new run=/fslarge/scratch/users/h61084/codes/tsrag_time/outputs/tsrag/predictions/test/chronos_t5_512/Coastal_T_S/15T/medium/run_0 launch_id=selena_3584841 slurm_job_id=3584841 launched_at=2026-09-27T14:53:22.678985+00:00
[2026-09-27 14:53:22 UTC] vanilla split=test method=chronos_t5_512 dataset=Coastal_T_S/15T term=medium L=512 H=96
TIME run allocation action=new run=/fslarge/scratch/users/h61084/codes/tsrag_time/outputs/tsrag/predictions/validation/chronos_t5_512/Coastal_T_S/15T/long/run_0 launch_id=selena_3584841 slurm_job_id=3584841 launched_at=2026-09-27T14:53:22.731031+00:00
[2026-09-27 14:53:22 UTC] vanilla split=validation method=chronos_t5_512 dataset=Coastal_T_S/15T term=long L=512 H=288
TIME run allocation action=new run=/fslarge/scratch/users/h61084/codes/tsrag_time/outputs/tsrag/predictions/test/chronos_t5_512/Coastal_T_S/15T/long/run_0 launch_id=selena_3584841 slurm_job_id=3584841 launched_at=2026-09-27T14:53:22.780051+00:00
[2026-09-27 14:53:22 UTC] vanilla split=test method=chronos_t5_512 dataset=Coastal_T_S/15T term=long L=512 H=288
TIME run allocation action=new run=/fslarge/scratch/users/h61084/codes/tsrag_time/outputs/tsrag/predictions/validation/chronos_t5_512/Coastal_T_S/20T/short/run_0 launch_id=selena_3584841 slurm_job_id=3584841 launched_at=2026-09-27T14:53:22.830597+00:00
[2026-09-27 14:53:22 UTC] vanilla split=validation method=chronos_t5_512 dataset=Coastal_T_S/20T term=short L=512 H=9
TIME run allocation action=new run=/fslarge/scratch/users/h61084/codes/tsrag_time/outputs/tsrag/predictions/test/chronos_t5_512/Coastal_T_S/20T/short/run_0 launch_id=selena_3584841 slurm_job_id=3584841 launched_at=2026-09-27T14:53:22.866125+00:00
[2026-09-27 14:53:22 UTC] vanilla split=test method=chronos_t5_512 dataset=Coastal_T_S/20T term=short L=512 H=9
TIME run allocation action=new run=/fslarge/scratch/users/h61084/codes/tsrag_time/outputs/tsrag/predictions/validation/chronos_t5_512/Coastal_T_S/20T/medium/run_0 launch_id=selena_3584841 slurm_job_id=3584841 launched_at=2026-09-27T14:53:22.899992+00:00
[2026-09-27 14:53:22 UTC] vanilla split=validation method=chronos_t5_512 dataset=Coastal_T_S/20T term=medium L=512 H=72
TIME run allocation action=new run=/fslarge/scratch/users/h61084/codes/tsrag_time/outputs/tsrag/predictions/test/chronos_t5_512/Coastal_T_S/20T/medium/run_0 launch_id=selena_3584841 slurm_job_id=3584841 launched_at=2026-09-27T14:53:22.928461+00:00
[2026-09-27 14:53:22 UTC] vanilla split=test method=chronos_t5_512 dataset=Coastal_T_S/20T term=medium L=512 H=72
TIME run allocation action=new run=/fslarge/scratch/users/h61084/codes/tsrag_time/outputs/tsrag/predictions/validation/chronos_t5_512/Coastal_T_S/20T/long/run_0 launch_id=selena_3584841 slurm_job_id=3584841 launched_at=2026-09-27T14:53:22.958330+00:00
[2026-09-27 14:53:22 UTC] vanilla split=validation method=chronos_t5_512 dataset=Coastal_T_S/20T term=long L=512 H=216
TIME run allocation action=new run=/fslarge/scratch/users/h61084/codes/tsrag_time/outputs/tsrag/predictions/test/chronos_t5_512/Coastal_T_S/20T/long/run_0 launch_id=selena_3584841 slurm_job_id=3584841 launched_at=2026-09-27T14:53:22.986463+00:00
[2026-09-27 14:53:22 UTC] vanilla split=test method=chronos_t5_512 dataset=Coastal_T_S/20T term=long L=512 H=216
TIME run allocation action=new run=/fslarge/scratch/users/h61084/codes/tsrag_time/outputs/tsrag/predictions/validation/chronos_t5_512/Coastal_T_S/H/short/run_0 launch_id=selena_3584841 slurm_job_id=3584841 launched_at=2026-09-27T14:53:23.016365+00:00
[2026-09-27 14:53:23 UTC] vanilla split=validation method=chronos_t5_512 dataset=Coastal_T_S/H term=short L=512 H=24
TIME run allocation action=new run=/fslarge/scratch/users/h61084/codes/tsrag_time/outputs/tsrag/predictions/test/chronos_t5_512/Coastal_T_S/H/short/run_0 launch_id=selena_3584841 slurm_job_id=3584841 launched_at=2026-09-27T14:53:23.111151+00:00
[2026-09-27 14:53:23 UTC] vanilla split=test method=chronos_t5_512 dataset=Coastal_T_S/H term=short L=512 H=24
TIME run allocation action=new run=/fslarge/scratch/users/h61084/codes/tsrag_time/outputs/tsrag/predictions/validation/chronos_t5_512/Coastal_T_S/H/medium/run_0 launch_id=selena_3584841 slurm_job_id=3584841 launched_at=2026-09-27T14:53:23.192481+00:00
[2026-09-27 14:53:23 UTC] vanilla split=validation method=chronos_t5_512 dataset=Coastal_T_S/H term=medium L=512 H=168
TIME run allocation action=new run=/fslarge/scratch/users/h61084/codes/tsrag_time/outputs/tsrag/predictions/test/chronos_t5_512/Coastal_T_S/H/medium/run_0 launch_id=selena_3584841 slurm_job_id=3584841 launched_at=2026-09-27T14:53:23.255968+00:00
[2026-09-27 14:53:23 UTC] vanilla split=test method=chronos_t5_512 dataset=Coastal_T_S/H term=medium L=512 H=168
TIME run allocation action=new run=/fslarge/scratch/users/h61084/codes/tsrag_time/outputs/tsrag/predictions/validation/chronos_t5_512/Coastal_T_S/H/long/run_0 launch_id=selena_3584841 slurm_job_id=3584841 launched_at=2026-09-27T14:53:23.318188+00:00
[2026-09-27 14:53:23 UTC] vanilla split=validation method=chronos_t5_512 dataset=Coastal_T_S/H term=long L=512 H=336
TIME run allocation action=new run=/fslarge/scratch/users/h61084/codes/tsrag_time/outputs/tsrag/predictions/test/chronos_t5_512/Coastal_T_S/H/long/run_0 launch_id=selena_3584841 slurm_job_id=3584841 launched_at=2026-09-27T14:53:23.377654+00:00
[2026-09-27 14:53:23 UTC] vanilla split=test method=chronos_t5_512 dataset=Coastal_T_S/H term=long L=512 H=336
TIME run allocation action=new run=/fslarge/scratch/users/h61084/codes/tsrag_time/outputs/tsrag/predictions/validation/chronos_t5_512/SG_Weather/D/short/run_0 launch_id=selena_3584841 slurm_job_id=3584841 launched_at=2026-09-27T14:53:23.439841+00:00
[2026-09-27 14:53:23 UTC] vanilla split=validation method=chronos_t5_512 dataset=SG_Weather/D term=short L=512 H=3
TIME run allocation action=new run=/fslarge/scratch/users/h61084/codes/tsrag_time/outputs/tsrag/predictions/test/chronos_t5_512/SG_Weather/D/short/run_0 launch_id=selena_3584841 slurm_job_id=3584841 launched_at=2026-09-27T14:53:23.518935+00:00
[2026-09-27 14:53:23 UTC] vanilla split=test method=chronos_t5_512 dataset=SG_Weather/D term=short L=512 H=3
TIME run allocation action=new run=/fslarge/scratch/users/h61084/codes/tsrag_time/outputs/tsrag/predictions/validation/chronos_t5_512/SG_Weather/D/medium/run_0 launch_id=selena_3584841 slurm_job_id=3584841 launched_at=2026-09-27T14:53:23.583286+00:00
[2026-09-27 14:53:23 UTC] vanilla split=validation method=chronos_t5_512 dataset=SG_Weather/D term=medium L=512 H=7
[2026-09-27 14:53:23 UTC] resources selected_device {"device": "cuda", "model": "chronos_t5", "stage": "forecast"}
TIME run allocation action=new run=/fslarge/scratch/users/h61084/codes/tsrag_time/outputs/tsrag/predictions/test/chronos_t5_512/SG_Weather/D/medium/run_0 launch_id=selena_3584841 slurm_job_id=3584841 launched_at=2026-09-27T14:53:53.876378+00:00
[2026-09-27 14:53:53 UTC] vanilla split=test method=chronos_t5_512 dataset=SG_Weather/D term=medium L=512 H=7
TIME run allocation action=new run=/fslarge/scratch/users/h61084/codes/tsrag_time/outputs/tsrag/predictions/validation/chronos_t5_512/SG_Weather/D/long/run_0 launch_id=selena_3584841 slurm_job_id=3584841 launched_at=2026-09-27T14:53:53.948474+00:00
[2026-09-27 14:53:53 UTC] vanilla split=validation method=chronos_t5_512 dataset=SG_Weather/D term=long L=512 H=14
TIME run allocation action=new run=/fslarge/scratch/users/h61084/codes/tsrag_time/outputs/tsrag/predictions/test/chronos_t5_512/SG_Weather/D/long/run_0 launch_id=selena_3584841 slurm_job_id=3584841 launched_at=2026-09-27T14:54:13.897919+00:00
[2026-09-27 14:54:13 UTC] vanilla split=test method=chronos_t5_512 dataset=SG_Weather/D term=long L=512 H=14
TIME run allocation action=new run=/fslarge/scratch/users/h61084/codes/tsrag_time/outputs/tsrag/predictions/validation/chronos_t5_512/SG_PM25/H/short/run_0 launch_id=selena_3584841 slurm_job_id=3584841 launched_at=2026-09-27T14:54:13.949999+00:00
[2026-09-27 14:54:13 UTC] vanilla split=validation method=chronos_t5_512 dataset=SG_PM25/H term=short L=512 H=24
TIME run allocation action=new run=/fslarge/scratch/users/h61084/codes/tsrag_time/outputs/tsrag/predictions/test/chronos_t5_512/SG_PM25/H/short/run_0 launch_id=selena_3584841 slurm_job_id=3584841 launched_at=2026-09-27T14:54:14.002268+00:00
[2026-09-27 14:54:14 UTC] vanilla split=test method=chronos_t5_512 dataset=SG_PM25/H term=short L=512 H=24
TIME run allocation action=new run=/fslarge/scratch/users/h61084/codes/tsrag_time/outputs/tsrag/predictions/validation/chronos_t5_512/SG_PM25/H/medium/run_0 launch_id=selena_3584841 slurm_job_id=3584841 launched_at=2026-09-27T14:54:14.053996+00:00
[2026-09-27 14:54:14 UTC] vanilla split=validation method=chronos_t5_512 dataset=SG_PM25/H term=medium L=512 H=72
TIME run allocation action=new run=/fslarge/scratch/users/h61084/codes/tsrag_time/outputs/tsrag/predictions/test/chronos_t5_512/SG_PM25/H/medium/run_0 launch_id=selena_3584841 slurm_job_id=3584841 launched_at=2026-09-27T14:54:14.100047+00:00
[2026-09-27 14:54:14 UTC] vanilla split=test method=chronos_t5_512 dataset=SG_PM25/H term=medium L=512 H=72
TIME run allocation action=new run=/fslarge/scratch/users/h61084/codes/tsrag_time/outputs/tsrag/predictions/validation/chronos_t5_512/SG_PM25/H/long/run_0 launch_id=selena_3584841 slurm_job_id=3584841 launched_at=2026-09-27T14:54:14.145193+00:00
[2026-09-27 14:54:14 UTC] vanilla split=validation method=chronos_t5_512 dataset=SG_PM25/H term=long L=512 H=168
[2026-09-27 16:54:14,177][/fssmall/home/h61084/codes/tsrag_time/.venv/lib/python3.12/site-packages/chronos/chronos.py][WARNING] - We recommend keeping prediction length <= 64. The quality of longer predictions may degrade since the model is not optimized for it. 
[2026-09-27 16:54:23,014][/fssmall/home/h61084/codes/tsrag_time/.venv/lib/python3.12/site-packages/chronos/chronos.py][WARNING] - We recommend keeping prediction length <= 64. The quality of longer predictions may degrade since the model is not optimized for it. 
TIME run allocation action=new run=/fslarge/scratch/users/h61084/codes/tsrag_time/outputs/tsrag/predictions/test/chronos_t5_512/SG_PM25/H/long/run_0 launch_id=selena_3584841 slurm_job_id=3584841 launched_at=2026-09-27T14:54:30.753469+00:00
[2026-09-27 14:54:30 UTC] vanilla split=test method=chronos_t5_512 dataset=SG_PM25/H term=long L=512 H=168
TIME run allocation action=new run=/fslarge/scratch/users/h61084/codes/tsrag_time/outputs/tsrag/predictions/validation/chronos_t5_512/NE_China_Wind/H/short/run_0 launch_id=selena_3584841 slurm_job_id=3584841 launched_at=2026-09-27T14:54:30.803250+00:00
[2026-09-27 14:54:30 UTC] vanilla split=validation method=chronos_t5_512 dataset=NE_China_Wind/H term=short L=512 H=24
TIME run allocation action=new run=/fslarge/scratch/users/h61084/codes/tsrag_time/outputs/tsrag/predictions/test/chronos_t5_512/NE_China_Wind/H/short/run_0 launch_id=selena_3584841 slurm_job_id=3584841 launched_at=2026-09-27T14:54:30.836500+00:00
[2026-09-27 14:54:30 UTC] vanilla split=test method=chronos_t5_512 dataset=NE_China_Wind/H term=short L=512 H=24
TIME run allocation action=new run=/fslarge/scratch/users/h61084/codes/tsrag_time/outputs/tsrag/predictions/validation/chronos_t5_512/NE_China_Wind/H/medium/run_0 launch_id=selena_3584841 slurm_job_id=3584841 launched_at=2026-09-27T14:54:30.867991+00:00
[2026-09-27 14:54:30 UTC] vanilla split=validation method=chronos_t5_512 dataset=NE_China_Wind/H term=medium L=512 H=72
TIME run allocation action=new run=/fslarge/scratch/users/h61084/codes/tsrag_time/outputs/tsrag/predictions/test/chronos_t5_512/NE_China_Wind/H/medium/run_0 launch_id=selena_3584841 slurm_job_id=3584841 launched_at=2026-09-27T14:54:30.896645+00:00
[2026-09-27 14:54:30 UTC] vanilla split=test method=chronos_t5_512 dataset=NE_China_Wind/H term=medium L=512 H=72
TIME run allocation action=new run=/fslarge/scratch/users/h61084/codes/tsrag_time/outputs/tsrag/predictions/validation/chronos_t5_512/NE_China_Wind/H/long/run_0 launch_id=selena_3584841 slurm_job_id=3584841 launched_at=2026-09-27T14:54:30.926958+00:00
[2026-09-27 14:54:30 UTC] vanilla split=validation method=chronos_t5_512 dataset=NE_China_Wind/H term=long L=512 H=168
[2026-09-27 16:54:30,944][/fssmall/home/h61084/codes/tsrag_time/.venv/lib/python3.12/site-packages/chronos/chronos.py][WARNING] - We recommend keeping prediction length <= 64. The quality of longer predictions may degrade since the model is not optimized for it. 
TIME run allocation action=new run=/fslarge/scratch/users/h61084/codes/tsrag_time/outputs/tsrag/predictions/test/chronos_t5_512/NE_China_Wind/H/long/run_0 launch_id=selena_3584841 slurm_job_id=3584841 launched_at=2026-09-27T14:54:35.535022+00:00
[2026-09-27 14:54:35 UTC] vanilla split=test method=chronos_t5_512 dataset=NE_China_Wind/H term=long L=512 H=168
TIME run allocation action=new run=/fslarge/scratch/users/h61084/codes/tsrag_time/outputs/tsrag/predictions/validation/chronos_t5_512/Australia_Solar/H/short/run_0 launch_id=selena_3584841 slurm_job_id=3584841 launched_at=2026-09-27T14:54:35.568206+00:00
[2026-09-27 14:54:35 UTC] vanilla split=validation method=chronos_t5_512 dataset=Australia_Solar/H term=short L=512 H=24
TIME run allocation action=new run=/fslarge/scratch/users/h61084/codes/tsrag_time/outputs/tsrag/predictions/test/chronos_t5_512/Australia_Solar/H/short/run_0 launch_id=selena_3584841 slurm_job_id=3584841 launched_at=2026-09-27T14:54:35.609133+00:00
[2026-09-27 14:54:35 UTC] vanilla split=test method=chronos_t5_512 dataset=Australia_Solar/H term=short L=512 H=24
TIME run allocation action=new run=/fslarge/scratch/users/h61084/codes/tsrag_time/outputs/tsrag/predictions/validation/chronos_t5_512/Australia_Solar/H/medium/run_0 launch_id=selena_3584841 slurm_job_id=3584841 launched_at=2026-09-27T14:54:35.648044+00:00
[2026-09-27 14:54:35 UTC] vanilla split=validation method=chronos_t5_512 dataset=Australia_Solar/H term=medium L=512 H=72
TIME run allocation action=new run=/fslarge/scratch/users/h61084/codes/tsrag_time/outputs/tsrag/predictions/test/chronos_t5_512/Australia_Solar/H/medium/run_0 launch_id=selena_3584841 slurm_job_id=3584841 launched_at=2026-09-27T14:54:35.683765+00:00
[2026-09-27 14:54:35 UTC] vanilla split=test method=chronos_t5_512 dataset=Australia_Solar/H term=medium L=512 H=72
TIME run allocation action=new run=/fslarge/scratch/users/h61084/codes/tsrag_time/outputs/tsrag/predictions/validation/chronos_t5_512/Australia_Solar/H/long/run_0 launch_id=selena_3584841 slurm_job_id=3584841 launched_at=2026-09-27T14:54:35.719824+00:00
[2026-09-27 14:54:35 UTC] vanilla split=validation method=chronos_t5_512 dataset=Australia_Solar/H term=long L=512 H=168
TIME run allocation action=new run=/fslarge/scratch/users/h61084/codes/tsrag_time/outputs/tsrag/predictions/test/chronos_t5_512/Australia_Solar/H/long/run_0 launch_id=selena_3584841 slurm_job_id=3584841 launched_at=2026-09-27T14:54:35.754303+00:00
[2026-09-27 14:54:35 UTC] vanilla split=test method=chronos_t5_512 dataset=Australia_Solar/H term=long L=512 H=168
TIME run allocation action=new run=/fslarge/scratch/users/h61084/codes/tsrag_time/outputs/tsrag/predictions/validation/chronos_t5_512/epf_electricity_price/H/short/run_0 launch_id=selena_3584841 slurm_job_id=3584841 launched_at=2026-09-27T14:54:35.790223+00:00
[2026-09-27 14:54:35 UTC] vanilla split=validation method=chronos_t5_512 dataset=epf_electricity_price/H term=short L=512 H=24
TIME run allocation action=new run=/fslarge/scratch/users/h61084/codes/tsrag_time/outputs/tsrag/predictions/test/chronos_t5_512/epf_electricity_price/H/short/run_0 launch_id=selena_3584841 slurm_job_id=3584841 launched_at=2026-09-27T14:54:35.843788+00:00
[2026-09-27 14:54:35 UTC] vanilla split=test method=chronos_t5_512 dataset=epf_electricity_price/H term=short L=512 H=24
TIME run allocation action=new run=/fslarge/scratch/users/h61084/codes/tsrag_time/outputs/tsrag/predictions/validation/chronos_t5_512/epf_electricity_price/H/medium/run_0 launch_id=selena_3584841 slurm_job_id=3584841 launched_at=2026-09-27T14:54:35.895587+00:00
[2026-09-27 14:54:35 UTC] vanilla split=validation method=chronos_t5_512 dataset=epf_electricity_price/H term=medium L=512 H=72
TIME run allocation action=new run=/fslarge/scratch/users/h61084/codes/tsrag_time/outputs/tsrag/predictions/test/chronos_t5_512/epf_electricity_price/H/medium/run_0 launch_id=selena_3584841 slurm_job_id=3584841 launched_at=2026-09-27T14:54:35.942005+00:00
[2026-09-27 14:54:35 UTC] vanilla split=test method=chronos_t5_512 dataset=epf_electricity_price/H term=medium L=512 H=72
TIME run allocation action=new run=/fslarge/scratch/users/h61084/codes/tsrag_time/outputs/tsrag/predictions/validation/chronos_t5_512/epf_electricity_price/H/long/run_0 launch_id=selena_3584841 slurm_job_id=3584841 launched_at=2026-09-27T14:54:35.989688+00:00
[2026-09-27 14:54:35 UTC] vanilla split=validation method=chronos_t5_512 dataset=epf_electricity_price/H term=long L=512 H=168
TIME run allocation action=new run=/fslarge/scratch/users/h61084/codes/tsrag_time/outputs/tsrag/predictions/test/chronos_t5_512/epf_electricity_price/H/long/run_0 launch_id=selena_3584841 slurm_job_id=3584841 launched_at=2026-09-27T14:54:36.035449+00:00
[2026-09-27 14:54:36 UTC] vanilla split=test method=chronos_t5_512 dataset=epf_electricity_price/H term=long L=512 H=168
TIME run allocation action=new run=/fslarge/scratch/users/h61084/codes/tsrag_time/outputs/tsrag/predictions/validation/chronos_t5_512/OpenElectricity_NEM/5T/short/run_0 launch_id=selena_3584841 slurm_job_id=3584841 launched_at=2026-09-27T14:54:36.082508+00:00
[2026-09-27 14:54:36 UTC] vanilla split=validation method=chronos_t5_512 dataset=OpenElectricity_NEM/5T term=short L=512 H=24
TIME run allocation action=new run=/fslarge/scratch/users/h61084/codes/tsrag_time/outputs/tsrag/predictions/test/chronos_t5_512/OpenElectricity_NEM/5T/short/run_0 launch_id=selena_3584841 slurm_job_id=3584841 launched_at=2026-09-27T14:54:36.177233+00:00
[2026-09-27 14:54:36 UTC] vanilla split=test method=chronos_t5_512 dataset=OpenElectricity_NEM/5T term=short L=512 H=24
TIME run allocation action=new run=/fslarge/scratch/users/h61084/codes/tsrag_time/outputs/tsrag/predictions/validation/chronos_t5_512/OpenElectricity_NEM/5T/medium/run_0 launch_id=selena_3584841 slurm_job_id=3584841 launched_at=2026-09-27T14:54:36.262547+00:00
[2026-09-27 14:54:36 UTC] vanilla split=validation method=chronos_t5_512 dataset=OpenElectricity_NEM/5T term=medium L=512 H=96
TIME run allocation action=new run=/fslarge/scratch/users/h61084/codes/tsrag_time/outputs/tsrag/predictions/test/chronos_t5_512/OpenElectricity_NEM/5T/medium/run_0 launch_id=selena_3584841 slurm_job_id=3584841 launched_at=2026-09-27T14:54:36.335691+00:00
[2026-09-27 14:54:36 UTC] vanilla split=test method=chronos_t5_512 dataset=OpenElectricity_NEM/5T term=medium L=512 H=96
TIME run allocation action=new run=/fslarge/scratch/users/h61084/codes/tsrag_time/outputs/tsrag/predictions/validation/chronos_t5_512/OpenElectricity_NEM/5T/long/run_0 launch_id=selena_3584841 slurm_job_id=3584841 launched_at=2026-09-27T14:54:36.407556+00:00
[2026-09-27 14:54:36 UTC] vanilla split=validation method=chronos_t5_512 dataset=OpenElectricity_NEM/5T term=long L=512 H=288
TIME run allocation action=new run=/fslarge/scratch/users/h61084/codes/tsrag_time/outputs/tsrag/predictions/test/chronos_t5_512/OpenElectricity_NEM/5T/long/run_0 launch_id=selena_3584841 slurm_job_id=3584841 launched_at=2026-09-27T14:54:36.474266+00:00
[2026-09-27 14:54:36 UTC] vanilla split=test method=chronos_t5_512 dataset=OpenElectricity_NEM/5T term=long L=512 H=288
TIME run allocation action=new run=/fslarge/scratch/users/h61084/codes/tsrag_time/outputs/tsrag/predictions/validation/chronos_t5_512/EWELD_Load/15T/short/run_0 launch_id=selena_3584841 slurm_job_id=3584841 launched_at=2026-09-27T14:54:36.543332+00:00
[2026-09-27 14:54:36 UTC] vanilla split=validation method=chronos_t5_512 dataset=EWELD_Load/15T term=short L=512 H=24
TIME run allocation action=new run=/fslarge/scratch/users/h61084/codes/tsrag_time/outputs/tsrag/predictions/test/chronos_t5_512/EWELD_Load/15T/short/run_0 launch_id=selena_3584841 slurm_job_id=3584841 launched_at=2026-09-27T14:54:36.597940+00:00
[2026-09-27 14:54:36 UTC] vanilla split=test method=chronos_t5_512 dataset=EWELD_Load/15T term=short L=512 H=24
TIME run allocation action=new run=/fslarge/scratch/users/h61084/codes/tsrag_time/outputs/tsrag/predictions/validation/chronos_t5_512/EWELD_Load/15T/medium/run_0 launch_id=selena_3584841 slurm_job_id=3584841 launched_at=2026-09-27T14:54:36.649140+00:00
[2026-09-27 14:54:36 UTC] vanilla split=validation method=chronos_t5_512 dataset=EWELD_Load/15T term=medium L=512 H=96
TIME run allocation action=new run=/fslarge/scratch/users/h61084/codes/tsrag_time/outputs/tsrag/predictions/test/chronos_t5_512/EWELD_Load/15T/medium/run_0 launch_id=selena_3584841 slurm_job_id=3584841 launched_at=2026-09-27T14:54:36.696752+00:00
[2026-09-27 14:54:36 UTC] vanilla split=test method=chronos_t5_512 dataset=EWELD_Load/15T term=medium L=512 H=96
TIME run allocation action=new run=/fslarge/scratch/users/h61084/codes/tsrag_time/outputs/tsrag/predictions/validation/chronos_t5_512/EWELD_Load/15T/long/run_0 launch_id=selena_3584841 slurm_job_id=3584841 launched_at=2026-09-27T14:54:36.741825+00:00
[2026-09-27 14:54:36 UTC] vanilla split=validation method=chronos_t5_512 dataset=EWELD_Load/15T term=long L=512 H=672
TIME run allocation action=new run=/fslarge/scratch/users/h61084/codes/tsrag_time/outputs/tsrag/predictions/test/chronos_t5_512/EWELD_Load/15T/long/run_0 launch_id=selena_3584841 slurm_job_id=3584841 launched_at=2026-09-27T14:54:36.785346+00:00
[2026-09-27 14:54:36 UTC] vanilla split=test method=chronos_t5_512 dataset=EWELD_Load/15T term=long L=512 H=672
TIME run allocation action=new run=/fslarge/scratch/users/h61084/codes/tsrag_time/outputs/tsrag/predictions/validation/chronos_t5_512/SG_Carpark/15T/short/run_0 launch_id=selena_3584841 slurm_job_id=3584841 launched_at=2026-09-27T14:54:36.830816+00:00
[2026-09-27 14:54:36 UTC] vanilla split=validation method=chronos_t5_512 dataset=SG_Carpark/15T term=short L=512 H=16
TIME run allocation action=new run=/fslarge/scratch/users/h61084/codes/tsrag_time/outputs/tsrag/predictions/test/chronos_t5_512/SG_Carpark/15T/short/run_0 launch_id=selena_3584841 slurm_job_id=3584841 launched_at=2026-09-27T14:54:37.477143+00:00
[2026-09-27 14:54:37 UTC] vanilla split=test method=chronos_t5_512 dataset=SG_Carpark/15T term=short L=512 H=16
TIME run allocation action=new run=/fslarge/scratch/users/h61084/codes/tsrag_time/outputs/tsrag/predictions/validation/chronos_t5_512/SG_Carpark/15T/medium/run_0 launch_id=selena_3584841 slurm_job_id=3584841 launched_at=2026-09-27T14:54:38.029759+00:00
[2026-09-27 14:54:38 UTC] vanilla split=validation method=chronos_t5_512 dataset=SG_Carpark/15T term=medium L=512 H=96
TIME run allocation action=new run=/fslarge/scratch/users/h61084/codes/tsrag_time/outputs/tsrag/predictions/test/chronos_t5_512/SG_Carpark/15T/medium/run_0 launch_id=selena_3584841 slurm_job_id=3584841 launched_at=2026-09-27T14:54:38.466971+00:00
[2026-09-27 14:54:38 UTC] vanilla split=test method=chronos_t5_512 dataset=SG_Carpark/15T term=medium L=512 H=96
TIME run allocation action=new run=/fslarge/scratch/users/h61084/codes/tsrag_time/outputs/tsrag/predictions/validation/chronos_t5_512/SG_Carpark/15T/long/run_0 launch_id=selena_3584841 slurm_job_id=3584841 launched_at=2026-09-27T14:54:38.890138+00:00
[2026-09-27 14:54:38 UTC] vanilla split=validation method=chronos_t5_512 dataset=SG_Carpark/15T term=long L=512 H=672
TIME run allocation action=new run=/fslarge/scratch/users/h61084/codes/tsrag_time/outputs/tsrag/predictions/test/chronos_t5_512/SG_Carpark/15T/long/run_0 launch_id=selena_3584841 slurm_job_id=3584841 launched_at=2026-09-27T14:54:39.289688+00:00
[2026-09-27 14:54:39 UTC] vanilla split=test method=chronos_t5_512 dataset=SG_Carpark/15T term=long L=512 H=672
TIME run allocation action=new run=/fslarge/scratch/users/h61084/codes/tsrag_time/outputs/tsrag/predictions/validation/chronos_t5_512/Finland_Traffic/15T/short/run_0 launch_id=selena_3584841 slurm_job_id=3584841 launched_at=2026-09-27T14:54:39.694317+00:00
[2026-09-27 14:54:39 UTC] vanilla split=validation method=chronos_t5_512 dataset=Finland_Traffic/15T term=short L=512 H=16
TIME run allocation action=new run=/fslarge/scratch/users/h61084/codes/tsrag_time/outputs/tsrag/predictions/test/chronos_t5_512/Finland_Traffic/15T/short/run_0 launch_id=selena_3584841 slurm_job_id=3584841 launched_at=2026-09-27T14:54:39.735166+00:00
[2026-09-27 14:54:39 UTC] vanilla split=test method=chronos_t5_512 dataset=Finland_Traffic/15T term=short L=512 H=16
TIME run allocation action=new run=/fslarge/scratch/users/h61084/codes/tsrag_time/outputs/tsrag/predictions/validation/chronos_t5_512/Finland_Traffic/15T/medium/run_0 launch_id=selena_3584841 slurm_job_id=3584841 launched_at=2026-09-27T14:54:39.767452+00:00
[2026-09-27 14:54:39 UTC] vanilla split=validation method=chronos_t5_512 dataset=Finland_Traffic/15T term=medium L=512 H=96
TIME run allocation action=new run=/fslarge/scratch/users/h61084/codes/tsrag_time/outputs/tsrag/predictions/test/chronos_t5_512/Finland_Traffic/15T/medium/run_0 launch_id=selena_3584841 slurm_job_id=3584841 launched_at=2026-09-27T14:54:39.795397+00:00
[2026-09-27 14:54:39 UTC] vanilla split=test method=chronos_t5_512 dataset=Finland_Traffic/15T term=medium L=512 H=96
TIME run allocation action=new run=/fslarge/scratch/users/h61084/codes/tsrag_time/outputs/tsrag/predictions/validation/chronos_t5_512/Finland_Traffic/15T/long/run_0 launch_id=selena_3584841 slurm_job_id=3584841 launched_at=2026-09-27T14:54:39.825123+00:00
[2026-09-27 14:54:39 UTC] vanilla split=validation method=chronos_t5_512 dataset=Finland_Traffic/15T term=long L=512 H=672
[2026-09-27 16:54:39,842][/fssmall/home/h61084/codes/tsrag_time/.venv/lib/python3.12/site-packages/chronos/chronos.py][WARNING] - We recommend keeping prediction length <= 64. The quality of longer predictions may degrade since the model is not optimized for it. 
TIME run allocation action=new run=/fslarge/scratch/users/h61084/codes/tsrag_time/outputs/tsrag/predictions/test/chronos_t5_512/Finland_Traffic/15T/long/run_0 launch_id=selena_3584841 slurm_job_id=3584841 launched_at=2026-09-27T14:54:46.607588+00:00
[2026-09-27 14:54:46 UTC] vanilla split=test method=chronos_t5_512 dataset=Finland_Traffic/15T term=long L=512 H=672
TIME run allocation action=new run=/fslarge/scratch/users/h61084/codes/tsrag_time/outputs/tsrag/predictions/validation/chronos_t5_512/Port_Activity/D/short/run_0 launch_id=selena_3584841 slurm_job_id=3584841 launched_at=2026-09-27T14:54:46.649736+00:00
[2026-09-27 14:54:46 UTC] vanilla split=validation method=chronos_t5_512 dataset=Port_Activity/D term=short L=512 H=30
TIME run allocation action=new run=/fslarge/scratch/users/h61084/codes/tsrag_time/outputs/tsrag/predictions/test/chronos_t5_512/Port_Activity/D/short/run_0 launch_id=selena_3584841 slurm_job_id=3584841 launched_at=2026-09-27T14:54:46.727838+00:00
[2026-09-27 14:54:46 UTC] vanilla split=test method=chronos_t5_512 dataset=Port_Activity/D term=short L=512 H=30
TIME run allocation action=new run=/fslarge/scratch/users/h61084/codes/tsrag_time/outputs/tsrag/predictions/validation/chronos_t5_512/Port_Activity/W/short/run_0 launch_id=selena_3584841 slurm_job_id=3584841 launched_at=2026-09-27T14:54:46.825597+00:00
[2026-09-27 14:54:46 UTC] vanilla split=validation method=chronos_t5_512 dataset=Port_Activity/W term=short L=512 H=13
TIME run allocation action=new run=/fslarge/scratch/users/h61084/codes/tsrag_time/outputs/tsrag/predictions/test/chronos_t5_512/Port_Activity/W/short/run_0 launch_id=selena_3584841 slurm_job_id=3584841 launched_at=2026-09-27T14:54:46.865901+00:00
[2026-09-27 14:54:46 UTC] vanilla split=test method=chronos_t5_512 dataset=Port_Activity/W term=short L=512 H=13
TIME run allocation action=new run=/fslarge/scratch/users/h61084/codes/tsrag_time/outputs/tsrag/predictions/validation/chronos_t5_512/ECDC_COVID/D/short/run_0 launch_id=selena_3584841 slurm_job_id=3584841 launched_at=2026-09-27T14:54:46.915542+00:00
[2026-09-27 14:54:46 UTC] vanilla split=validation method=chronos_t5_512 dataset=ECDC_COVID/D term=short L=512 H=30
TIME run allocation action=new run=/fslarge/scratch/users/h61084/codes/tsrag_time/outputs/tsrag/predictions/test/chronos_t5_512/ECDC_COVID/D/short/run_0 launch_id=selena_3584841 slurm_job_id=3584841 launched_at=2026-09-27T14:54:46.945365+00:00
[2026-09-27 14:54:46 UTC] vanilla split=test method=chronos_t5_512 dataset=ECDC_COVID/D term=short L=512 H=30
TIME run allocation action=new run=/fslarge/scratch/users/h61084/codes/tsrag_time/outputs/tsrag/predictions/validation/chronos_t5_512/ECDC_COVID/W/short/run_0 launch_id=selena_3584841 slurm_job_id=3584841 launched_at=2026-09-27T14:54:46.975257+00:00
[2026-09-27 14:54:46 UTC] vanilla split=validation method=chronos_t5_512 dataset=ECDC_COVID/W term=short L=512 H=13
TIME run allocation action=new run=/fslarge/scratch/users/h61084/codes/tsrag_time/outputs/tsrag/predictions/test/chronos_t5_512/ECDC_COVID/W/short/run_0 launch_id=selena_3584841 slurm_job_id=3584841 launched_at=2026-09-27T14:54:47.002695+00:00
[2026-09-27 14:54:47 UTC] vanilla split=test method=chronos_t5_512 dataset=ECDC_COVID/W term=short L=512 H=13
TIME run allocation action=new run=/fslarge/scratch/users/h61084/codes/tsrag_time/outputs/tsrag/predictions/validation/chronos_t5_512/Global_Influenza/W/short/run_0 launch_id=selena_3584841 slurm_job_id=3584841 launched_at=2026-09-27T14:54:47.031670+00:00
[2026-09-27 14:54:47 UTC] vanilla split=validation method=chronos_t5_512 dataset=Global_Influenza/W term=short L=512 H=13
TIME run allocation action=new run=/fslarge/scratch/users/h61084/codes/tsrag_time/outputs/tsrag/predictions/test/chronos_t5_512/Global_Influenza/W/short/run_0 launch_id=selena_3584841 slurm_job_id=3584841 launched_at=2026-09-27T14:54:47.061259+00:00
[2026-09-27 14:54:47 UTC] vanilla split=test method=chronos_t5_512 dataset=Global_Influenza/W term=short L=512 H=13
TIME run allocation action=new run=/fslarge/scratch/users/h61084/codes/tsrag_time/outputs/tsrag/predictions/validation/chronos_t5_512/Crypto/D/short/run_0 launch_id=selena_3584841 slurm_job_id=3584841 launched_at=2026-09-27T14:54:47.094339+00:00
[2026-09-27 14:54:47 UTC] vanilla split=validation method=chronos_t5_512 dataset=Crypto/D term=short L=512 H=30
TIME run allocation action=new run=/fslarge/scratch/users/h61084/codes/tsrag_time/outputs/tsrag/predictions/test/chronos_t5_512/Crypto/D/short/run_0 launch_id=selena_3584841 slurm_job_id=3584841 launched_at=2026-09-27T14:54:47.819822+00:00
[2026-09-27 14:54:47 UTC] vanilla split=test method=chronos_t5_512 dataset=Crypto/D term=short L=512 H=30
TIME run allocation action=new run=/fslarge/scratch/users/h61084/codes/tsrag_time/outputs/tsrag/predictions/validation/chronos_t5_512/US_Term_Structure/B/short/run_0 launch_id=selena_3584841 slurm_job_id=3584841 launched_at=2026-09-27T14:54:47.850828+00:00
[2026-09-27 14:54:47 UTC] vanilla split=validation method=chronos_t5_512 dataset=US_Term_Structure/B term=short L=512 H=20
TIME run allocation action=new run=/fslarge/scratch/users/h61084/codes/tsrag_time/outputs/tsrag/predictions/test/chronos_t5_512/US_Term_Structure/B/short/run_0 launch_id=selena_3584841 slurm_job_id=3584841 launched_at=2026-09-27T14:54:47.916099+00:00
[2026-09-27 14:54:47 UTC] vanilla split=test method=chronos_t5_512 dataset=US_Term_Structure/B term=short L=512 H=20
TIME run allocation action=new run=/fslarge/scratch/users/h61084/codes/tsrag_time/outputs/tsrag/predictions/validation/chronos_t5_512/Oil_Price/B/short/run_0 launch_id=selena_3584841 slurm_job_id=3584841 launched_at=2026-09-27T14:54:47.994691+00:00
[2026-09-27 14:54:47 UTC] vanilla split=validation method=chronos_t5_512 dataset=Oil_Price/B term=short L=512 H=20
TIME run allocation action=new run=/fslarge/scratch/users/h61084/codes/tsrag_time/outputs/tsrag/predictions/test/chronos_t5_512/Oil_Price/B/short/run_0 launch_id=selena_3584841 slurm_job_id=3584841 launched_at=2026-09-27T14:54:48.028430+00:00
[2026-09-27 14:54:48 UTC] vanilla split=test method=chronos_t5_512 dataset=Oil_Price/B term=short L=512 H=20
TIME run allocation action=new run=/fslarge/scratch/users/h61084/codes/tsrag_time/outputs/tsrag/predictions/validation/chronos_t5_512/Job_Claims/W/short/run_0 launch_id=selena_3584841 slurm_job_id=3584841 launched_at=2026-09-27T14:54:48.066677+00:00
[2026-09-27 14:54:48 UTC] vanilla split=validation method=chronos_t5_512 dataset=Job_Claims/W term=short L=512 H=13
TIME run allocation action=new run=/fslarge/scratch/users/h61084/codes/tsrag_time/outputs/tsrag/predictions/test/chronos_t5_512/Job_Claims/W/short/run_0 launch_id=selena_3584841 slurm_job_id=3584841 launched_at=2026-09-27T14:54:48.094138+00:00
[2026-09-27 14:54:48 UTC] vanilla split=test method=chronos_t5_512 dataset=Job_Claims/W term=short L=512 H=13
TIME run allocation action=new run=/fslarge/scratch/users/h61084/codes/tsrag_time/outputs/tsrag/predictions/validation/chronos_t5_512/Uncertainty_1M/M/short/run_0 launch_id=selena_3584841 slurm_job_id=3584841 launched_at=2026-09-27T14:54:48.122207+00:00
[2026-09-27 14:54:48 UTC] vanilla split=validation method=chronos_t5_512 dataset=Uncertainty_1M/M term=short L=512 H=6
TIME run allocation action=new run=/fslarge/scratch/users/h61084/codes/tsrag_time/outputs/tsrag/predictions/test/chronos_t5_512/Uncertainty_1M/M/short/run_0 launch_id=selena_3584841 slurm_job_id=3584841 launched_at=2026-09-27T14:54:48.149763+00:00
[2026-09-27 14:54:48 UTC] vanilla split=test method=chronos_t5_512 dataset=Uncertainty_1M/M term=short L=512 H=6
TIME run allocation action=new run=/fslarge/scratch/users/h61084/codes/tsrag_time/outputs/tsrag/predictions/validation/chronos_t5_512/Housing_Inventory/M/short/run_0 launch_id=selena_3584841 slurm_job_id=3584841 launched_at=2026-09-27T14:54:48.178695+00:00
[2026-09-27 14:54:48 UTC] vanilla split=validation method=chronos_t5_512 dataset=Housing_Inventory/M term=short L=512 H=12
TIME run allocation action=new run=/fslarge/scratch/users/h61084/codes/tsrag_time/outputs/tsrag/predictions/test/chronos_t5_512/Housing_Inventory/M/short/run_0 launch_id=selena_3584841 slurm_job_id=3584841 launched_at=2026-09-27T14:54:48.205675+00:00
[2026-09-27 14:54:48 UTC] vanilla split=test method=chronos_t5_512 dataset=Housing_Inventory/M term=short L=512 H=12
TIME run allocation action=new run=/fslarge/scratch/users/h61084/codes/tsrag_time/outputs/tsrag/predictions/validation/chronos_t5_512/JOLTS/M/short/run_0 launch_id=selena_3584841 slurm_job_id=3584841 launched_at=2026-09-27T14:54:48.233747+00:00
[2026-09-27 14:54:48 UTC] vanilla split=validation method=chronos_t5_512 dataset=JOLTS/M term=short L=512 H=12
TIME run allocation action=new run=/fslarge/scratch/users/h61084/codes/tsrag_time/outputs/tsrag/predictions/test/chronos_t5_512/JOLTS/M/short/run_0 launch_id=selena_3584841 slurm_job_id=3584841 launched_at=2026-09-27T14:54:48.259879+00:00
[2026-09-27 14:54:48 UTC] vanilla split=test method=chronos_t5_512 dataset=JOLTS/M term=short L=512 H=12
TIME run allocation action=new run=/fslarge/scratch/users/h61084/codes/tsrag_time/outputs/tsrag/predictions/validation/chronos_t5_512/US_Labor/M/short/run_0 launch_id=selena_3584841 slurm_job_id=3584841 launched_at=2026-09-27T14:54:48.287976+00:00
[2026-09-27 14:54:48 UTC] vanilla split=validation method=chronos_t5_512 dataset=US_Labor/M term=short L=512 H=12
TIME run allocation action=new run=/fslarge/scratch/users/h61084/codes/tsrag_time/outputs/tsrag/predictions/test/chronos_t5_512/US_Labor/M/short/run_0 launch_id=selena_3584841 slurm_job_id=3584841 launched_at=2026-09-27T14:54:48.314823+00:00
[2026-09-27 14:54:48 UTC] vanilla split=test method=chronos_t5_512 dataset=US_Labor/M term=short L=512 H=12
TIME run allocation action=new run=/fslarge/scratch/users/h61084/codes/tsrag_time/outputs/tsrag/predictions/validation/chronos_t5_512/Vehicle_Supply/M/short/run_0 launch_id=selena_3584841 slurm_job_id=3584841 launched_at=2026-09-27T14:54:48.343675+00:00
[2026-09-27 14:54:48 UTC] vanilla split=validation method=chronos_t5_512 dataset=Vehicle_Supply/M term=short L=512 H=12
TIME run allocation action=new run=/fslarge/scratch/users/h61084/codes/tsrag_time/outputs/tsrag/predictions/test/chronos_t5_512/Vehicle_Supply/M/short/run_0 launch_id=selena_3584841 slurm_job_id=3584841 launched_at=2026-09-27T14:54:48.370511+00:00
[2026-09-27 14:54:48 UTC] vanilla split=test method=chronos_t5_512 dataset=Vehicle_Supply/M term=short L=512 H=12
TIME run allocation action=new run=/fslarge/scratch/users/h61084/codes/tsrag_time/outputs/tsrag/predictions/validation/chronos_t5_512/Auto_Production_SF/M/short/run_0 launch_id=selena_3584841 slurm_job_id=3584841 launched_at=2026-09-27T14:54:48.398829+00:00
[2026-09-27 14:54:48 UTC] vanilla split=validation method=chronos_t5_512 dataset=Auto_Production_SF/M term=short L=512 H=12
TIME run allocation action=new run=/fslarge/scratch/users/h61084/codes/tsrag_time/outputs/tsrag/predictions/test/chronos_t5_512/Auto_Production_SF/M/short/run_0 launch_id=selena_3584841 slurm_job_id=3584841 launched_at=2026-09-27T14:54:48.426134+00:00
[2026-09-27 14:54:48 UTC] vanilla split=test method=chronos_t5_512 dataset=Auto_Production_SF/M term=short L=512 H=12
TIME run allocation action=new run=/fslarge/scratch/users/h61084/codes/tsrag_time/outputs/tsrag/predictions/validation/chronos_t5_512/Commodity_Production/M/short/run_0 launch_id=selena_3584841 slurm_job_id=3584841 launched_at=2026-09-27T14:54:48.453585+00:00
[2026-09-27 14:54:48 UTC] vanilla split=validation method=chronos_t5_512 dataset=Commodity_Production/M term=short L=512 H=12
TIME run allocation action=new run=/fslarge/scratch/users/h61084/codes/tsrag_time/outputs/tsrag/predictions/test/chronos_t5_512/Commodity_Production/M/short/run_0 launch_id=selena_3584841 slurm_job_id=3584841 launched_at=2026-09-27T14:54:48.482957+00:00
[2026-09-27 14:54:48 UTC] vanilla split=test method=chronos_t5_512 dataset=Commodity_Production/M term=short L=512 H=12
TIME run allocation action=new run=/fslarge/scratch/users/h61084/codes/tsrag_time/outputs/tsrag/predictions/validation/chronos_t5_512/Commodity_Import/M/short/run_0 launch_id=selena_3584841 slurm_job_id=3584841 launched_at=2026-09-27T14:54:48.514222+00:00
[2026-09-27 14:54:48 UTC] vanilla split=validation method=chronos_t5_512 dataset=Commodity_Import/M term=short L=512 H=12
TIME run allocation action=new run=/fslarge/scratch/users/h61084/codes/tsrag_time/outputs/tsrag/predictions/test/chronos_t5_512/Commodity_Import/M/short/run_0 launch_id=selena_3584841 slurm_job_id=3584841 launched_at=2026-09-27T14:54:48.541399+00:00
[2026-09-27 14:54:48 UTC] vanilla split=test method=chronos_t5_512 dataset=Commodity_Import/M term=short L=512 H=12
TIME run allocation action=new run=/fslarge/scratch/users/h61084/codes/tsrag_time/outputs/tsrag/predictions/validation/chronos_t5_512/WUI_Global/Q/short/run_0 launch_id=selena_3584841 slurm_job_id=3584841 launched_at=2026-09-27T14:54:48.570897+00:00
[2026-09-27 14:54:48 UTC] vanilla split=validation method=chronos_t5_512 dataset=WUI_Global/Q term=short L=512 H=4
TIME run allocation action=new run=/fslarge/scratch/users/h61084/codes/tsrag_time/outputs/tsrag/predictions/test/chronos_t5_512/WUI_Global/Q/short/run_0 launch_id=selena_3584841 slurm_job_id=3584841 launched_at=2026-09-27T14:54:48.599491+00:00
[2026-09-27 14:54:48 UTC] vanilla split=test method=chronos_t5_512 dataset=WUI_Global/Q term=short L=512 H=4
TIME run allocation action=new run=/fslarge/scratch/users/h61084/codes/tsrag_time/outputs/tsrag/predictions/validation/chronos_t5_512/Global_Price/Q/short/run_0 launch_id=selena_3584841 slurm_job_id=3584841 launched_at=2026-09-27T14:54:48.629364+00:00
[2026-09-27 14:54:48 UTC] vanilla split=validation method=chronos_t5_512 dataset=Global_Price/Q term=short L=512 H=4
TIME run allocation action=new run=/fslarge/scratch/users/h61084/codes/tsrag_time/outputs/tsrag/predictions/test/chronos_t5_512/Global_Price/Q/short/run_0 launch_id=selena_3584841 slurm_job_id=3584841 launched_at=2026-09-27T14:54:48.659435+00:00
[2026-09-27 14:54:48 UTC] vanilla split=test method=chronos_t5_512 dataset=Global_Price/Q term=short L=512 H=4
TIME run allocation action=new run=/fslarge/scratch/users/h61084/codes/tsrag_time/outputs/tsrag/predictions/validation/chronos_t5_512/Vehicle_Sales/M/short/run_0 launch_id=selena_3584841 slurm_job_id=3584841 launched_at=2026-09-27T14:54:48.691619+00:00
[2026-09-27 14:54:48 UTC] vanilla split=validation method=chronos_t5_512 dataset=Vehicle_Sales/M term=short L=512 H=12
TIME run allocation action=new run=/fslarge/scratch/users/h61084/codes/tsrag_time/outputs/tsrag/predictions/test/chronos_t5_512/Vehicle_Sales/M/short/run_0 launch_id=selena_3584841 slurm_job_id=3584841 launched_at=2026-09-27T14:54:48.720175+00:00
[2026-09-27 14:54:48 UTC] vanilla split=test method=chronos_t5_512 dataset=Vehicle_Sales/M term=short L=512 H=12
TIME run allocation action=new run=/fslarge/scratch/users/h61084/codes/tsrag_time/outputs/tsrag/predictions/validation/chronos_t5_512/Online_Retail_2_UCI/D/short/run_0 launch_id=selena_3584841 slurm_job_id=3584841 launched_at=2026-09-27T14:54:48.749888+00:00
[2026-09-27 14:54:48 UTC] vanilla split=validation method=chronos_t5_512 dataset=Online_Retail_2_UCI/D term=short L=512 H=30
TIME run allocation action=new run=/fslarge/scratch/users/h61084/codes/tsrag_time/outputs/tsrag/predictions/test/chronos_t5_512/Online_Retail_2_UCI/D/short/run_0 launch_id=selena_3584841 slurm_job_id=3584841 launched_at=2026-09-27T14:54:48.777015+00:00
[2026-09-27 14:54:48 UTC] vanilla split=test method=chronos_t5_512 dataset=Online_Retail_2_UCI/D term=short L=512 H=30
TIME run allocation action=new run=/fslarge/scratch/users/h61084/codes/tsrag_time/outputs/tsrag/predictions/validation/chronos_t5_512/Supply_Chain_Customer/D/short/run_0 launch_id=selena_3584841 slurm_job_id=3584841 launched_at=2026-09-27T14:54:48.805267+00:00
[2026-09-27 14:54:48 UTC] vanilla split=validation method=chronos_t5_512 dataset=Supply_Chain_Customer/D term=short L=512 H=30
TIME run allocation action=new run=/fslarge/scratch/users/h61084/codes/tsrag_time/outputs/tsrag/predictions/test/chronos_t5_512/Supply_Chain_Customer/D/short/run_0 launch_id=selena_3584841 slurm_job_id=3584841 launched_at=2026-09-27T14:54:48.839753+00:00
[2026-09-27 14:54:48 UTC] vanilla split=test method=chronos_t5_512 dataset=Supply_Chain_Customer/D term=short L=512 H=30
TIME run allocation action=new run=/fslarge/scratch/users/h61084/codes/tsrag_time/outputs/tsrag/predictions/validation/chronos_t5_512/Supply_Chain_Location/D/short/run_0 launch_id=selena_3584841 slurm_job_id=3584841 launched_at=2026-09-27T14:54:48.878582+00:00
[2026-09-27 14:54:48 UTC] vanilla split=validation method=chronos_t5_512 dataset=Supply_Chain_Location/D term=short L=512 H=30
TIME run allocation action=new run=/fslarge/scratch/users/h61084/codes/tsrag_time/outputs/tsrag/predictions/test/chronos_t5_512/Supply_Chain_Location/D/short/run_0 launch_id=selena_3584841 slurm_job_id=3584841 launched_at=2026-09-27T14:54:48.916279+00:00
[2026-09-27 14:54:48 UTC] vanilla split=test method=chronos_t5_512 dataset=Supply_Chain_Location/D term=short L=512 H=30
TIME run allocation action=new run=/fslarge/scratch/users/h61084/codes/tsrag_time/outputs/tsrag/predictions/validation/chronos_t5_512/azure2019_U/5T/short/run_0 launch_id=selena_3584841 slurm_job_id=3584841 launched_at=2026-09-27T14:54:48.959677+00:00
[2026-09-27 14:54:48 UTC] vanilla split=validation method=chronos_t5_512 dataset=azure2019_U/5T term=short L=512 H=48
TIME run allocation action=new run=/fslarge/scratch/users/h61084/codes/tsrag_time/outputs/tsrag/predictions/test/chronos_t5_512/azure2019_U/5T/short/run_0 launch_id=selena_3584841 slurm_job_id=3584841 launched_at=2026-09-27T14:54:49.026151+00:00
[2026-09-27 14:54:49 UTC] vanilla split=test method=chronos_t5_512 dataset=azure2019_U/5T term=short L=512 H=48
TIME run allocation action=new run=/fslarge/scratch/users/h61084/codes/tsrag_time/outputs/tsrag/predictions/validation/chronos_t5_512/Smart_Manufacturing/H/short/run_0 launch_id=selena_3584841 slurm_job_id=3584841 launched_at=2026-09-27T14:54:49.105674+00:00
[2026-09-27 14:54:49 UTC] vanilla split=validation method=chronos_t5_512 dataset=Smart_Manufacturing/H term=short L=512 H=24
TIME run allocation action=new run=/fslarge/scratch/users/h61084/codes/tsrag_time/outputs/tsrag/predictions/test/chronos_t5_512/Smart_Manufacturing/H/short/run_0 launch_id=selena_3584841 slurm_job_id=3584841 launched_at=2026-09-27T14:54:49.196750+00:00
[2026-09-27 14:54:49 UTC] vanilla split=test method=chronos_t5_512 dataset=Smart_Manufacturing/H term=short L=512 H=24
TIME run allocation action=new run=/fslarge/scratch/users/h61084/codes/tsrag_time/outputs/tsrag/predictions/validation/chronos_t5_512/Smart_Manufacturing/H/medium/run_0 launch_id=selena_3584841 slurm_job_id=3584841 launched_at=2026-09-27T14:54:49.277993+00:00
[2026-09-27 14:54:49 UTC] vanilla split=validation method=chronos_t5_512 dataset=Smart_Manufacturing/H term=medium L=512 H=168
TIME run allocation action=new run=/fslarge/scratch/users/h61084/codes/tsrag_time/outputs/tsrag/predictions/test/chronos_t5_512/Smart_Manufacturing/H/medium/run_0 launch_id=selena_3584841 slurm_job_id=3584841 launched_at=2026-09-27T14:54:49.337735+00:00
[2026-09-27 14:54:49 UTC] vanilla split=test method=chronos_t5_512 dataset=Smart_Manufacturing/H term=medium L=512 H=168
TIME run allocation action=new run=/fslarge/scratch/users/h61084/codes/tsrag_time/outputs/tsrag/predictions/validation/chronos_t5_512/Smart_Manufacturing/H/long/run_0 launch_id=selena_3584841 slurm_job_id=3584841 launched_at=2026-09-27T14:54:49.396236+00:00
[2026-09-27 14:54:49 UTC] vanilla split=validation method=chronos_t5_512 dataset=Smart_Manufacturing/H term=long L=512 H=336
TIME run allocation action=new run=/fslarge/scratch/users/h61084/codes/tsrag_time/outputs/tsrag/predictions/test/chronos_t5_512/Smart_Manufacturing/H/long/run_0 launch_id=selena_3584841 slurm_job_id=3584841 launched_at=2026-09-27T14:54:49.451207+00:00
[2026-09-27 14:54:49 UTC] vanilla split=test method=chronos_t5_512 dataset=Smart_Manufacturing/H term=long L=512 H=336
TIME run allocation action=new run=/fslarge/scratch/users/h61084/codes/tsrag_time/outputs/tsrag/predictions/validation/chronos_t5_512/MetroPT-3/5T/short/run_0 launch_id=selena_3584841 slurm_job_id=3584841 launched_at=2026-09-27T14:54:49.507922+00:00
[2026-09-27 14:54:49 UTC] vanilla split=validation method=chronos_t5_512 dataset=MetroPT-3/5T term=short L=512 H=48
TIME run allocation action=new run=/fslarge/scratch/users/h61084/codes/tsrag_time/outputs/tsrag/predictions/test/chronos_t5_512/MetroPT-3/5T/short/run_0 launch_id=selena_3584841 slurm_job_id=3584841 launched_at=2026-09-27T14:54:49.547062+00:00
[2026-09-27 14:54:49 UTC] vanilla split=test method=chronos_t5_512 dataset=MetroPT-3/5T term=short L=512 H=48
TIME run allocation action=new run=/fslarge/scratch/users/h61084/codes/tsrag_time/outputs/tsrag/predictions/validation/chronos_t5_512/MetroPT-3/5T/medium/run_0 launch_id=selena_3584841 slurm_job_id=3584841 launched_at=2026-09-27T14:54:49.584945+00:00
[2026-09-27 14:54:49 UTC] vanilla split=validation method=chronos_t5_512 dataset=MetroPT-3/5T term=medium L=512 H=288
TIME run allocation action=new run=/fslarge/scratch/users/h61084/codes/tsrag_time/outputs/tsrag/predictions/test/chronos_t5_512/MetroPT-3/5T/medium/run_0 launch_id=selena_3584841 slurm_job_id=3584841 launched_at=2026-09-27T14:54:49.618545+00:00
[2026-09-27 14:54:49 UTC] vanilla split=test method=chronos_t5_512 dataset=MetroPT-3/5T term=medium L=512 H=288
TIME run allocation action=new run=/fslarge/scratch/users/h61084/codes/tsrag_time/outputs/tsrag/predictions/validation/chronos_t5_512/MetroPT-3/5T/long/run_0 launch_id=selena_3584841 slurm_job_id=3584841 launched_at=2026-09-27T14:54:49.655201+00:00
[2026-09-27 14:54:49 UTC] vanilla split=validation method=chronos_t5_512 dataset=MetroPT-3/5T term=long L=512 H=576
TIME run allocation action=new run=/fslarge/scratch/users/h61084/codes/tsrag_time/outputs/tsrag/predictions/test/chronos_t5_512/MetroPT-3/5T/long/run_0 launch_id=selena_3584841 slurm_job_id=3584841 launched_at=2026-09-27T14:54:49.689859+00:00
[2026-09-27 14:54:49 UTC] vanilla split=test method=chronos_t5_512 dataset=MetroPT-3/5T term=long L=512 H=576
TIME run allocation action=new run=/fslarge/scratch/users/h61084/codes/tsrag_time/outputs/tsrag/predictions/validation/chronos2_max/Water_Quality_Darwin/15T/short/run_0 launch_id=selena_3584841 slurm_job_id=3584841 launched_at=2026-09-27T14:54:49.728127+00:00
[2026-09-27 14:54:49 UTC] vanilla split=validation method=chronos2_max dataset=Water_Quality_Darwin/15T term=short L=8192 H=16
TIME run allocation action=new run=/fslarge/scratch/users/h61084/codes/tsrag_time/outputs/tsrag/predictions/test/chronos2_max/Water_Quality_Darwin/15T/short/run_0 launch_id=selena_3584841 slurm_job_id=3584841 launched_at=2026-09-27T14:54:49.863910+00:00
[2026-09-27 14:54:49 UTC] vanilla split=test method=chronos2_max dataset=Water_Quality_Darwin/15T term=short L=8192 H=16
TIME run allocation action=new run=/fslarge/scratch/users/h61084/codes/tsrag_time/outputs/tsrag/predictions/validation/chronos2_max/Water_Quality_Darwin/15T/medium/run_0 launch_id=selena_3584841 slurm_job_id=3584841 launched_at=2026-09-27T14:54:49.965928+00:00
[2026-09-27 14:54:49 UTC] vanilla split=validation method=chronos2_max dataset=Water_Quality_Darwin/15T term=medium L=8192 H=96
TIME run allocation action=new run=/fslarge/scratch/users/h61084/codes/tsrag_time/outputs/tsrag/predictions/test/chronos2_max/Water_Quality_Darwin/15T/medium/run_0 launch_id=selena_3584841 slurm_job_id=3584841 launched_at=2026-09-27T14:54:50.050173+00:00
[2026-09-27 14:54:50 UTC] vanilla split=test method=chronos2_max dataset=Water_Quality_Darwin/15T term=medium L=8192 H=96
TIME run allocation action=new run=/fslarge/scratch/users/h61084/codes/tsrag_time/outputs/tsrag/predictions/validation/chronos2_max/Water_Quality_Darwin/15T/long/run_0 launch_id=selena_3584841 slurm_job_id=3584841 launched_at=2026-09-27T14:54:50.136640+00:00
[2026-09-27 14:54:50 UTC] vanilla split=validation method=chronos2_max dataset=Water_Quality_Darwin/15T term=long L=8192 H=288
TIME run allocation action=new run=/fslarge/scratch/users/h61084/codes/tsrag_time/outputs/tsrag/predictions/test/chronos2_max/Water_Quality_Darwin/15T/long/run_0 launch_id=selena_3584841 slurm_job_id=3584841 launched_at=2026-09-27T14:54:50.212819+00:00
[2026-09-27 14:54:50 UTC] vanilla split=test method=chronos2_max dataset=Water_Quality_Darwin/15T term=long L=8192 H=288
TIME run allocation action=new run=/fslarge/scratch/users/h61084/codes/tsrag_time/outputs/tsrag/predictions/validation/chronos2_max/current_velocity/5T/short/run_0 launch_id=selena_3584841 slurm_job_id=3584841 launched_at=2026-09-27T14:54:50.297724+00:00
[2026-09-27 14:54:50 UTC] vanilla split=validation method=chronos2_max dataset=current_velocity/5T term=short L=8192 H=36
TIME run allocation action=new run=/fslarge/scratch/users/h61084/codes/tsrag_time/outputs/tsrag/predictions/test/chronos2_max/current_velocity/5T/short/run_0 launch_id=selena_3584841 slurm_job_id=3584841 launched_at=2026-09-27T14:54:50.349233+00:00
[2026-09-27 14:54:50 UTC] vanilla split=test method=chronos2_max dataset=current_velocity/5T term=short L=8192 H=36
TIME run allocation action=new run=/fslarge/scratch/users/h61084/codes/tsrag_time/outputs/tsrag/predictions/validation/chronos2_max/current_velocity/5T/medium/run_0 launch_id=selena_3584841 slurm_job_id=3584841 launched_at=2026-09-27T14:54:50.395825+00:00
[2026-09-27 14:54:50 UTC] vanilla split=validation method=chronos2_max dataset=current_velocity/5T term=medium L=8192 H=288
TIME run allocation action=new run=/fslarge/scratch/users/h61084/codes/tsrag_time/outputs/tsrag/predictions/test/chronos2_max/current_velocity/5T/medium/run_0 launch_id=selena_3584841 slurm_job_id=3584841 launched_at=2026-09-27T14:54:50.434438+00:00
[2026-09-27 14:54:50 UTC] vanilla split=test method=chronos2_max dataset=current_velocity/5T term=medium L=8192 H=288
TIME run allocation action=new run=/fslarge/scratch/users/h61084/codes/tsrag_time/outputs/tsrag/predictions/validation/chronos2_max/current_velocity/5T/long/run_0 launch_id=selena_3584841 slurm_job_id=3584841 launched_at=2026-09-27T14:54:50.478465+00:00
[2026-09-27 14:54:50 UTC] vanilla split=validation method=chronos2_max dataset=current_velocity/5T term=long L=8192 H=864
TIME run allocation action=new run=/fslarge/scratch/users/h61084/codes/tsrag_time/outputs/tsrag/predictions/test/chronos2_max/current_velocity/5T/long/run_0 launch_id=selena_3584841 slurm_job_id=3584841 launched_at=2026-09-27T14:54:50.516441+00:00
[2026-09-27 14:54:50 UTC] vanilla split=test method=chronos2_max dataset=current_velocity/5T term=long L=8192 H=864
TIME run allocation action=new run=/fslarge/scratch/users/h61084/codes/tsrag_time/outputs/tsrag/predictions/validation/chronos2_max/current_velocity/10T/short/run_0 launch_id=selena_3584841 slurm_job_id=3584841 launched_at=2026-09-27T14:54:50.559845+00:00
[2026-09-27 14:54:50 UTC] vanilla split=validation method=chronos2_max dataset=current_velocity/10T term=short L=8192 H=18
TIME run allocation action=new run=/fslarge/scratch/users/h61084/codes/tsrag_time/outputs/tsrag/predictions/test/chronos2_max/current_velocity/10T/short/run_0 launch_id=selena_3584841 slurm_job_id=3584841 launched_at=2026-09-27T14:54:50.788922+00:00
[2026-09-27 14:54:50 UTC] vanilla split=test method=chronos2_max dataset=current_velocity/10T term=short L=8192 H=18
TIME run allocation action=new run=/fslarge/scratch/users/h61084/codes/tsrag_time/outputs/tsrag/predictions/validation/chronos2_max/current_velocity/10T/medium/run_0 launch_id=selena_3584841 slurm_job_id=3584841 launched_at=2026-09-27T14:54:50.963325+00:00
[2026-09-27 14:54:50 UTC] vanilla split=validation method=chronos2_max dataset=current_velocity/10T term=medium L=8192 H=144
TIME run allocation action=new run=/fslarge/scratch/users/h61084/codes/tsrag_time/outputs/tsrag/predictions/test/chronos2_max/current_velocity/10T/medium/run_0 launch_id=selena_3584841 slurm_job_id=3584841 launched_at=2026-09-27T14:54:51.103950+00:00
[2026-09-27 14:54:51 UTC] vanilla split=test method=chronos2_max dataset=current_velocity/10T term=medium L=8192 H=144
TIME run allocation action=new run=/fslarge/scratch/users/h61084/codes/tsrag_time/outputs/tsrag/predictions/validation/chronos2_max/current_velocity/10T/long/run_0 launch_id=selena_3584841 slurm_job_id=3584841 launched_at=2026-09-27T14:54:51.252707+00:00
[2026-09-27 14:54:51 UTC] vanilla split=validation method=chronos2_max dataset=current_velocity/10T term=long L=8192 H=432
TIME run allocation action=new run=/fslarge/scratch/users/h61084/codes/tsrag_time/outputs/tsrag/predictions/test/chronos2_max/current_velocity/10T/long/run_0 launch_id=selena_3584841 slurm_job_id=3584841 launched_at=2026-09-27T14:54:51.377147+00:00
[2026-09-27 14:54:51 UTC] vanilla split=test method=chronos2_max dataset=current_velocity/10T term=long L=8192 H=432
TIME run allocation action=new run=/fslarge/scratch/users/h61084/codes/tsrag_time/outputs/tsrag/predictions/validation/chronos2_max/current_velocity/15T/short/run_0 launch_id=selena_3584841 slurm_job_id=3584841 launched_at=2026-09-27T14:54:51.518718+00:00
[2026-09-27 14:54:51 UTC] vanilla split=validation method=chronos2_max dataset=current_velocity/15T term=short L=8192 H=12
TIME run allocation action=new run=/fslarge/scratch/users/h61084/codes/tsrag_time/outputs/tsrag/predictions/test/chronos2_max/current_velocity/15T/short/run_0 launch_id=selena_3584841 slurm_job_id=3584841 launched_at=2026-09-27T14:54:51.622108+00:00
[2026-09-27 14:54:51 UTC] vanilla split=test method=chronos2_max dataset=current_velocity/15T term=short L=8192 H=12
TIME run allocation action=new run=/fslarge/scratch/users/h61084/codes/tsrag_time/outputs/tsrag/predictions/validation/chronos2_max/current_velocity/15T/medium/run_0 launch_id=selena_3584841 slurm_job_id=3584841 launched_at=2026-09-27T14:54:51.689967+00:00
[2026-09-27 14:54:51 UTC] vanilla split=validation method=chronos2_max dataset=current_velocity/15T term=medium L=8192 H=96
TIME run allocation action=new run=/fslarge/scratch/users/h61084/codes/tsrag_time/outputs/tsrag/predictions/test/chronos2_max/current_velocity/15T/medium/run_0 launch_id=selena_3584841 slurm_job_id=3584841 launched_at=2026-09-27T14:54:51.743360+00:00
[2026-09-27 14:54:51 UTC] vanilla split=test method=chronos2_max dataset=current_velocity/15T term=medium L=8192 H=96
TIME run allocation action=new run=/fslarge/scratch/users/h61084/codes/tsrag_time/outputs/tsrag/predictions/validation/chronos2_max/current_velocity/15T/long/run_0 launch_id=selena_3584841 slurm_job_id=3584841 launched_at=2026-09-27T14:54:51.800153+00:00
[2026-09-27 14:54:51 UTC] vanilla split=validation method=chronos2_max dataset=current_velocity/15T term=long L=8192 H=288
TIME run allocation action=new run=/fslarge/scratch/users/h61084/codes/tsrag_time/outputs/tsrag/predictions/test/chronos2_max/current_velocity/15T/long/run_0 launch_id=selena_3584841 slurm_job_id=3584841 launched_at=2026-09-27T14:54:51.850232+00:00
[2026-09-27 14:54:51 UTC] vanilla split=test method=chronos2_max dataset=current_velocity/15T term=long L=8192 H=288
TIME run allocation action=new run=/fslarge/scratch/users/h61084/codes/tsrag_time/outputs/tsrag/predictions/validation/chronos2_max/current_velocity/H/short/run_0 launch_id=selena_3584841 slurm_job_id=3584841 launched_at=2026-09-27T14:54:51.905950+00:00
[2026-09-27 14:54:51 UTC] vanilla split=validation method=chronos2_max dataset=current_velocity/H term=short L=8192 H=24
TIME run allocation action=new run=/fslarge/scratch/users/h61084/codes/tsrag_time/outputs/tsrag/predictions/test/chronos2_max/current_velocity/H/short/run_0 launch_id=selena_3584841 slurm_job_id=3584841 launched_at=2026-09-27T14:54:52.023335+00:00
[2026-09-27 14:54:52 UTC] vanilla split=test method=chronos2_max dataset=current_velocity/H term=short L=8192 H=24
TIME run allocation action=new run=/fslarge/scratch/users/h61084/codes/tsrag_time/outputs/tsrag/predictions/validation/chronos2_max/current_velocity/H/medium/run_0 launch_id=selena_3584841 slurm_job_id=3584841 launched_at=2026-09-27T14:54:52.115669+00:00
[2026-09-27 14:54:52 UTC] vanilla split=validation method=chronos2_max dataset=current_velocity/H term=medium L=8192 H=168
TIME run allocation action=new run=/fslarge/scratch/users/h61084/codes/tsrag_time/outputs/tsrag/predictions/test/chronos2_max/current_velocity/H/medium/run_0 launch_id=selena_3584841 slurm_job_id=3584841 launched_at=2026-09-27T14:54:52.185391+00:00
[2026-09-27 14:54:52 UTC] vanilla split=test method=chronos2_max dataset=current_velocity/H term=medium L=8192 H=168
TIME run allocation action=new run=/fslarge/scratch/users/h61084/codes/tsrag_time/outputs/tsrag/predictions/validation/chronos2_max/current_velocity/H/long/run_0 launch_id=selena_3584841 slurm_job_id=3584841 launched_at=2026-09-27T14:54:52.265308+00:00
[2026-09-27 14:54:52 UTC] vanilla split=validation method=chronos2_max dataset=current_velocity/H term=long L=8192 H=336
TIME run allocation action=new run=/fslarge/scratch/users/h61084/codes/tsrag_time/outputs/tsrag/predictions/test/chronos2_max/current_velocity/H/long/run_0 launch_id=selena_3584841 slurm_job_id=3584841 launched_at=2026-09-27T14:54:52.331262+00:00
[2026-09-27 14:54:52 UTC] vanilla split=test method=chronos2_max dataset=current_velocity/H term=long L=8192 H=336
TIME run allocation action=new run=/fslarge/scratch/users/h61084/codes/tsrag_time/outputs/tsrag/predictions/validation/chronos2_max/CPHL/15T/short/run_0 launch_id=selena_3584841 slurm_job_id=3584841 launched_at=2026-09-27T14:54:52.411151+00:00
[2026-09-27 14:54:52 UTC] vanilla split=validation method=chronos2_max dataset=CPHL/15T term=short L=8192 H=12
TIME run allocation action=new run=/fslarge/scratch/users/h61084/codes/tsrag_time/outputs/tsrag/predictions/test/chronos2_max/CPHL/15T/short/run_0 launch_id=selena_3584841 slurm_job_id=3584841 launched_at=2026-09-27T14:54:52.448314+00:00
[2026-09-27 14:54:52 UTC] vanilla split=test method=chronos2_max dataset=CPHL/15T term=short L=8192 H=12
TIME run allocation action=new run=/fslarge/scratch/users/h61084/codes/tsrag_time/outputs/tsrag/predictions/validation/chronos2_max/CPHL/15T/medium/run_0 launch_id=selena_3584841 slurm_job_id=3584841 launched_at=2026-09-27T14:54:52.478914+00:00
[2026-09-27 14:54:52 UTC] vanilla split=validation method=chronos2_max dataset=CPHL/15T term=medium L=8192 H=96
TIME run allocation action=new run=/fslarge/scratch/users/h61084/codes/tsrag_time/outputs/tsrag/predictions/test/chronos2_max/CPHL/15T/medium/run_0 launch_id=selena_3584841 slurm_job_id=3584841 launched_at=2026-09-27T14:54:52.505911+00:00
[2026-09-27 14:54:52 UTC] vanilla split=test method=chronos2_max dataset=CPHL/15T term=medium L=8192 H=96
TIME run allocation action=new run=/fslarge/scratch/users/h61084/codes/tsrag_time/outputs/tsrag/predictions/validation/chronos2_max/CPHL/15T/long/run_0 launch_id=selena_3584841 slurm_job_id=3584841 launched_at=2026-09-27T14:54:52.533589+00:00
[2026-09-27 14:54:52 UTC] vanilla split=validation method=chronos2_max dataset=CPHL/15T term=long L=8192 H=288
TIME run allocation action=new run=/fslarge/scratch/users/h61084/codes/tsrag_time/outputs/tsrag/predictions/test/chronos2_max/CPHL/15T/long/run_0 launch_id=selena_3584841 slurm_job_id=3584841 launched_at=2026-09-27T14:54:52.560620+00:00
[2026-09-27 14:54:52 UTC] vanilla split=test method=chronos2_max dataset=CPHL/15T term=long L=8192 H=288
TIME run allocation action=new run=/fslarge/scratch/users/h61084/codes/tsrag_time/outputs/tsrag/predictions/validation/chronos2_max/CPHL/30T/short/run_0 launch_id=selena_3584841 slurm_job_id=3584841 launched_at=2026-09-27T14:54:52.588525+00:00
[2026-09-27 14:54:52 UTC] vanilla split=validation method=chronos2_max dataset=CPHL/30T term=short L=8192 H=12
TIME run allocation action=new run=/fslarge/scratch/users/h61084/codes/tsrag_time/outputs/tsrag/predictions/test/chronos2_max/CPHL/30T/short/run_0 launch_id=selena_3584841 slurm_job_id=3584841 launched_at=2026-09-27T14:54:52.620733+00:00
[2026-09-27 14:54:52 UTC] vanilla split=test method=chronos2_max dataset=CPHL/30T term=short L=8192 H=12
TIME run allocation action=new run=/fslarge/scratch/users/h61084/codes/tsrag_time/outputs/tsrag/predictions/validation/chronos2_max/CPHL/30T/medium/run_0 launch_id=selena_3584841 slurm_job_id=3584841 launched_at=2026-09-27T14:54:52.650236+00:00
[2026-09-27 14:54:52 UTC] vanilla split=validation method=chronos2_max dataset=CPHL/30T term=medium L=8192 H=48
TIME run allocation action=new run=/fslarge/scratch/users/h61084/codes/tsrag_time/outputs/tsrag/predictions/test/chronos2_max/CPHL/30T/medium/run_0 launch_id=selena_3584841 slurm_job_id=3584841 launched_at=2026-09-27T14:54:52.678505+00:00
[2026-09-27 14:54:52 UTC] vanilla split=test method=chronos2_max dataset=CPHL/30T term=medium L=8192 H=48
TIME run allocation action=new run=/fslarge/scratch/users/h61084/codes/tsrag_time/outputs/tsrag/predictions/validation/chronos2_max/CPHL/30T/long/run_0 launch_id=selena_3584841 slurm_job_id=3584841 launched_at=2026-09-27T14:54:52.707663+00:00
[2026-09-27 14:54:52 UTC] vanilla split=validation method=chronos2_max dataset=CPHL/30T term=long L=8192 H=144
TIME run allocation action=new run=/fslarge/scratch/users/h61084/codes/tsrag_time/outputs/tsrag/predictions/test/chronos2_max/CPHL/30T/long/run_0 launch_id=selena_3584841 slurm_job_id=3584841 launched_at=2026-09-27T14:54:52.735570+00:00
[2026-09-27 14:54:52 UTC] vanilla split=test method=chronos2_max dataset=CPHL/30T term=long L=8192 H=144
TIME run allocation action=new run=/fslarge/scratch/users/h61084/codes/tsrag_time/outputs/tsrag/predictions/validation/chronos2_max/CPHL/H/short/run_0 launch_id=selena_3584841 slurm_job_id=3584841 launched_at=2026-09-27T14:54:52.771366+00:00
[2026-09-27 14:54:52 UTC] vanilla split=validation method=chronos2_max dataset=CPHL/H term=short L=8192 H=24
TIME run allocation action=new run=/fslarge/scratch/users/h61084/codes/tsrag_time/outputs/tsrag/predictions/test/chronos2_max/CPHL/H/short/run_0 launch_id=selena_3584841 slurm_job_id=3584841 launched_at=2026-09-27T14:54:52.801004+00:00
[2026-09-27 14:54:52 UTC] vanilla split=test method=chronos2_max dataset=CPHL/H term=short L=8192 H=24
TIME run allocation action=new run=/fslarge/scratch/users/h61084/codes/tsrag_time/outputs/tsrag/predictions/validation/chronos2_max/CPHL/H/medium/run_0 launch_id=selena_3584841 slurm_job_id=3584841 launched_at=2026-09-27T14:54:52.829012+00:00
[2026-09-27 14:54:52 UTC] vanilla split=validation method=chronos2_max dataset=CPHL/H term=medium L=8192 H=168
TIME run allocation action=new run=/fslarge/scratch/users/h61084/codes/tsrag_time/outputs/tsrag/predictions/test/chronos2_max/CPHL/H/medium/run_0 launch_id=selena_3584841 slurm_job_id=3584841 launched_at=2026-09-27T14:54:52.858870+00:00
[2026-09-27 14:54:52 UTC] vanilla split=test method=chronos2_max dataset=CPHL/H term=medium L=8192 H=168
TIME run allocation action=new run=/fslarge/scratch/users/h61084/codes/tsrag_time/outputs/tsrag/predictions/validation/chronos2_max/CPHL/H/long/run_0 launch_id=selena_3584841 slurm_job_id=3584841 launched_at=2026-09-27T14:54:52.892619+00:00
[2026-09-27 14:54:52 UTC] vanilla split=validation method=chronos2_max dataset=CPHL/H term=long L=8192 H=336
TIME run allocation action=new run=/fslarge/scratch/users/h61084/codes/tsrag_time/outputs/tsrag/predictions/test/chronos2_max/CPHL/H/long/run_0 launch_id=selena_3584841 slurm_job_id=3584841 launched_at=2026-09-27T14:54:52.926287+00:00
[2026-09-27 14:54:52 UTC] vanilla split=test method=chronos2_max dataset=CPHL/H term=long L=8192 H=336
TIME run allocation action=new run=/fslarge/scratch/users/h61084/codes/tsrag_time/outputs/tsrag/predictions/validation/chronos2_max/Coastal_T_S/15T/short/run_0 launch_id=selena_3584841 slurm_job_id=3584841 launched_at=2026-09-27T14:54:52.957696+00:00
[2026-09-27 14:54:52 UTC] vanilla split=validation method=chronos2_max dataset=Coastal_T_S/15T term=short L=8192 H=12
TIME run allocation action=new run=/fslarge/scratch/users/h61084/codes/tsrag_time/outputs/tsrag/predictions/test/chronos2_max/Coastal_T_S/15T/short/run_0 launch_id=selena_3584841 slurm_job_id=3584841 launched_at=2026-09-27T14:54:53.036334+00:00
[2026-09-27 14:54:53 UTC] vanilla split=test method=chronos2_max dataset=Coastal_T_S/15T term=short L=8192 H=12
TIME run allocation action=new run=/fslarge/scratch/users/h61084/codes/tsrag_time/outputs/tsrag/predictions/validation/chronos2_max/Coastal_T_S/15T/medium/run_0 launch_id=selena_3584841 slurm_job_id=3584841 launched_at=2026-09-27T14:54:53.096650+00:00
[2026-09-27 14:54:53 UTC] vanilla split=validation method=chronos2_max dataset=Coastal_T_S/15T term=medium L=8192 H=96
TIME run allocation action=new run=/fslarge/scratch/users/h61084/codes/tsrag_time/outputs/tsrag/predictions/test/chronos2_max/Coastal_T_S/15T/medium/run_0 launch_id=selena_3584841 slurm_job_id=3584841 launched_at=2026-09-27T14:54:53.148984+00:00
[2026-09-27 14:54:53 UTC] vanilla split=test method=chronos2_max dataset=Coastal_T_S/15T term=medium L=8192 H=96
TIME run allocation action=new run=/fslarge/scratch/users/h61084/codes/tsrag_time/outputs/tsrag/predictions/validation/chronos2_max/Coastal_T_S/15T/long/run_0 launch_id=selena_3584841 slurm_job_id=3584841 launched_at=2026-09-27T14:54:53.203455+00:00
[2026-09-27 14:54:53 UTC] vanilla split=validation method=chronos2_max dataset=Coastal_T_S/15T term=long L=8192 H=288
TIME run allocation action=new run=/fslarge/scratch/users/h61084/codes/tsrag_time/outputs/tsrag/predictions/test/chronos2_max/Coastal_T_S/15T/long/run_0 launch_id=selena_3584841 slurm_job_id=3584841 launched_at=2026-09-27T14:54:53.252178+00:00
[2026-09-27 14:54:53 UTC] vanilla split=test method=chronos2_max dataset=Coastal_T_S/15T term=long L=8192 H=288
TIME run allocation action=new run=/fslarge/scratch/users/h61084/codes/tsrag_time/outputs/tsrag/predictions/validation/chronos2_max/Coastal_T_S/20T/short/run_0 launch_id=selena_3584841 slurm_job_id=3584841 launched_at=2026-09-27T14:54:53.305399+00:00
[2026-09-27 14:54:53 UTC] vanilla split=validation method=chronos2_max dataset=Coastal_T_S/20T term=short L=8192 H=9
TIME run allocation action=new run=/fslarge/scratch/users/h61084/codes/tsrag_time/outputs/tsrag/predictions/test/chronos2_max/Coastal_T_S/20T/short/run_0 launch_id=selena_3584841 slurm_job_id=3584841 launched_at=2026-09-27T14:54:53.340252+00:00
[2026-09-27 14:54:53 UTC] vanilla split=test method=chronos2_max dataset=Coastal_T_S/20T term=short L=8192 H=9
TIME run allocation action=new run=/fslarge/scratch/users/h61084/codes/tsrag_time/outputs/tsrag/predictions/validation/chronos2_max/Coastal_T_S/20T/medium/run_0 launch_id=selena_3584841 slurm_job_id=3584841 launched_at=2026-09-27T14:54:53.370663+00:00
[2026-09-27 14:54:53 UTC] vanilla split=validation method=chronos2_max dataset=Coastal_T_S/20T term=medium L=8192 H=72
TIME run allocation action=new run=/fslarge/scratch/users/h61084/codes/tsrag_time/outputs/tsrag/predictions/test/chronos2_max/Coastal_T_S/20T/medium/run_0 launch_id=selena_3584841 slurm_job_id=3584841 launched_at=2026-09-27T14:54:53.399423+00:00
[2026-09-27 14:54:53 UTC] vanilla split=test method=chronos2_max dataset=Coastal_T_S/20T term=medium L=8192 H=72
TIME run allocation action=new run=/fslarge/scratch/users/h61084/codes/tsrag_time/outputs/tsrag/predictions/validation/chronos2_max/Coastal_T_S/20T/long/run_0 launch_id=selena_3584841 slurm_job_id=3584841 launched_at=2026-09-27T14:54:53.428457+00:00
[2026-09-27 14:54:53 UTC] vanilla split=validation method=chronos2_max dataset=Coastal_T_S/20T term=long L=8192 H=216
TIME run allocation action=new run=/fslarge/scratch/users/h61084/codes/tsrag_time/outputs/tsrag/predictions/test/chronos2_max/Coastal_T_S/20T/long/run_0 launch_id=selena_3584841 slurm_job_id=3584841 launched_at=2026-09-27T14:54:53.456461+00:00
[2026-09-27 14:54:53 UTC] vanilla split=test method=chronos2_max dataset=Coastal_T_S/20T term=long L=8192 H=216
TIME run allocation action=new run=/fslarge/scratch/users/h61084/codes/tsrag_time/outputs/tsrag/predictions/validation/chronos2_max/Coastal_T_S/H/short/run_0 launch_id=selena_3584841 slurm_job_id=3584841 launched_at=2026-09-27T14:54:53.485622+00:00
[2026-09-27 14:54:53 UTC] vanilla split=validation method=chronos2_max dataset=Coastal_T_S/H term=short L=8192 H=24
TIME run allocation action=new run=/fslarge/scratch/users/h61084/codes/tsrag_time/outputs/tsrag/predictions/test/chronos2_max/Coastal_T_S/H/short/run_0 launch_id=selena_3584841 slurm_job_id=3584841 launched_at=2026-09-27T14:54:53.574501+00:00
[2026-09-27 14:54:53 UTC] vanilla split=test method=chronos2_max dataset=Coastal_T_S/H term=short L=8192 H=24
TIME run allocation action=new run=/fslarge/scratch/users/h61084/codes/tsrag_time/outputs/tsrag/predictions/validation/chronos2_max/Coastal_T_S/H/medium/run_0 launch_id=selena_3584841 slurm_job_id=3584841 launched_at=2026-09-27T14:54:53.649201+00:00
[2026-09-27 14:54:53 UTC] vanilla split=validation method=chronos2_max dataset=Coastal_T_S/H term=medium L=8192 H=168
TIME run allocation action=new run=/fslarge/scratch/users/h61084/codes/tsrag_time/outputs/tsrag/predictions/test/chronos2_max/Coastal_T_S/H/medium/run_0 launch_id=selena_3584841 slurm_job_id=3584841 launched_at=2026-09-27T14:54:53.713026+00:00
[2026-09-27 14:54:53 UTC] vanilla split=test method=chronos2_max dataset=Coastal_T_S/H term=medium L=8192 H=168
TIME run allocation action=new run=/fslarge/scratch/users/h61084/codes/tsrag_time/outputs/tsrag/predictions/validation/chronos2_max/Coastal_T_S/H/long/run_0 launch_id=selena_3584841 slurm_job_id=3584841 launched_at=2026-09-27T14:54:53.781102+00:00
[2026-09-27 14:54:53 UTC] vanilla split=validation method=chronos2_max dataset=Coastal_T_S/H term=long L=8192 H=336
TIME run allocation action=new run=/fslarge/scratch/users/h61084/codes/tsrag_time/outputs/tsrag/predictions/test/chronos2_max/Coastal_T_S/H/long/run_0 launch_id=selena_3584841 slurm_job_id=3584841 launched_at=2026-09-27T14:54:53.840231+00:00
[2026-09-27 14:54:53 UTC] vanilla split=test method=chronos2_max dataset=Coastal_T_S/H term=long L=8192 H=336
TIME run allocation action=new run=/fslarge/scratch/users/h61084/codes/tsrag_time/outputs/tsrag/predictions/validation/chronos2_max/SG_Weather/D/short/run_0 launch_id=selena_3584841 slurm_job_id=3584841 launched_at=2026-09-27T14:54:53.907773+00:00
[2026-09-27 14:54:53 UTC] vanilla split=validation method=chronos2_max dataset=SG_Weather/D term=short L=8192 H=3
TIME run allocation action=new run=/fslarge/scratch/users/h61084/codes/tsrag_time/outputs/tsrag/predictions/test/chronos2_max/SG_Weather/D/short/run_0 launch_id=selena_3584841 slurm_job_id=3584841 launched_at=2026-09-27T14:54:53.986884+00:00
[2026-09-27 14:54:53 UTC] vanilla split=test method=chronos2_max dataset=SG_Weather/D term=short L=8192 H=3
TIME run allocation action=new run=/fslarge/scratch/users/h61084/codes/tsrag_time/outputs/tsrag/predictions/validation/chronos2_max/SG_Weather/D/medium/run_0 launch_id=selena_3584841 slurm_job_id=3584841 launched_at=2026-09-27T14:54:54.031997+00:00
[2026-09-27 14:54:54 UTC] vanilla split=validation method=chronos2_max dataset=SG_Weather/D term=medium L=8192 H=7
[2026-09-27 14:54:54 UTC] resources selected_device {"device": "cuda", "model": "chronos2", "stage": "forecast"}
TIME run allocation action=new run=/fslarge/scratch/users/h61084/codes/tsrag_time/outputs/tsrag/predictions/test/chronos2_max/SG_Weather/D/medium/run_0 launch_id=selena_3584841 slurm_job_id=3584841 launched_at=2026-09-27T14:54:56.479165+00:00
[2026-09-27 14:54:56 UTC] vanilla split=test method=chronos2_max dataset=SG_Weather/D term=medium L=8192 H=7
TIME run allocation action=new run=/fslarge/scratch/users/h61084/codes/tsrag_time/outputs/tsrag/predictions/validation/chronos2_max/SG_Weather/D/long/run_0 launch_id=selena_3584841 slurm_job_id=3584841 launched_at=2026-09-27T14:54:56.518429+00:00
[2026-09-27 14:54:56 UTC] vanilla split=validation method=chronos2_max dataset=SG_Weather/D term=long L=8192 H=14
TIME run allocation action=new run=/fslarge/scratch/users/h61084/codes/tsrag_time/outputs/tsrag/predictions/test/chronos2_max/SG_Weather/D/long/run_0 launch_id=selena_3584841 slurm_job_id=3584841 launched_at=2026-09-27T14:54:57.395511+00:00
[2026-09-27 14:54:57 UTC] vanilla split=test method=chronos2_max dataset=SG_Weather/D term=long L=8192 H=14
TIME run allocation action=new run=/fslarge/scratch/users/h61084/codes/tsrag_time/outputs/tsrag/predictions/validation/chronos2_max/SG_PM25/H/short/run_0 launch_id=selena_3584841 slurm_job_id=3584841 launched_at=2026-09-27T14:54:57.433735+00:00
[2026-09-27 14:54:57 UTC] vanilla split=validation method=chronos2_max dataset=SG_PM25/H term=short L=8192 H=24
TIME run allocation action=new run=/fslarge/scratch/users/h61084/codes/tsrag_time/outputs/tsrag/predictions/test/chronos2_max/SG_PM25/H/short/run_0 launch_id=selena_3584841 slurm_job_id=3584841 launched_at=2026-09-27T14:54:57.484032+00:00
[2026-09-27 14:54:57 UTC] vanilla split=test method=chronos2_max dataset=SG_PM25/H term=short L=8192 H=24
TIME run allocation action=new run=/fslarge/scratch/users/h61084/codes/tsrag_time/outputs/tsrag/predictions/validation/chronos2_max/SG_PM25/H/medium/run_0 launch_id=selena_3584841 slurm_job_id=3584841 launched_at=2026-09-27T14:54:57.528222+00:00
[2026-09-27 14:54:57 UTC] vanilla split=validation method=chronos2_max dataset=SG_PM25/H term=medium L=8192 H=72
TIME run allocation action=new run=/fslarge/scratch/users/h61084/codes/tsrag_time/outputs/tsrag/predictions/test/chronos2_max/SG_PM25/H/medium/run_0 launch_id=selena_3584841 slurm_job_id=3584841 launched_at=2026-09-27T14:54:57.569665+00:00
[2026-09-27 14:54:57 UTC] vanilla split=test method=chronos2_max dataset=SG_PM25/H term=medium L=8192 H=72
TIME run allocation action=new run=/fslarge/scratch/users/h61084/codes/tsrag_time/outputs/tsrag/predictions/validation/chronos2_max/SG_PM25/H/long/run_0 launch_id=selena_3584841 slurm_job_id=3584841 launched_at=2026-09-27T14:54:57.611775+00:00
[2026-09-27 14:54:57 UTC] vanilla split=validation method=chronos2_max dataset=SG_PM25/H term=long L=8192 H=168
TIME run allocation action=new run=/fslarge/scratch/users/h61084/codes/tsrag_time/outputs/tsrag/predictions/test/chronos2_max/SG_PM25/H/long/run_0 launch_id=selena_3584841 slurm_job_id=3584841 launched_at=2026-09-27T14:54:57.912207+00:00
[2026-09-27 14:54:57 UTC] vanilla split=test method=chronos2_max dataset=SG_PM25/H term=long L=8192 H=168
TIME run allocation action=new run=/fslarge/scratch/users/h61084/codes/tsrag_time/outputs/tsrag/predictions/validation/chronos2_max/NE_China_Wind/H/short/run_0 launch_id=selena_3584841 slurm_job_id=3584841 launched_at=2026-09-27T14:54:57.956059+00:00
[2026-09-27 14:54:57 UTC] vanilla split=validation method=chronos2_max dataset=NE_China_Wind/H term=short L=8192 H=24
TIME run allocation action=new run=/fslarge/scratch/users/h61084/codes/tsrag_time/outputs/tsrag/predictions/test/chronos2_max/NE_China_Wind/H/short/run_0 launch_id=selena_3584841 slurm_job_id=3584841 launched_at=2026-09-27T14:54:57.988348+00:00
[2026-09-27 14:54:57 UTC] vanilla split=test method=chronos2_max dataset=NE_China_Wind/H term=short L=8192 H=24
TIME run allocation action=new run=/fslarge/scratch/users/h61084/codes/tsrag_time/outputs/tsrag/predictions/validation/chronos2_max/NE_China_Wind/H/medium/run_0 launch_id=selena_3584841 slurm_job_id=3584841 launched_at=2026-09-27T14:54:58.019664+00:00
[2026-09-27 14:54:58 UTC] vanilla split=validation method=chronos2_max dataset=NE_China_Wind/H term=medium L=8192 H=72
TIME run allocation action=new run=/fslarge/scratch/users/h61084/codes/tsrag_time/outputs/tsrag/predictions/test/chronos2_max/NE_China_Wind/H/medium/run_0 launch_id=selena_3584841 slurm_job_id=3584841 launched_at=2026-09-27T14:54:58.047694+00:00
[2026-09-27 14:54:58 UTC] vanilla split=test method=chronos2_max dataset=NE_China_Wind/H term=medium L=8192 H=72
TIME run allocation action=new run=/fslarge/scratch/users/h61084/codes/tsrag_time/outputs/tsrag/predictions/validation/chronos2_max/NE_China_Wind/H/long/run_0 launch_id=selena_3584841 slurm_job_id=3584841 launched_at=2026-09-27T14:54:58.076675+00:00
[2026-09-27 14:54:58 UTC] vanilla split=validation method=chronos2_max dataset=NE_China_Wind/H term=long L=8192 H=168
TIME run allocation action=new run=/fslarge/scratch/users/h61084/codes/tsrag_time/outputs/tsrag/predictions/test/chronos2_max/NE_China_Wind/H/long/run_0 launch_id=selena_3584841 slurm_job_id=3584841 launched_at=2026-09-27T14:54:58.176299+00:00
[2026-09-27 14:54:58 UTC] vanilla split=test method=chronos2_max dataset=NE_China_Wind/H term=long L=8192 H=168
TIME run allocation action=new run=/fslarge/scratch/users/h61084/codes/tsrag_time/outputs/tsrag/predictions/validation/chronos2_max/Australia_Solar/H/short/run_0 launch_id=selena_3584841 slurm_job_id=3584841 launched_at=2026-09-27T14:54:58.206811+00:00
[2026-09-27 14:54:58 UTC] vanilla split=validation method=chronos2_max dataset=Australia_Solar/H term=short L=8192 H=24
TIME run allocation action=new run=/fslarge/scratch/users/h61084/codes/tsrag_time/outputs/tsrag/predictions/test/chronos2_max/Australia_Solar/H/short/run_0 launch_id=selena_3584841 slurm_job_id=3584841 launched_at=2026-09-27T14:54:58.245915+00:00
[2026-09-27 14:54:58 UTC] vanilla split=test method=chronos2_max dataset=Australia_Solar/H term=short L=8192 H=24
TIME run allocation action=new run=/fslarge/scratch/users/h61084/codes/tsrag_time/outputs/tsrag/predictions/validation/chronos2_max/Australia_Solar/H/medium/run_0 launch_id=selena_3584841 slurm_job_id=3584841 launched_at=2026-09-27T14:54:58.281688+00:00
[2026-09-27 14:54:58 UTC] vanilla split=validation method=chronos2_max dataset=Australia_Solar/H term=medium L=8192 H=72
TIME run allocation action=new run=/fslarge/scratch/users/h61084/codes/tsrag_time/outputs/tsrag/predictions/test/chronos2_max/Australia_Solar/H/medium/run_0 launch_id=selena_3584841 slurm_job_id=3584841 launched_at=2026-09-27T14:54:58.316098+00:00
[2026-09-27 14:54:58 UTC] vanilla split=test method=chronos2_max dataset=Australia_Solar/H term=medium L=8192 H=72
TIME run allocation action=new run=/fslarge/scratch/users/h61084/codes/tsrag_time/outputs/tsrag/predictions/validation/chronos2_max/Australia_Solar/H/long/run_0 launch_id=selena_3584841 slurm_job_id=3584841 launched_at=2026-09-27T14:54:58.350505+00:00
[2026-09-27 14:54:58 UTC] vanilla split=validation method=chronos2_max dataset=Australia_Solar/H term=long L=8192 H=168
TIME run allocation action=new run=/fslarge/scratch/users/h61084/codes/tsrag_time/outputs/tsrag/predictions/test/chronos2_max/Australia_Solar/H/long/run_0 launch_id=selena_3584841 slurm_job_id=3584841 launched_at=2026-09-27T14:54:58.385296+00:00
[2026-09-27 14:54:58 UTC] vanilla split=test method=chronos2_max dataset=Australia_Solar/H term=long L=8192 H=168
TIME run allocation action=new run=/fslarge/scratch/users/h61084/codes/tsrag_time/outputs/tsrag/predictions/validation/chronos2_max/epf_electricity_price/H/short/run_0 launch_id=selena_3584841 slurm_job_id=3584841 launched_at=2026-09-27T14:54:58.421177+00:00
[2026-09-27 14:54:58 UTC] vanilla split=validation method=chronos2_max dataset=epf_electricity_price/H term=short L=8192 H=24
TIME run allocation action=new run=/fslarge/scratch/users/h61084/codes/tsrag_time/outputs/tsrag/predictions/test/chronos2_max/epf_electricity_price/H/short/run_0 launch_id=selena_3584841 slurm_job_id=3584841 launched_at=2026-09-27T14:54:58.474544+00:00
[2026-09-27 14:54:58 UTC] vanilla split=test method=chronos2_max dataset=epf_electricity_price/H term=short L=8192 H=24
TIME run allocation action=new run=/fslarge/scratch/users/h61084/codes/tsrag_time/outputs/tsrag/predictions/validation/chronos2_max/epf_electricity_price/H/medium/run_0 launch_id=selena_3584841 slurm_job_id=3584841 launched_at=2026-09-27T14:54:58.522781+00:00
[2026-09-27 14:54:58 UTC] vanilla split=validation method=chronos2_max dataset=epf_electricity_price/H term=medium L=8192 H=72
TIME run allocation action=new run=/fslarge/scratch/users/h61084/codes/tsrag_time/outputs/tsrag/predictions/test/chronos2_max/epf_electricity_price/H/medium/run_0 launch_id=selena_3584841 slurm_job_id=3584841 launched_at=2026-09-27T14:54:58.568550+00:00
[2026-09-27 14:54:58 UTC] vanilla split=test method=chronos2_max dataset=epf_electricity_price/H term=medium L=8192 H=72
TIME run allocation action=new run=/fslarge/scratch/users/h61084/codes/tsrag_time/outputs/tsrag/predictions/validation/chronos2_max/epf_electricity_price/H/long/run_0 launch_id=selena_3584841 slurm_job_id=3584841 launched_at=2026-09-27T14:54:58.615338+00:00
[2026-09-27 14:54:58 UTC] vanilla split=validation method=chronos2_max dataset=epf_electricity_price/H term=long L=8192 H=168
TIME run allocation action=new run=/fslarge/scratch/users/h61084/codes/tsrag_time/outputs/tsrag/predictions/test/chronos2_max/epf_electricity_price/H/long/run_0 launch_id=selena_3584841 slurm_job_id=3584841 launched_at=2026-09-27T14:54:58.659750+00:00
[2026-09-27 14:54:58 UTC] vanilla split=test method=chronos2_max dataset=epf_electricity_price/H term=long L=8192 H=168
TIME run allocation action=new run=/fslarge/scratch/users/h61084/codes/tsrag_time/outputs/tsrag/predictions/validation/chronos2_max/OpenElectricity_NEM/5T/short/run_0 launch_id=selena_3584841 slurm_job_id=3584841 launched_at=2026-09-27T14:54:58.706396+00:00
[2026-09-27 14:54:58 UTC] vanilla split=validation method=chronos2_max dataset=OpenElectricity_NEM/5T term=short L=8192 H=24
TIME run allocation action=new run=/fslarge/scratch/users/h61084/codes/tsrag_time/outputs/tsrag/predictions/test/chronos2_max/OpenElectricity_NEM/5T/short/run_0 launch_id=selena_3584841 slurm_job_id=3584841 launched_at=2026-09-27T14:54:58.796166+00:00
[2026-09-27 14:54:58 UTC] vanilla split=test method=chronos2_max dataset=OpenElectricity_NEM/5T term=short L=8192 H=24
TIME run allocation action=new run=/fslarge/scratch/users/h61084/codes/tsrag_time/outputs/tsrag/predictions/validation/chronos2_max/OpenElectricity_NEM/5T/medium/run_0 launch_id=selena_3584841 slurm_job_id=3584841 launched_at=2026-09-27T14:54:58.872165+00:00
[2026-09-27 14:54:58 UTC] vanilla split=validation method=chronos2_max dataset=OpenElectricity_NEM/5T term=medium L=8192 H=96
TIME run allocation action=new run=/fslarge/scratch/users/h61084/codes/tsrag_time/outputs/tsrag/predictions/test/chronos2_max/OpenElectricity_NEM/5T/medium/run_0 launch_id=selena_3584841 slurm_job_id=3584841 launched_at=2026-09-27T14:54:58.940805+00:00
[2026-09-27 14:54:58 UTC] vanilla split=test method=chronos2_max dataset=OpenElectricity_NEM/5T term=medium L=8192 H=96
TIME run allocation action=new run=/fslarge/scratch/users/h61084/codes/tsrag_time/outputs/tsrag/predictions/validation/chronos2_max/OpenElectricity_NEM/5T/long/run_0 launch_id=selena_3584841 slurm_job_id=3584841 launched_at=2026-09-27T14:54:59.011389+00:00
[2026-09-27 14:54:59 UTC] vanilla split=validation method=chronos2_max dataset=OpenElectricity_NEM/5T term=long L=8192 H=288
TIME run allocation action=new run=/fslarge/scratch/users/h61084/codes/tsrag_time/outputs/tsrag/predictions/test/chronos2_max/OpenElectricity_NEM/5T/long/run_0 launch_id=selena_3584841 slurm_job_id=3584841 launched_at=2026-09-27T14:54:59.074753+00:00
[2026-09-27 14:54:59 UTC] vanilla split=test method=chronos2_max dataset=OpenElectricity_NEM/5T term=long L=8192 H=288
TIME run allocation action=new run=/fslarge/scratch/users/h61084/codes/tsrag_time/outputs/tsrag/predictions/validation/chronos2_max/EWELD_Load/15T/short/run_0 launch_id=selena_3584841 slurm_job_id=3584841 launched_at=2026-09-27T14:54:59.153894+00:00
[2026-09-27 14:54:59 UTC] vanilla split=validation method=chronos2_max dataset=EWELD_Load/15T term=short L=8192 H=24
TIME run allocation action=new run=/fslarge/scratch/users/h61084/codes/tsrag_time/outputs/tsrag/predictions/test/chronos2_max/EWELD_Load/15T/short/run_0 launch_id=selena_3584841 slurm_job_id=3584841 launched_at=2026-09-27T14:54:59.207088+00:00
[2026-09-27 14:54:59 UTC] vanilla split=test method=chronos2_max dataset=EWELD_Load/15T term=short L=8192 H=24
TIME run allocation action=new run=/fslarge/scratch/users/h61084/codes/tsrag_time/outputs/tsrag/predictions/validation/chronos2_max/EWELD_Load/15T/medium/run_0 launch_id=selena_3584841 slurm_job_id=3584841 launched_at=2026-09-27T14:54:59.252391+00:00
[2026-09-27 14:54:59 UTC] vanilla split=validation method=chronos2_max dataset=EWELD_Load/15T term=medium L=8192 H=96
TIME run allocation action=new run=/fslarge/scratch/users/h61084/codes/tsrag_time/outputs/tsrag/predictions/test/chronos2_max/EWELD_Load/15T/medium/run_0 launch_id=selena_3584841 slurm_job_id=3584841 launched_at=2026-09-27T14:54:59.294381+00:00
[2026-09-27 14:54:59 UTC] vanilla split=test method=chronos2_max dataset=EWELD_Load/15T term=medium L=8192 H=96
TIME run allocation action=new run=/fslarge/scratch/users/h61084/codes/tsrag_time/outputs/tsrag/predictions/validation/chronos2_max/EWELD_Load/15T/long/run_0 launch_id=selena_3584841 slurm_job_id=3584841 launched_at=2026-09-27T14:54:59.337838+00:00
[2026-09-27 14:54:59 UTC] vanilla split=validation method=chronos2_max dataset=EWELD_Load/15T term=long L=8192 H=672
TIME run allocation action=new run=/fslarge/scratch/users/h61084/codes/tsrag_time/outputs/tsrag/predictions/test/chronos2_max/EWELD_Load/15T/long/run_0 launch_id=selena_3584841 slurm_job_id=3584841 launched_at=2026-09-27T14:54:59.378484+00:00
[2026-09-27 14:54:59 UTC] vanilla split=test method=chronos2_max dataset=EWELD_Load/15T term=long L=8192 H=672
TIME run allocation action=new run=/fslarge/scratch/users/h61084/codes/tsrag_time/outputs/tsrag/predictions/validation/chronos2_max/SG_Carpark/15T/short/run_0 launch_id=selena_3584841 slurm_job_id=3584841 launched_at=2026-09-27T14:54:59.424017+00:00
[2026-09-27 14:54:59 UTC] vanilla split=validation method=chronos2_max dataset=SG_Carpark/15T term=short L=8192 H=16
TIME run allocation action=new run=/fslarge/scratch/users/h61084/codes/tsrag_time/outputs/tsrag/predictions/test/chronos2_max/SG_Carpark/15T/short/run_0 launch_id=selena_3584841 slurm_job_id=3584841 launched_at=2026-09-27T14:55:00.056141+00:00
[2026-09-27 14:55:00 UTC] vanilla split=test method=chronos2_max dataset=SG_Carpark/15T term=short L=8192 H=16
TIME run allocation action=new run=/fslarge/scratch/users/h61084/codes/tsrag_time/outputs/tsrag/predictions/validation/chronos2_max/SG_Carpark/15T/medium/run_0 launch_id=selena_3584841 slurm_job_id=3584841 launched_at=2026-09-27T14:55:00.549105+00:00
[2026-09-27 14:55:00 UTC] vanilla split=validation method=chronos2_max dataset=SG_Carpark/15T term=medium L=8192 H=96
TIME run allocation action=new run=/fslarge/scratch/users/h61084/codes/tsrag_time/outputs/tsrag/predictions/test/chronos2_max/SG_Carpark/15T/medium/run_0 launch_id=selena_3584841 slurm_job_id=3584841 launched_at=2026-09-27T14:55:00.985419+00:00
[2026-09-27 14:55:00 UTC] vanilla split=test method=chronos2_max dataset=SG_Carpark/15T term=medium L=8192 H=96
TIME run allocation action=new run=/fslarge/scratch/users/h61084/codes/tsrag_time/outputs/tsrag/predictions/validation/chronos2_max/SG_Carpark/15T/long/run_0 launch_id=selena_3584841 slurm_job_id=3584841 launched_at=2026-09-27T14:55:01.421880+00:00
[2026-09-27 14:55:01 UTC] vanilla split=validation method=chronos2_max dataset=SG_Carpark/15T term=long L=8192 H=672
TIME run allocation action=new run=/fslarge/scratch/users/h61084/codes/tsrag_time/outputs/tsrag/predictions/test/chronos2_max/SG_Carpark/15T/long/run_0 launch_id=selena_3584841 slurm_job_id=3584841 launched_at=2026-09-27T14:55:01.819016+00:00
[2026-09-27 14:55:01 UTC] vanilla split=test method=chronos2_max dataset=SG_Carpark/15T term=long L=8192 H=672
TIME run allocation action=new run=/fslarge/scratch/users/h61084/codes/tsrag_time/outputs/tsrag/predictions/validation/chronos2_max/Finland_Traffic/15T/short/run_0 launch_id=selena_3584841 slurm_job_id=3584841 launched_at=2026-09-27T14:55:02.250385+00:00
[2026-09-27 14:55:02 UTC] vanilla split=validation method=chronos2_max dataset=Finland_Traffic/15T term=short L=8192 H=16
TIME run allocation action=new run=/fslarge/scratch/users/h61084/codes/tsrag_time/outputs/tsrag/predictions/test/chronos2_max/Finland_Traffic/15T/short/run_0 launch_id=selena_3584841 slurm_job_id=3584841 launched_at=2026-09-27T14:55:02.288038+00:00
[2026-09-27 14:55:02 UTC] vanilla split=test method=chronos2_max dataset=Finland_Traffic/15T term=short L=8192 H=16
TIME run allocation action=new run=/fslarge/scratch/users/h61084/codes/tsrag_time/outputs/tsrag/predictions/validation/chronos2_max/Finland_Traffic/15T/medium/run_0 launch_id=selena_3584841 slurm_job_id=3584841 launched_at=2026-09-27T14:55:02.318773+00:00
[2026-09-27 14:55:02 UTC] vanilla split=validation method=chronos2_max dataset=Finland_Traffic/15T term=medium L=8192 H=96
TIME run allocation action=new run=/fslarge/scratch/users/h61084/codes/tsrag_time/outputs/tsrag/predictions/test/chronos2_max/Finland_Traffic/15T/medium/run_0 launch_id=selena_3584841 slurm_job_id=3584841 launched_at=2026-09-27T14:55:02.347010+00:00
[2026-09-27 14:55:02 UTC] vanilla split=test method=chronos2_max dataset=Finland_Traffic/15T term=medium L=8192 H=96
TIME run allocation action=new run=/fslarge/scratch/users/h61084/codes/tsrag_time/outputs/tsrag/predictions/validation/chronos2_max/Finland_Traffic/15T/long/run_0 launch_id=selena_3584841 slurm_job_id=3584841 launched_at=2026-09-27T14:55:02.376653+00:00
[2026-09-27 14:55:02 UTC] vanilla split=validation method=chronos2_max dataset=Finland_Traffic/15T term=long L=8192 H=672
TIME run allocation action=new run=/fslarge/scratch/users/h61084/codes/tsrag_time/outputs/tsrag/predictions/test/chronos2_max/Finland_Traffic/15T/long/run_0 launch_id=selena_3584841 slurm_job_id=3584841 launched_at=2026-09-27T14:55:02.430679+00:00
[2026-09-27 14:55:02 UTC] vanilla split=test method=chronos2_max dataset=Finland_Traffic/15T term=long L=8192 H=672
TIME run allocation action=new run=/fslarge/scratch/users/h61084/codes/tsrag_time/outputs/tsrag/predictions/validation/chronos2_max/Port_Activity/D/short/run_0 launch_id=selena_3584841 slurm_job_id=3584841 launched_at=2026-09-27T14:55:02.460286+00:00
[2026-09-27 14:55:02 UTC] vanilla split=validation method=chronos2_max dataset=Port_Activity/D term=short L=8192 H=30
TIME run allocation action=new run=/fslarge/scratch/users/h61084/codes/tsrag_time/outputs/tsrag/predictions/test/chronos2_max/Port_Activity/D/short/run_0 launch_id=selena_3584841 slurm_job_id=3584841 launched_at=2026-09-27T14:55:02.533319+00:00
[2026-09-27 14:55:02 UTC] vanilla split=test method=chronos2_max dataset=Port_Activity/D term=short L=8192 H=30
TIME run allocation action=new run=/fslarge/scratch/users/h61084/codes/tsrag_time/outputs/tsrag/predictions/validation/chronos2_max/Port_Activity/W/short/run_0 launch_id=selena_3584841 slurm_job_id=3584841 launched_at=2026-09-27T14:55:02.624214+00:00
[2026-09-27 14:55:02 UTC] vanilla split=validation method=chronos2_max dataset=Port_Activity/W term=short L=8192 H=13
TIME run allocation action=new run=/fslarge/scratch/users/h61084/codes/tsrag_time/outputs/tsrag/predictions/test/chronos2_max/Port_Activity/W/short/run_0 launch_id=selena_3584841 slurm_job_id=3584841 launched_at=2026-09-27T14:55:02.664853+00:00
[2026-09-27 14:55:02 UTC] vanilla split=test method=chronos2_max dataset=Port_Activity/W term=short L=8192 H=13
TIME run allocation action=new run=/fslarge/scratch/users/h61084/codes/tsrag_time/outputs/tsrag/predictions/validation/chronos2_max/ECDC_COVID/D/short/run_0 launch_id=selena_3584841 slurm_job_id=3584841 launched_at=2026-09-27T14:55:02.710182+00:00
[2026-09-27 14:55:02 UTC] vanilla split=validation method=chronos2_max dataset=ECDC_COVID/D term=short L=8192 H=30
TIME run allocation action=new run=/fslarge/scratch/users/h61084/codes/tsrag_time/outputs/tsrag/predictions/test/chronos2_max/ECDC_COVID/D/short/run_0 launch_id=selena_3584841 slurm_job_id=3584841 launched_at=2026-09-27T14:55:02.738419+00:00
[2026-09-27 14:55:02 UTC] vanilla split=test method=chronos2_max dataset=ECDC_COVID/D term=short L=8192 H=30
TIME run allocation action=new run=/fslarge/scratch/users/h61084/codes/tsrag_time/outputs/tsrag/predictions/validation/chronos2_max/ECDC_COVID/W/short/run_0 launch_id=selena_3584841 slurm_job_id=3584841 launched_at=2026-09-27T14:55:02.766977+00:00
[2026-09-27 14:55:02 UTC] vanilla split=validation method=chronos2_max dataset=ECDC_COVID/W term=short L=8192 H=13
TIME run allocation action=new run=/fslarge/scratch/users/h61084/codes/tsrag_time/outputs/tsrag/predictions/test/chronos2_max/ECDC_COVID/W/short/run_0 launch_id=selena_3584841 slurm_job_id=3584841 launched_at=2026-09-27T14:55:02.793942+00:00
[2026-09-27 14:55:02 UTC] vanilla split=test method=chronos2_max dataset=ECDC_COVID/W term=short L=8192 H=13
TIME run allocation action=new run=/fslarge/scratch/users/h61084/codes/tsrag_time/outputs/tsrag/predictions/validation/chronos2_max/Global_Influenza/W/short/run_0 launch_id=selena_3584841 slurm_job_id=3584841 launched_at=2026-09-27T14:55:02.821318+00:00
[2026-09-27 14:55:02 UTC] vanilla split=validation method=chronos2_max dataset=Global_Influenza/W term=short L=8192 H=13
TIME run allocation action=new run=/fslarge/scratch/users/h61084/codes/tsrag_time/outputs/tsrag/predictions/test/chronos2_max/Global_Influenza/W/short/run_0 launch_id=selena_3584841 slurm_job_id=3584841 launched_at=2026-09-27T14:55:02.850613+00:00
[2026-09-27 14:55:02 UTC] vanilla split=test method=chronos2_max dataset=Global_Influenza/W term=short L=8192 H=13
TIME run allocation action=new run=/fslarge/scratch/users/h61084/codes/tsrag_time/outputs/tsrag/predictions/validation/chronos2_max/Crypto/D/short/run_0 launch_id=selena_3584841 slurm_job_id=3584841 launched_at=2026-09-27T14:55:02.886222+00:00
[2026-09-27 14:55:02 UTC] vanilla split=validation method=chronos2_max dataset=Crypto/D term=short L=8192 H=30
TIME run allocation action=new run=/fslarge/scratch/users/h61084/codes/tsrag_time/outputs/tsrag/predictions/test/chronos2_max/Crypto/D/short/run_0 launch_id=selena_3584841 slurm_job_id=3584841 launched_at=2026-09-27T14:55:02.945047+00:00
[2026-09-27 14:55:02 UTC] vanilla split=test method=chronos2_max dataset=Crypto/D term=short L=8192 H=30
TIME run allocation action=new run=/fslarge/scratch/users/h61084/codes/tsrag_time/outputs/tsrag/predictions/validation/chronos2_max/US_Term_Structure/B/short/run_0 launch_id=selena_3584841 slurm_job_id=3584841 launched_at=2026-09-27T14:55:02.973244+00:00
[2026-09-27 14:55:02 UTC] vanilla split=validation method=chronos2_max dataset=US_Term_Structure/B term=short L=8192 H=20
TIME run allocation action=new run=/fslarge/scratch/users/h61084/codes/tsrag_time/outputs/tsrag/predictions/test/chronos2_max/US_Term_Structure/B/short/run_0 launch_id=selena_3584841 slurm_job_id=3584841 launched_at=2026-09-27T14:55:03.034225+00:00
[2026-09-27 14:55:03 UTC] vanilla split=test method=chronos2_max dataset=US_Term_Structure/B term=short L=8192 H=20
TIME run allocation action=new run=/fslarge/scratch/users/h61084/codes/tsrag_time/outputs/tsrag/predictions/validation/chronos2_max/Oil_Price/B/short/run_0 launch_id=selena_3584841 slurm_job_id=3584841 launched_at=2026-09-27T14:55:03.103680+00:00
[2026-09-27 14:55:03 UTC] vanilla split=validation method=chronos2_max dataset=Oil_Price/B term=short L=8192 H=20
TIME run allocation action=new run=/fslarge/scratch/users/h61084/codes/tsrag_time/outputs/tsrag/predictions/test/chronos2_max/Oil_Price/B/short/run_0 launch_id=selena_3584841 slurm_job_id=3584841 launched_at=2026-09-27T14:55:03.137369+00:00
[2026-09-27 14:55:03 UTC] vanilla split=test method=chronos2_max dataset=Oil_Price/B term=short L=8192 H=20
TIME run allocation action=new run=/fslarge/scratch/users/h61084/codes/tsrag_time/outputs/tsrag/predictions/validation/chronos2_max/Job_Claims/W/short/run_0 launch_id=selena_3584841 slurm_job_id=3584841 launched_at=2026-09-27T14:55:03.173006+00:00
[2026-09-27 14:55:03 UTC] vanilla split=validation method=chronos2_max dataset=Job_Claims/W term=short L=8192 H=13
TIME run allocation action=new run=/fslarge/scratch/users/h61084/codes/tsrag_time/outputs/tsrag/predictions/test/chronos2_max/Job_Claims/W/short/run_0 launch_id=selena_3584841 slurm_job_id=3584841 launched_at=2026-09-27T14:55:03.199536+00:00
[2026-09-27 14:55:03 UTC] vanilla split=test method=chronos2_max dataset=Job_Claims/W term=short L=8192 H=13
TIME run allocation action=new run=/fslarge/scratch/users/h61084/codes/tsrag_time/outputs/tsrag/predictions/validation/chronos2_max/Uncertainty_1M/M/short/run_0 launch_id=selena_3584841 slurm_job_id=3584841 launched_at=2026-09-27T14:55:03.225974+00:00
[2026-09-27 14:55:03 UTC] vanilla split=validation method=chronos2_max dataset=Uncertainty_1M/M term=short L=8192 H=6
TIME run allocation action=new run=/fslarge/scratch/users/h61084/codes/tsrag_time/outputs/tsrag/predictions/test/chronos2_max/Uncertainty_1M/M/short/run_0 launch_id=selena_3584841 slurm_job_id=3584841 launched_at=2026-09-27T14:55:03.251962+00:00
[2026-09-27 14:55:03 UTC] vanilla split=test method=chronos2_max dataset=Uncertainty_1M/M term=short L=8192 H=6
TIME run allocation action=new run=/fslarge/scratch/users/h61084/codes/tsrag_time/outputs/tsrag/predictions/validation/chronos2_max/Housing_Inventory/M/short/run_0 launch_id=selena_3584841 slurm_job_id=3584841 launched_at=2026-09-27T14:55:03.278123+00:00
[2026-09-27 14:55:03 UTC] vanilla split=validation method=chronos2_max dataset=Housing_Inventory/M term=short L=8192 H=12
TIME run allocation action=new run=/fslarge/scratch/users/h61084/codes/tsrag_time/outputs/tsrag/predictions/test/chronos2_max/Housing_Inventory/M/short/run_0 launch_id=selena_3584841 slurm_job_id=3584841 launched_at=2026-09-27T14:55:03.304581+00:00
[2026-09-27 14:55:03 UTC] vanilla split=test method=chronos2_max dataset=Housing_Inventory/M term=short L=8192 H=12
TIME run allocation action=new run=/fslarge/scratch/users/h61084/codes/tsrag_time/outputs/tsrag/predictions/validation/chronos2_max/JOLTS/M/short/run_0 launch_id=selena_3584841 slurm_job_id=3584841 launched_at=2026-09-27T14:55:03.331361+00:00
[2026-09-27 14:55:03 UTC] vanilla split=validation method=chronos2_max dataset=JOLTS/M term=short L=8192 H=12
TIME run allocation action=new run=/fslarge/scratch/users/h61084/codes/tsrag_time/outputs/tsrag/predictions/test/chronos2_max/JOLTS/M/short/run_0 launch_id=selena_3584841 slurm_job_id=3584841 launched_at=2026-09-27T14:55:03.358007+00:00
[2026-09-27 14:55:03 UTC] vanilla split=test method=chronos2_max dataset=JOLTS/M term=short L=8192 H=12
TIME run allocation action=new run=/fslarge/scratch/users/h61084/codes/tsrag_time/outputs/tsrag/predictions/validation/chronos2_max/US_Labor/M/short/run_0 launch_id=selena_3584841 slurm_job_id=3584841 launched_at=2026-09-27T14:55:03.384543+00:00
[2026-09-27 14:55:03 UTC] vanilla split=validation method=chronos2_max dataset=US_Labor/M term=short L=8192 H=12
TIME run allocation action=new run=/fslarge/scratch/users/h61084/codes/tsrag_time/outputs/tsrag/predictions/test/chronos2_max/US_Labor/M/short/run_0 launch_id=selena_3584841 slurm_job_id=3584841 launched_at=2026-09-27T14:55:03.411633+00:00
[2026-09-27 14:55:03 UTC] vanilla split=test method=chronos2_max dataset=US_Labor/M term=short L=8192 H=12
TIME run allocation action=new run=/fslarge/scratch/users/h61084/codes/tsrag_time/outputs/tsrag/predictions/validation/chronos2_max/Vehicle_Supply/M/short/run_0 launch_id=selena_3584841 slurm_job_id=3584841 launched_at=2026-09-27T14:55:03.439780+00:00
[2026-09-27 14:55:03 UTC] vanilla split=validation method=chronos2_max dataset=Vehicle_Supply/M term=short L=8192 H=12
TIME run allocation action=new run=/fslarge/scratch/users/h61084/codes/tsrag_time/outputs/tsrag/predictions/test/chronos2_max/Vehicle_Supply/M/short/run_0 launch_id=selena_3584841 slurm_job_id=3584841 launched_at=2026-09-27T14:55:03.466295+00:00
[2026-09-27 14:55:03 UTC] vanilla split=test method=chronos2_max dataset=Vehicle_Supply/M term=short L=8192 H=12
TIME run allocation action=new run=/fslarge/scratch/users/h61084/codes/tsrag_time/outputs/tsrag/predictions/validation/chronos2_max/Auto_Production_SF/M/short/run_0 launch_id=selena_3584841 slurm_job_id=3584841 launched_at=2026-09-27T14:55:03.492952+00:00
[2026-09-27 14:55:03 UTC] vanilla split=validation method=chronos2_max dataset=Auto_Production_SF/M term=short L=8192 H=12
TIME run allocation action=new run=/fslarge/scratch/users/h61084/codes/tsrag_time/outputs/tsrag/predictions/test/chronos2_max/Auto_Production_SF/M/short/run_0 launch_id=selena_3584841 slurm_job_id=3584841 launched_at=2026-09-27T14:55:03.518921+00:00
[2026-09-27 14:55:03 UTC] vanilla split=test method=chronos2_max dataset=Auto_Production_SF/M term=short L=8192 H=12
TIME run allocation action=new run=/fslarge/scratch/users/h61084/codes/tsrag_time/outputs/tsrag/predictions/validation/chronos2_max/Commodity_Production/M/short/run_0 launch_id=selena_3584841 slurm_job_id=3584841 launched_at=2026-09-27T14:55:03.545772+00:00
[2026-09-27 14:55:03 UTC] vanilla split=validation method=chronos2_max dataset=Commodity_Production/M term=short L=8192 H=12
TIME run allocation action=new run=/fslarge/scratch/users/h61084/codes/tsrag_time/outputs/tsrag/predictions/test/chronos2_max/Commodity_Production/M/short/run_0 launch_id=selena_3584841 slurm_job_id=3584841 launched_at=2026-09-27T14:55:03.575178+00:00
[2026-09-27 14:55:03 UTC] vanilla split=test method=chronos2_max dataset=Commodity_Production/M term=short L=8192 H=12
TIME run allocation action=new run=/fslarge/scratch/users/h61084/codes/tsrag_time/outputs/tsrag/predictions/validation/chronos2_max/Commodity_Import/M/short/run_0 launch_id=selena_3584841 slurm_job_id=3584841 launched_at=2026-09-27T14:55:03.605428+00:00
[2026-09-27 14:55:03 UTC] vanilla split=validation method=chronos2_max dataset=Commodity_Import/M term=short L=8192 H=12
TIME run allocation action=new run=/fslarge/scratch/users/h61084/codes/tsrag_time/outputs/tsrag/predictions/test/chronos2_max/Commodity_Import/M/short/run_0 launch_id=selena_3584841 slurm_job_id=3584841 launched_at=2026-09-27T14:55:03.633467+00:00
[2026-09-27 14:55:03 UTC] vanilla split=test method=chronos2_max dataset=Commodity_Import/M term=short L=8192 H=12
TIME run allocation action=new run=/fslarge/scratch/users/h61084/codes/tsrag_time/outputs/tsrag/predictions/validation/chronos2_max/WUI_Global/Q/short/run_0 launch_id=selena_3584841 slurm_job_id=3584841 launched_at=2026-09-27T14:55:03.663471+00:00
[2026-09-27 14:55:03 UTC] vanilla split=validation method=chronos2_max dataset=WUI_Global/Q term=short L=8192 H=4
TIME run allocation action=new run=/fslarge/scratch/users/h61084/codes/tsrag_time/outputs/tsrag/predictions/test/chronos2_max/WUI_Global/Q/short/run_0 launch_id=selena_3584841 slurm_job_id=3584841 launched_at=2026-09-27T14:55:03.690334+00:00
[2026-09-27 14:55:03 UTC] vanilla split=test method=chronos2_max dataset=WUI_Global/Q term=short L=8192 H=4
TIME run allocation action=new run=/fslarge/scratch/users/h61084/codes/tsrag_time/outputs/tsrag/predictions/validation/chronos2_max/Global_Price/Q/short/run_0 launch_id=selena_3584841 slurm_job_id=3584841 launched_at=2026-09-27T14:55:03.718078+00:00
[2026-09-27 14:55:03 UTC] vanilla split=validation method=chronos2_max dataset=Global_Price/Q term=short L=8192 H=4
TIME run allocation action=new run=/fslarge/scratch/users/h61084/codes/tsrag_time/outputs/tsrag/predictions/test/chronos2_max/Global_Price/Q/short/run_0 launch_id=selena_3584841 slurm_job_id=3584841 launched_at=2026-09-27T14:55:03.748707+00:00
[2026-09-27 14:55:03 UTC] vanilla split=test method=chronos2_max dataset=Global_Price/Q term=short L=8192 H=4
TIME run allocation action=new run=/fslarge/scratch/users/h61084/codes/tsrag_time/outputs/tsrag/predictions/validation/chronos2_max/Vehicle_Sales/M/short/run_0 launch_id=selena_3584841 slurm_job_id=3584841 launched_at=2026-09-27T14:55:03.778327+00:00
[2026-09-27 14:55:03 UTC] vanilla split=validation method=chronos2_max dataset=Vehicle_Sales/M term=short L=8192 H=12
TIME run allocation action=new run=/fslarge/scratch/users/h61084/codes/tsrag_time/outputs/tsrag/predictions/test/chronos2_max/Vehicle_Sales/M/short/run_0 launch_id=selena_3584841 slurm_job_id=3584841 launched_at=2026-09-27T14:55:03.805422+00:00
[2026-09-27 14:55:03 UTC] vanilla split=test method=chronos2_max dataset=Vehicle_Sales/M term=short L=8192 H=12
TIME run allocation action=new run=/fslarge/scratch/users/h61084/codes/tsrag_time/outputs/tsrag/predictions/validation/chronos2_max/Online_Retail_2_UCI/D/short/run_0 launch_id=selena_3584841 slurm_job_id=3584841 launched_at=2026-09-27T14:55:03.832977+00:00
[2026-09-27 14:55:03 UTC] vanilla split=validation method=chronos2_max dataset=Online_Retail_2_UCI/D term=short L=8192 H=30
TIME run allocation action=new run=/fslarge/scratch/users/h61084/codes/tsrag_time/outputs/tsrag/predictions/test/chronos2_max/Online_Retail_2_UCI/D/short/run_0 launch_id=selena_3584841 slurm_job_id=3584841 launched_at=2026-09-27T14:55:03.859623+00:00
[2026-09-27 14:55:03 UTC] vanilla split=test method=chronos2_max dataset=Online_Retail_2_UCI/D term=short L=8192 H=30
TIME run allocation action=new run=/fslarge/scratch/users/h61084/codes/tsrag_time/outputs/tsrag/predictions/validation/chronos2_max/Supply_Chain_Customer/D/short/run_0 launch_id=selena_3584841 slurm_job_id=3584841 launched_at=2026-09-27T14:55:03.886033+00:00
[2026-09-27 14:55:03 UTC] vanilla split=validation method=chronos2_max dataset=Supply_Chain_Customer/D term=short L=8192 H=30
TIME run allocation action=new run=/fslarge/scratch/users/h61084/codes/tsrag_time/outputs/tsrag/predictions/test/chronos2_max/Supply_Chain_Customer/D/short/run_0 launch_id=selena_3584841 slurm_job_id=3584841 launched_at=2026-09-27T14:55:03.919109+00:00
[2026-09-27 14:55:03 UTC] vanilla split=test method=chronos2_max dataset=Supply_Chain_Customer/D term=short L=8192 H=30
TIME run allocation action=new run=/fslarge/scratch/users/h61084/codes/tsrag_time/outputs/tsrag/predictions/validation/chronos2_max/Supply_Chain_Location/D/short/run_0 launch_id=selena_3584841 slurm_job_id=3584841 launched_at=2026-09-27T14:55:03.955947+00:00
[2026-09-27 14:55:03 UTC] vanilla split=validation method=chronos2_max dataset=Supply_Chain_Location/D term=short L=8192 H=30
TIME run allocation action=new run=/fslarge/scratch/users/h61084/codes/tsrag_time/outputs/tsrag/predictions/test/chronos2_max/Supply_Chain_Location/D/short/run_0 launch_id=selena_3584841 slurm_job_id=3584841 launched_at=2026-09-27T14:55:03.992363+00:00
[2026-09-27 14:55:03 UTC] vanilla split=test method=chronos2_max dataset=Supply_Chain_Location/D term=short L=8192 H=30
TIME run allocation action=new run=/fslarge/scratch/users/h61084/codes/tsrag_time/outputs/tsrag/predictions/validation/chronos2_max/azure2019_U/5T/short/run_0 launch_id=selena_3584841 slurm_job_id=3584841 launched_at=2026-09-27T14:55:04.033318+00:00
[2026-09-27 14:55:04 UTC] vanilla split=validation method=chronos2_max dataset=azure2019_U/5T term=short L=8192 H=48
TIME run allocation action=new run=/fslarge/scratch/users/h61084/codes/tsrag_time/outputs/tsrag/predictions/test/chronos2_max/azure2019_U/5T/short/run_0 launch_id=selena_3584841 slurm_job_id=3584841 launched_at=2026-09-27T14:55:04.098835+00:00
[2026-09-27 14:55:04 UTC] vanilla split=test method=chronos2_max dataset=azure2019_U/5T term=short L=8192 H=48
TIME run allocation action=new run=/fslarge/scratch/users/h61084/codes/tsrag_time/outputs/tsrag/predictions/validation/chronos2_max/Smart_Manufacturing/H/short/run_0 launch_id=selena_3584841 slurm_job_id=3584841 launched_at=2026-09-27T14:55:04.179566+00:00
[2026-09-27 14:55:04 UTC] vanilla split=validation method=chronos2_max dataset=Smart_Manufacturing/H term=short L=8192 H=24
TIME run allocation action=new run=/fslarge/scratch/users/h61084/codes/tsrag_time/outputs/tsrag/predictions/test/chronos2_max/Smart_Manufacturing/H/short/run_0 launch_id=selena_3584841 slurm_job_id=3584841 launched_at=2026-09-27T14:55:04.269802+00:00
[2026-09-27 14:55:04 UTC] vanilla split=test method=chronos2_max dataset=Smart_Manufacturing/H term=short L=8192 H=24
TIME run allocation action=new run=/fslarge/scratch/users/h61084/codes/tsrag_time/outputs/tsrag/predictions/validation/chronos2_max/Smart_Manufacturing/H/medium/run_0 launch_id=selena_3584841 slurm_job_id=3584841 launched_at=2026-09-27T14:55:04.345252+00:00
[2026-09-27 14:55:04 UTC] vanilla split=validation method=chronos2_max dataset=Smart_Manufacturing/H term=medium L=8192 H=168
TIME run allocation action=new run=/fslarge/scratch/users/h61084/codes/tsrag_time/outputs/tsrag/predictions/test/chronos2_max/Smart_Manufacturing/H/medium/run_0 launch_id=selena_3584841 slurm_job_id=3584841 launched_at=2026-09-27T14:55:04.405289+00:00
[2026-09-27 14:55:04 UTC] vanilla split=test method=chronos2_max dataset=Smart_Manufacturing/H term=medium L=8192 H=168
TIME run allocation action=new run=/fslarge/scratch/users/h61084/codes/tsrag_time/outputs/tsrag/predictions/validation/chronos2_max/Smart_Manufacturing/H/long/run_0 launch_id=selena_3584841 slurm_job_id=3584841 launched_at=2026-09-27T14:55:04.471094+00:00
[2026-09-27 14:55:04 UTC] vanilla split=validation method=chronos2_max dataset=Smart_Manufacturing/H term=long L=8192 H=336
TIME run allocation action=new run=/fslarge/scratch/users/h61084/codes/tsrag_time/outputs/tsrag/predictions/test/chronos2_max/Smart_Manufacturing/H/long/run_0 launch_id=selena_3584841 slurm_job_id=3584841 launched_at=2026-09-27T14:55:04.524831+00:00
[2026-09-27 14:55:04 UTC] vanilla split=test method=chronos2_max dataset=Smart_Manufacturing/H term=long L=8192 H=336
TIME run allocation action=new run=/fslarge/scratch/users/h61084/codes/tsrag_time/outputs/tsrag/predictions/validation/chronos2_max/MetroPT-3/5T/short/run_0 launch_id=selena_3584841 slurm_job_id=3584841 launched_at=2026-09-27T14:55:04.589706+00:00
[2026-09-27 14:55:04 UTC] vanilla split=validation method=chronos2_max dataset=MetroPT-3/5T term=short L=8192 H=48
TIME run allocation action=new run=/fslarge/scratch/users/h61084/codes/tsrag_time/outputs/tsrag/predictions/test/chronos2_max/MetroPT-3/5T/short/run_0 launch_id=selena_3584841 slurm_job_id=3584841 launched_at=2026-09-27T14:55:04.628702+00:00
[2026-09-27 14:55:04 UTC] vanilla split=test method=chronos2_max dataset=MetroPT-3/5T term=short L=8192 H=48
TIME run allocation action=new run=/fslarge/scratch/users/h61084/codes/tsrag_time/outputs/tsrag/predictions/validation/chronos2_max/MetroPT-3/5T/medium/run_0 launch_id=selena_3584841 slurm_job_id=3584841 launched_at=2026-09-27T14:55:04.665487+00:00
[2026-09-27 14:55:04 UTC] vanilla split=validation method=chronos2_max dataset=MetroPT-3/5T term=medium L=8192 H=288
TIME run allocation action=new run=/fslarge/scratch/users/h61084/codes/tsrag_time/outputs/tsrag/predictions/test/chronos2_max/MetroPT-3/5T/medium/run_0 launch_id=selena_3584841 slurm_job_id=3584841 launched_at=2026-09-27T14:55:04.699325+00:00
[2026-09-27 14:55:04 UTC] vanilla split=test method=chronos2_max dataset=MetroPT-3/5T term=medium L=8192 H=288
TIME run allocation action=new run=/fslarge/scratch/users/h61084/codes/tsrag_time/outputs/tsrag/predictions/validation/chronos2_max/MetroPT-3/5T/long/run_0 launch_id=selena_3584841 slurm_job_id=3584841 launched_at=2026-09-27T14:55:04.735084+00:00
[2026-09-27 14:55:04 UTC] vanilla split=validation method=chronos2_max dataset=MetroPT-3/5T term=long L=8192 H=576
TIME run allocation action=new run=/fslarge/scratch/users/h61084/codes/tsrag_time/outputs/tsrag/predictions/test/chronos2_max/MetroPT-3/5T/long/run_0 launch_id=selena_3584841 slurm_job_id=3584841 launched_at=2026-09-27T14:55:04.768035+00:00
[2026-09-27 14:55:04 UTC] vanilla split=test method=chronos2_max dataset=MetroPT-3/5T term=long L=8192 H=576

[2026-09-27 14:55:12 UTC] stage=extract
[2026-09-27 16:55:13,634][datasets][INFO] - PyTorch version 2.9.1 available.
[2026-09-27 14:55:15 UTC] resources selected_device {"component": "tsrag_time", "device": "cuda", "stage": "extract"}
[2026-09-27 14:55:15 UTC] stage=extract tasks=90 seed=0 device=cuda Slurm=3584841
TIME run allocation action=new run=/fslarge/scratch/users/h61084/codes/tsrag_time/outputs/tsrag/extractions/validation/instance_l2/Water_Quality_Darwin/15T/short/run_0 launch_id=selena_3584841 slurm_job_id=3584841 launched_at=2026-09-27T14:55:17.421111+00:00
TIME run allocation action=new run=/fslarge/scratch/users/h61084/codes/tsrag_time/outputs/tsrag/extractions/validation/t5/Water_Quality_Darwin/15T/short/run_0 launch_id=selena_3584841 slurm_job_id=3584841 launched_at=2026-09-27T14:55:26.758274+00:00
TIME run allocation action=new run=/fslarge/scratch/users/h61084/codes/tsrag_time/outputs/tsrag/extractions/test/instance_l2/Water_Quality_Darwin/15T/short/run_0 launch_id=selena_3584841 slurm_job_id=3584841 launched_at=2026-09-27T15:13:33.073279+00:00
TIME run allocation action=new run=/fslarge/scratch/users/h61084/codes/tsrag_time/outputs/tsrag/extractions/test/t5/Water_Quality_Darwin/15T/short/run_0 launch_id=selena_3584841 slurm_job_id=3584841 launched_at=2026-09-27T15:13:43.339386+00:00
TIME run allocation action=new run=/fslarge/scratch/users/h61084/codes/tsrag_time/outputs/tsrag/extractions/validation/instance_l2/Water_Quality_Darwin/15T/medium/run_0 launch_id=selena_3584841 slurm_job_id=3584841 launched_at=2026-09-27T15:31:59.905607+00:00
TIME run allocation action=new run=/fslarge/scratch/users/h61084/codes/tsrag_time/outputs/tsrag/extractions/validation/t5/Water_Quality_Darwin/15T/medium/run_0 launch_id=selena_3584841 slurm_job_id=3584841 launched_at=2026-09-27T15:32:09.932100+00:00
TIME run allocation action=new run=/fslarge/scratch/users/h61084/codes/tsrag_time/outputs/tsrag/extractions/test/instance_l2/Water_Quality_Darwin/15T/medium/run_0 launch_id=selena_3584841 slurm_job_id=3584841 launched_at=2026-09-27T15:50:04.064796+00:00
TIME run allocation action=new run=/fslarge/scratch/users/h61084/codes/tsrag_time/outputs/tsrag/extractions/test/t5/Water_Quality_Darwin/15T/medium/run_0 launch_id=selena_3584841 slurm_job_id=3584841 launched_at=2026-09-27T15:50:13.757452+00:00
TIME run allocation action=new run=/fslarge/scratch/users/h61084/codes/tsrag_time/outputs/tsrag/extractions/validation/instance_l2/Water_Quality_Darwin/15T/long/run_0 launch_id=selena_3584841 slurm_job_id=3584841 launched_at=2026-09-27T16:08:23.260400+00:00
TIME run allocation action=new run=/fslarge/scratch/users/h61084/codes/tsrag_time/outputs/tsrag/extractions/validation/t5/Water_Quality_Darwin/15T/long/run_0 launch_id=selena_3584841 slurm_job_id=3584841 launched_at=2026-09-27T16:08:32.710917+00:00
TIME run allocation action=new run=/fslarge/scratch/users/h61084/codes/tsrag_time/outputs/tsrag/extractions/test/instance_l2/Water_Quality_Darwin/15T/long/run_0 launch_id=selena_3584841 slurm_job_id=3584841 launched_at=2026-09-27T16:26:23.901713+00:00
TIME run allocation action=new run=/fslarge/scratch/users/h61084/codes/tsrag_time/outputs/tsrag/extractions/test/t5/Water_Quality_Darwin/15T/long/run_0 launch_id=selena_3584841 slurm_job_id=3584841 launched_at=2026-09-27T16:26:33.514085+00:00
TIME run allocation action=new run=/fslarge/scratch/users/h61084/codes/tsrag_time/outputs/tsrag/extractions/validation/instance_l2/current_velocity/5T/short/run_0 launch_id=selena_3584841 slurm_job_id=3584841 launched_at=2026-09-27T16:44:40.836913+00:00
TIME run allocation action=new run=/fslarge/scratch/users/h61084/codes/tsrag_time/outputs/tsrag/extractions/validation/t5/current_velocity/5T/short/run_0 launch_id=selena_3584841 slurm_job_id=3584841 launched_at=2026-09-27T16:44:42.995805+00:00
TIME run allocation action=new run=/fslarge/scratch/users/h61084/codes/tsrag_time/outputs/tsrag/extractions/test/instance_l2/current_velocity/5T/short/run_0 launch_id=selena_3584841 slurm_job_id=3584841 launched_at=2026-09-27T16:48:33.216507+00:00
TIME run allocation action=new run=/fslarge/scratch/users/h61084/codes/tsrag_time/outputs/tsrag/extractions/test/t5/current_velocity/5T/short/run_0 launch_id=selena_3584841 slurm_job_id=3584841 launched_at=2026-09-27T16:48:35.731726+00:00
TIME run allocation action=new run=/fslarge/scratch/users/h61084/codes/tsrag_time/outputs/tsrag/extractions/validation/instance_l2/current_velocity/5T/medium/run_0 launch_id=selena_3584841 slurm_job_id=3584841 launched_at=2026-09-27T16:53:12.565500+00:00
TIME run allocation action=new run=/fslarge/scratch/users/h61084/codes/tsrag_time/outputs/tsrag/extractions/validation/t5/current_velocity/5T/medium/run_0 launch_id=selena_3584841 slurm_job_id=3584841 launched_at=2026-09-27T16:53:14.659460+00:00
TIME run allocation action=new run=/fslarge/scratch/users/h61084/codes/tsrag_time/outputs/tsrag/extractions/test/instance_l2/current_velocity/5T/medium/run_0 launch_id=selena_3584841 slurm_job_id=3584841 launched_at=2026-09-27T16:57:01.451675+00:00
TIME run allocation action=new run=/fslarge/scratch/users/h61084/codes/tsrag_time/outputs/tsrag/extractions/test/t5/current_velocity/5T/medium/run_0 launch_id=selena_3584841 slurm_job_id=3584841 launched_at=2026-09-27T16:57:03.939562+00:00
TIME run allocation action=new run=/fslarge/scratch/users/h61084/codes/tsrag_time/outputs/tsrag/extractions/validation/instance_l2/current_velocity/5T/long/run_0 launch_id=selena_3584841 slurm_job_id=3584841 launched_at=2026-09-27T17:01:36.355998+00:00
TIME run allocation action=new run=/fslarge/scratch/users/h61084/codes/tsrag_time/outputs/tsrag/extractions/validation/t5/current_velocity/5T/long/run_0 launch_id=selena_3584841 slurm_job_id=3584841 launched_at=2026-09-27T17:01:38.456858+00:00
TIME run allocation action=new run=/fslarge/scratch/users/h61084/codes/tsrag_time/outputs/tsrag/extractions/test/instance_l2/current_velocity/5T/long/run_0 launch_id=selena_3584841 slurm_job_id=3584841 launched_at=2026-09-27T17:05:18.709854+00:00
TIME run allocation action=new run=/fslarge/scratch/users/h61084/codes/tsrag_time/outputs/tsrag/extractions/test/t5/current_velocity/5T/long/run_0 launch_id=selena_3584841 slurm_job_id=3584841 launched_at=2026-09-27T17:05:21.171382+00:00
TIME run allocation action=new run=/fslarge/scratch/users/h61084/codes/tsrag_time/outputs/tsrag/extractions/validation/instance_l2/current_velocity/10T/short/run_0 launch_id=selena_3584841 slurm_job_id=3584841 launched_at=2026-09-27T17:09:47.844912+00:00
TIME run allocation action=new run=/fslarge/scratch/users/h61084/codes/tsrag_time/outputs/tsrag/extractions/validation/t5/current_velocity/10T/short/run_0 launch_id=selena_3584841 slurm_job_id=3584841 launched_at=2026-09-27T17:10:06.344887+00:00
TIME run allocation action=new run=/fslarge/scratch/users/h61084/codes/tsrag_time/outputs/tsrag/extractions/test/instance_l2/current_velocity/10T/short/run_0 launch_id=selena_3584841 slurm_job_id=3584841 launched_at=2026-09-27T17:45:34.625892+00:00
TIME run allocation action=new run=/fslarge/scratch/users/h61084/codes/tsrag_time/outputs/tsrag/extractions/test/t5/current_velocity/10T/short/run_0 launch_id=selena_3584841 slurm_job_id=3584841 launched_at=2026-09-27T17:45:53.854948+00:00
TIME run allocation action=new run=/fslarge/scratch/users/h61084/codes/tsrag_time/outputs/tsrag/extractions/validation/instance_l2/current_velocity/10T/medium/run_0 launch_id=selena_3584841 slurm_job_id=3584841 launched_at=2026-09-27T18:21:45.815715+00:00
TIME run allocation action=new run=/fslarge/scratch/users/h61084/codes/tsrag_time/outputs/tsrag/extractions/validation/t5/current_velocity/10T/medium/run_0 launch_id=selena_3584841 slurm_job_id=3584841 launched_at=2026-09-27T18:22:04.637813+00:00
TIME run allocation action=new run=/fslarge/scratch/users/h61084/codes/tsrag_time/outputs/tsrag/extractions/test/instance_l2/current_velocity/10T/medium/run_0 launch_id=selena_3584841 slurm_job_id=3584841 launched_at=2026-09-27T18:57:20.215210+00:00
TIME run allocation action=new run=/fslarge/scratch/users/h61084/codes/tsrag_time/outputs/tsrag/extractions/test/t5/current_velocity/10T/medium/run_0 launch_id=selena_3584841 slurm_job_id=3584841 launched_at=2026-09-27T18:57:38.671991+00:00
TIME run allocation action=new run=/fslarge/scratch/users/h61084/codes/tsrag_time/outputs/tsrag/extractions/validation/instance_l2/current_velocity/10T/long/run_0 launch_id=selena_3584841 slurm_job_id=3584841 launched_at=2026-09-27T19:33:17.371889+00:00
TIME run allocation action=new run=/fslarge/scratch/users/h61084/codes/tsrag_time/outputs/tsrag/extractions/validation/t5/current_velocity/10T/long/run_0 launch_id=selena_3584841 slurm_job_id=3584841 launched_at=2026-09-27T19:33:35.757374+00:00
TIME run allocation action=new run=/fslarge/scratch/users/h61084/codes/tsrag_time/outputs/tsrag/extractions/test/instance_l2/current_velocity/10T/long/run_0 launch_id=selena_3584841 slurm_job_id=3584841 launched_at=2026-09-27T20:08:47.009316+00:00
TIME run allocation action=new run=/fslarge/scratch/users/h61084/codes/tsrag_time/outputs/tsrag/extractions/test/t5/current_velocity/10T/long/run_0 launch_id=selena_3584841 slurm_job_id=3584841 launched_at=2026-09-27T20:09:05.361822+00:00
TIME run allocation action=new run=/fslarge/scratch/users/h61084/codes/tsrag_time/outputs/tsrag/extractions/validation/instance_l2/current_velocity/15T/short/run_0 launch_id=selena_3584841 slurm_job_id=3584841 launched_at=2026-09-27T20:44:40.481465+00:00
TIME run allocation action=new run=/fslarge/scratch/users/h61084/codes/tsrag_time/outputs/tsrag/extractions/validation/t5/current_velocity/15T/short/run_0 launch_id=selena_3584841 slurm_job_id=3584841 launched_at=2026-09-27T20:44:44.217979+00:00
TIME run allocation action=new run=/fslarge/scratch/users/h61084/codes/tsrag_time/outputs/tsrag/extractions/test/instance_l2/current_velocity/15T/short/run_0 launch_id=selena_3584841 slurm_job_id=3584841 launched_at=2026-09-27T20:51:34.923029+00:00
TIME run allocation action=new run=/fslarge/scratch/users/h61084/codes/tsrag_time/outputs/tsrag/extractions/test/t5/current_velocity/15T/short/run_0 launch_id=selena_3584841 slurm_job_id=3584841 launched_at=2026-09-27T20:51:38.852030+00:00
TIME run allocation action=new run=/fslarge/scratch/users/h61084/codes/tsrag_time/outputs/tsrag/extractions/validation/instance_l2/current_velocity/15T/medium/run_0 launch_id=selena_3584841 slurm_job_id=3584841 launched_at=2026-09-27T20:58:44.665681+00:00
TIME run allocation action=new run=/fslarge/scratch/users/h61084/codes/tsrag_time/outputs/tsrag/extractions/validation/t5/current_velocity/15T/medium/run_0 launch_id=selena_3584841 slurm_job_id=3584841 launched_at=2026-09-27T20:58:48.332543+00:00
TIME run allocation action=new run=/fslarge/scratch/users/h61084/codes/tsrag_time/outputs/tsrag/extractions/test/instance_l2/current_velocity/15T/medium/run_0 launch_id=selena_3584841 slurm_job_id=3584841 launched_at=2026-09-27T21:05:32.363532+00:00
TIME run allocation action=new run=/fslarge/scratch/users/h61084/codes/tsrag_time/outputs/tsrag/extractions/test/t5/current_velocity/15T/medium/run_0 launch_id=selena_3584841 slurm_job_id=3584841 launched_at=2026-09-27T21:05:36.250184+00:00
TIME run allocation action=new run=/fslarge/scratch/users/h61084/codes/tsrag_time/outputs/tsrag/extractions/validation/instance_l2/current_velocity/15T/long/run_0 launch_id=selena_3584841 slurm_job_id=3584841 launched_at=2026-09-27T21:12:35.912678+00:00
TIME run allocation action=new run=/fslarge/scratch/users/h61084/codes/tsrag_time/outputs/tsrag/extractions/validation/t5/current_velocity/15T/long/run_0 launch_id=selena_3584841 slurm_job_id=3584841 launched_at=2026-09-27T21:12:39.657970+00:00
TIME run allocation action=new run=/fslarge/scratch/users/h61084/codes/tsrag_time/outputs/tsrag/extractions/test/instance_l2/current_velocity/15T/long/run_0 launch_id=selena_3584841 slurm_job_id=3584841 launched_at=2026-09-27T21:19:21.294021+00:00
TIME run allocation action=new run=/fslarge/scratch/users/h61084/codes/tsrag_time/outputs/tsrag/extractions/test/t5/current_velocity/15T/long/run_0 launch_id=selena_3584841 slurm_job_id=3584841 launched_at=2026-09-27T21:19:25.121427+00:00
TIME run allocation action=new run=/fslarge/scratch/users/h61084/codes/tsrag_time/outputs/tsrag/extractions/validation/instance_l2/current_velocity/H/short/run_0 launch_id=selena_3584841 slurm_job_id=3584841 launched_at=2026-09-27T21:26:22.057390+00:00
TIME run allocation action=new run=/fslarge/scratch/users/h61084/codes/tsrag_time/outputs/tsrag/extractions/validation/t5/current_velocity/H/short/run_0 launch_id=selena_3584841 slurm_job_id=3584841 launched_at=2026-09-27T21:26:27.875268+00:00
TIME run allocation action=new run=/fslarge/scratch/users/h61084/codes/tsrag_time/outputs/tsrag/extractions/test/instance_l2/current_velocity/H/short/run_0 launch_id=selena_3584841 slurm_job_id=3584841 launched_at=2026-09-27T21:37:18.683212+00:00
TIME run allocation action=new run=/fslarge/scratch/users/h61084/codes/tsrag_time/outputs/tsrag/extractions/test/t5/current_velocity/H/short/run_0 launch_id=selena_3584841 slurm_job_id=3584841 launched_at=2026-09-27T21:37:24.534051+00:00
TIME run allocation action=new run=/fslarge/scratch/users/h61084/codes/tsrag_time/outputs/tsrag/extractions/validation/instance_l2/current_velocity/H/medium/run_0 launch_id=selena_3584841 slurm_job_id=3584841 launched_at=2026-09-27T21:48:22.582570+00:00
TIME run allocation action=new run=/fslarge/scratch/users/h61084/codes/tsrag_time/outputs/tsrag/extractions/validation/t5/current_velocity/H/medium/run_0 launch_id=selena_3584841 slurm_job_id=3584841 launched_at=2026-09-27T21:48:28.417192+00:00
TIME run allocation action=new run=/fslarge/scratch/users/h61084/codes/tsrag_time/outputs/tsrag/extractions/test/instance_l2/current_velocity/H/medium/run_0 launch_id=selena_3584841 slurm_job_id=3584841 launched_at=2026-09-27T21:59:12.013146+00:00
TIME run allocation action=new run=/fslarge/scratch/users/h61084/codes/tsrag_time/outputs/tsrag/extractions/test/t5/current_velocity/H/medium/run_0 launch_id=selena_3584841 slurm_job_id=3584841 launched_at=2026-09-27T21:59:17.810046+00:00
TIME run allocation action=new run=/fslarge/scratch/users/h61084/codes/tsrag_time/outputs/tsrag/extractions/validation/instance_l2/current_velocity/H/long/run_0 launch_id=selena_3584841 slurm_job_id=3584841 launched_at=2026-09-27T22:10:08.804097+00:00
TIME run allocation action=new run=/fslarge/scratch/users/h61084/codes/tsrag_time/outputs/tsrag/extractions/validation/t5/current_velocity/H/long/run_0 launch_id=selena_3584841 slurm_job_id=3584841 launched_at=2026-09-27T22:10:14.535260+00:00
TIME run allocation action=new run=/fslarge/scratch/users/h61084/codes/tsrag_time/outputs/tsrag/extractions/test/instance_l2/current_velocity/H/long/run_0 launch_id=selena_3584841 slurm_job_id=3584841 launched_at=2026-09-27T22:20:56.770333+00:00
TIME run allocation action=new run=/fslarge/scratch/users/h61084/codes/tsrag_time/outputs/tsrag/extractions/test/t5/current_velocity/H/long/run_0 launch_id=selena_3584841 slurm_job_id=3584841 launched_at=2026-09-27T22:21:02.486955+00:00
TIME run allocation action=new run=/fslarge/scratch/users/h61084/codes/tsrag_time/outputs/tsrag/extractions/validation/instance_l2/CPHL/15T/short/run_0 launch_id=selena_3584841 slurm_job_id=3584841 launched_at=2026-09-27T22:31:51.777143+00:00
TIME run allocation action=new run=/fslarge/scratch/users/h61084/codes/tsrag_time/outputs/tsrag/extractions/validation/t5/CPHL/15T/short/run_0 launch_id=selena_3584841 slurm_job_id=3584841 launched_at=2026-09-27T22:31:52.139263+00:00
TIME run allocation action=new run=/fslarge/scratch/users/h61084/codes/tsrag_time/outputs/tsrag/extractions/test/instance_l2/CPHL/15T/short/run_0 launch_id=selena_3584841 slurm_job_id=3584841 launched_at=2026-09-27T22:32:27.361842+00:00
TIME run allocation action=new run=/fslarge/scratch/users/h61084/codes/tsrag_time/outputs/tsrag/extractions/test/t5/CPHL/15T/short/run_0 launch_id=selena_3584841 slurm_job_id=3584841 launched_at=2026-09-27T22:32:27.748318+00:00
TIME run allocation action=new run=/fslarge/scratch/users/h61084/codes/tsrag_time/outputs/tsrag/extractions/validation/instance_l2/CPHL/15T/medium/run_0 launch_id=selena_3584841 slurm_job_id=3584841 launched_at=2026-09-27T22:33:05.662713+00:00
TIME run allocation action=new run=/fslarge/scratch/users/h61084/codes/tsrag_time/outputs/tsrag/extractions/validation/t5/CPHL/15T/medium/run_0 launch_id=selena_3584841 slurm_job_id=3584841 launched_at=2026-09-27T22:33:06.098496+00:00
TIME run allocation action=new run=/fslarge/scratch/users/h61084/codes/tsrag_time/outputs/tsrag/extractions/test/instance_l2/CPHL/15T/medium/run_0 launch_id=selena_3584841 slurm_job_id=3584841 launched_at=2026-09-27T22:33:40.738022+00:00
TIME run allocation action=new run=/fslarge/scratch/users/h61084/codes/tsrag_time/outputs/tsrag/extractions/test/t5/CPHL/15T/medium/run_0 launch_id=selena_3584841 slurm_job_id=3584841 launched_at=2026-09-27T22:33:41.113653+00:00
TIME run allocation action=new run=/fslarge/scratch/users/h61084/codes/tsrag_time/outputs/tsrag/extractions/validation/instance_l2/CPHL/15T/long/run_0 launch_id=selena_3584841 slurm_job_id=3584841 launched_at=2026-09-27T22:34:18.504221+00:00
TIME run allocation action=new run=/fslarge/scratch/users/h61084/codes/tsrag_time/outputs/tsrag/extractions/validation/t5/CPHL/15T/long/run_0 launch_id=selena_3584841 slurm_job_id=3584841 launched_at=2026-09-27T22:34:18.900445+00:00
TIME run allocation action=new run=/fslarge/scratch/users/h61084/codes/tsrag_time/outputs/tsrag/extractions/test/instance_l2/CPHL/15T/long/run_0 launch_id=selena_3584841 slurm_job_id=3584841 launched_at=2026-09-27T22:34:53.153929+00:00
TIME run allocation action=new run=/fslarge/scratch/users/h61084/codes/tsrag_time/outputs/tsrag/extractions/test/t5/CPHL/15T/long/run_0 launch_id=selena_3584841 slurm_job_id=3584841 launched_at=2026-09-27T22:34:53.530864+00:00
TIME run allocation action=new run=/fslarge/scratch/users/h61084/codes/tsrag_time/outputs/tsrag/extractions/validation/instance_l2/CPHL/30T/short/run_0 launch_id=selena_3584841 slurm_job_id=3584841 launched_at=2026-09-27T22:35:30.498685+00:00
TIME run allocation action=new run=/fslarge/scratch/users/h61084/codes/tsrag_time/outputs/tsrag/extractions/validation/t5/CPHL/30T/short/run_0 launch_id=selena_3584841 slurm_job_id=3584841 launched_at=2026-09-27T22:35:31.072386+00:00
TIME run allocation action=new run=/fslarge/scratch/users/h61084/codes/tsrag_time/outputs/tsrag/extractions/test/instance_l2/CPHL/30T/short/run_0 launch_id=selena_3584841 slurm_job_id=3584841 launched_at=2026-09-27T22:36:20.122016+00:00
TIME run allocation action=new run=/fslarge/scratch/users/h61084/codes/tsrag_time/outputs/tsrag/extractions/test/t5/CPHL/30T/short/run_0 launch_id=selena_3584841 slurm_job_id=3584841 launched_at=2026-09-27T22:36:20.707384+00:00
TIME run allocation action=new run=/fslarge/scratch/users/h61084/codes/tsrag_time/outputs/tsrag/extractions/validation/instance_l2/CPHL/30T/medium/run_0 launch_id=selena_3584841 slurm_job_id=3584841 launched_at=2026-09-27T22:37:15.249732+00:00
TIME run allocation action=new run=/fslarge/scratch/users/h61084/codes/tsrag_time/outputs/tsrag/extractions/validation/t5/CPHL/30T/medium/run_0 launch_id=selena_3584841 slurm_job_id=3584841 launched_at=2026-09-27T22:37:15.816004+00:00
TIME run allocation action=new run=/fslarge/scratch/users/h61084/codes/tsrag_time/outputs/tsrag/extractions/test/instance_l2/CPHL/30T/medium/run_0 launch_id=selena_3584841 slurm_job_id=3584841 launched_at=2026-09-27T22:38:04.534432+00:00
TIME run allocation action=new run=/fslarge/scratch/users/h61084/codes/tsrag_time/outputs/tsrag/extractions/test/t5/CPHL/30T/medium/run_0 launch_id=selena_3584841 slurm_job_id=3584841 launched_at=2026-09-27T22:38:05.158363+00:00
TIME run allocation action=new run=/fslarge/scratch/users/h61084/codes/tsrag_time/outputs/tsrag/extractions/validation/instance_l2/CPHL/30T/long/run_0 launch_id=selena_3584841 slurm_job_id=3584841 launched_at=2026-09-27T22:38:59.256891+00:00
TIME run allocation action=new run=/fslarge/scratch/users/h61084/codes/tsrag_time/outputs/tsrag/extractions/validation/t5/CPHL/30T/long/run_0 launch_id=selena_3584841 slurm_job_id=3584841 launched_at=2026-09-27T22:38:59.820577+00:00
TIME run allocation action=new run=/fslarge/scratch/users/h61084/codes/tsrag_time/outputs/tsrag/extractions/test/instance_l2/CPHL/30T/long/run_0 launch_id=selena_3584841 slurm_job_id=3584841 launched_at=2026-09-27T22:39:47.952092+00:00
TIME run allocation action=new run=/fslarge/scratch/users/h61084/codes/tsrag_time/outputs/tsrag/extractions/test/t5/CPHL/30T/long/run_0 launch_id=selena_3584841 slurm_job_id=3584841 launched_at=2026-09-27T22:39:48.525770+00:00
TIME run allocation action=new run=/fslarge/scratch/users/h61084/codes/tsrag_time/outputs/tsrag/extractions/validation/instance_l2/CPHL/H/short/run_0 launch_id=selena_3584841 slurm_job_id=3584841 launched_at=2026-09-27T22:40:42.085150+00:00
TIME run allocation action=new run=/fslarge/scratch/users/h61084/codes/tsrag_time/outputs/tsrag/extractions/validation/t5/CPHL/H/short/run_0 launch_id=selena_3584841 slurm_job_id=3584841 launched_at=2026-09-27T22:40:42.487469+00:00
TIME run allocation action=new run=/fslarge/scratch/users/h61084/codes/tsrag_time/outputs/tsrag/extractions/test/instance_l2/CPHL/H/short/run_0 launch_id=selena_3584841 slurm_job_id=3584841 launched_at=2026-09-27T22:41:12.206072+00:00
TIME run allocation action=new run=/fslarge/scratch/users/h61084/codes/tsrag_time/outputs/tsrag/extractions/test/t5/CPHL/H/short/run_0 launch_id=selena_3584841 slurm_job_id=3584841 launched_at=2026-09-27T22:41:12.599394+00:00
TIME run allocation action=new run=/fslarge/scratch/users/h61084/codes/tsrag_time/outputs/tsrag/extractions/validation/instance_l2/CPHL/H/medium/run_0 launch_id=selena_3584841 slurm_job_id=3584841 launched_at=2026-09-27T22:41:44.837093+00:00
TIME run allocation action=new run=/fslarge/scratch/users/h61084/codes/tsrag_time/outputs/tsrag/extractions/validation/t5/CPHL/H/medium/run_0 launch_id=selena_3584841 slurm_job_id=3584841 launched_at=2026-09-27T22:41:45.064167+00:00
TIME run allocation action=new run=/fslarge/scratch/users/h61084/codes/tsrag_time/outputs/tsrag/extractions/test/instance_l2/CPHL/H/medium/run_0 launch_id=selena_3584841 slurm_job_id=3584841 launched_at=2026-09-27T22:42:13.904363+00:00
TIME run allocation action=new run=/fslarge/scratch/users/h61084/codes/tsrag_time/outputs/tsrag/extractions/test/t5/CPHL/H/medium/run_0 launch_id=selena_3584841 slurm_job_id=3584841 launched_at=2026-09-27T22:42:14.272967+00:00
TIME run allocation action=new run=/fslarge/scratch/users/h61084/codes/tsrag_time/outputs/tsrag/extractions/validation/instance_l2/CPHL/H/long/run_0 launch_id=selena_3584841 slurm_job_id=3584841 launched_at=2026-09-27T22:42:45.809036+00:00
TIME run allocation action=new run=/fslarge/scratch/users/h61084/codes/tsrag_time/outputs/tsrag/extractions/validation/t5/CPHL/H/long/run_0 launch_id=selena_3584841 slurm_job_id=3584841 launched_at=2026-09-27T22:42:46.044587+00:00
TIME run allocation action=new run=/fslarge/scratch/users/h61084/codes/tsrag_time/outputs/tsrag/extractions/test/instance_l2/CPHL/H/long/run_0 launch_id=selena_3584841 slurm_job_id=3584841 launched_at=2026-09-27T22:43:14.246410+00:00
TIME run allocation action=new run=/fslarge/scratch/users/h61084/codes/tsrag_time/outputs/tsrag/extractions/test/t5/CPHL/H/long/run_0 launch_id=selena_3584841 slurm_job_id=3584841 launched_at=2026-09-27T22:43:14.615023+00:00
TIME run allocation action=new run=/fslarge/scratch/users/h61084/codes/tsrag_time/outputs/tsrag/extractions/validation/instance_l2/Coastal_T_S/15T/short/run_0 launch_id=selena_3584841 slurm_job_id=3584841 launched_at=2026-09-27T22:43:45.550147+00:00
TIME run allocation action=new run=/fslarge/scratch/users/h61084/codes/tsrag_time/outputs/tsrag/extractions/validation/t5/Coastal_T_S/15T/short/run_0 launch_id=selena_3584841 slurm_job_id=3584841 launched_at=2026-09-27T22:43:50.130633+00:00
TIME run allocation action=new run=/fslarge/scratch/users/h61084/codes/tsrag_time/outputs/tsrag/extractions/test/instance_l2/Coastal_T_S/15T/short/run_0 launch_id=selena_3584841 slurm_job_id=3584841 launched_at=2026-09-27T22:52:18.974235+00:00
TIME run allocation action=new run=/fslarge/scratch/users/h61084/codes/tsrag_time/outputs/tsrag/extractions/test/t5/Coastal_T_S/15T/short/run_0 launch_id=selena_3584841 slurm_job_id=3584841 launched_at=2026-09-27T22:52:23.836311+00:00
TIME run allocation action=new run=/fslarge/scratch/users/h61084/codes/tsrag_time/outputs/tsrag/extractions/validation/instance_l2/Coastal_T_S/15T/medium/run_0 launch_id=selena_3584841 slurm_job_id=3584841 launched_at=2026-09-27T23:01:22.724488+00:00
TIME run allocation action=new run=/fslarge/scratch/users/h61084/codes/tsrag_time/outputs/tsrag/extractions/validation/t5/Coastal_T_S/15T/medium/run_0 launch_id=selena_3584841 slurm_job_id=3584841 launched_at=2026-09-27T23:01:27.229780+00:00
TIME run allocation action=new run=/fslarge/scratch/users/h61084/codes/tsrag_time/outputs/tsrag/extractions/test/instance_l2/Coastal_T_S/15T/medium/run_0 launch_id=selena_3584841 slurm_job_id=3584841 launched_at=2026-09-27T23:09:51.474941+00:00
TIME run allocation action=new run=/fslarge/scratch/users/h61084/codes/tsrag_time/outputs/tsrag/extractions/test/t5/Coastal_T_S/15T/medium/run_0 launch_id=selena_3584841 slurm_job_id=3584841 launched_at=2026-09-27T23:09:56.395896+00:00
TIME run allocation action=new run=/fslarge/scratch/users/h61084/codes/tsrag_time/outputs/tsrag/extractions/validation/instance_l2/Coastal_T_S/15T/long/run_0 launch_id=selena_3584841 slurm_job_id=3584841 launched_at=2026-09-27T23:18:50.825037+00:00
TIME run allocation action=new run=/fslarge/scratch/users/h61084/codes/tsrag_time/outputs/tsrag/extractions/validation/t5/Coastal_T_S/15T/long/run_0 launch_id=selena_3584841 slurm_job_id=3584841 launched_at=2026-09-27T23:18:55.287590+00:00
TIME run allocation action=new run=/fslarge/scratch/users/h61084/codes/tsrag_time/outputs/tsrag/extractions/test/instance_l2/Coastal_T_S/15T/long/run_0 launch_id=selena_3584841 slurm_job_id=3584841 launched_at=2026-09-27T23:27:14.922522+00:00
TIME run allocation action=new run=/fslarge/scratch/users/h61084/codes/tsrag_time/outputs/tsrag/extractions/test/t5/Coastal_T_S/15T/long/run_0 launch_id=selena_3584841 slurm_job_id=3584841 launched_at=2026-09-27T23:27:19.767552+00:00
TIME run allocation action=new run=/fslarge/scratch/users/h61084/codes/tsrag_time/outputs/tsrag/extractions/validation/instance_l2/Coastal_T_S/20T/short/run_0 launch_id=selena_3584841 slurm_job_id=3584841 launched_at=2026-09-27T23:36:09.889502+00:00
TIME run allocation action=new run=/fslarge/scratch/users/h61084/codes/tsrag_time/outputs/tsrag/extractions/validation/t5/Coastal_T_S/20T/short/run_0 launch_id=selena_3584841 slurm_job_id=3584841 launched_at=2026-09-27T23:36:10.301713+00:00
TIME run allocation action=new run=/fslarge/scratch/users/h61084/codes/tsrag_time/outputs/tsrag/extractions/test/instance_l2/Coastal_T_S/20T/short/run_0 launch_id=selena_3584841 slurm_job_id=3584841 launched_at=2026-09-27T23:36:45.452383+00:00
TIME run allocation action=new run=/fslarge/scratch/users/h61084/codes/tsrag_time/outputs/tsrag/extractions/test/t5/Coastal_T_S/20T/short/run_0 launch_id=selena_3584841 slurm_job_id=3584841 launched_at=2026-09-27T23:36:45.886057+00:00
TIME run allocation action=new run=/fslarge/scratch/users/h61084/codes/tsrag_time/outputs/tsrag/extractions/validation/instance_l2/Coastal_T_S/20T/medium/run_0 launch_id=selena_3584841 slurm_job_id=3584841 launched_at=2026-09-27T23:37:26.905730+00:00
TIME run allocation action=new run=/fslarge/scratch/users/h61084/codes/tsrag_time/outputs/tsrag/extractions/validation/t5/Coastal_T_S/20T/medium/run_0 launch_id=selena_3584841 slurm_job_id=3584841 launched_at=2026-09-27T23:37:27.278871+00:00
TIME run allocation action=new run=/fslarge/scratch/users/h61084/codes/tsrag_time/outputs/tsrag/extractions/test/instance_l2/Coastal_T_S/20T/medium/run_0 launch_id=selena_3584841 slurm_job_id=3584841 launched_at=2026-09-27T23:38:01.622955+00:00
TIME run allocation action=new run=/fslarge/scratch/users/h61084/codes/tsrag_time/outputs/tsrag/extractions/test/t5/Coastal_T_S/20T/medium/run_0 launch_id=selena_3584841 slurm_job_id=3584841 launched_at=2026-09-27T23:38:02.014885+00:00
TIME run allocation action=new run=/fslarge/scratch/users/h61084/codes/tsrag_time/outputs/tsrag/extractions/validation/instance_l2/Coastal_T_S/20T/long/run_0 launch_id=selena_3584841 slurm_job_id=3584841 launched_at=2026-09-27T23:38:42.111850+00:00
TIME run allocation action=new run=/fslarge/scratch/users/h61084/codes/tsrag_time/outputs/tsrag/extractions/validation/t5/Coastal_T_S/20T/long/run_0 launch_id=selena_3584841 slurm_job_id=3584841 launched_at=2026-09-27T23:38:42.462611+00:00
TIME run allocation action=new run=/fslarge/scratch/users/h61084/codes/tsrag_time/outputs/tsrag/extractions/test/instance_l2/Coastal_T_S/20T/long/run_0 launch_id=selena_3584841 slurm_job_id=3584841 launched_at=2026-09-27T23:39:15.960213+00:00
TIME run allocation action=new run=/fslarge/scratch/users/h61084/codes/tsrag_time/outputs/tsrag/extractions/test/t5/Coastal_T_S/20T/long/run_0 launch_id=selena_3584841 slurm_job_id=3584841 launched_at=2026-09-27T23:39:16.365122+00:00
TIME run allocation action=new run=/fslarge/scratch/users/h61084/codes/tsrag_time/outputs/tsrag/extractions/validation/instance_l2/Coastal_T_S/H/short/run_0 launch_id=selena_3584841 slurm_job_id=3584841 launched_at=2026-09-27T23:39:55.677157+00:00
TIME run allocation action=new run=/fslarge/scratch/users/h61084/codes/tsrag_time/outputs/tsrag/extractions/validation/t5/Coastal_T_S/H/short/run_0 launch_id=selena_3584841 slurm_job_id=3584841 launched_at=2026-09-27T23:40:00.678467+00:00
TIME run allocation action=new run=/fslarge/scratch/users/h61084/codes/tsrag_time/outputs/tsrag/extractions/test/instance_l2/Coastal_T_S/H/short/run_0 launch_id=selena_3584841 slurm_job_id=3584841 launched_at=2026-09-27T23:49:27.024768+00:00
TIME run allocation action=new run=/fslarge/scratch/users/h61084/codes/tsrag_time/outputs/tsrag/extractions/test/t5/Coastal_T_S/H/short/run_0 launch_id=selena_3584841 slurm_job_id=3584841 launched_at=2026-09-27T23:49:32.539874+00:00
TIME run allocation action=new run=/fslarge/scratch/users/h61084/codes/tsrag_time/outputs/tsrag/extractions/validation/instance_l2/Coastal_T_S/H/medium/run_0 launch_id=selena_3584841 slurm_job_id=3584841 launched_at=2026-09-27T23:59:57.430249+00:00
TIME run allocation action=new run=/fslarge/scratch/users/h61084/codes/tsrag_time/outputs/tsrag/extractions/validation/t5/Coastal_T_S/H/medium/run_0 launch_id=selena_3584841 slurm_job_id=3584841 launched_at=2026-09-28T00:00:02.339216+00:00
TIME run allocation action=new run=/fslarge/scratch/users/h61084/codes/tsrag_time/outputs/tsrag/extractions/test/instance_l2/Coastal_T_S/H/medium/run_0 launch_id=selena_3584841 slurm_job_id=3584841 launched_at=2026-09-28T00:09:09.964066+00:00
TIME run allocation action=new run=/fslarge/scratch/users/h61084/codes/tsrag_time/outputs/tsrag/extractions/test/t5/Coastal_T_S/H/medium/run_0 launch_id=selena_3584841 slurm_job_id=3584841 launched_at=2026-09-28T00:09:15.404654+00:00
TIME run allocation action=new run=/fslarge/scratch/users/h61084/codes/tsrag_time/outputs/tsrag/extractions/validation/instance_l2/Coastal_T_S/H/long/run_0 launch_id=selena_3584841 slurm_job_id=3584841 launched_at=2026-09-28T00:19:24.879245+00:00
TIME run allocation action=new run=/fslarge/scratch/users/h61084/codes/tsrag_time/outputs/tsrag/extractions/validation/t5/Coastal_T_S/H/long/run_0 launch_id=selena_3584841 slurm_job_id=3584841 launched_at=2026-09-28T00:19:29.724242+00:00
TIME run allocation action=new run=/fslarge/scratch/users/h61084/codes/tsrag_time/outputs/tsrag/extractions/test/instance_l2/Coastal_T_S/H/long/run_0 launch_id=selena_3584841 slurm_job_id=3584841 launched_at=2026-09-28T00:28:17.855668+00:00
TIME run allocation action=new run=/fslarge/scratch/users/h61084/codes/tsrag_time/outputs/tsrag/extractions/test/t5/Coastal_T_S/H/long/run_0 launch_id=selena_3584841 slurm_job_id=3584841 launched_at=2026-09-28T00:28:23.250911+00:00
TIME run allocation action=new run=/fslarge/scratch/users/h61084/codes/tsrag_time/outputs/tsrag/extractions/validation/instance_l2/SG_Weather/D/short/run_0 launch_id=selena_3584841 slurm_job_id=3584841 launched_at=2026-09-28T00:38:17.717882+00:00
TIME run allocation action=new run=/fslarge/scratch/users/h61084/codes/tsrag_time/outputs/tsrag/extractions/validation/t5/SG_Weather/D/short/run_0 launch_id=selena_3584841 slurm_job_id=3584841 launched_at=2026-09-28T00:38:18.691047+00:00
TIME run allocation action=new run=/fslarge/scratch/users/h61084/codes/tsrag_time/outputs/tsrag/extractions/test/instance_l2/SG_Weather/D/short/run_0 launch_id=selena_3584841 slurm_job_id=3584841 launched_at=2026-09-28T00:39:56.854185+00:00
TIME run allocation action=new run=/fslarge/scratch/users/h61084/codes/tsrag_time/outputs/tsrag/extractions/test/t5/SG_Weather/D/short/run_0 launch_id=selena_3584841 slurm_job_id=3584841 launched_at=2026-09-28T00:39:57.960344+00:00
TIME run allocation action=new run=/fslarge/scratch/users/h61084/codes/tsrag_time/outputs/tsrag/extractions/validation/instance_l2/SG_Weather/D/medium/run_0 launch_id=selena_3584841 slurm_job_id=3584841 launched_at=2026-09-28T00:41:52.690755+00:00
TIME run allocation action=new run=/fslarge/scratch/users/h61084/codes/tsrag_time/outputs/tsrag/extractions/validation/t5/SG_Weather/D/medium/run_0 launch_id=selena_3584841 slurm_job_id=3584841 launched_at=2026-09-28T00:41:53.606413+00:00
TIME run allocation action=new run=/fslarge/scratch/users/h61084/codes/tsrag_time/outputs/tsrag/extractions/test/instance_l2/SG_Weather/D/medium/run_0 launch_id=selena_3584841 slurm_job_id=3584841 launched_at=2026-09-28T00:43:28.351069+00:00
TIME run allocation action=new run=/fslarge/scratch/users/h61084/codes/tsrag_time/outputs/tsrag/extractions/test/t5/SG_Weather/D/medium/run_0 launch_id=selena_3584841 slurm_job_id=3584841 launched_at=2026-09-28T00:43:29.409749+00:00
TIME run allocation action=new run=/fslarge/scratch/users/h61084/codes/tsrag_time/outputs/tsrag/extractions/validation/instance_l2/SG_Weather/D/long/run_0 launch_id=selena_3584841 slurm_job_id=3584841 launched_at=2026-09-28T00:45:21.180143+00:00
TIME run allocation action=new run=/fslarge/scratch/users/h61084/codes/tsrag_time/outputs/tsrag/extractions/validation/t5/SG_Weather/D/long/run_0 launch_id=selena_3584841 slurm_job_id=3584841 launched_at=2026-09-28T00:45:22.144767+00:00
TIME run allocation action=new run=/fslarge/scratch/users/h61084/codes/tsrag_time/outputs/tsrag/extractions/test/instance_l2/SG_Weather/D/long/run_0 launch_id=selena_3584841 slurm_job_id=3584841 launched_at=2026-09-28T00:46:55.255476+00:00
TIME run allocation action=new run=/fslarge/scratch/users/h61084/codes/tsrag_time/outputs/tsrag/extractions/test/t5/SG_Weather/D/long/run_0 launch_id=selena_3584841 slurm_job_id=3584841 launched_at=2026-09-28T00:46:56.293254+00:00
TIME run allocation action=new run=/fslarge/scratch/users/h61084/codes/tsrag_time/outputs/tsrag/extractions/validation/instance_l2/SG_PM25/H/short/run_0 launch_id=selena_3584841 slurm_job_id=3584841 launched_at=2026-09-28T00:48:46.127312+00:00
TIME run allocation action=new run=/fslarge/scratch/users/h61084/codes/tsrag_time/outputs/tsrag/extractions/validation/t5/SG_PM25/H/short/run_0 launch_id=selena_3584841 slurm_job_id=3584841 launched_at=2026-09-28T00:48:49.025414+00:00
TIME run allocation action=new run=/fslarge/scratch/users/h61084/codes/tsrag_time/outputs/tsrag/extractions/test/instance_l2/SG_PM25/H/short/run_0 launch_id=selena_3584841 slurm_job_id=3584841 launched_at=2026-09-28T00:54:27.439403+00:00
TIME run allocation action=new run=/fslarge/scratch/users/h61084/codes/tsrag_time/outputs/tsrag/extractions/test/t5/SG_PM25/H/short/run_0 launch_id=selena_3584841 slurm_job_id=3584841 launched_at=2026-09-28T00:54:30.579062+00:00
TIME run allocation action=new run=/fslarge/scratch/users/h61084/codes/tsrag_time/outputs/tsrag/extractions/validation/instance_l2/SG_PM25/H/medium/run_0 launch_id=selena_3584841 slurm_job_id=3584841 launched_at=2026-09-28T01:00:28.004192+00:00
TIME run allocation action=new run=/fslarge/scratch/users/h61084/codes/tsrag_time/outputs/tsrag/extractions/validation/t5/SG_PM25/H/medium/run_0 launch_id=selena_3584841 slurm_job_id=3584841 launched_at=2026-09-28T01:00:31.206197+00:00
TIME run allocation action=new run=/fslarge/scratch/users/h61084/codes/tsrag_time/outputs/tsrag/extractions/test/instance_l2/SG_PM25/H/medium/run_0 launch_id=selena_3584841 slurm_job_id=3584841 launched_at=2026-09-28T01:06:08.269130+00:00
TIME run allocation action=new run=/fslarge/scratch/users/h61084/codes/tsrag_time/outputs/tsrag/extractions/test/t5/SG_PM25/H/medium/run_0 launch_id=selena_3584841 slurm_job_id=3584841 launched_at=2026-09-28T01:06:11.326622+00:00
TIME run allocation action=new run=/fslarge/scratch/users/h61084/codes/tsrag_time/outputs/tsrag/extractions/validation/instance_l2/SG_PM25/H/long/run_0 launch_id=selena_3584841 slurm_job_id=3584841 launched_at=2026-09-28T01:12:07.686832+00:00
TIME run allocation action=new run=/fslarge/scratch/users/h61084/codes/tsrag_time/outputs/tsrag/extractions/validation/t5/SG_PM25/H/long/run_0 launch_id=selena_3584841 slurm_job_id=3584841 launched_at=2026-09-28T01:12:10.583771+00:00
TIME run allocation action=new run=/fslarge/scratch/users/h61084/codes/tsrag_time/outputs/tsrag/extractions/test/instance_l2/SG_PM25/H/long/run_0 launch_id=selena_3584841 slurm_job_id=3584841 launched_at=2026-09-28T01:17:46.624632+00:00
TIME run allocation action=new run=/fslarge/scratch/users/h61084/codes/tsrag_time/outputs/tsrag/extractions/test/t5/SG_PM25/H/long/run_0 launch_id=selena_3584841 slurm_job_id=3584841 launched_at=2026-09-28T01:17:49.708419+00:00
TIME run allocation action=new run=/fslarge/scratch/users/h61084/codes/tsrag_time/outputs/tsrag/extractions/validation/instance_l2/NE_China_Wind/H/short/run_0 launch_id=selena_3584841 slurm_job_id=3584841 launched_at=2026-09-28T01:23:45.297649+00:00
TIME run allocation action=new run=/fslarge/scratch/users/h61084/codes/tsrag_time/outputs/tsrag/extractions/validation/t5/NE_China_Wind/H/short/run_0 launch_id=selena_3584841 slurm_job_id=3584841 launched_at=2026-09-28T01:23:45.899553+00:00
TIME run allocation action=new run=/fslarge/scratch/users/h61084/codes/tsrag_time/outputs/tsrag/extractions/test/instance_l2/NE_China_Wind/H/short/run_0 launch_id=selena_3584841 slurm_job_id=3584841 launched_at=2026-09-28T01:24:38.867572+00:00
TIME run allocation action=new run=/fslarge/scratch/users/h61084/codes/tsrag_time/outputs/tsrag/extractions/test/t5/NE_China_Wind/H/short/run_0 launch_id=selena_3584841 slurm_job_id=3584841 launched_at=2026-09-28T01:24:39.488344+00:00
TIME run allocation action=new run=/fslarge/scratch/users/h61084/codes/tsrag_time/outputs/tsrag/extractions/validation/instance_l2/NE_China_Wind/H/medium/run_0 launch_id=selena_3584841 slurm_job_id=3584841 launched_at=2026-09-28T01:25:37.634604+00:00
TIME run allocation action=new run=/fslarge/scratch/users/h61084/codes/tsrag_time/outputs/tsrag/extractions/validation/t5/NE_China_Wind/H/medium/run_0 launch_id=selena_3584841 slurm_job_id=3584841 launched_at=2026-09-28T01:25:38.229250+00:00
TIME run allocation action=new run=/fslarge/scratch/users/h61084/codes/tsrag_time/outputs/tsrag/extractions/test/instance_l2/NE_China_Wind/H/medium/run_0 launch_id=selena_3584841 slurm_job_id=3584841 launched_at=2026-09-28T01:26:30.693873+00:00
TIME run allocation action=new run=/fslarge/scratch/users/h61084/codes/tsrag_time/outputs/tsrag/extractions/test/t5/NE_China_Wind/H/medium/run_0 launch_id=selena_3584841 slurm_job_id=3584841 launched_at=2026-09-28T01:26:31.338806+00:00
TIME run allocation action=new run=/fslarge/scratch/users/h61084/codes/tsrag_time/outputs/tsrag/extractions/validation/instance_l2/NE_China_Wind/H/long/run_0 launch_id=selena_3584841 slurm_job_id=3584841 launched_at=2026-09-28T01:27:29.109817+00:00
TIME run allocation action=new run=/fslarge/scratch/users/h61084/codes/tsrag_time/outputs/tsrag/extractions/validation/t5/NE_China_Wind/H/long/run_0 launch_id=selena_3584841 slurm_job_id=3584841 launched_at=2026-09-28T01:27:29.700562+00:00
TIME run allocation action=new run=/fslarge/scratch/users/h61084/codes/tsrag_time/outputs/tsrag/extractions/test/instance_l2/NE_China_Wind/H/long/run_0 launch_id=selena_3584841 slurm_job_id=3584841 launched_at=2026-09-28T01:28:21.434761+00:00
TIME run allocation action=new run=/fslarge/scratch/users/h61084/codes/tsrag_time/outputs/tsrag/extractions/test/t5/NE_China_Wind/H/long/run_0 launch_id=selena_3584841 slurm_job_id=3584841 launched_at=2026-09-28T01:28:22.048928+00:00
TIME run allocation action=new run=/fslarge/scratch/users/h61084/codes/tsrag_time/outputs/tsrag/extractions/validation/instance_l2/Australia_Solar/H/short/run_0 launch_id=selena_3584841 slurm_job_id=3584841 launched_at=2026-09-28T01:29:18.535493+00:00
TIME run allocation action=new run=/fslarge/scratch/users/h61084/codes/tsrag_time/outputs/tsrag/extractions/validation/t5/Australia_Solar/H/short/run_0 launch_id=selena_3584841 slurm_job_id=3584841 launched_at=2026-09-28T01:29:20.185854+00:00
TIME run allocation action=new run=/fslarge/scratch/users/h61084/codes/tsrag_time/outputs/tsrag/extractions/test/instance_l2/Australia_Solar/H/short/run_0 launch_id=selena_3584841 slurm_job_id=3584841 launched_at=2026-09-28T01:32:25.805334+00:00
TIME run allocation action=new run=/fslarge/scratch/users/h61084/codes/tsrag_time/outputs/tsrag/extractions/test/t5/Australia_Solar/H/short/run_0 launch_id=selena_3584841 slurm_job_id=3584841 launched_at=2026-09-28T01:32:27.659362+00:00
TIME run allocation action=new run=/fslarge/scratch/users/h61084/codes/tsrag_time/outputs/tsrag/extractions/validation/instance_l2/Australia_Solar/H/medium/run_0 launch_id=selena_3584841 slurm_job_id=3584841 launched_at=2026-09-28T01:35:47.878529+00:00
TIME run allocation action=new run=/fslarge/scratch/users/h61084/codes/tsrag_time/outputs/tsrag/extractions/validation/t5/Australia_Solar/H/medium/run_0 launch_id=selena_3584841 slurm_job_id=3584841 launched_at=2026-09-28T01:35:49.537957+00:00
TIME run allocation action=new run=/fslarge/scratch/users/h61084/codes/tsrag_time/outputs/tsrag/extractions/test/instance_l2/Australia_Solar/H/medium/run_0 launch_id=selena_3584841 slurm_job_id=3584841 launched_at=2026-09-28T01:38:54.339320+00:00
TIME run allocation action=new run=/fslarge/scratch/users/h61084/codes/tsrag_time/outputs/tsrag/extractions/test/t5/Australia_Solar/H/medium/run_0 launch_id=selena_3584841 slurm_job_id=3584841 launched_at=2026-09-28T01:38:56.250880+00:00
TIME run allocation action=new run=/fslarge/scratch/users/h61084/codes/tsrag_time/outputs/tsrag/extractions/validation/instance_l2/Australia_Solar/H/long/run_0 launch_id=selena_3584841 slurm_job_id=3584841 launched_at=2026-09-28T01:42:15.616028+00:00
TIME run allocation action=new run=/fslarge/scratch/users/h61084/codes/tsrag_time/outputs/tsrag/extractions/validation/t5/Australia_Solar/H/long/run_0 launch_id=selena_3584841 slurm_job_id=3584841 launched_at=2026-09-28T01:42:17.274431+00:00
TIME run allocation action=new run=/fslarge/scratch/users/h61084/codes/tsrag_time/outputs/tsrag/extractions/test/instance_l2/Australia_Solar/H/long/run_0 launch_id=selena_3584841 slurm_job_id=3584841 launched_at=2026-09-28T01:45:21.425292+00:00
TIME run allocation action=new run=/fslarge/scratch/users/h61084/codes/tsrag_time/outputs/tsrag/extractions/test/t5/Australia_Solar/H/long/run_0 launch_id=selena_3584841 slurm_job_id=3584841 launched_at=2026-09-28T01:45:23.315902+00:00
TIME run allocation action=new run=/fslarge/scratch/users/h61084/codes/tsrag_time/outputs/tsrag/extractions/validation/instance_l2/epf_electricity_price/H/short/run_0 launch_id=selena_3584841 slurm_job_id=3584841 launched_at=2026-09-28T01:48:42.030388+00:00
TIME run allocation action=new run=/fslarge/scratch/users/h61084/codes/tsrag_time/outputs/tsrag/extractions/validation/t5/epf_electricity_price/H/short/run_0 launch_id=selena_3584841 slurm_job_id=3584841 launched_at=2026-09-28T01:48:46.123412+00:00
TIME run allocation action=new run=/fslarge/scratch/users/h61084/codes/tsrag_time/outputs/tsrag/extractions/test/instance_l2/epf_electricity_price/H/short/run_0 launch_id=selena_3584841 slurm_job_id=3584841 launched_at=2026-09-28T01:56:16.651547+00:00
TIME run allocation action=new run=/fslarge/scratch/users/h61084/codes/tsrag_time/outputs/tsrag/extractions/test/t5/epf_electricity_price/H/short/run_0 launch_id=selena_3584841 slurm_job_id=3584841 launched_at=2026-09-28T01:56:20.780113+00:00
TIME run allocation action=new run=/fslarge/scratch/users/h61084/codes/tsrag_time/outputs/tsrag/extractions/validation/instance_l2/epf_electricity_price/H/medium/run_0 launch_id=selena_3584841 slurm_job_id=3584841 launched_at=2026-09-28T02:04:00.088646+00:00
TIME run allocation action=new run=/fslarge/scratch/users/h61084/codes/tsrag_time/outputs/tsrag/extractions/validation/t5/epf_electricity_price/H/medium/run_0 launch_id=selena_3584841 slurm_job_id=3584841 launched_at=2026-09-28T02:04:04.214073+00:00
TIME run allocation action=new run=/fslarge/scratch/users/h61084/codes/tsrag_time/outputs/tsrag/extractions/test/instance_l2/epf_electricity_price/H/medium/run_0 launch_id=selena_3584841 slurm_job_id=3584841 launched_at=2026-09-28T02:11:34.055613+00:00
TIME run allocation action=new run=/fslarge/scratch/users/h61084/codes/tsrag_time/outputs/tsrag/extractions/test/t5/epf_electricity_price/H/medium/run_0 launch_id=selena_3584841 slurm_job_id=3584841 launched_at=2026-09-28T02:11:38.151928+00:00
TIME run allocation action=new run=/fslarge/scratch/users/h61084/codes/tsrag_time/outputs/tsrag/extractions/validation/instance_l2/epf_electricity_price/H/long/run_0 launch_id=selena_3584841 slurm_job_id=3584841 launched_at=2026-09-28T02:19:17.070137+00:00
TIME run allocation action=new run=/fslarge/scratch/users/h61084/codes/tsrag_time/outputs/tsrag/extractions/validation/t5/epf_electricity_price/H/long/run_0 launch_id=selena_3584841 slurm_job_id=3584841 launched_at=2026-09-28T02:19:21.134379+00:00
TIME run allocation action=new run=/fslarge/scratch/users/h61084/codes/tsrag_time/outputs/tsrag/extractions/test/instance_l2/epf_electricity_price/H/long/run_0 launch_id=selena_3584841 slurm_job_id=3584841 launched_at=2026-09-28T02:26:50.276458+00:00
TIME run allocation action=new run=/fslarge/scratch/users/h61084/codes/tsrag_time/outputs/tsrag/extractions/test/t5/epf_electricity_price/H/long/run_0 launch_id=selena_3584841 slurm_job_id=3584841 launched_at=2026-09-28T02:26:54.370068+00:00
TIME run allocation action=new run=/fslarge/scratch/users/h61084/codes/tsrag_time/outputs/tsrag/extractions/validation/instance_l2/OpenElectricity_NEM/5T/short/run_0 launch_id=selena_3584841 slurm_job_id=3584841 launched_at=2026-09-28T02:34:32.607919+00:00
TIME run allocation action=new run=/fslarge/scratch/users/h61084/codes/tsrag_time/outputs/tsrag/extractions/validation/t5/OpenElectricity_NEM/5T/short/run_0 launch_id=selena_3584841 slurm_job_id=3584841 launched_at=2026-09-28T02:34:38.915114+00:00
TIME run allocation action=new run=/fslarge/scratch/users/h61084/codes/tsrag_time/outputs/tsrag/extractions/test/instance_l2/OpenElectricity_NEM/5T/short/run_0 launch_id=selena_3584841 slurm_job_id=3584841 launched_at=2026-09-28T02:46:08.416771+00:00
TIME run allocation action=new run=/fslarge/scratch/users/h61084/codes/tsrag_time/outputs/tsrag/extractions/test/t5/OpenElectricity_NEM/5T/short/run_0 launch_id=selena_3584841 slurm_job_id=3584841 launched_at=2026-09-28T02:46:15.443776+00:00
TIME run allocation action=new run=/fslarge/scratch/users/h61084/codes/tsrag_time/outputs/tsrag/extractions/validation/instance_l2/OpenElectricity_NEM/5T/medium/run_0 launch_id=selena_3584841 slurm_job_id=3584841 launched_at=2026-09-28T02:58:56.373694+00:00
TIME run allocation action=new run=/fslarge/scratch/users/h61084/codes/tsrag_time/outputs/tsrag/extractions/validation/t5/OpenElectricity_NEM/5T/medium/run_0 launch_id=selena_3584841 slurm_job_id=3584841 launched_at=2026-09-28T02:59:02.617548+00:00
TIME run allocation action=new run=/fslarge/scratch/users/h61084/codes/tsrag_time/outputs/tsrag/extractions/test/instance_l2/OpenElectricity_NEM/5T/medium/run_0 launch_id=selena_3584841 slurm_job_id=3584841 launched_at=2026-09-28T03:10:28.611253+00:00
TIME run allocation action=new run=/fslarge/scratch/users/h61084/codes/tsrag_time/outputs/tsrag/extractions/test/t5/OpenElectricity_NEM/5T/medium/run_0 launch_id=selena_3584841 slurm_job_id=3584841 launched_at=2026-09-28T03:10:35.561675+00:00
TIME run allocation action=new run=/fslarge/scratch/users/h61084/codes/tsrag_time/outputs/tsrag/extractions/validation/instance_l2/OpenElectricity_NEM/5T/long/run_0 launch_id=selena_3584841 slurm_job_id=3584841 launched_at=2026-09-28T03:23:13.024717+00:00
TIME run allocation action=new run=/fslarge/scratch/users/h61084/codes/tsrag_time/outputs/tsrag/extractions/validation/t5/OpenElectricity_NEM/5T/long/run_0 launch_id=selena_3584841 slurm_job_id=3584841 launched_at=2026-09-28T03:23:19.218275+00:00
TIME run allocation action=new run=/fslarge/scratch/users/h61084/codes/tsrag_time/outputs/tsrag/extractions/test/instance_l2/OpenElectricity_NEM/5T/long/run_0 launch_id=selena_3584841 slurm_job_id=3584841 launched_at=2026-09-28T03:34:40.966165+00:00
TIME run allocation action=new run=/fslarge/scratch/users/h61084/codes/tsrag_time/outputs/tsrag/extractions/test/t5/OpenElectricity_NEM/5T/long/run_0 launch_id=selena_3584841 slurm_job_id=3584841 launched_at=2026-09-28T03:34:47.948659+00:00
TIME run allocation action=new run=/fslarge/scratch/users/h61084/codes/tsrag_time/outputs/tsrag/extractions/validation/instance_l2/EWELD_Load/15T/short/run_0 launch_id=selena_3584841 slurm_job_id=3584841 launched_at=2026-09-28T03:47:21.845755+00:00
TIME run allocation action=new run=/fslarge/scratch/users/h61084/codes/tsrag_time/outputs/tsrag/extractions/validation/t5/EWELD_Load/15T/short/run_0 launch_id=selena_3584841 slurm_job_id=3584841 launched_at=2026-09-28T03:47:24.874138+00:00
TIME run allocation action=new run=/fslarge/scratch/users/h61084/codes/tsrag_time/outputs/tsrag/extractions/test/instance_l2/EWELD_Load/15T/short/run_0 launch_id=selena_3584841 slurm_job_id=3584841 launched_at=2026-09-28T03:52:54.627235+00:00
TIME run allocation action=new run=/fslarge/scratch/users/h61084/codes/tsrag_time/outputs/tsrag/extractions/test/t5/EWELD_Load/15T/short/run_0 launch_id=selena_3584841 slurm_job_id=3584841 launched_at=2026-09-28T03:52:58.050587+00:00
TIME run allocation action=new run=/fslarge/scratch/users/h61084/codes/tsrag_time/outputs/tsrag/extractions/validation/instance_l2/EWELD_Load/15T/medium/run_0 launch_id=selena_3584841 slurm_job_id=3584841 launched_at=2026-09-28T03:58:52.212310+00:00
TIME run allocation action=new run=/fslarge/scratch/users/h61084/codes/tsrag_time/outputs/tsrag/extractions/validation/t5/EWELD_Load/15T/medium/run_0 launch_id=selena_3584841 slurm_job_id=3584841 launched_at=2026-09-28T03:58:55.324750+00:00
TIME run allocation action=new run=/fslarge/scratch/users/h61084/codes/tsrag_time/outputs/tsrag/extractions/test/instance_l2/EWELD_Load/15T/medium/run_0 launch_id=selena_3584841 slurm_job_id=3584841 launched_at=2026-09-28T04:04:23.036354+00:00
TIME run allocation action=new run=/fslarge/scratch/users/h61084/codes/tsrag_time/outputs/tsrag/extractions/test/t5/EWELD_Load/15T/medium/run_0 launch_id=selena_3584841 slurm_job_id=3584841 launched_at=2026-09-28T04:04:26.365003+00:00
TIME run allocation action=new run=/fslarge/scratch/users/h61084/codes/tsrag_time/outputs/tsrag/extractions/validation/instance_l2/EWELD_Load/15T/long/run_0 launch_id=selena_3584841 slurm_job_id=3584841 launched_at=2026-09-28T04:10:18.442064+00:00
TIME run allocation action=new run=/fslarge/scratch/users/h61084/codes/tsrag_time/outputs/tsrag/extractions/validation/t5/EWELD_Load/15T/long/run_0 launch_id=selena_3584841 slurm_job_id=3584841 launched_at=2026-09-28T04:10:21.476311+00:00
TIME run allocation action=new run=/fslarge/scratch/users/h61084/codes/tsrag_time/outputs/tsrag/extractions/test/instance_l2/EWELD_Load/15T/long/run_0 launch_id=selena_3584841 slurm_job_id=3584841 launched_at=2026-09-28T04:15:39.348652+00:00
TIME run allocation action=new run=/fslarge/scratch/users/h61084/codes/tsrag_time/outputs/tsrag/extractions/test/t5/EWELD_Load/15T/long/run_0 launch_id=selena_3584841 slurm_job_id=3584841 launched_at=2026-09-28T04:15:42.423489+00:00
TIME run allocation action=new run=/fslarge/scratch/users/h61084/codes/tsrag_time/outputs/tsrag/extractions/validation/instance_l2/SG_Carpark/15T/short/run_0 launch_id=selena_3584841 slurm_job_id=3584841 launched_at=2026-09-28T04:21:24.254869+00:00
TIME run allocation action=new run=/fslarge/scratch/users/h61084/codes/tsrag_time/outputs/tsrag/extractions/validation/t5/SG_Carpark/15T/short/run_0 launch_id=selena_3584841 slurm_job_id=3584841 launched_at=2026-09-28T04:22:37.697231+00:00
TIME run allocation action=new run=/fslarge/scratch/users/h61084/codes/tsrag_time/outputs/tsrag/extractions/test/instance_l2/SG_Carpark/15T/short/run_0 launch_id=selena_3584841 slurm_job_id=3584841 launched_at=2026-09-28T06:52:41.395347+00:00
TIME run allocation action=new run=/fslarge/scratch/users/h61084/codes/tsrag_time/outputs/tsrag/extractions/test/t5/SG_Carpark/15T/short/run_0 launch_id=selena_3584841 slurm_job_id=3584841 launched_at=2026-09-28T06:53:56.224260+00:00
