model,dataset,frequency,term,horizon_steps,MASE,scaled_MASE,MASE_std,MASE_variance,seasonal_MASE_variance,inference_seconds,datastore_preprocessing_seconds,prediction_nan_values,prediction_values,prediction_nan_rate,domain,reference_loss,reference_scaled_MASE,reference_inference_seconds,loss_ratio_to_reference,paired_improvement_percent
chronos_t5_512,Water_Quality_Darwin,15T,short,16,1.1481931317106775,1.0561389431926693,1.275709413418128,1.6274345074836238,1.3381496638898256,0.00016480311751365662,0.0,0,60462,0.0,Climate,0.6095422375964246,0.5606733543922628,0.0001636594533920288,1.8836974058406293,-88.36974058406292
chronos_bolt_512,Water_Quality_Darwin,15T,short,16,0.6782083144130507,0.6238342598178599,0.8535734309725708,0.7285876020622861,1.3381496638898256,0.00016965530812740326,0.0,0,60462,0.0,Climate,0.6095422375964246,0.5606733543922628,0.0001636594533920288,1.1126518764103919,-11.265187641039187
chronos_bolt_max,Water_Quality_Darwin,15T,short,16,0.6716427400325539,0.6177950678072444,0.8446393818831036,0.7134156854278714,1.3381496638898256,0.00016317516565322876,0.0,0,60462,0.0,Climate,0.6095422375964246,0.5606733543922628,0.0001636594533920288,1.1018805565976968,-10.18805565976968
chronos2_max,Water_Quality_Darwin,15T,short,16,0.6095422375964246,0.5606733543922628,0.7585633678676816,0.5754183830707597,1.3381496638898256,0.0001636594533920288,0.0,0,60462,0.0,Climate,0.6095422375964246,0.5606733543922628,0.0001636594533920288,1.0,0.0
tsrag,Water_Quality_Darwin,15T,short,16,0.6741238349665055,0.6200772456997391,0.8462740531844211,0.7161797730931884,1.3381496638898256,198.13706195540726,1096.4242052063346,0,60462,0.0,Climate,0.6095422375964246,0.5606733543922628,0.0001636594533920288,1.1059509799103375,-10.595097991033754
bayes_mixture,Water_Quality_Darwin,15T,short,16,0.6037295846463024,0.5553267197762367,0.7650700776670546,0.585332223741473,1.3381496638898256,198.13928648084402,0.0,0,60462,0.0,Climate,0.6095422375964246,0.5606733543922628,0.0001636594533920288,0.9904639045637873,0.9536095436212699
chronos_t5_512,Water_Quality_Darwin,15T,medium,96,1.5398673012049557,1.4137276553516231,1.2743000907551767,1.6238407212986514,0.8662032158339698,4.298985004425049e-05,0.0,0,60462,0.0,Climate,0.88151129324196,0.8093014851252188,4.2049214243888855e-05,1.7468492043269697,-74.68492043269697
chronos_bolt_512,Water_Quality_Darwin,15T,medium,96,1.0083167476912387,0.925719554178375,0.8932113464628915,0.7978265094500515,0.8662032158339698,4.174187779426575e-05,0.0,0,60462,0.0,Climate,0.88151129324196,0.8093014851252188,4.2049214243888855e-05,1.1438500622980365,-14.385006229803654
chronos_bolt_max,Water_Quality_Darwin,15T,medium,96,0.936617812198225,0.859893902911913,0.8437925032653494,0.7119857885668047,0.8662032158339698,4.322268068790436e-05,0.0,0,60462,0.0,Climate,0.88151129324196,0.8093014851252188,4.2049214243888855e-05,1.0625136845990915,-6.251368459909146
chronos2_max,Water_Quality_Darwin,15T,medium,96,0.88151129324196,0.8093014851252188,0.8798154258762717,0.7740751836098453,0.8662032158339698,4.2049214243888855e-05,0.0,0,60462,0.0,Climate,0.88151129324196,0.8093014851252188,4.2049214243888855e-05,1.0,0.0
tsrag,Water_Quality_Darwin,15T,medium,96,1.0102624741556847,0.927505894670432,0.8799339637679838,0.7742837805924354,0.8662032158339698,77.24054881185293,1089.3723755348474,0,60462,0.0,Climate,0.88151129324196,0.8093014851252188,4.2049214243888855e-05,1.1460573243936703,-14.605732439367024
bayes_mixture,Water_Quality_Darwin,15T,medium,96,0.8757795866987105,0.8040392965936415,0.8616367932904189,0.742417963551796,0.8662032158339698,77.24083365499973,0.0,0,60462,0.0,Climate,0.88151129324196,0.8093014851252188,4.2049214243888855e-05,0.9934978637401571,0.6502136259842861
chronos_t5_512,Water_Quality_Darwin,15T,long,288,2.0770804218489114,1.3053303394143516,1.6794239842873424,2.820464918999572,1.5257973604856987,2.5181099772453308e-05,0.0,0,60462,0.0,Climate,1.3525940721000271,0.8500306779900881,2.4439767003059387e-05,1.5356273287698594,-53.56273287698594
chronos_bolt_512,Water_Quality_Darwin,15T,long,288,1.4878693527168032,0.9350437213486531,1.2521158089143045,1.567793998933123,1.5257973604856987,2.6732683181762695e-05,0.0,0,60462,0.0,Climate,1.3525940721000271,0.8500306779900881,2.4439767003059387e-05,1.1000117355288632,-10.001173552886321
chronos_bolt_max,Water_Quality_Darwin,15T,long,288,1.4995828558644622,0.9424050112046589,1.2783666944687477,1.6342214055269526,1.5257973604856987,2.5739893317222595e-05,0.0,0,60462,0.0,Climate,1.3525940721000271,0.8500306779900881,2.4439767003059387e-05,1.1086717639803207,-10.867176398032075
chronos2_max,Water_Quality_Darwin,15T,long,288,1.3525940721000271,0.8500306779900881,1.2327088346111839,1.5195710709284629,1.5257973604856987,2.4439767003059387e-05,0.0,0,60462,0.0,Climate,1.3525940721000271,0.8500306779900881,2.4439767003059387e-05,1.0,0.0
tsrag,Water_Quality_Darwin,15T,long,288,1.4805994187008122,0.9304749692980386,1.2272311753685523,1.5060963577964785,1.5257973604856987,69.1939999293536,1087.2026945147663,0,60462,0.0,Climate,1.3525940721000271,0.8500306779900881,2.4439767003059387e-05,1.094636927102634,-9.463692710263395
bayes_mixture,Water_Quality_Darwin,15T,long,288,1.333460728776747,0.8380064283406322,1.1929111981376719,1.4230371266422557,1.5257973604856987,69.19427954405546,0.0,0,60462,0.0,Climate,1.3525940721000271,0.8500306779900881,2.4439767003059387e-05,0.985854334483683,1.4145665516317019
chronos_t5_512,current_velocity,5T,short,36,0.7490389352829979,0.822666243889362,0.8904065444295034,0.7928238143628893,0.38424047675878115,4.567950963973999e-05,0.0,0,25920,0.0,Climate,0.36774957666472574,0.4038977797761216,4.419870674610138e-05,2.0368179402851916,-103.68179402851916
chronos_bolt_512,current_velocity,5T,short,36,0.45041877438474687,0.4946930043901558,0.3447443495486405,0.11884866654571526,0.38424047675878115,4.616193473339081e-05,0.0,0,25920,0.0,Climate,0.36774957666472574,0.4038977797761216,4.419870674610138e-05,1.2247975333371761,-22.47975333371761
chronos_bolt_max,current_velocity,5T,short,36,0.4309424156630221,0.473302203298902,0.3107609798347468,0.09657238658785193,0.38424047675878115,4.544109106063843e-05,0.0,0,25920,0.0,Climate,0.36774957666472574,0.4038977797761216,4.419870674610138e-05,1.1718366056908034,-17.183660569080338
chronos2_max,current_velocity,5T,short,36,0.36774957666472574,0.4038977797761216,0.2952993825442338,0.08720172533100574,0.38424047675878115,4.419870674610138e-05,0.0,0,25920,0.0,Climate,0.36774957666472574,0.4038977797761216,4.419870674610138e-05,1.0,0.0
tsrag,current_velocity,5T,short,36,0.44755419064422786,0.4915468443774871,0.3388601060469636,0.11482617147015943,0.38424047675878115,22.80466717109084,276.7146675661206,0,25920,0.0,Climate,0.36774957666472574,0.4038977797761216,4.419870674610138e-05,1.2170080376523704,-21.70080376523704
bayes_mixture,current_velocity,5T,short,36,0.38935708298595223,0.42762921111804925,0.29491631926670425,0.08697563536982064,0.38424047675878115,22.80483040958643,0.0,0,25920,0.0,Climate,0.36774957666472574,0.4038977797761216,4.419870674610138e-05,1.058756033160375,-5.875603316037492
chronos_t5_512,current_velocity,5T,medium,288,1.1899542218136991,1.306648001560725,1.128536119429432,1.2735937728568414,0.11522061713881367,1.9768252968788147e-05,0.0,0,25920,0.0,Climate,0.5819090182583705,0.6389743755340066,1.8361955881118774e-05,2.0449145561881523,-104.49145561881524
chronos_bolt_512,current_velocity,5T,medium,288,0.7820641015477915,0.8587578216431531,0.48830168512229677,0.23843853569327464,0.11522061713881367,1.895986497402191e-05,0.0,0,25920,0.0,Climate,0.5819090182583705,0.6389743755340066,1.8361955881118774e-05,1.3439628481587669,-34.39628481587669
chronos_bolt_max,current_velocity,5T,medium,288,0.7323406240134054,0.8041581728836168,0.3640244437201134,0.132513795625738,0.11522061713881367,1.9049271941184998e-05,0.0,0,25920,0.0,Climate,0.5819090182583705,0.6389743755340066,1.8361955881118774e-05,1.2585139618651562,-25.85139618651562
chronos2_max,current_velocity,5T,medium,288,0.5819090182583705,0.6389743755340066,0.33115897755001666,0.10966626841197243,0.11522061713881367,1.8361955881118774e-05,0.0,0,25920,0.0,Climate,0.5819090182583705,0.6389743755340066,1.8361955881118774e-05,1.0,0.0
tsrag,current_velocity,5T,medium,288,0.795933189263744,0.8739869921568713,0.4913059342646126,0.24138152104362384,0.11522061713881367,17.600842881947756,272.2975299730897,0,25920,0.0,Climate,0.5819090182583705,0.6389743755340066,1.8361955881118774e-05,1.3677966216195427,-36.77966216195428
bayes_mixture,current_velocity,5T,medium,288,0.6596031725097862,0.7242876670241871,0.30429353717765134,0.09259455676808667,0.11522061713881367,17.60097904317081,0.0,0,25920,0.0,Climate,0.5819090182583705,0.6389743755340066,1.8361955881118774e-05,1.1335159824192982,-13.351598241929818
chronos_t5_512,current_velocity,5T,long,864,1.6966687449199005,1.5527195812664618,1.7772046391349448,3.158456329362769,0.29190573790947194,1.551024615764618e-05,0.0,0,25920,0.0,Climate,0.8300300594873468,0.7596084564324391,1.473166048526764e-05,2.044105180922987,-104.41051809229869
chronos_bolt_512,current_velocity,5T,long,864,1.2575498236370677,1.1508564894744044,1.0602190012366224,1.124064330583181,0.29190573790947194,1.516006886959076e-05,0.0,0,25920,0.0,Climate,0.8300300594873468,0.7596084564324391,1.473166048526764e-05,1.515065399455257,-51.506539945525695
chronos_bolt_max,current_velocity,5T,long,864,1.0664668009130953,0.9759853769372879,0.6220267257977385,0.386917247606655,0.29190573790947194,1.539289951324463e-05,0.0,0,25920,0.0,Climate,0.8300300594873468,0.7596084564324391,1.473166048526764e-05,1.2848532275707936,-28.485322757079356
chronos2_max,current_velocity,5T,long,864,0.8300300594873468,0.7596084564324391,0.4240438951190417,0.17981322498772886,0.29190573790947194,1.473166048526764e-05,0.0,0,25920,0.0,Climate,0.8300300594873468,0.7596084564324391,1.473166048526764e-05,1.0,0.0
tsrag,current_velocity,5T,long,864,1.2929025809424666,1.1832098399349538,1.0757330717414268,1.1572016416382456,0.29190573790947194,16.3473329693079,266.5200636796653,0,25920,0.0,Climate,0.8300300594873468,0.7596084564324391,1.473166048526764e-05,1.5576575404281199,-55.76575404281199
bayes_mixture,current_velocity,5T,long,864,0.9962188459863967,0.9116974153153167,0.5961883058684754,0.35544049605432276,0.29190573790947194,16.347471311688423,0.0,0,25920,0.0,Climate,0.8300300594873468,0.7596084564324391,1.473166048526764e-05,1.2002202023884454,-20.02202023884454
chronos_t5_512,current_velocity,10T,short,18,1.3308141421528248,1.2764329674515633,4.327091106095387,18.723717440449796,0.4807344590412708,0.00031165406107902527,0.0,0,129576,0.0,Climate,0.5283046213008509,0.5067164633481785,0.00029241666197776794,2.5190280162152376,-151.90280162152376
chronos_bolt_512,current_velocity,10T,short,18,0.7007420972486622,0.6721076116326897,0.4795448891461494,0.2299633007061927,0.4807344590412708,0.0003094654530286789,0.0,0,129576,0.0,Climate,0.5283046213008509,0.5067164633481785,0.00029241666197776794,1.3263978185979453,-32.639781859794525
chronos_bolt_max,current_velocity,10T,short,18,0.6437833307149723,0.6174763561582273,0.4150342852693608,0.17225345794904917,0.4807344590412708,0.00029329583048820496,0.0,0,129576,0.0,Climate,0.5283046213008509,0.5067164633481785,0.00029241666197776794,1.2185835685665152,-21.85835685665152
chronos2_max,current_velocity,10T,short,18,0.5283046213008509,0.5067164633481785,0.3725287596936507,0.13877767679888975,0.4807344590412708,0.00029241666197776794,0.0,0,129576,0.0,Climate,0.5283046213008509,0.5067164633481785,0.00029241666197776794,1.0,0.0
tsrag,current_velocity,10T,short,18,0.6717527401776202,0.6443028491954313,0.4432619824997352,0.19648118512959553,0.4807344590412708,562.9585527852178,2151.806260727346,0,129576,0.0,Climate,0.5283046213008509,0.5067164633481785,0.00029241666197776794,1.2715253910207245,-27.15253910207245
bayes_mixture,current_velocity,10T,short,18,0.5331583812113733,0.5113718836429038,0.37327984411603055,0.13933784202328806,0.4807344590412708,562.9593399781734,0.0,0,129576,0.0,Climate,0.5283046213008509,0.5067164633481785,0.00029241666197776794,1.009187426561916,-0.9187426561916068
chronos_t5_512,current_velocity,10T,medium,144,1.8030798833358164,1.7275658609620597,4.638756489922912,21.518061772801936,0.25305105017876023,5.299970507621765e-05,0.0,0,129576,0.0,Climate,0.6911432082246386,0.6621977332228386,5.526840686798096e-05,2.6088368689427544,-160.88368689427543
chronos_bolt_512,current_velocity,10T,medium,144,1.2128370439354512,1.1620427310944572,0.6518112911418256,0.42485795925997366,0.25305105017876023,5.4990872740745544e-05,0.0,0,129576,0.0,Climate,0.6911432082246386,0.6621977332228386,5.526840686798096e-05,1.7548274069724334,-75.48274069724334
chronos_bolt_max,current_velocity,10T,medium,144,1.002804817780753,0.9608067753499822,0.4777945055545001,0.2282875895380692,0.25305105017876023,5.475059151649475e-05,0.0,0,129576,0.0,Climate,0.6911432082246386,0.6621977332228386,5.526840686798096e-05,1.450936370128977,-45.0936370128977
chronos2_max,current_velocity,10T,medium,144,0.6911432082246386,0.6621977332228386,0.3857050536802138,0.14876838843445658,0.25305105017876023,5.526840686798096e-05,0.0,0,129576,0.0,Climate,0.6911432082246386,0.6621977332228386,5.526840686798096e-05,1.0,0.0
tsrag,current_velocity,10T,medium,144,1.1709239836381549,1.1218850138644836,0.6248674987528113,0.39045939099759464,0.25305105017876023,245.89544178545475,2138.545754030347,0,129576,0.0,Climate,0.6911432082246386,0.6621977332228386,5.526840686798096e-05,1.6941843162228916,-69.41843162228916
bayes_mixture,current_velocity,10T,medium,144,0.6922167959233689,0.6632263584513803,0.378660112924313,0.14338348111985347,0.25305105017876023,245.89599577896297,0.0,0,129576,0.0,Climate,0.6911432082246386,0.6621977332228386,5.526840686798096e-05,1.0015533505733032,-0.15533505733031916
chronos_t5_512,current_velocity,10T,long,432,2.521514316702361,1.754097010009599,7.933008906910052,62.932630317114224,0.6433695275713929,3.5960227251052856e-05,0.0,0,129576,0.0,Climate,0.9351213971375323,0.6505192676677409,2.9539689421653748e-05,2.6964566573076834,-169.64566573076834
chronos_bolt_512,current_velocity,10T,long,432,1.4720744868880993,1.0240518718683236,0.9406182188520775,0.8847626336364548,0.6433695275713929,8.99098813533783e-05,0.0,0,129576,0.0,Climate,0.9351213971375323,0.6505192676677409,2.9539689421653748e-05,1.574206826401594,-57.420682640159406
chronos_bolt_max,current_velocity,10T,long,432,1.3770165825586909,0.9579246305286601,0.9062009471766741,0.8212001566639012,0.6433695275713929,3.215111792087555e-05,0.0,0,129576,0.0,Climate,0.9351213971375323,0.6505192676677409,2.9539689421653748e-05,1.4725538168347219,-47.25538168347219
chronos2_max,current_velocity,10T,long,432,0.9351213971375323,0.6505192676677409,0.7218927253729565,0.5211291069463948,0.6433695275713929,2.9539689421653748e-05,0.0,0,129576,0.0,Climate,0.9351213971375323,0.6505192676677409,2.9539689421653748e-05,1.0,0.0
tsrag,current_velocity,10T,long,432,1.445992265686856,1.0059077170164317,0.9189460716010591,0.8444618825110188,0.6433695275713929,203.91172666475177,2134.9928826782852,0,129576,0.0,Climate,0.9351213971375323,0.6505192676677409,2.9539689421653748e-05,1.5463150240312464,-54.63150240312464
bayes_mixture,current_velocity,10T,long,432,0.9422676892687897,0.655490601590797,0.705285253628366,0.4974272889856286,0.6433695275713929,203.91225972026587,0.0,0,129576,0.0,Climate,0.9351213971375323,0.6505192676677409,2.9539689421653748e-05,1.0076421009647867,-0.764210096478668
chronos_t5_512,current_velocity,15T,short,12,1.7312248548802682,1.7462927585077748,5.3462517570335235,28.582407849584037,0.453088957404636,0.00016072392463684082,0.0,0,43200,0.0,Climate,0.5023035816221435,0.5066754354216647,0.0001566726714372635,3.4465707954728013,-244.65707954728012
chronos_bolt_512,current_velocity,15T,short,12,0.5399499503891171,0.5446494634495986,0.3847437194556467,0.1480277296605654,0.453088957404636,0.00016807392239570618,0.0,0,43200,0.0,Climate,0.5023035816221435,0.5066754354216647,0.0001566726714372635,1.0749474424319214,-7.494744243192142
chronos_bolt_max,current_velocity,15T,short,12,0.5264439061535141,0.5310258678905166,0.3845825746094821,0.14790375669325784,0.453088957404636,0.00015801377594470978,0.0,0,43200,0.0,Climate,0.5023035816221435,0.5066754354216647,0.0001566726714372635,1.0480592323339835,-4.805923233398346
chronos2_max,current_velocity,15T,short,12,0.5023035816221435,0.5066754354216647,0.377015825842314,0.14214093293556207,0.453088957404636,0.0001566726714372635,0.0,0,43200,0.0,Climate,0.5023035816221435,0.5066754354216647,0.0001566726714372635,1.0,0.0
tsrag,current_velocity,15T,short,12,0.5376213720201193,0.5423006180457589,0.3840111803749257,0.14746458665294374,0.453088957404636,119.64861859939992,425.6905683390796,0,43200,0.0,Climate,0.5023035816221435,0.5066754354216647,0.0001566726714372635,1.0703116435760227,-7.031164357602271
bayes_mixture,current_velocity,15T,short,12,0.5030727814406634,0.507451330054381,0.37345808854192436,0.13947094389738782,0.453088957404636,119.64898873493075,0.0,0,43200,0.0,Climate,0.5023035816221435,0.5066754354216647,0.0001566726714372635,1.0015313444830232,-0.1531344483023167
chronos_t5_512,current_velocity,15T,medium,96,2.0540892348275195,2.0697216629909985,5.488284589857278,30.121267739264866,0.20323056826444055,4.343874752521515e-05,0.0,0,43200,0.0,Climate,0.7292408236747162,0.7347906335839866,3.4518539905548096e-05,2.816750198482803,-181.6750198482803
chronos_bolt_512,current_velocity,15T,medium,96,0.8336903462985892,0.8400350582167123,0.44722328225022984,0.20000866418666874,0.20323056826444055,3.563240170478821e-05,0.0,0,43200,0.0,Climate,0.7292408236747162,0.7347906335839866,3.4518539905548096e-05,1.1432304929084216,-14.32304929084216
chronos_bolt_max,current_velocity,15T,medium,96,0.7820132300395952,0.7879646587478571,0.4130459250166466,0.17060693617285727,0.20323056826444055,3.559887409210205e-05,0.0,0,43200,0.0,Climate,0.7292408236747162,0.7347906335839866,3.4518539905548096e-05,1.0723662261514018,-7.236622615140176
chronos2_max,current_velocity,15T,medium,96,0.7292408236747162,0.7347906335839866,0.41253763615228806,0.17018730124211762,0.20323056826444055,3.4518539905548096e-05,0.0,0,43200,0.0,Climate,0.7292408236747162,0.7347906335839866,3.4518539905548096e-05,1.0,0.0
tsrag,current_velocity,15T,medium,96,0.8210703218434999,0.8273189904046109,0.4434456093281491,0.19664400843241342,0.20323056826444055,37.22201691009104,419.54083294048905,0,43200,0.0,Climate,0.7292408236747162,0.7347906335839866,3.4518539905548096e-05,1.1259247908064798,-12.592479080647978
bayes_mixture,current_velocity,15T,medium,96,0.7324940610077743,0.7380686293345687,0.40789457649266286,0.1663779855321288,0.20323056826444055,37.2222415804863,0.0,0,43200,0.0,Climate,0.7292408236747162,0.7347906335839866,3.4518539905548096e-05,1.0044611289267442,-0.4461128926744218
chronos_t5_512,current_velocity,15T,long,288,2.4942234177970044,2.210018380487213,6.9134499887911405,47.795790747516214,0.18788879728392668,2.148933708667755e-05,0.0,0,43200,0.0,Climate,0.834373194435567,0.7393002899143293,2.0870938897132874e-05,2.989337905904666,-198.93379059046657
chronos_bolt_512,current_velocity,15T,long,288,0.9836945696233321,0.8716071961080253,0.5026149122835498,0.2526217500498005,0.18788879728392668,2.2020190954208374e-05,0.0,0,43200,0.0,Climate,0.834373194435567,0.7393002899143293,2.0870938897132874e-05,1.1789623350601255,-17.89623350601255
chronos_bolt_max,current_velocity,15T,long,288,0.9309764178821907,0.8248960300184449,0.4705162732999425,0.22138556344006616,0.18788879728392668,2.104043960571289e-05,0.0,0,43200,0.0,Climate,0.834373194435567,0.7393002899143293,2.0870938897132874e-05,1.1157793947491006,-11.57793947491006
chronos2_max,current_velocity,15T,long,288,0.834373194435567,0.7393002899143293,0.42283596165358883,0.17879025046751523,0.18788879728392668,2.0870938897132874e-05,0.0,0,43200,0.0,Climate,0.834373194435567,0.7393002899143293,2.0870938897132874e-05,1.0,0.0
tsrag,current_velocity,15T,long,288,0.9670796195272426,0.8568854414964566,0.4775947290949657,0.22809672525929367,0.18788879728392668,34.10320623964071,416.8037412893027,0,43200,0.0,Climate,0.834373194435567,0.7393002899143293,2.0870938897132874e-05,1.159049243164443,-15.904924316444301
bayes_mixture,current_velocity,15T,long,288,0.8340119374184165,0.7389801964366216,0.41421186763522466,0.17157147128986086,0.18788879728392668,34.1034199744463,0.0,0,43200,0.0,Climate,0.834373194435567,0.7393002899143293,2.0870938897132874e-05,0.9995670318515028,0.04329681484972481
chronos_t5_512,current_velocity,H,short,24,1.2198869127511718,1.1800549184979825,2.8599651007390725,8.179400377445454,0.3826492950103123,0.00015470385551452637,0.0,0,84672,0.0,Climate,0.7026019108178864,0.6796604110924225,0.00015422329306602478,1.7362419514787872,-73.62419514787872
chronos_bolt_512,current_velocity,H,short,24,0.855356663970497,0.8274273851434443,0.4849936731385323,0.23521886298440553,0.3826492950103123,0.00015684030950069427,0.0,0,84672,0.0,Climate,0.7026019108178864,0.6796604110924225,0.00015422329306602478,1.2174129486422711,-21.74129486422711
chronos_bolt_max,current_velocity,H,short,24,0.8281138920709751,0.8010741497430847,0.48416436618895486,0.23441513348715237,0.3826492950103123,0.0001674015074968338,0.0,0,84672,0.0,Climate,0.7026019108178864,0.6796604110924225,0.00015422329306602478,1.1786388270805903,-17.86388270805903
chronos2_max,current_velocity,H,short,24,0.7026019108178864,0.6796604110924225,0.48160061834098733,0.23193915558642134,0.3826492950103123,0.00015422329306602478,0.0,0,84672,0.0,Climate,0.7026019108178864,0.6796604110924225,0.00015422329306602478,1.0,0.0
tsrag,current_velocity,H,short,24,0.8484791258536849,0.8207744137925196,0.4812591886339965,0.23161040664465266,0.3826492950103123,149.60215411894023,657.9195132497698,0,84672,0.0,Climate,0.7026019108178864,0.6796604110924225,0.00015422329306602478,1.2076242788266622,-20.762427882666223
bayes_mixture,current_velocity,H,short,24,0.7051443747740024,0.6821198580011136,0.474304579330047,0.22496483397345285,0.3826492950103123,149.60263927839696,0.0,0,84672,0.0,Climate,0.7026019108178864,0.6796604110924225,0.00015422329306602478,1.0036186408220216,-0.3618640822021568
chronos_t5_512,current_velocity,H,medium,168,1.8867371897161267,1.0233679023027864,3.216597395033117,10.346498801733835,1.2185305146164476,3.818050026893616e-05,0.0,0,84672,0.0,Climate,1.152702173781236,0.625226667493553,4.9520283937454224e-05,1.6367950305212131,-63.67950305212131
chronos_bolt_512,current_velocity,H,medium,168,1.5495761205424834,0.8404914434196551,0.995407091079744,0.9908352769718378,1.2185305146164476,3.7612393498420715e-05,0.0,0,84672,0.0,Climate,1.152702173781236,0.625226667493553,4.9520283937454224e-05,1.3442987753370608,-34.429877533706076
chronos_bolt_max,current_velocity,H,medium,168,1.4834479710008108,0.8046234772564353,1.0013297400320422,1.0026612482726371,1.2185305146164476,3.633089363574982e-05,0.0,0,84672,0.0,Climate,1.152702173781236,0.625226667493553,4.9520283937454224e-05,1.2869308349915067,-28.693083499150674
chronos2_max,current_velocity,H,medium,168,1.152702173781236,0.625226667493553,0.963988260295551,0.9292733659876429,1.2185305146164476,4.9520283937454224e-05,0.0,0,84672,0.0,Climate,1.152702173781236,0.625226667493553,4.9520283937454224e-05,1.0,0.0
tsrag,current_velocity,H,medium,168,1.532315335411767,0.8311291784642597,0.9979557512509424,0.9959156814548328,1.2185305146164476,86.728843646124,650.8654716666788,0,84672,0.0,Climate,1.152702173781236,0.625226667493553,4.9520283937454224e-05,1.3293245820689978,-32.93245820689978
bayes_mixture,current_velocity,H,medium,168,1.1604030995599648,0.6294036563730445,0.9405994589811947,0.8847273422357161,1.2185305146164476,86.72921881824732,0.0,0,84672,0.0,Climate,1.152702173781236,0.625226667493553,4.9520283937454224e-05,1.0066807593096379,-0.6680759309637851
chronos_t5_512,current_velocity,H,long,336,2.2080036471436326,1.1162396108296038,4.287767240396924,18.384947907821058,1.9703509296939952,2.736225724220276e-05,0.0,0,84672,0.0,Climate,1.3405690703885271,0.6777145949720215,2.71722674369812e-05,1.6470644414492597,-64.70644414492597
chronos_bolt_512,current_velocity,H,long,336,1.7015104521085875,0.8601857915140672,1.3181277970587504,1.737460889378954,1.9703509296939952,2.522207796573639e-05,0.0,0,84672,0.0,Climate,1.3405690703885271,0.6777145949720215,2.71722674369812e-05,1.2692448973296477,-26.924489732964773
chronos_bolt_max,current_velocity,H,long,336,1.6266933009882154,0.822362544365893,1.2967850347324767,1.681651426306111,1.9703509296939952,2.6520341634750366e-05,0.0,0,84672,0.0,Climate,1.3405690703885271,0.6777145949720215,2.71722674369812e-05,1.2134349038179457,-21.343490381794574
chronos2_max,current_velocity,H,long,336,1.3405690703885271,0.6777145949720215,1.2660694741424499,1.6029319133553395,1.9703509296939952,2.71722674369812e-05,0.0,0,84672,0.0,Climate,1.3405690703885271,0.6777145949720215,2.71722674369812e-05,1.0,0.0
tsrag,current_velocity,H,long,336,1.6596252801647087,0.839011058360592,1.293054446448732,1.6719898014808368,1.9703509296939952,88.2577746361494,649.1768402084708,0,84672,0.0,Climate,1.3405690703885271,0.6777145949720215,2.71722674369812e-05,1.238000575146577,-23.800057514657702
bayes_mixture,current_velocity,H,long,336,1.3453883420170096,0.680150941440026,1.247848723638771,1.55712643708691,1.9703509296939952,88.25813195295632,0.0,0,84672,0.0,Climate,1.3405690703885271,0.6777145949720215,2.71722674369812e-05,1.0035949446656156,-0.3594944665615607
chronos_t5_512,CPHL,15T,short,12,0.6817097401429651,0.4980715958632847,0.7550804081521366,0.5701464227751972,1.2103073573379792,2.5000423192977905e-05,0.0,0,2875,0.0,Climate,0.6512083950143714,0.47578666614966564,2.3579224944114685e-05,1.0468380711337737,-4.6838071133773695
chronos_bolt_512,CPHL,15T,short,12,0.667953797037442,0.488021212053695,0.7115854163648663,0.5063538047831602,1.2103073573379792,2.5570392608642578e-05,0.0,0,2875,0.0,Climate,0.6512083950143714,0.47578666614966564,2.3579224944114685e-05,1.0257143521970429,-2.571435219704288
chronos_bolt_max,CPHL,15T,short,12,0.656110489198097,0.47936824013839624,0.7044300796257641,0.49622173708156037,1.2103073573379792,2.359040081501007e-05,0.0,0,2875,0.0,Climate,0.6512083950143714,0.47578666614966564,2.3579224944114685e-05,1.0075276888646643,-0.7527688864664261
chronos2_max,CPHL,15T,short,12,0.6512083950143714,0.47578666614966564,0.6998075043932335,0.4897305432050854,1.2103073573379792,2.3579224944114685e-05,0.0,0,2875,0.0,Climate,0.6512083950143714,0.47578666614966564,2.3579224944114685e-05,1.0,0.0
tsrag,CPHL,15T,short,12,0.663021738272641,0.4844177453064533,0.7001365560218773,0.4901911970781754,1.2103073573379792,4.349915316328406,37.894855530932546,0,2875,0.0,Climate,0.6512083950143714,0.47578666614966564,2.3579224944114685e-05,1.0181406495197423,-1.8140649519742258
bayes_mixture,CPHL,15T,short,12,0.6498080361150502,0.47476353423487155,0.6986397295987222,0.4880974717737757,1.2103073573379792,4.349980724975467,0.0,0,2875,0.0,Climate,0.6512083950143714,0.47578666614966564,2.3579224944114685e-05,0.9978495994369202,0.21504005630798018
chronos_t5_512,CPHL,15T,medium,96,1.1967010497168664,0.8717105063651877,0.7846597789394485,0.6156909686853042,0.6233469173388662,1.4709308743476868e-05,0.0,0,2875,0.0,Climate,1.065225535608098,0.775940065614347,1.3107433915138245e-05,1.1234250491692483,-12.342504916924835
chronos_bolt_512,CPHL,15T,medium,96,1.0949430199700383,0.7975871121738662,0.6377599718813365,0.4067377817340831,0.6233469173388662,1.479126513004303e-05,0.0,0,2875,0.0,Climate,1.065225535608098,0.775940065614347,1.3107433915138245e-05,1.0278978332461546,-2.789783324615458
chronos_bolt_max,CPHL,15T,medium,96,1.063731294575291,0.7748516186645863,0.6831529075045506,0.466697895031921,0.6233469173388662,1.4159828424453735e-05,0.0,0,2875,0.0,Climate,1.065225535608098,0.775940065614347,1.3107433915138245e-05,0.9985972538369972,0.14027461630028437
chronos2_max,CPHL,15T,medium,96,1.065225535608098,0.775940065614347,0.6680661285833984,0.4463123521604098,0.6233469173388662,1.3107433915138245e-05,0.0,0,2875,0.0,Climate,1.065225535608098,0.775940065614347,1.3107433915138245e-05,1.0,0.0
tsrag,CPHL,15T,medium,96,1.0973020586713813,0.7993055019265697,0.6938667916693272,0.4814511245814855,0.6233469173388662,1.095589715987444,37.3708477076143,0,2875,0.0,Climate,1.065225535608098,0.775940065614347,1.3107433915138245e-05,1.0301124240745618,-3.0112424074561828
bayes_mixture,CPHL,15T,medium,96,1.0598849298108308,0.7720498190193984,0.671293228507219,0.45063459863964533,0.6233469173388662,1.0956455040723085,0.0,0,2875,0.0,Climate,1.065225535608098,0.775940065614347,1.3107433915138245e-05,0.9949864084001532,0.5013591599846823
chronos_t5_512,CPHL,15T,long,288,1.1536607640109615,0.7410916265144706,0.5235870810042847,0.2741434313945874,0.9348312901421038,1.5679746866226196e-05,0.0,0,2875,0.0,Climate,1.1569175338572653,0.7431837188676761,1.3511627912521362e-05,0.9971849593847494,0.2815040615250619
chronos_bolt_512,CPHL,15T,long,288,1.2661584238277013,0.8133581681993945,0.5275065037600498,0.2782631115091515,0.9348312901421038,1.4871358871459961e-05,0.0,0,2875,0.0,Climate,1.1569175338572653,0.7431837188676761,1.3511627912521362e-05,1.0944240940028087,-9.442409400280871
chronos_bolt_max,CPHL,15T,long,288,1.202757658522571,0.7726306183441974,0.48688862746289285,0.23706053555269965,0.9348312901421038,1.3841316103935242e-05,0.0,0,2875,0.0,Climate,1.1569175338572653,0.7431837188676761,1.3511627912521362e-05,1.039622638021978,-3.9622638021977963
chronos2_max,CPHL,15T,long,288,1.1569175338572653,0.7431837188676761,0.4260351872588614,0.18150598078269312,0.9348312901421038,1.3511627912521362e-05,0.0,0,2875,0.0,Climate,1.1569175338572653,0.7431837188676761,1.3511627912521362e-05,1.0,0.0
tsrag,CPHL,15T,long,288,1.202757658522571,0.7726306183441974,0.48688862746289285,0.23706053555269965,0.9348312901421038,0.8530275579541922,36.94568614847958,0,2875,0.0,Climate,1.1569175338572653,0.7431837188676761,1.3511627912521362e-05,1.039622638021978,-3.9622638021977963
bayes_mixture,CPHL,15T,long,288,1.1637506714155825,0.7475732076890558,0.4506759017296565,0.203108768399839,0.9348312901421038,0.853084322065115,0.0,0,2875,0.0,Climate,1.1569175338572653,0.7431837188676761,1.3511627912521362e-05,1.0059063307092728,-0.5906330709272822
chronos_t5_512,CPHL,30T,short,12,1.5878959520509202,0.8288399627312042,1.3349406266002084,1.782066476547757,2.00872837438365,2.494826912879944e-05,0.0,0,2681,0.0,Climate,1.369510162917805,0.7148483192029693,2.39592045545578e-05,1.1594627006402305,-15.94627006402305
chronos_bolt_512,CPHL,30T,short,12,1.4391982021923246,0.751223644551271,0.9993688566241032,0.9987381115901673,2.00872837438365,2.451986074447632e-05,0.0,0,2681,0.0,Climate,1.369510162917805,0.7148483192029693,2.39592045545578e-05,1.0508853757799401,-5.088537577994012
chronos_bolt_max,CPHL,30T,short,12,1.4040590147394727,0.732881912033338,0.9908685937638231,0.9818205701074963,2.00872837438365,2.4322420358657837e-05,0.0,0,2681,0.0,Climate,1.369510162917805,0.7148483192029693,2.39592045545578e-05,1.0252271598686495,-2.522715986864954
chronos2_max,CPHL,30T,short,12,1.369510162917805,0.7148483192029693,1.006554438691692,1.0131518380499471,2.00872837438365,2.39592045545578e-05,0.0,0,2681,0.0,Climate,1.369510162917805,0.7148483192029693,2.39592045545578e-05,1.0,0.0
tsrag,CPHL,30T,short,12,1.4154875097258934,0.7388472861161828,0.9887400442597442,0.9776068751227608,2.00872837438365,5.159555381163955,54.52457922883332,0,2681,0.0,Climate,1.369510162917805,0.7148483192029693,2.39592045545578e-05,1.0335721107101035,-3.3572110710103464
bayes_mixture,CPHL,30T,short,12,1.3687206364496922,0.7144362071325526,1.0002581123794234,1.0005162913808472,2.00872837438365,5.159622939303517,0.0,0,2681,0.0,Climate,1.369510162917805,0.7148483192029693,2.39592045545578e-05,0.9994234971820649,0.05765028179350873
chronos_t5_512,CPHL,30T,medium,48,1.8774526326844299,0.9916083289742587,1.2775688464567174,1.6321821574367477,1.4876388063522994,1.6702339053153992e-05,0.0,0,2681,0.0,Climate,1.5182478312316134,0.801888244042546,1.5888363122940063e-05,1.2365916776323842,-23.659167763238422
chronos_bolt_512,CPHL,30T,medium,48,1.5799987435894587,0.8345030317340185,0.9443629133670112,0.8918213121430291,1.4876388063522994,1.730024814605713e-05,0.0,0,2681,0.0,Climate,1.5182478312316134,0.801888244042546,1.5888363122940063e-05,1.0406724851421343,-4.0672485142134285
chronos_bolt_max,CPHL,30T,medium,48,1.5695327782076256,0.8289752552869808,0.9341613766293314,0.8726574775860075,1.4876388063522994,1.704692840576172e-05,0.0,0,2681,0.0,Climate,1.5182478312316134,0.801888244042546,1.5888363122940063e-05,1.0337790352280032,-3.3779035228003185
chronos2_max,CPHL,30T,medium,48,1.5182478312316134,0.801888244042546,0.9574351493573398,0.9166820652249115,1.4876388063522994,1.5888363122940063e-05,0.0,0,2681,0.0,Climate,1.5182478312316134,0.801888244042546,1.5888363122940063e-05,1.0,0.0
tsrag,CPHL,30T,medium,48,1.5831470630507751,0.836165869850818,0.9222880372115266,0.8506152235834904,1.4876388063522994,1.5846600998193026,54.00014859996736,0,2681,0.0,Climate,1.5182478312316134,0.801888244042546,1.5888363122940063e-05,1.0427461383340262,-4.2746138334026185
bayes_mixture,CPHL,30T,medium,48,1.5190785522245214,0.8023270033706273,0.9540224688111745,0.9101588709965684,1.4876388063522994,1.5847203470766544,0.0,0,2681,0.0,Climate,1.5182478312316134,0.801888244042546,1.5888363122940063e-05,1.0005471577010152,-0.054715770101521066
chronos_t5_512,CPHL,30T,long,144,2.2889993375611444,1.0293852060675026,1.2739565152069525,1.6229652026382424,1.6073134698343936,1.4999881386756897e-05,0.0,0,2681,0.0,Climate,1.7964635512898783,0.807887085239443,1.4819204807281494e-05,1.27416965176812,-27.416965176812003
chronos_bolt_512,CPHL,30T,long,144,1.8994332791841426,0.8541935707101145,1.0641249800092798,1.13236197307975,1.6073134698343936,2.3093074560165405e-05,0.0,0,2681,0.0,Climate,1.7964635512898783,0.807887085239443,1.4819204807281494e-05,1.0573180167336715,-5.731801673367154
chronos_bolt_max,CPHL,30T,long,144,1.9159433983126628,0.8616183314352175,1.0327211046263514,1.0665128799406716,1.6073134698343936,1.442059874534607e-05,0.0,0,2681,0.0,Climate,1.7964635512898783,0.807887085239443,1.4819204807281494e-05,1.066508361350831,-6.650836135083105
chronos2_max,CPHL,30T,long,144,1.7964635512898783,0.807887085239443,0.9683303472969411,0.9376636614962145,1.6073134698343936,1.4819204807281494e-05,0.0,0,2681,0.0,Climate,1.7964635512898783,0.807887085239443,1.4819204807281494e-05,1.0,0.0
tsrag,CPHL,30T,long,144,1.9234191583036193,0.8649802532202195,1.0237485670022621,1.048061128439185,1.6073134698343936,1.052486965432763,53.53459993377328,0,2681,0.0,Climate,1.7964635512898783,0.807887085239443,1.4819204807281494e-05,1.0706697371747875,-7.066973717478753
bayes_mixture,CPHL,30T,long,144,1.801844523652365,0.8103069607078666,1.008809262121937,1.017696127343007,1.6073134698343936,1.0525453239679337,0.0,0,2681,0.0,Climate,1.7964635512898783,0.807887085239443,1.4819204807281494e-05,1.00299531396483,-0.2995313964829993
chronos_t5_512,CPHL,H,short,24,1.3127742614077669,0.8439314365725546,0.8811119527808045,0.7763582733332025,0.9459225828742138,1.9671395421028137e-05,0.0,0,2654,0.0,Climate,1.242231586401445,0.7985822986378156,1.841038465499878e-05,1.0567870562772221,-5.678705627722214
chronos_bolt_512,CPHL,H,short,24,1.3220979133087272,0.8499252491983765,0.8274321542368172,0.6846439698649799,0.9459225828742138,2.0580366253852844e-05,0.0,0,2654,0.0,Climate,1.242231586401445,0.7985822986378156,1.841038465499878e-05,1.0642926228744856,-6.429262287448556
chronos_bolt_max,CPHL,H,short,24,1.316102276045098,0.8460708875477784,0.8662887053598273,0.7504561210340057,0.9459225828742138,1.897290349006653e-05,0.0,0,2654,0.0,Climate,1.242231586401445,0.7985822986378156,1.841038465499878e-05,1.0594661176324176,-5.94661176324176
chronos2_max,CPHL,H,short,24,1.242231586401445,0.7985822986378156,0.823487584800338,0.6781318023202939,0.9459225828742138,1.841038465499878e-05,0.0,0,2654,0.0,Climate,1.242231586401445,0.7985822986378156,1.841038465499878e-05,1.0,0.0
tsrag,CPHL,H,short,24,1.2984857081934444,0.8347458822886252,0.8407370619711338,0.7068388073718541,0.9459225828742138,2.2647287361323833,32.220270266756415,0,2654,0.0,Climate,1.242231586401445,0.7985822986378156,1.841038465499878e-05,1.0452847298424917,-4.528472984249166
bayes_mixture,CPHL,H,short,24,1.2540825370178568,0.8062008131627223,0.8289655807338724,0.6871839340414463,0.9459225828742138,2.2647915054112673,0.0,0,2654,0.0,Climate,1.242231586401445,0.7985822986378156,1.841038465499878e-05,1.0095400493323006,-0.9540049332300571
chronos_t5_512,CPHL,H,medium,168,1.9822122736511993,0.8898334391355024,1.0300897695287394,1.0610849332877714,0.6049068284587019,1.4711171388626099e-05,0.0,0,2654,0.0,Climate,1.8356686518765377,0.8240486507551307,1.4171004295349121e-05,1.0798311948209474,-7.983119482094736
chronos_bolt_512,CPHL,H,medium,168,2.0646893674925417,0.9268581700577656,0.8095177280249533,0.6553189519866821,0.6049068284587019,1.5828758478164673e-05,0.0,0,2654,0.0,Climate,1.8356686518765377,0.8240486507551307,1.4171004295349121e-05,1.1247614679162736,-12.476146791627363
chronos_bolt_max,CPHL,H,medium,168,1.9464693816144993,0.8737881240254909,0.8771552998162625,0.7694014199957573,0.6049068284587019,1.3640150427818298e-05,0.0,0,2654,0.0,Climate,1.8356686518765377,0.8240486507551307,1.4171004295349121e-05,1.060359874656406,-6.035987465640602
chronos2_max,CPHL,H,medium,168,1.8356686518765377,0.8240486507551307,0.7463910255879903,0.557099563078292,0.6049068284587019,1.4171004295349121e-05,0.0,0,2654,0.0,Climate,1.8356686518765377,0.8240486507551307,1.4171004295349121e-05,1.0,0.0
tsrag,CPHL,H,medium,168,1.982215666957793,0.8898349624222444,0.7942849764993901,0.6308886238926368,0.6049068284587019,1.1669990923255682,31.5185104906559,0,2654,0.0,Climate,1.8356686518765377,0.8240486507551307,1.4171004295349121e-05,1.0798330433607644,-7.9833043360764355
bayes_mixture,CPHL,H,medium,168,1.877508702278981,0.8428310366973943,0.7796690083872059,0.607883762639489,0.6049068284587019,1.1670580133795738,0.0,0,2654,0.0,Climate,1.8356686518765377,0.8240486507551307,1.4171004295349121e-05,1.0227928119596483,-2.279281195964833
chronos_t5_512,CPHL,H,long,336,2.1150121898179646,0.8378735205215329,1.071603221089336,1.1483334634490403,1.3278778683794659,1.5398487448692322e-05,0.0,0,2654,0.0,Climate,2.139118123635133,0.8474232166084327,1.3539567589759827e-05,0.9887309010424334,1.126909895756656
chronos_bolt_512,CPHL,H,long,336,2.2831392700134323,0.9044779728535579,1.0938032449033464,1.1964055385610899,1.3278778683794659,1.532025635242462e-05,0.0,0,2654,0.0,Climate,2.139118123635133,0.8474232166084327,1.3539567589759827e-05,1.06732734615588,-6.73273461558801
chronos_bolt_max,CPHL,H,long,336,2.1537965293959545,0.853238146455963,0.838506938916045,0.703093886610356,1.3278778683794659,1.445971429347992e-05,0.0,0,2654,0.0,Climate,2.139118123635133,0.8474232166084327,1.3539567589759827e-05,1.0068618958432634,-0.6861895843263355
chronos2_max,CPHL,H,long,336,2.139118123635133,0.8474232166084327,0.7135558023180002,0.509161883021685,1.3278778683794659,1.3539567589759827e-05,0.0,0,2654,0.0,Climate,2.139118123635133,0.8474232166084327,1.3539567589759827e-05,1.0,0.0
tsrag,CPHL,H,long,336,2.221909491047237,0.8802214646829941,1.096561682412918,1.2024475233362495,1.3278778683794659,1.2326939646154642,30.893750060349703,0,2654,0.0,Climate,2.139118123635133,0.8474232166084327,1.3539567589759827e-05,1.0387035042606303,-3.8703504260630295
bayes_mixture,CPHL,H,long,336,2.1359616387568403,0.8461727580483448,0.8567834100413897,0.734077811722152,1.3278778683794659,1.232750065624714,0.0,0,2654,0.0,Climate,2.139118123635133,0.8474232166084327,1.3539567589759827e-05,0.9985243989831993,0.1475601016800665
chronos_t5_512,Coastal_T_S,15T,short,12,1.8291945619295302,1.2632769661902483,1.4485757204072973,2.09837161775352,1.6108624064484944,0.00010002031922340393,0.0,0,21600,0.0,Climate,1.1295659155326603,0.7800999590665647,8.631125092506409e-05,1.6193783264670762,-61.937832646707626
chronos_bolt_512,Coastal_T_S,15T,short,12,1.136896145217425,0.7851623567526148,1.135698731688798,1.2898116091595446,1.6108624064484944,8.822046220302582e-05,0.0,0,21600,0.0,Climate,1.1295659155326603,0.7800999590665647,8.631125092506409e-05,1.006489421807056,-0.6489421807055917
chronos_bolt_max,Coastal_T_S,15T,short,12,1.1376097055054408,0.7856551552195463,1.131899817222922,1.2811971962292843,1.6108624064484944,8.756853640079498e-05,0.0,0,21600,0.0,Climate,1.1295659155326603,0.7800999590665647,8.631125092506409e-05,1.0071211337578183,-0.712113375781831
chronos2_max,Coastal_T_S,15T,short,12,1.1295659155326603,0.7800999590665647,1.1375794160202055,1.294086927752872,1.6108624064484944,8.631125092506409e-05,0.0,0,21600,0.0,Climate,1.1295659155326603,0.7800999590665647,8.631125092506409e-05,1.0,0.0
tsrag,Coastal_T_S,15T,short,12,1.1363915689405535,0.7848138866655479,1.1351497702021078,1.2885650007898983,1.6108624064484944,78.12481969222426,538.7578532677144,0,21600,0.0,Climate,1.1295659155326603,0.7800999590665647,8.631125092506409e-05,1.006042722530871,-0.6042722530871014
bayes_mixture,Coastal_T_S,15T,short,12,1.1298109728821126,0.7802692003880741,1.1354709106854373,1.2892941890128162,1.6108624064484944,78.12501201592386,0.0,0,21600,0.0,Climate,1.1295659155326603,0.7800999590665647,8.631125092506409e-05,1.0002169482507242,-0.021694825072415824
chronos_t5_512,Coastal_T_S,15T,medium,96,2.0195106764381414,1.3911484320204588,1.4370131943145343,2.0650069206340613,1.2834579947320974,2.611987292766571e-05,0.0,0,21600,0.0,Climate,1.2529514317793624,0.863100868964898,2.4160370230674744e-05,1.6118028402506872,-61.18028402506872
chronos_bolt_512,Coastal_T_S,15T,medium,96,1.2821313585804004,0.8832015843952971,1.0688095635688415,1.1423538831762174,1.2834579947320974,3.1946226954460144e-05,0.0,0,21600,0.0,Climate,1.2529514317793624,0.863100868964898,2.4160370230674744e-05,1.0232889528364228,-2.328895283642285
chronos_bolt_max,Coastal_T_S,15T,medium,96,1.2546875781987985,0.8642968207354607,1.0661573169195302,1.1366914244210515,1.2834579947320974,2.4572014808654785e-05,0.0,0,21600,0.0,Climate,1.2529514317793624,0.863100868964898,2.4160370230674744e-05,1.0013856454251946,-0.13856454251945927
chronos2_max,Coastal_T_S,15T,medium,96,1.2529514317793624,0.863100868964898,1.0703285679465226,1.1456032433624541,1.2834579947320974,2.4160370230674744e-05,0.0,0,21600,0.0,Climate,1.2529514317793624,0.863100868964898,2.4160370230674744e-05,1.0,0.0
tsrag,Coastal_T_S,15T,medium,96,1.2851005296831102,0.8852469104102207,1.0728252460161742,1.1509540084896648,1.2834579947320974,25.401357108727098,534.2957327663898,0,21600,0.0,Climate,1.2529514317793624,0.863100868964898,2.4160370230674744e-05,1.0256586944141095,-2.5658694414109506
bayes_mixture,Coastal_T_S,15T,medium,96,1.262371616055495,0.8695900025644286,1.0719301572379096,1.1490342619960898,1.2834579947320974,25.401502072811127,0.0,0,21600,0.0,Climate,1.2529514317793624,0.863100868964898,2.4160370230674744e-05,1.0075183953960247,-0.7518395396024724
chronos_t5_512,Coastal_T_S,15T,long,288,2.3497477645781117,1.4745785735393617,1.6818149994510578,2.8285016923785617,1.3306993853637727,1.9546598196029663e-05,0.0,0,21600,0.0,Climate,1.3934309680427852,0.8744442617018597,1.849234104156494e-05,1.6863036766568855,-68.63036766568855
chronos_bolt_512,Coastal_T_S,15T,long,288,1.4120581636349172,0.8861337136163788,1.0731986635852262,1.1517553715211157,1.3306993853637727,1.960061490535736e-05,0.0,0,21600,0.0,Climate,1.3934309680427852,0.8744442617018597,1.849234104156494e-05,1.013367863941115,-1.3367863941115
chronos_bolt_max,Coastal_T_S,15T,long,288,1.3758704254220318,0.8634241853010478,1.0563493057927515,1.115873855848828,1.3306993853637727,1.931004226207733e-05,0.0,0,21600,0.0,Climate,1.3934309680427852,0.8744442617018597,1.849234104156494e-05,0.9873976228291962,1.2602377170803813
chronos2_max,Coastal_T_S,15T,long,288,1.3934309680427852,0.8744442617018597,1.0874675165620515,1.182585599577636,1.3306993853637727,1.849234104156494e-05,0.0,0,21600,0.0,Climate,1.3934309680427852,0.8744442617018597,1.849234104156494e-05,1.0,0.0
tsrag,Coastal_T_S,15T,long,288,1.4192359147492066,0.8906380941115465,1.0867361806419862,1.1809955263163314,1.3306993853637727,23.371841322630644,530.0072701852769,0,21600,0.0,Climate,1.3934309680427852,0.8744442617018597,1.849234104156494e-05,1.0185189990019148,-1.8518999001914782
bayes_mixture,Coastal_T_S,15T,long,288,1.3948627482081786,0.8753427719103742,1.0823275221102584,1.1714328651173318,1.3306993853637727,23.37197078578174,0.0,0,21600,0.0,Climate,1.3934309680427852,0.8744442617018597,1.849234104156494e-05,1.001027521418879,-0.10275214188790738
chronos_t5_512,Coastal_T_S,20T,short,9,0.7522737207678966,0.588522405476981,0.6676846752740354,0.44580282559579415,1.391596656960766,3.2572075724601746e-05,0.0,0,3240,0.0,Climate,0.45098831808800305,0.35281935614106075,2.9170885682106018e-05,1.6680558910200032,-66.80558910200031
chronos_bolt_512,Coastal_T_S,20T,short,9,0.6343437606286298,0.49626287027997856,0.5674368675085211,0.3219845986078829,1.391596656960766,0.00011625885963439941,0.0,0,3240,0.0,Climate,0.45098831808800305,0.35281935614106075,2.9170885682106018e-05,1.4065636185832378,-40.65636185832378
chronos_bolt_max,Coastal_T_S,20T,short,9,0.6111656872978505,0.47813008816308095,0.5266911393309351,0.2774035562497185,1.391596656960766,3.061257302761078e-05,0.0,0,3240,0.0,Climate,0.45098831808800305,0.35281935614106075,2.9170885682106018e-05,1.3551696635711779,-35.51696635711779
chronos2_max,Coastal_T_S,20T,short,9,0.45098831808800305,0.35281935614106075,0.39936239597759887,0.15949032332096846,1.391596656960766,2.9170885682106018e-05,0.0,0,3240,0.0,Climate,0.45098831808800305,0.35281935614106075,2.9170885682106018e-05,1.0,0.0
tsrag,Coastal_T_S,20T,short,9,0.6438058656911906,0.5036653099486271,0.5577322712529441,0.3110652863969677,1.391596656960766,6.963049806654453,40.99975968524814,0,3240,0.0,Climate,0.45098831808800305,0.35281935614106075,2.9170885682106018e-05,1.427544439334152,-42.75444393341521
bayes_mixture,Coastal_T_S,20T,short,9,0.4724283685105311,0.3695924397938221,0.42727320993851786,0.18256239593116477,1.391596656960766,6.963125726208091,0.0,0,3240,0.0,Climate,0.45098831808800305,0.35281935614106075,2.9170885682106018e-05,1.0475401458588212,-4.754014585882116
chronos_t5_512,Coastal_T_S,20T,medium,72,1.4847646269150339,1.157466836696678,0.7622087109729029,0.5809621190829741,0.8089647179022766,1.783110201358795e-05,0.0,0,3240,0.0,Climate,1.0186017399878884,0.7940637273176242,2.1342188119888306e-05,1.457649804262742,-45.76498042627419
chronos_bolt_512,Coastal_T_S,20T,medium,72,1.8926341276334195,1.4754266077093123,0.725110078670976,0.5257846261902289,0.8089647179022766,1.7512589693069458e-05,0.0,0,3240,0.0,Climate,1.0186017399878884,0.7940637273176242,2.1342188119888306e-05,1.8580707781393775,-85.80707781393775
chronos_bolt_max,Coastal_T_S,20T,medium,72,1.7547628129002864,1.3679472997822761,0.7389592289151671,0.5460607419988983,0.8089647179022766,1.670047640800476e-05,0.0,0,3240,0.0,Climate,1.0186017399878884,0.7940637273176242,2.1342188119888306e-05,1.7227172740949286,-72.27172740949285
chronos2_max,Coastal_T_S,20T,medium,72,1.0186017399878884,0.7940637273176242,0.6655677499714245,0.4429804298020246,0.8089647179022766,2.1342188119888306e-05,0.0,0,3240,0.0,Climate,1.0186017399878884,0.7940637273176242,2.1342188119888306e-05,1.0,0.0
tsrag,Coastal_T_S,20T,medium,72,1.934200440721779,1.5078301469985604,0.8109135520455437,0.6575807888911208,0.8089647179022766,2.360983991995454,40.07444527000189,0,3240,0.0,Climate,1.0186017399878884,0.7940637273176242,2.1342188119888306e-05,1.8988780057893653,-89.88780057893652
bayes_mixture,Coastal_T_S,20T,medium,72,1.0190669528392544,0.7944263898148983,0.6603911207114772,0.4361164323145609,0.8089647179022766,2.361052993685007,0.0,0,3240,0.0,Climate,1.0186017399878884,0.7940637273176242,2.1342188119888306e-05,1.0004567171182837,-0.0456717118283656
chronos_t5_512,Coastal_T_S,20T,long,216,2.2941668398362793,1.2483323880256396,0.8400787017876873,0.705732225197286,1.7356310305571765,1.4971941709518433e-05,0.0,0,3240,0.0,Climate,1.6549054876483558,0.9004890505261754,1.3787299394607544e-05,1.3862826952712104,-38.62826952712104
chronos_bolt_512,Coastal_T_S,20T,long,216,2.5405633663719995,1.3824049232182016,1.1333050352237253,1.284380302863449,1.7356310305571765,1.4938414096832275e-05,0.0,0,3240,0.0,Climate,1.6549054876483558,0.9004890505261754,1.3787299394607544e-05,1.5351712743319115,-53.51712743319115
chronos_bolt_max,Coastal_T_S,20T,long,216,2.370452159975281,1.289841764853358,1.2342614465608033,1.5234013184663666,1.7356310305571765,1.4640390872955322e-05,0.0,0,3240,0.0,Climate,1.6549054876483558,0.9004890505261754,1.3787299394607544e-05,1.432379176736991,-43.23791767369911
chronos2_max,Coastal_T_S,20T,long,216,1.6549054876483558,0.9004890505261754,1.3634452295777586,1.8589828940583466,1.7356310305571765,1.3787299394607544e-05,0.0,0,3240,0.0,Climate,1.6549054876483558,0.9004890505261754,1.3787299394607544e-05,1.0,0.0
tsrag,Coastal_T_S,20T,long,216,2.427741140268428,1.3210146021270421,0.8769274169301082,0.7690016945637119,1.7356310305571765,1.796773361042142,39.270997965708375,0,3240,0.0,Climate,1.6549054876483558,0.9004890505261754,1.3787299394607544e-05,1.4669968517164584,-46.69968517164585
bayes_mixture,Coastal_T_S,20T,long,216,1.5527600901048397,0.8449083465306346,1.1564366284484375,1.3373456756171893,1.7356310305571765,1.796833610162139,0.0,0,3240,0.0,Climate,1.6549054876483558,0.9004890505261754,1.3787299394607544e-05,0.9382772017460247,6.172279825397531
chronos_t5_512,Coastal_T_S,H,short,24,1.6952252028609516,1.4069007762961814,2.1104483750838137,4.453992343893909,2.6970812724109106,9.524263441562653e-05,0.0,0,48384,0.0,Climate,0.9169079063510758,0.7609599261858339,9.396113455295563e-05,1.8488500220346722,-84.88500220346722
chronos_bolt_512,Coastal_T_S,H,short,24,0.9901406498045846,0.8217372219935883,1.5256944223707847,2.3277434704533224,2.6970812724109106,9.481050074100494e-05,0.0,0,48384,0.0,Climate,0.9169079063510758,0.7609599261858339,9.396113455295563e-05,1.079869246350973,-7.986924635097292
chronos_bolt_max,Coastal_T_S,H,short,24,0.9819445754980096,0.8149351385388113,1.5453785426098658,2.388194839958993,2.6970812724109106,9.595043957233429e-05,0.0,0,48384,0.0,Climate,0.9169079063510758,0.7609599261858339,9.396113455295563e-05,1.07093042681435,-7.093042681435002
chronos2_max,Coastal_T_S,H,short,24,0.9169079063510758,0.7609599261858339,1.5212659283904557,2.3142500248816753,2.6970812724109106,9.396113455295563e-05,0.0,0,48384,0.0,Climate,0.9169079063510758,0.7609599261858339,9.396113455295563e-05,1.0,0.0
tsrag,Coastal_T_S,H,short,24,0.9900304575190623,0.8216457712460525,1.523340719934405,2.3205669490102707,2.6970812724109106,113.9927367977798,624.7582160793245,0,48384,0.0,Climate,0.9169079063510758,0.7609599261858339,9.396113455295563e-05,1.0797490682122972,-7.974906821229721
bayes_mixture,Coastal_T_S,H,short,24,0.9208440909282691,0.7642266432733055,1.5158213624297128,2.2977144027982708,2.6970812724109106,113.99305198341608,0.0,0,48384,0.0,Climate,0.9169079063510758,0.7609599261858339,9.396113455295563e-05,1.0042928897765293,-0.4292889776529307
chronos_t5_512,Coastal_T_S,H,medium,168,2.6362521997990704,1.282848208545313,2.2185180345725386,4.921822269723599,3.0797064254343613,2.8660520911216736e-05,0.0,0,48384,0.0,Climate,1.621760770730577,0.7891782506921592,2.6050955057144165e-05,1.6255493703991135,-62.55493703991135
chronos_bolt_512,Coastal_T_S,H,medium,168,1.9054979871112405,0.9272499343343049,1.7835896505483178,3.1811920415430706,3.0797064254343613,2.8058886528015137e-05,0.0,0,48384,0.0,Climate,1.621760770730577,0.7891782506921592,2.6050955057144165e-05,1.174956270679087,-17.495627067908703
chronos_bolt_max,Coastal_T_S,H,medium,168,1.744121568445221,0.8487212375719313,1.5067842447478743,2.2703987602204223,3.0797064254343613,2.7041882276535034e-05,0.0,0,48384,0.0,Climate,1.621760770730577,0.7891782506921592,2.6050955057144165e-05,1.075449351052882,-7.544935105288197
chronos2_max,Coastal_T_S,H,medium,168,1.621760770730577,0.7891782506921592,1.6197800923856889,2.6236875476889905,3.0797064254343613,2.6050955057144165e-05,0.0,0,48384,0.0,Climate,1.621760770730577,0.7891782506921592,2.6050955057144165e-05,1.0,0.0
tsrag,Coastal_T_S,H,medium,168,1.896233510719802,0.9227416718309022,1.7021491869709158,2.8973118547057495,3.0797064254343613,67.09106176160276,609.3450396489352,0,48384,0.0,Climate,1.621760770730577,0.7891782506921592,2.6050955057144165e-05,1.1692436670949806,-16.924366709498063
bayes_mixture,Coastal_T_S,H,medium,168,1.6570891417957698,0.8063696778004081,1.5811359585319384,2.499990919362712,3.0797064254343613,67.09131864644587,0.0,0,48384,0.0,Climate,1.621760770730577,0.7891782506921592,2.6050955057144165e-05,1.021783959572088,-2.1783959572087896
chronos_t5_512,Coastal_T_S,H,long,336,3.4886252129214403,1.3180467398850004,4.0094389849536345,16.075600974066028,9.314770885075767,2.251937985420227e-05,0.0,0,48384,0.0,Climate,2.317675042511819,0.8756469518654262,2.2100284695625305e-05,1.5052262068372557,-50.52262068372557
chronos_bolt_512,Coastal_T_S,H,long,336,2.619501013608624,0.9896806221328109,3.2860215560837513,10.797937667047078,9.314770885075767,2.2338703274726868e-05,0.0,0,48384,0.0,Climate,2.317675042511819,0.8756469518654262,2.2100284695625305e-05,1.1302279075196393,-13.022790751963932
chronos_bolt_max,Coastal_T_S,H,long,336,2.403046401752879,0.9079013314159889,3.082862745184153,9.504042705644373,9.314770885075767,2.2429972887039185e-05,0.0,0,48384,0.0,Climate,2.317675042511819,0.8756469518654262,2.2100284695625305e-05,1.0368349132967916,-3.683491329679156
chronos2_max,Coastal_T_S,H,long,336,2.317675042511819,0.8756469518654262,3.4365983027615967,11.810207894543888,9.314770885075767,2.2100284695625305e-05,0.0,0,48384,0.0,Climate,2.317675042511819,0.8756469518654262,2.2100284695625305e-05,1.0,0.0
tsrag,Coastal_T_S,H,long,336,2.6244291442094987,0.9915425322193837,3.2871737037976687,10.805510958938884,9.314770885075767,67.85439549386501,594.3536326773465,0,48384,0.0,Climate,2.317675042511819,0.8756469518654262,2.2100284695625305e-05,1.1323542326128817,-13.23542326128817
bayes_mixture,Coastal_T_S,H,long,336,2.3810606609679223,0.8995948404067979,3.3008750643404925,10.89577619038485,9.314770885075767,67.85463571734726,0.0,0,48384,0.0,Climate,2.317675042511819,0.8756469518654262,2.2100284695625305e-05,1.0273487945002886,-2.73487945002886
chronos_t5_512,SG_Weather,D,short,3,0.9090838083016374,0.8504363163265201,0.6387862527491723,0.40804787670132947,0.6515856757834457,0.00013331323862075806,0.0,0,8492,0.0,Climate,0.8502706466728596,0.7954173532008473,0.00014045089483261108,1.0691699306084668,-6.916993060846677
chronos_bolt_512,SG_Weather,D,short,3,0.8801712530547406,0.8233889893856806,0.5642707650950748,0.3184014963409811,0.6515856757834457,0.00014374218881130219,0.0,0,8492,0.0,Climate,0.8502706466728596,0.7954173532008473,0.00014045089483261108,1.035165986852402,-3.516598685240191
chronos_bolt_max,SG_Weather,D,short,3,0.8705035534727462,0.8143449796422634,0.5605906107329273,0.31426183284191633,0.6515856757834457,0.00012727081775665283,0.0,0,8492,0.0,Climate,0.8502706466728596,0.7954173532008473,0.00014045089483261108,1.0237958429813598,-2.379584298135984
chronos2_max,SG_Weather,D,short,3,0.8502706466728596,0.7954173532008473,0.5680700738679066,0.3227036088242889,0.6515856757834457,0.00014045089483261108,0.0,0,8492,0.0,Climate,0.8502706466728596,0.7954173532008473,0.00014045089483261108,1.0,0.0
tsrag,SG_Weather,D,short,3,0.8704025464125195,0.8142504888247637,0.5608685687123697,0.3145735513694622,0.6515856757834457,65.99797520413995,114.7037286683917,0,8492,0.0,Climate,0.8502706466728596,0.7954173532008473,0.00014045089483261108,1.0236770489707445,-2.367704897074452
bayes_mixture,SG_Weather,D,short,3,0.8546955644679303,0.7995568074022348,0.5620035576510422,0.3158479988124282,0.6515856757834457,65.99818258173764,0.0,0,8492,0.0,Climate,0.8502706466728596,0.7954173532008473,0.00014045089483261108,1.0052041286058568,-0.5204128605856839
chronos_t5_512,SG_Weather,D,medium,7,0.958510513703003,0.8120877811636098,0.5406878515698886,0.29234335283526197,0.6201815357152103,6.983987987041473e-05,0.0,0,8444,0.0,Climate,0.8849706053444711,0.7497818803392814,7.377006113529205e-05,1.0830987017132696,-8.30987017132696
chronos_bolt_512,SG_Weather,D,medium,7,0.9248183233385157,0.7835424332258653,0.4829329445219032,0.23322422890459565,0.6201815357152103,7.067061960697174e-05,0.0,0,8444,0.0,Climate,0.8849706053444711,0.7497818803392814,7.377006113529205e-05,1.0450271655955554,-4.502716559555542
chronos_bolt_max,SG_Weather,D,medium,7,0.9119706600002427,0.7726573878723118,0.4785226952275493,0.22898396984783803,0.6201815357152103,6.482377648353577e-05,0.0,0,8444,0.0,Climate,0.8849706053444711,0.7497818803392814,7.377006113529205e-05,1.0305095496875423,-3.050954968754227
chronos2_max,SG_Weather,D,medium,7,0.8849706053444711,0.7497818803392814,0.474334919528338,0.2249936158839549,0.6201815357152103,7.377006113529205e-05,0.0,0,8444,0.0,Climate,0.8849706053444711,0.7497818803392814,7.377006113529205e-05,1.0,0.0
tsrag,SG_Weather,D,medium,7,0.9118072965585334,0.7725189799435469,0.47837974372127406,0.22884717920283187,0.6201815357152103,28.896987745538354,111.66088616289198,0,8444,0.0,Climate,0.8849706053444711,0.7497818803392814,7.377006113529205e-05,1.0303249520967042,-3.032495209670416
bayes_mixture,SG_Weather,D,medium,7,0.8920178859273481,0.7557526134402427,0.4730374890616759,0.22376446605777514,0.6201815357152103,28.897131975740194,0.0,0,8444,0.0,Climate,0.8849706053444711,0.7497818803392814,7.377006113529205e-05,1.0079632934024219,-0.7963293402421856
chronos_t5_512,SG_Weather,D,long,14,0.9630209681337293,0.8107542758597069,0.4753274272322089,0.22593616307919082,0.5518559441190071,4.645250737667084e-05,0.0,0,8444,0.0,Climate,0.898750714382442,0.7566460219756559,4.248134791851044e-05,1.0715106566512709,-7.151065665127088
chronos_bolt_512,SG_Weather,D,long,14,0.9427817088408397,0.7937151182972884,0.4269751469182531,0.18230777608586385,0.5518559441190071,4.562176764011383e-05,0.0,0,8444,0.0,Climate,0.898750714382442,0.7566460219756559,4.248134791851044e-05,1.0489913318051187,-4.899133180511872
chronos_bolt_max,SG_Weather,D,long,14,0.9297402102509469,0.7827356577297115,0.40902170023827783,0.1672987512658116,0.5518559441190071,4.161149263381958e-05,0.0,0,8444,0.0,Climate,0.898750714382442,0.7566460219756559,4.248134791851044e-05,1.0344806355895901,-3.4480635589590136
chronos2_max,SG_Weather,D,long,14,0.898750714382442,0.7566460219756559,0.40121266011918644,0.1609715986399138,0.5518559441190071,4.248134791851044e-05,0.0,0,8444,0.0,Climate,0.898750714382442,0.7566460219756559,4.248134791851044e-05,1.0,0.0
tsrag,SG_Weather,D,long,14,0.929817743697906,0.7828009320858516,0.40893706257579565,0.16722952114812023,0.5518559441190071,15.507982861250639,109.78688558191061,0,8444,0.0,Climate,0.898750714382442,0.7566460219756559,4.248134791851044e-05,1.0345669036122114,-3.4566903612211375
bayes_mixture,SG_Weather,D,long,14,0.9063268300032946,0.7630242508380214,0.4001729175651127,0.16013836395257447,0.5518559441190071,15.508092043921351,0.0,0,8444,0.0,Climate,0.898750714382442,0.7566460219756559,4.248134791851044e-05,1.0084296073422967,-0.8429607342296697
chronos_t5_512,SG_PM25,H,short,24,0.9202222885378254,0.7851676557371856,0.4526102329389906,0.20485602296108735,0.2568254349370439,4.182010889053345e-05,0.0,0,11040,0.0,Climate,0.8815383689175124,0.7521611062748071,3.478117287158966e-05,1.0438822869024011,-4.388228690240115
chronos_bolt_512,SG_PM25,H,short,24,0.8940392461885057,0.7628273166283076,0.4754436652694875,0.22604667884488447,0.2568254349370439,3.967992961406708e-05,0.0,0,11040,0.0,Climate,0.8815383689175124,0.7521611062748071,3.478117287158966e-05,1.0141807523209045,-1.4180752320904544
chronos_bolt_max,SG_PM25,H,short,24,0.9000802175033318,0.76798169654794,0.48510197291938995,0.23532392413028452,0.2568254349370439,3.4362077713012695e-05,0.0,0,11040,0.0,Climate,0.8815383689175124,0.7521611062748071,3.478117287158966e-05,1.0210335128221224,-2.10335128221224
chronos2_max,SG_PM25,H,short,24,0.8815383689175124,0.7521611062748071,0.43495993324308296,0.1891901435268272,0.2568254349370439,3.478117287158966e-05,0.0,0,11040,0.0,Climate,0.8815383689175124,0.7521611062748071,3.478117287158966e-05,1.0,0.0
tsrag,SG_PM25,H,short,24,0.9006714042991646,0.7684861189645329,0.4822866719593552,0.23260043394963067,0.2568254349370439,16.378008108586073,357.2898633182049,0,11040,0.0,Climate,0.8815383689175124,0.7521611062748071,3.478117287158966e-05,1.021704143638293,-2.1704143638292983
bayes_mixture,SG_PM25,H,short,24,0.8820071142401716,0.7525610571026826,0.4483371436531076,0.20100619437902725,0.2568254349370439,16.37811537273228,0.0,0,11040,0.0,Climate,0.8815383689175124,0.7521611062748071,3.478117287158966e-05,1.0005317355876806,-0.0531735587680604
chronos_t5_512,SG_PM25,H,medium,72,0.9535550159428844,0.8045241843315897,0.40411789955142374,0.1633112767378546,0.20283745879242823,2.4827197194099426e-05,0.0,0,10800,0.0,Climate,0.9340346289519228,0.7880546328540471,2.1470710635185242e-05,1.0208989970884328,-2.089899708843279
chronos_bolt_512,SG_PM25,H,medium,72,0.9461680297355372,0.798291708015309,0.46305863631595157,0.21442330066678872,0.20283745879242823,2.88989394903183e-05,0.0,0,10800,0.0,Climate,0.9340346289519228,0.7880546328540471,2.1470710635185242e-05,1.012990311501865,-1.2990311501865026
chronos_bolt_max,SG_PM25,H,medium,72,0.9729665091471766,0.8209018610001972,0.46533561142663354,0.21653723126179888,0.20283745879242823,2.008862793445587e-05,0.0,0,10800,0.0,Climate,0.9340346289519228,0.7880546328540471,2.1470710635185242e-05,1.0416814098626506,-4.1681409862650565
chronos2_max,SG_PM25,H,medium,72,0.9340346289519228,0.7880546328540471,0.42577501437337933,0.18128436286465138,0.20283745879242823,2.1470710635185242e-05,0.0,0,10800,0.0,Climate,0.9340346289519228,0.7880546328540471,2.1470710635185242e-05,1.0,0.0
tsrag,SG_PM25,H,medium,72,0.9708963868543693,0.8191552775086923,0.4629738639657653,0.21434479871539092,0.20283745879242823,7.767181055620313,356.2347926311195,0,10800,0.0,Climate,0.9340346289519228,0.7880546328540471,2.1470710635185242e-05,1.0394650870105415,-3.946508701054152
bayes_mixture,SG_PM25,H,medium,72,0.9348598060077206,0.7887508432316815,0.4306390642545587,0.18545000366204198,0.20283745879242823,7.767274966463447,0.0,0,10800,0.0,Climate,0.9340346289519228,0.7880546328540471,2.1470710635185242e-05,1.000883454456848,-0.08834544568478986
chronos_t5_512,SG_PM25,H,long,168,1.0018212926282097,0.7760176871378249,0.3044565076626246,0.09269376505812178,0.12490674689861864,2.321973443031311e-05,0.0,0,10920,0.0,Climate,0.9632786136560978,0.7461622620114856,1.988932490348816e-05,1.040011974132618,-4.001197413261792
chronos_bolt_512,SG_PM25,H,long,168,0.9665043736655243,0.7486609579767209,0.30440591215751456,0.09266295935644846,0.12490674689861864,2.3271888494491577e-05,0.0,0,10920,0.0,Climate,0.9632786136560978,0.7461622620114856,1.988932490348816e-05,1.0033487300181858,-0.3348730018185808
chronos_bolt_max,SG_PM25,H,long,168,0.9862905912465224,0.7639874986655603,0.3027029620866387,0.09162908325602502,0.12490674689861864,1.907162368297577e-05,0.0,0,10920,0.0,Climate,0.9632786136560978,0.7461622620114856,1.988932490348816e-05,1.0238892229768117,-2.388922297681173
chronos2_max,SG_PM25,H,long,168,0.9632786136560978,0.7461622620114856,0.3082607402634807,0.09502468398778911,0.12490674689861864,1.988932490348816e-05,0.0,0,10920,0.0,Climate,0.9632786136560978,0.7461622620114856,1.988932490348816e-05,1.0,0.0
tsrag,SG_PM25,H,long,168,0.9913818533195297,0.7679312254036321,0.30842431517663493,0.09512555819217623,0.12490674689861864,4.805532429367304,355.47625259682536,0,10920,0.0,Climate,0.9632786136560978,0.7461622620114856,1.988932490348816e-05,1.029174570332011,-2.9174570332010985
bayes_mixture,SG_PM25,H,long,168,0.9627914712852604,0.74578491816912,0.30202364905060364,0.0912182845858422,0.12490674689861864,4.8056231793016195,0.0,0,10920,0.0,Climate,0.9632786136560978,0.7461622620114856,1.988932490348816e-05,0.9994942871523033,0.05057128476967376
chronos_t5_512,NE_China_Wind,H,short,24,0.5206749448748632,0.6256549316129245,0.38049385312538436,0.14477557226620158,0.39953287968674783,2.2761523723602295e-05,0.0,0,2880,0.0,Climate,0.504153004824227,0.6058017902735078,2.0291656255722046e-05,1.0327716782257335,-3.277167822573346
chronos_bolt_512,NE_China_Wind,H,short,24,0.5380960735993562,0.6465885586445885,0.4032132973064662,0.16258096312475273,0.39953287968674783,2.4721026420593262e-05,0.0,0,2880,0.0,Climate,0.504153004824227,0.6058017902735078,2.0291656255722046e-05,1.0673269195072306,-6.732691950723058
chronos_bolt_max,NE_China_Wind,H,short,24,0.5332655848362043,0.6407841327805917,0.40494142443183145,0.16397755722088067,0.39953287968674783,1.9121915102005005e-05,0.0,0,2880,0.0,Climate,0.504153004824227,0.6058017902735078,2.0291656255722046e-05,1.057745525135028,-5.774552513502806
chronos2_max,NE_China_Wind,H,short,24,0.504153004824227,0.6058017902735078,0.3774551421749695,0.14247238435432644,0.39953287968674783,2.0291656255722046e-05,0.0,0,2880,0.0,Climate,0.504153004824227,0.6058017902735078,2.0291656255722046e-05,1.0,0.0
tsrag,NE_China_Wind,H,short,24,0.5307497370347936,0.6377610324765843,0.389193637084702,0.15147168714721873,0.39953287968674783,2.7753774281591177,58.117945458739996,0,2880,0.0,Climate,0.504153004824227,0.6058017902735078,2.0291656255722046e-05,1.0527552785683376,-5.275527856833762
bayes_mixture,NE_China_Wind,H,short,24,0.5052711813530525,0.6071454167847501,0.37883452573490584,0.14351559788879104,0.39953287968674783,2.7754492107778788,0.0,0,2880,0.0,Climate,0.504153004824227,0.6058017902735078,2.0291656255722046e-05,1.002217930902178,-0.22179309021779225
chronos_t5_512,NE_China_Wind,H,medium,72,0.9529112496723725,0.8722321647076384,0.6360553115967774,0.40456635941047364,0.5857512612541707,2.14502215385437e-05,0.0,0,2880,0.0,Climate,0.8980169729633257,0.8219855611331144,1.595914363861084e-05,1.0611283287084248,-6.112832870842477
chronos_bolt_512,NE_China_Wind,H,medium,72,0.8916937176562261,0.8161976699035725,0.6127826045377722,0.3755025204240957,0.5857512612541707,2.1789222955703735e-05,0.0,0,2880,0.0,Climate,0.8980169729633257,0.8219855611331144,1.595914363861084e-05,0.9929586461086211,0.7041353891378943
chronos_bolt_max,NE_China_Wind,H,medium,72,0.9416772869144727,0.861949335474657,0.6704649418343095,0.44952323822888396,0.5857512612541707,1.7430633306503296e-05,0.0,0,2880,0.0,Climate,0.8980169729633257,0.8219855611331144,1.595914363861084e-05,1.0486185843537839,-4.861858435378386
chronos2_max,NE_China_Wind,H,medium,72,0.8980169729633257,0.8219855611331144,0.6022037656184615,0.3626493753250548,0.5857512612541707,1.595914363861084e-05,0.0,0,2880,0.0,Climate,0.8980169729633257,0.8219855611331144,1.595914363861084e-05,1.0,0.0
tsrag,NE_China_Wind,H,medium,72,0.8902217150471989,0.8148502957146662,0.6327169818862011,0.40033077916718335,0.5857512612541707,2.3281568605452776,57.74749925546348,0,2880,0.0,Climate,0.8980169729633257,0.8219855611331144,1.595914363861084e-05,0.9913194759666919,0.8680524033308101
bayes_mixture,NE_China_Wind,H,medium,72,0.8806733880172868,0.806110386350074,0.6115286260481985,0.3739672604763974,0.5857512612541707,2.328215392306447,0.0,0,2880,0.0,Climate,0.8980169729633257,0.8219855611331144,1.595914363861084e-05,0.9806867960537454,1.9313203946254576
chronos_t5_512,NE_China_Wind,H,long,168,1.1461175482576544,0.861048457841826,0.587513618855522,0.3451722523407116,0.6787319478156216,1.878105103969574e-05,0.0,0,2688,0.0,Climate,1.1842643598823355,0.889707170354297,1.4780089259147644e-05,0.9677886011629437,3.221139883705626
chronos_bolt_512,NE_China_Wind,H,long,168,1.0639248023680525,0.7992991746189879,0.5466045573544153,0.2987765421206162,0.6787319478156216,2.7010217308998108e-05,0.0,0,2688,0.0,Climate,1.1842643598823355,0.889707170354297,1.4780089259147644e-05,0.898384548593323,10.161545140667705
chronos_bolt_max,NE_China_Wind,H,long,168,1.2605794159420194,0.947040697295053,0.8161876447941399,0.666162271514605,0.6787319478156216,1.5052035450935364e-05,0.0,0,2688,0.0,Climate,1.1842643598823355,0.889707170354297,1.4780089259147644e-05,1.0644408956689926,-6.444089566899258
chronos2_max,NE_China_Wind,H,long,168,1.1842643598823355,0.889707170354297,0.7353621524615203,0.5407574952728402,0.6787319478156216,1.4780089259147644e-05,0.0,0,2688,0.0,Climate,1.1842643598823355,0.889707170354297,1.4780089259147644e-05,1.0,0.0
tsrag,NE_China_Wind,H,long,168,1.1188140251289174,0.8405360274027429,0.5319464796761643,0.2829670572398638,0.6787319478156216,1.6892993561923504,56.45822196826339,0,2688,0.0,Climate,1.1842643598823355,0.889707170354297,1.4780089259147644e-05,0.9447333408227188,5.526665917728124
bayes_mixture,NE_China_Wind,H,long,168,1.1390677504700455,0.855752127179805,0.6052137637403476,0.36628369982075726,0.6787319478156216,1.689355356618762,0.0,0,2688,0.0,Climate,1.1842643598823355,0.889707170354297,1.4780089259147644e-05,0.9618357092019719,3.8164290798028078
chronos_t5_512,Australia_Solar,H,short,24,3.350774106177481,2.712147986278523,2.2281580125735005,4.964688128995492,0.9323109223171446,3.130920231342316e-05,0.0,0,6271,0.0,Climate,1.0930296139173517,0.8847084203209842,2.886168658733368e-05,3.065584009355895,-206.5584009355895
chronos_bolt_512,Australia_Solar,H,short,24,1.1014037065918758,0.8914864894669314,0.835657216452039,0.6983229834083701,0.9323109223171446,3.3291056752204895e-05,0.0,0,6271,0.0,Climate,1.0930296139173517,0.8847084203209842,2.886168658733368e-05,1.0076613593702297,-0.7661359370229714
chronos_bolt_max,Australia_Solar,H,short,24,1.1027190648704128,0.892551152793472,0.8258981161013979,0.682107698179838,0.9323109223171446,2.9528513550758362e-05,0.0,0,6271,0.0,Climate,1.0930296139173517,0.8847084203209842,2.886168658733368e-05,1.0088647652631613,-0.8864765263161267
chronos2_max,Australia_Solar,H,short,24,1.0930296139173517,0.8847084203209842,0.8071971793579538,0.6515672863634365,0.9323109223171446,2.886168658733368e-05,0.0,0,6271,0.0,Climate,1.0930296139173517,0.8847084203209842,2.886168658733368e-05,1.0,0.0
tsrag,Australia_Solar,H,short,24,1.1125118967656111,0.9004775627700684,0.8454112170615157,0.7147201259334333,0.9323109223171446,8.758774317800999,200.11236957646906,0,6271,0.0,Climate,1.0930296139173517,0.8847084203209842,2.886168658733368e-05,1.0178241125402232,-1.7824112540223203
bayes_mixture,Australia_Solar,H,short,24,1.0423707384876677,0.8437046514514409,0.8084739120372224,0.6536300664447705,0.9323109223171446,8.758863100782037,0.0,0,6271,0.0,Climate,1.0930296139173517,0.8847084203209842,2.886168658733368e-05,0.9536527878250932,4.634721217490679
chronos_t5_512,Australia_Solar,H,medium,72,3.921407662921664,2.885520873951326,2.548009495315469,6.492352388217791,0.6875907422688505,2.5328248739242554e-05,0.0,0,6271,0.0,Climate,1.2043388950246037,0.8861983551885536,2.067163586616516e-05,3.2560666097573416,-225.60666097573417
chronos_bolt_512,Australia_Solar,H,medium,72,1.2044003048193626,0.886243542850708,0.6487095369480802,0.4208240633273926,0.6875907422688505,2.3700296878814697e-05,0.0,0,6271,0.0,Climate,1.2043388950246037,0.8861983551885536,2.067163586616516e-05,1.0000509904604198,-0.005099046041978639
chronos_bolt_max,Australia_Solar,H,medium,72,1.1872985525551225,0.8736594232229001,0.6483106105803038,0.4203066477910064,0.6875907422688505,2.1070241928100586e-05,0.0,0,6271,0.0,Climate,1.2043388950246037,0.8861983551885536,2.067163586616516e-05,0.9858508742515262,1.4149125748473823
chronos2_max,Australia_Solar,H,medium,72,1.2043388950246037,0.8861983551885536,0.6532500113125126,0.4267355772797978,0.6875907422688505,2.067163586616516e-05,0.0,0,6271,0.0,Climate,1.2043388950246037,0.8861983551885536,2.067163586616516e-05,1.0,0.0
tsrag,Australia_Solar,H,medium,72,1.1981977221419928,0.8816794466570915,0.6702871693126801,0.44928488934520544,0.6875907422688505,4.578490220010281,199.25919613055885,0,6271,0.0,Climate,1.2043388950246037,0.8861983551885536,2.067163586616516e-05,0.9949007933664009,0.5099206633599085
bayes_mixture,Australia_Solar,H,medium,72,1.1431114479155893,0.8411448713688733,0.6445369353065951,0.4154278609744179,0.6875907422688505,4.578571854159236,0.0,0,6271,0.0,Climate,1.2043388950246037,0.8861983551885536,2.067163586616516e-05,0.949160948498833,5.0839051501166965
chronos_t5_512,Australia_Solar,H,long,168,4.0940771002539735,3.20780982066409,2.4642431300544634,6.072494204020618,0.42093784470046247,2.084299921989441e-05,0.0,0,6271,0.0,Climate,1.2377370993742693,0.9697973744868564,1.6489997506141663e-05,3.3077113890532246,-230.77113890532246
chronos_bolt_512,Australia_Solar,H,long,168,1.2498315239719093,0.9792736527907467,0.7116776829513498,0.5064851244110019,0.42093784470046247,2.162158489227295e-05,0.0,0,6271,0.0,Climate,1.2377370993742693,0.9697973744868564,1.6489997506141663e-05,1.0097714002462674,-0.9771400246267437
chronos_bolt_max,Australia_Solar,H,long,168,1.201433091645914,0.9413522940282448,0.6010582387692367,0.3612710063923768,0.42093784470046247,1.6750767827033997e-05,0.0,0,6271,0.0,Climate,1.2377370993742693,0.9697973744868564,1.6489997506141663e-05,0.9706690477754051,2.933095222459492
chronos2_max,Australia_Solar,H,long,168,1.2377370993742693,0.9697973744868564,0.5753541964707827,0.33103245139654,0.42093784470046247,1.6489997506141663e-05,0.0,0,6271,0.0,Climate,1.2377370993742693,0.9697973744868564,1.6489997506141663e-05,1.0,0.0
tsrag,Australia_Solar,H,long,168,1.1998648684038236,0.9401235526553334,0.6037301907327562,0.36449014320221024,0.42093784470046247,2.8820445481687784,198.59676890447736,0,6271,0.0,Climate,1.2377370993742693,0.9697973744868564,1.6489997506141663e-05,0.9694020394237258,3.0597960576274175
bayes_mixture,Australia_Solar,H,long,168,1.1685848727038284,0.915614908841432,0.5796563957073925,0.3360015370844851,0.42093784470046247,2.882122026756406,0.0,0,6271,0.0,Climate,1.2377370993742693,0.9697973744868564,1.6489997506141663e-05,0.9441301172071189,5.586988279288107
chronos_t5_512,epf_electricity_price,H,short,24,1.0270833160886188,0.7188599969347707,1.0723594511360974,1.149954792440912,1.4925386582068707,4.534982144832611e-05,0.0,0,12600,0.0,Finance,0.9582914513423078,0.6707122771675035,3.9029866456985474e-05,1.07178595264515,-7.178595264515009
chronos_bolt_512,epf_electricity_price,H,short,24,0.9712647264074903,0.6797923277607764,0.8297210895337833,0.6884370864171285,1.4925386582068707,4.295073449611664e-05,0.0,0,12600,0.0,Finance,0.9582914513423078,0.6707122771675035,3.9029866456985474e-05,1.0135379221498955,-1.3537922149895465
chronos_bolt_max,epf_electricity_price,H,short,24,0.9865224365484573,0.6904712642144776,0.8574124195719857,0.7351560572362867,1.4925386582068707,3.718025982379913e-05,0.0,0,12600,0.0,Finance,0.9582914513423078,0.6707122771675035,3.9029866456985474e-05,1.0294597068215579,-2.945970682155785
chronos2_max,epf_electricity_price,H,short,24,0.9582914513423078,0.6707122771675035,0.8828304515994457,0.7793896062712813,1.4925386582068707,3.9029866456985474e-05,0.0,0,12600,0.0,Finance,0.9582914513423078,0.6707122771675035,3.9029866456985474e-05,1.0,0.0
tsrag,epf_electricity_price,H,short,24,0.9606227571238842,0.6723439680349789,0.818057533735075,0.6692181285007133,1.4925386582068707,20.461074160411954,459.1857440508902,0,12600,0.0,Finance,0.9582914513423078,0.6707122771675035,3.9029866456985474e-05,1.002432773221874,-0.24327732218740739
bayes_mixture,epf_electricity_price,H,short,24,0.9438192349966575,0.6605831111739476,0.8396853213020415,0.7050714388101127,1.4925386582068707,20.461197439581156,0.0,0,12600,0.0,Finance,0.9582914513423078,0.6707122771675035,3.9029866456985474e-05,0.9848978968502969,1.5102103149703061
chronos_t5_512,epf_electricity_price,H,medium,72,1.345190200405999,0.7218532552798562,1.2592052007625767,1.585597737627521,2.1638735496972785,2.761930227279663e-05,0.0,0,12600,0.0,Finance,1.209757884715994,0.6491778388804407,2.3931264877319336e-05,1.1119499342811057,-11.194993428110568
chronos_bolt_512,epf_electricity_price,H,medium,72,1.22743631347131,0.658664401703606,0.8941615361367119,0.7995248527063644,2.1638735496972785,2.601929008960724e-05,0.0,0,12600,0.0,Finance,1.209757884715994,0.6491778388804407,2.3931264877319336e-05,1.0146131957300417,-1.4613195730041717
chronos_bolt_max,epf_electricity_price,H,medium,72,1.2501886284244879,0.670873703116259,0.9651566312776669,0.9315273228992542,2.1638735496972785,2.3271888494491577e-05,0.0,0,12600,0.0,Finance,1.209757884715994,0.6491778388804407,2.3931264877319336e-05,1.033420525064803,-3.3420525064802975
chronos2_max,epf_electricity_price,H,medium,72,1.209757884715994,0.6491778388804407,0.94462963780452,0.8923251526186987,2.1638735496972785,2.3931264877319336e-05,0.0,0,12600,0.0,Finance,1.209757884715994,0.6491778388804407,2.3931264877319336e-05,1.0,0.0
tsrag,epf_electricity_price,H,medium,72,1.2167505131362333,0.6529302090557427,0.8890959272423669,0.7904915678389641,2.1638735496972785,15.2591756246984,458.79501876048744,0,12600,0.0,Finance,1.209757884715994,0.6491778388804407,2.3931264877319336e-05,1.0057801883406454,-0.578018834064542
bayes_mixture,epf_electricity_price,H,medium,72,1.195364871357847,0.6414542890488042,0.9003535523815349,0.8106365192860494,2.1638735496972785,15.259276326745749,0.0,0,12600,0.0,Finance,1.209757884715994,0.6491778388804407,2.3931264877319336e-05,0.9881025670177583,1.1897432982241662
chronos_t5_512,epf_electricity_price,H,long,168,1.5273473112006393,0.765399011293099,1.1121051453125281,1.2367778542305994,2.061898174629208,2.329982817173004e-05,0.0,0,12600,0.0,Finance,1.3994284061370788,0.7012950561917676,1.905299723148346e-05,1.0914079666402243,-9.140796664022432
chronos_bolt_512,epf_electricity_price,H,long,168,1.4208430272143524,0.7120265575860882,0.8940906605934578,0.7993981093604458,2.061898174629208,2.2720545530319214e-05,0.0,0,12600,0.0,Finance,1.3994284061370788,0.7012950561917676,1.905299723148346e-05,1.0153024055988584,-1.5302405598858426
chronos_bolt_max,epf_electricity_price,H,long,168,1.469630560166673,0.7364754365092334,0.9704849551531478,0.9418410481786074,2.061898174629208,1.9319355487823486e-05,0.0,0,12600,0.0,Finance,1.3994284061370788,0.7012950561917676,1.905299723148346e-05,1.0501648771182066,-5.016487711820661
chronos2_max,epf_electricity_price,H,long,168,1.3994284061370788,0.7012950561917676,0.9389933556592038,0.8817085219721321,2.061898174629208,1.905299723148346e-05,0.0,0,12600,0.0,Finance,1.3994284061370788,0.7012950561917676,1.905299723148346e-05,1.0,0.0
tsrag,epf_electricity_price,H,long,168,1.4028034515395897,0.7029863914861091,0.8848702798302557,0.7829954121268751,2.061898174629208,10.671416068449616,458.10290043242276,0,12600,0.0,Finance,1.3994284061370788,0.7012950561917676,1.905299723148346e-05,1.0024117313809766,-0.24117313809766117
bayes_mixture,epf_electricity_price,H,long,168,1.3851643882259996,0.6941469340023064,0.9041921387455907,0.8175634237693254,2.061898174629208,10.67151371203363,0.0,0,12600,0.0,Finance,1.3994284061370788,0.7012950561917676,1.905299723148346e-05,0.9898072542700109,1.0192745729989072
chronos_t5_512,OpenElectricity_NEM,5T,short,24,0.6108917116485023,0.597935443646473,0.6711799975791674,0.45048258915037104,0.8538266760641295,8.591078221797943e-05,0.0,0,40320,0.0,Energy,0.3869694097487987,0.37876226061632307,0.00015733204782009125,1.5786563388694286,-57.86563388694286
chronos_bolt_512,OpenElectricity_NEM,5T,short,24,0.5854332438997738,0.5730169189429423,0.6111684778213211,0.37352690828243074,0.8538266760641295,8.874200284481049e-05,0.0,0,40320,0.0,Energy,0.3869694097487987,0.37876226061632307,0.00015733204782009125,1.512866984188254,-51.2866984188254
chronos_bolt_max,OpenElectricity_NEM,5T,short,24,0.4592765393518389,0.4495358442050191,0.4873320855502841,0.23749256160678944,0.8538266760641295,8.44411551952362e-05,0.0,0,40320,0.0,Energy,0.3869694097487987,0.37876226061632307,0.00015733204782009125,1.1868548980395592,-18.685489803955925
chronos2_max,OpenElectricity_NEM,5T,short,24,0.3869694097487987,0.37876226061632307,0.407805621812871,0.1663054251821824,0.8538266760641295,0.00015733204782009125,0.0,0,40320,0.0,Energy,0.3869694097487987,0.37876226061632307,0.00015733204782009125,1.0,0.0
tsrag,OpenElectricity_NEM,5T,short,24,0.5661066458605167,0.5541002144723642,0.5821214697565282,0.33886540555150063,0.8538266760641295,92.15894136019051,760.7983624245971,0,40320,0.0,Energy,0.3869694097487987,0.37876226061632307,0.00015733204782009125,1.462923506610006,-46.29235066100059
bayes_mixture,OpenElectricity_NEM,5T,short,24,0.3893407693742601,0.38108332659685396,0.41435872903480825,0.17169315632734164,0.8538266760641295,92.1592819057405,0.0,0,40320,0.0,Energy,0.3869694097487987,0.37876226061632307,0.00015733204782009125,1.0061280286392684,-0.6128028639268424
chronos_t5_512,OpenElectricity_NEM,5T,medium,96,1.2468458468395933,1.219915723335506,0.8046959561503922,0.647535581844794,0.5621339027558641,3.928132355213165e-05,0.0,0,40320,0.0,Energy,0.5803601242875183,0.5678251586672486,3.417208790779114e-05,2.148400268488965,-114.84002684889649
chronos_bolt_512,OpenElectricity_NEM,5T,medium,96,1.0746730101117732,1.0514615786728534,0.6747989061095294,0.4553535636866175,0.5621339027558641,3.916025161743164e-05,0.0,0,40320,0.0,Energy,0.5803601242875183,0.5678251586672486,3.417208790779114e-05,1.851734750782715,-85.17347507827151
chronos_bolt_max,OpenElectricity_NEM,5T,medium,96,0.7173457233720583,0.7018520607236205,0.45819108216279253,0.2099390677735109,0.5621339027558641,3.4010037779808044e-05,0.0,0,40320,0.0,Energy,0.5803601242875183,0.5678251586672486,3.417208790779114e-05,1.2360355120068096,-23.60355120068096
chronos2_max,OpenElectricity_NEM,5T,medium,96,0.5803601242875183,0.5678251586672486,0.3922021614464004,0.15382253544322833,0.5621339027558641,3.417208790779114e-05,0.0,0,40320,0.0,Energy,0.5803601242875183,0.5678251586672486,3.417208790779114e-05,1.0,0.0
tsrag,OpenElectricity_NEM,5T,medium,96,1.0273859753879002,1.0051958776515257,0.6316358159321117,0.3989638039682245,0.5621339027558641,50.571319945156574,757.3308959044516,0,40320,0.0,Energy,0.5803601242875183,0.5678251586672486,3.417208790779114e-05,1.7702559710648198,-77.02559710648198
bayes_mixture,OpenElectricity_NEM,5T,medium,96,0.5813565485251545,0.5688000615373077,0.3924013046222642,0.15397878386925498,0.5621339027558641,50.57153950817883,0.0,0,40320,0.0,Energy,0.5803601242875183,0.5678251586672486,3.417208790779114e-05,1.0017169067893137,-0.1716906789313688
chronos_t5_512,OpenElectricity_NEM,5T,long,288,1.7936088164384598,1.7541843351877457,1.1001554430037919,1.2103419987708695,0.21617743752963614,2.679973840713501e-05,0.0,0,40320,0.0,Energy,0.7347155176553273,0.7185660775516998,2.362951636314392e-05,2.4412289836511727,-144.12289836511727
chronos_bolt_512,OpenElectricity_NEM,5T,long,288,1.4373416507755694,1.4057481124061533,0.6103145870890443,0.37248389521367065,0.21617743752963614,2.6730820536613464e-05,0.0,0,40320,0.0,Energy,0.7347155176553273,0.7185660775516998,2.362951636314392e-05,1.9563240686170738,-95.63240686170738
chronos_bolt_max,OpenElectricity_NEM,5T,long,288,0.8973124209379337,0.8775890139212654,0.42232540236504357,0.17835874548279596,0.21617743752963614,2.2940337657928467e-05,0.0,0,40320,0.0,Energy,0.7347155176553273,0.7185660775516998,2.362951636314392e-05,1.2213059332154796,-22.130593321547963
chronos2_max,OpenElectricity_NEM,5T,long,288,0.7347155176553273,0.7185660775516998,0.3903374863078544,0.15236335321713446,0.21617743752963614,2.362951636314392e-05,0.0,0,40320,0.0,Energy,0.7347155176553273,0.7185660775516998,2.362951636314392e-05,1.0,0.0
tsrag,OpenElectricity_NEM,5T,long,288,1.4600845919478684,1.4279911515654737,0.6470726954581991,0.41870307320753936,0.21617743752963614,44.526294911280274,753.7599696628749,0,40320,0.0,Energy,0.7347155176553273,0.7185660775516998,2.362951636314392e-05,1.987278826786437,-98.7278826786437
bayes_mixture,OpenElectricity_NEM,5T,long,288,0.737270385588366,0.7210647881208803,0.39355059750799243,0.15488207279889785,0.21617743752963614,44.5265106447041,0.0,0,40320,0.0,Energy,0.7347155176553273,0.7185660775516998,2.362951636314392e-05,1.0034773567069768,-0.34773567069767974
chronos_t5_512,EWELD_Load,15T,short,24,0.6625563299425539,0.7273583757261824,0.6179723997990108,0.3818898869133484,0.6284262662910528,4.3353065848350525e-05,0.0,0,13440,0.0,Energy,0.5334183450769662,0.5855899091498685,4.0668994188308716e-05,1.2420951323804856,-24.209513238048565
chronos_bolt_512,EWELD_Load,15T,short,24,0.6343085166167726,0.6963477541534655,0.5738763521001781,0.32933406749980754,0.6284262662910528,4.2790547013282776e-05,0.0,0,13440,0.0,Energy,0.5334183450769662,0.5855899091498685,4.0668994188308716e-05,1.1891389234565022,-18.91389234565022
chronos_bolt_max,EWELD_Load,15T,short,24,0.570156750162608,0.6259215540866543,0.5042486701499416,0.2542667213479846,0.6284262662910528,3.8679689168930054e-05,0.0,0,13440,0.0,Energy,0.5334183450769662,0.5855899091498685,4.0668994188308716e-05,1.0688735312999798,-6.887353129997975
chronos2_max,EWELD_Load,15T,short,24,0.5334183450769662,0.5855899091498685,0.47386415482552285,0.2245472372285071,0.6284262662910528,4.0668994188308716e-05,0.0,0,13440,0.0,Energy,0.5334183450769662,0.5855899091498685,4.0668994188308716e-05,1.0,0.0
tsrag,EWELD_Load,15T,short,24,0.6145055507521586,0.6746079375750087,0.5387509482965354,0.2902525842904161,0.6284262662910528,21.15015864558518,354.03883928619325,0,13440,0.0,Energy,0.5334183450769662,0.5855899091498685,4.0668994188308716e-05,1.152014280017858,-15.20142800178581
bayes_mixture,EWELD_Load,15T,short,24,0.5335589406266794,0.5857442558009414,0.47118616299916705,0.22201640020187763,0.6284262662910528,21.150278266519308,0.0,0,13440,0.0,Energy,0.5334183450769662,0.5855899091498685,4.0668994188308716e-05,1.0002635746427,-0.026357464269999298
chronos_t5_512,EWELD_Load,15T,medium,96,0.8743040389268838,0.959984083896241,0.6254140086060819,0.3911426821607283,0.24043824963022473,2.4689361453056335e-05,0.0,0,13440,0.0,Energy,0.6378522625217872,0.7003605069120928,2.0761042833328247e-05,1.3706999101488961,-37.06999101488962
chronos_bolt_512,EWELD_Load,15T,medium,96,0.7630007010894063,0.8377732418421987,0.5135735250010565,0.26375776558201075,0.24043824963022473,2.6211142539978027e-05,0.0,0,13440,0.0,Energy,0.6378522625217872,0.7003605069120928,2.0761042833328247e-05,1.1962028606323936,-19.620286063239355
chronos_bolt_max,EWELD_Load,15T,medium,96,0.6761916492113271,0.7424570767203215,0.4183117755597538,0.17498474157195382,0.24043824963022473,2.0911917090415955e-05,0.0,0,13440,0.0,Energy,0.6378522625217872,0.7003605069120928,2.0761042833328247e-05,1.0601070011697737,-6.010700116977374
chronos2_max,EWELD_Load,15T,medium,96,0.6378522625217872,0.7003605069120928,0.36802117238288745,0.13543958332207495,0.24043824963022473,2.0761042833328247e-05,0.0,0,13440,0.0,Energy,0.6378522625217872,0.7003605069120928,2.0761042833328247e-05,1.0,0.0
tsrag,EWELD_Load,15T,medium,96,0.7458326689722787,0.818922776957591,0.4783865365595083,0.22885367836140175,0.24043824963022473,13.010243326425552,351.95741024427116,0,13440,0.0,Energy,0.6378522625217872,0.7003605069120928,2.0761042833328247e-05,1.1692874867662686,-16.92874867662686
bayes_mixture,EWELD_Load,15T,medium,96,0.6395834396640323,0.7022613359474935,0.36829814269317196,0.13564352191124004,0.24043824963022473,13.010347248986363,0.0,0,13440,0.0,Energy,0.6378522625217872,0.7003605069120928,2.0761042833328247e-05,1.0027140722765502,-0.27140722765501835
chronos_t5_512,EWELD_Load,15T,long,672,1.0492562165549941,1.078274254228721,0.6714469760267401,0.45084104161545363,0.237943187485963,1.783110201358795e-05,0.0,0,13440,0.0,Energy,0.7570063666682227,0.7779419960413352,2.719089388847351e-05,1.3860599629736765,-38.60599629736765
chronos_bolt_512,EWELD_Load,15T,long,672,0.848802386474308,0.8722767097517339,0.4479924606903387,0.20069724483538467,0.237943187485963,1.9680708646774292e-05,0.0,0,13440,0.0,Energy,0.7570063666682227,0.7779419960413352,2.719089388847351e-05,1.121261886092323,-12.12618860923229
chronos_bolt_max,EWELD_Load,15T,long,672,0.7765424508227898,0.7980183665597569,0.4768922179785327,0.22742618756848437,0.237943187485963,1.4940276741981506e-05,0.0,0,13440,0.0,Energy,0.7570063666682227,0.7779419960413352,2.719089388847351e-05,1.0258070275426485,-2.580702754264852
chronos2_max,EWELD_Load,15T,long,672,0.7570063666682227,0.7779419960413352,0.45897907588044334,0.21066179209606575,0.237943187485963,2.719089388847351e-05,0.0,0,13440,0.0,Energy,0.7570063666682227,0.7779419960413352,2.719089388847351e-05,1.0,0.0
tsrag,EWELD_Load,15T,long,672,0.8455181935607323,0.8689016898006908,0.4500003624490951,0.20250032620431693,0.237943187485963,11.430329710245132,341.56607542186975,0,13440,0.0,Energy,0.7570063666682227,0.7779419960413352,2.719089388847351e-05,1.116923490725808,-11.69234907258081
bayes_mixture,EWELD_Load,15T,long,672,0.7568914338546109,0.7778238846668888,0.44952293518339465,0.2020708692558944,0.237943187485963,11.430438973009586,0.0,0,13440,0.0,Energy,0.7570063666682227,0.7779419960413352,2.719089388847351e-05,0.9998481745746503,0.015182542534974974
chronos_t5_512,SG_Carpark,15T,short,16,0.49458494555475924,0.5249995400489894,0.5689402149094024,0.323692968141157,1.3572945477146132,0.0005998909473419189,0.0,0,235056,0.0,Transport,0.3700561151945231,0.3928127857824786,0.0005941484123468399,1.33651336985683,-33.65133698568299
chronos_bolt_512,SG_Carpark,15T,short,16,0.4678130975734285,0.4965813522274922,0.5422705355199625,0.29405733369310694,1.3572945477146132,0.0005945693701505661,0.0,0,235056,0.0,Transport,0.3700561151945231,0.3928127857824786,0.0005941484123468399,1.2641679960551893,-26.416799605518925
chronos_bolt_max,SG_Carpark,15T,short,16,0.40722017076287736,0.43226225195629453,0.480367022877228,0.23075247666793128,1.3572945477146132,0.0005909595638513565,0.0,0,235056,0.0,Transport,0.3700561151945231,0.3928127857824786,0.0005941484123468399,1.100428162222961,-10.042816222296103
chronos2_max,SG_Carpark,15T,short,16,0.3700561151945231,0.3928127857824786,0.4441244159876106,0.19724649687633616,1.3572945477146132,0.0005941484123468399,0.0,0,235056,0.0,Transport,0.3700561151945231,0.3928127857824786,0.0005941484123468399,1.0,0.0
tsrag,SG_Carpark,15T,short,16,0.41424144134473695,0.43971529689663563,0.48109675897060605,0.2314540914920214,1.3572945477146132,10007.306240927428,9452.889660481364,0,235056,0.0,Transport,0.3700561151945231,0.3928127857824786,0.0005941484123468399,1.1194016916244918,-11.940169162449177
bayes_mixture,SG_Carpark,15T,short,16,0.3758022411011338,0.39891227078530345,0.4474638608763485,0.20022390679036814,1.3572945477146132,10007.30813699402,0.0,0,235056,0.0,Transport,0.3700561151945231,0.3928127857824786,0.0005941484123468399,1.0155277150428665,-1.5527715042866541
chronos_t5_512,SG_Carpark,15T,medium,96,0.8696308932184038,0.9180641347156064,0.6694571062703262,0.44817281713583873,0.6915537435383057,0.00012185052037239075,0.0,0,235056,0.0,Transport,0.5286342047799814,0.558075969445258,0.00011529214680194855,1.6450522598709745,-64.50522598709745
chronos_bolt_512,SG_Carpark,15T,medium,96,0.7315965781497206,0.7723421335622207,0.6209514321036275,0.3855806810315459,0.6915537435383057,0.0001232735812664032,0.0,0,235056,0.0,Transport,0.5286342047799814,0.558075969445258,0.00011529214680194855,1.383937269920346,-38.3937269920346
chronos_bolt_max,SG_Carpark,15T,medium,96,0.6110573661681822,0.6450896081401051,0.586846019308562,0.3443882503783051,0.6915537435383057,0.00013561919331550598,0.0,0,235056,0.0,Transport,0.5286342047799814,0.558075969445258,0.00011529214680194855,1.1559171931042667,-15.591719310426665
chronos2_max,SG_Carpark,15T,medium,96,0.5286342047799814,0.558075969445258,0.5457085903482337,0.2977978655798563,0.6915537435383057,0.00011529214680194855,0.0,0,235056,0.0,Transport,0.5286342047799814,0.558075969445258,0.00011529214680194855,1.0,0.0
tsrag,SG_Carpark,15T,medium,96,0.6110853350322341,0.6451191347026674,0.5868335254974387,0.3443735866477531,0.6915537435383057,4660.402816621587,9279.701712718932,0,235056,0.0,Transport,0.5286342047799814,0.558075969445258,0.00011529214680194855,1.1559701008877568,-15.597010088775676
bayes_mixture,SG_Carpark,15T,medium,96,0.543100161923275,0.5733475939139342,0.5397649213787494,0.29134617035100757,0.6915537435383057,4660.403765205294,0.0,0,235056,0.0,Transport,0.5286342047799814,0.558075969445258,0.00011529214680194855,1.0273647770282184,-2.736477702821838
chronos_t5_512,SG_Carpark,15T,long,672,1.4546971683380607,1.1122456413722035,0.8221967816705373,0.6760075477893892,0.6407367954972765,3.9789825677871704e-05,0.0,0,235056,0.0,Transport,0.7260138576806109,0.5551023033224332,3.495067358016968e-05,2.0036768622920875,-100.36768622920876
chronos_bolt_512,SG_Carpark,15T,long,672,0.991245164938321,0.757895277608531,0.7643316461813496,0.5842028653542919,0.6407367954972765,3.998167812824249e-05,0.0,0,235056,0.0,Transport,0.7260138576806109,0.5551023033224332,3.495067358016968e-05,1.3653254059158622,-36.53254059158621
chronos_bolt_max,SG_Carpark,15T,long,672,0.9706223534883668,0.7421273001577617,0.9013709600699411,0.8124696076574074,0.6407367954972765,3.46992164850235e-05,0.0,0,235056,0.0,Transport,0.7260138576806109,0.5551023033224332,3.495067358016968e-05,1.3369198717352369,-33.691987173523685
chronos2_max,SG_Carpark,15T,long,672,0.7260138576806109,0.5551023033224332,0.8167279252106057,0.6670445038188207,0.6407367954972765,3.495067358016968e-05,0.0,0,235056,0.0,Transport,0.7260138576806109,0.5551023033224332,3.495067358016968e-05,1.0,0.0
tsrag,SG_Carpark,15T,long,672,0.9706223534883668,0.7421273001577617,0.9013709600699411,0.8124696076574074,0.6407367954972765,162.36432154662907,8890.566885200911,0,235056,0.0,Transport,0.7260138576806109,0.5551023033224332,3.495067358016968e-05,1.3369198717352369,-33.691987173523685
bayes_mixture,SG_Carpark,15T,long,672,0.7527927877212025,0.5755771821264437,0.8116307911642675,0.6587445411659348,0.6407367954972765,162.36515917815268,0.0,0,235056,0.0,Transport,0.7260138576806109,0.5551023033224332,3.495067358016968e-05,1.0368848745203596,-3.68848745203596
chronos_t5_512,Finland_Traffic,15T,short,16,0.6047017052479969,0.7731122031864456,0.618663801008275,0.38274489867800654,0.5444992622161519,2.5490298867225647e-05,0.0,0,2976,0.0,Transport,0.4022035802507917,0.5142179910500525,2.240203320980072e-05,1.5034717116912253,-50.34717116912253
chronos_bolt_512,Finland_Traffic,15T,short,16,0.6072395016517017,0.7763567803918334,0.6134687268745234,0.37634387885304854,0.5444992622161519,2.6458874344825745e-05,0.0,0,2976,0.0,Transport,0.4022035802507917,0.5142179910500525,2.240203320980072e-05,1.5097814427038692,-50.97814427038691
chronos_bolt_max,Finland_Traffic,15T,short,16,0.445327653983243,0.5693521958394981,0.4072292728430738,0.16583568066029863,0.5444992622161519,2.1919608116149902e-05,0.0,0,2976,0.0,Transport,0.4022035802507917,0.5142179910500525,2.240203320980072e-05,1.1072195173040515,-10.721951730405156
chronos2_max,Finland_Traffic,15T,short,16,0.4022035802507917,0.5142179910500525,0.41731007380654556,0.17414769770042451,0.5444992622161519,2.240203320980072e-05,0.0,0,2976,0.0,Transport,0.4022035802507917,0.5142179910500525,2.240203320980072e-05,1.0,0.0
tsrag,Finland_Traffic,15T,short,16,0.5880162097796966,0.7517797676222615,0.5667853713221868,0.3212456571448291,0.5444992622161519,4.041136873885989,61.065818861010484,0,2976,0.0,Transport,0.4022035802507917,0.5142179910500525,2.240203320980072e-05,1.4619865129321885,-46.19865129321885
bayes_mixture,Finland_Traffic,15T,short,16,0.3970459803098216,0.5076239903735,0.39965528046199034,0.15972434320115217,0.5444992622161519,4.041204595938325,0.0,0,2976,0.0,Transport,0.4022035802507917,0.5142179910500525,2.240203320980072e-05,0.9871766433860332,1.282335661396683
chronos_t5_512,Finland_Traffic,15T,medium,96,0.7294294641011038,0.9328025845422846,0.27307832300829993,0.07457177049702539,0.17085736839439175,1.749955117702484e-05,0.0,0,2976,0.0,Transport,0.5358107102757379,0.685200749309695,1.4880672097206116e-05,1.3613566323183912,-36.13566323183912
chronos_bolt_512,Finland_Traffic,15T,medium,96,0.800205807596358,1.0233121668748058,0.38392484504762314,0.14739828664484142,0.17085736839439175,2.0561739802360535e-05,0.0,0,2976,0.0,Transport,0.5358107102757379,0.685200749309695,1.4880672097206116e-05,1.4934486979264703,-49.34486979264703
chronos_bolt_max,Finland_Traffic,15T,medium,96,0.5966518526730152,0.7630050849826767,0.3205898457254907,0.10277784918229393,0.17085736839439175,1.4679506421089172e-05,0.0,0,2976,0.0,Transport,0.5358107102757379,0.685200749309695,1.4880672097206116e-05,1.1135496943798817,-11.35496943798817
chronos2_max,Finland_Traffic,15T,medium,96,0.5358107102757379,0.685200749309695,0.3875487554094553,0.15019403781941784,0.17085736839439175,1.4880672097206116e-05,0.0,0,2976,0.0,Transport,0.5358107102757379,0.685200749309695,1.4880672097206116e-05,1.0,0.0
tsrag,Finland_Traffic,15T,medium,96,0.7832457569594121,1.001623463790119,0.3656215144515322,0.13367909182983195,0.17085736839439175,1.7106900233775377,60.430482905358076,0,2976,0.0,Transport,0.5358107102757379,0.685200749309695,1.4880672097206116e-05,1.4617956340520697,-46.17956340520697
bayes_mixture,Finland_Traffic,15T,medium,96,0.5313309265511554,0.6794719516093847,0.37518125767499677,0.14076097611059232,0.17085736839439175,1.7107485923916101,0.0,0,2976,0.0,Transport,0.5358107102757379,0.685200749309695,1.4880672097206116e-05,0.9916392419213176,0.8360758078682418
chronos_t5_512,Finland_Traffic,15T,long,672,0.9466206714573264,1.0117558886963018,0.09635910316263176,0.00928507676230671,0.018781384922048106,1.8749386072158813e-05,0.0,0,2688,0.0,Transport,0.592638224850232,0.6334165647741988,1.4619901776313782e-05,1.5972993839480245,-59.72993839480245
chronos_bolt_512,Finland_Traffic,15T,long,672,0.7665330424740098,0.8192767631087309,0.1095265115587762,0.011996056734234737,0.018781384922048106,1.8632039427757263e-05,0.0,0,2688,0.0,Transport,0.592638224850232,0.6334165647741988,1.4619901776313782e-05,1.2934249097208055,-29.342490972080547
chronos_bolt_max,Finland_Traffic,15T,long,672,0.6364014052199654,0.6801910086271843,0.23617155323924038,0.05577700255943535,0.018781384922048106,1.3887882232666016e-05,0.0,0,2688,0.0,Transport,0.592638224850232,0.6334165647741988,1.4619901776313782e-05,1.0738446805060422,-7.38446805060422
chronos2_max,Finland_Traffic,15T,long,672,0.592638224850232,0.6334165647741988,0.2859540958184824,0.08176974491536582,0.018781384922048106,1.4619901776313782e-05,0.0,0,2688,0.0,Transport,0.592638224850232,0.6334165647741988,1.4619901776313782e-05,1.0,0.0
tsrag,Finland_Traffic,15T,long,672,0.7744664032232743,0.8277560037351409,0.10597522950171642,0.011230749267941466,0.018781384922048106,1.671612335368991,58.89024635218084,0,2688,0.0,Transport,0.592638224850232,0.6334165647741988,1.4619901776313782e-05,1.3068114251641343,-30.68114251641343
bayes_mixture,Finland_Traffic,15T,long,672,0.5734643280948117,0.6129233476530409,0.2681329562759378,0.07189528224127396,0.018781384922048106,1.6716710850596428,0.0,0,2688,0.0,Transport,0.592638224850232,0.6334165647741988,1.4619901776313782e-05,0.9676465405850833,3.235345941491674
chronos_t5_512,Port_Activity,D,short,30,0.738176333167743,0.7740710417079545,0.2840735290042515,0.08069776988092932,0.36546784286960077,0.00011620111763477325,0.0,0,71280,0.0,Transport,0.6583469207443253,0.6903598284693057,0.0001114923506975174,1.1212573643287687,-12.125736432876867
chronos_bolt_512,Port_Activity,D,short,30,0.6631260886549746,0.6953713891450837,0.23232957286381867,0.053977030427084426,0.36546784286960077,0.00011418387293815613,0.0,0,71280,0.0,Transport,0.6583469207443253,0.6903598284693057,0.0001114923506975174,1.0072593457340788,-0.7259345734078826
chronos_bolt_max,Port_Activity,D,short,30,0.662000459082709,0.6941910244863553,0.2355561369237364,0.05548669364243405,0.36546784286960077,0.00010913051664829254,0.0,0,71280,0.0,Transport,0.6583469207443253,0.6903598284693057,0.0001114923506975174,1.0055495639506493,-0.5549563950649317
chronos2_max,Port_Activity,D,short,30,0.6583469207443253,0.6903598284693057,0.23031328536822912,0.053044209417107344,0.36546784286960077,0.0001114923506975174,0.0,0,71280,0.0,Transport,0.6583469207443253,0.6903598284693057,0.0001114923506975174,1.0,0.0
tsrag,Port_Activity,D,short,30,0.6625431870455387,0.6947601432465692,0.23151609180643173,0.053599700765324124,0.36546784286960077,157.1896351892501,529.7167244385928,0,71280,0.0,Transport,0.6583469207443253,0.6903598284693057,0.0001114923506975174,1.00637394384175,-0.6373943841750052
bayes_mixture,Port_Activity,D,short,30,0.6580670113244542,0.6900663081185601,0.23000822233322793,0.05290378234089161,0.36546784286960077,157.19003613479435,0.0,0,71280,0.0,Transport,0.6583469207443253,0.6903598284693057,0.0001114923506975174,0.9995748299095033,0.042517009049669596
chronos_t5_512,Port_Activity,W,short,13,0.7987038952253647,0.8187301199805083,0.3548841134053834,0.12594273394752503,0.21474218187417846,5.236081779003143e-05,0.0,0,10296,0.0,Transport,0.7792197531074543,0.7987574441124221,4.787929356098175e-05,1.0250046819786196,-2.5004681978619603
chronos_bolt_512,Port_Activity,W,short,13,0.7834238254070143,0.8030669268115822,0.3070971748770752,0.09430867481748093,0.21474218187417846,6.046891212463379e-05,0.0,0,10296,0.0,Transport,0.7792197531074543,0.7987574441124221,4.787929356098175e-05,1.005395233222457,-0.5395233222456941
chronos_bolt_max,Port_Activity,W,short,13,0.7834238251459267,0.8030669265439482,0.30709717554035704,0.09430867522486486,0.21474218187417846,4.807859659194946e-05,0.0,0,10296,0.0,Transport,0.7792197531074543,0.7987574441124221,4.787929356098175e-05,1.005395232887394,-0.5395232887394075
chronos2_max,Port_Activity,W,short,13,0.7792197531074543,0.7987574441124221,0.3202656386721327,0.10257007931406906,0.21474218187417846,4.787929356098175e-05,0.0,0,10296,0.0,Transport,0.7792197531074543,0.7987574441124221,4.787929356098175e-05,1.0,0.0
tsrag,Port_Activity,W,short,13,0.7834238251459267,0.8030669265439482,0.30709717554035704,0.09430867522486486,0.21474218187417846,0.003992803394794464,1.4872602187097073,0,10296,0.0,Transport,0.7792197531074543,0.7987574441124221,4.787929356098175e-05,1.005395232887394,-0.5395232887394075
bayes_mixture,Port_Activity,W,short,13,0.7767244979433824,0.7961996244096822,0.3094661100667529,0.0957692732798476,0.21474218187417846,0.004115093499422073,0.0,0,10296,0.0,Transport,0.7792197531074543,0.7987574441124221,4.787929356098175e-05,0.9967977516559083,0.32022483440916627
chronos_t5_512,ECDC_COVID,D,short,30,3.510603040034045,0.9909526136307536,3.236257090597399,10.473359956441943,9.46457225161981,2.049282193183899e-05,0.0,0,1220,0.0,Healthcare,3.2510704942152295,0.9176932756570406,1.7540529370307922e-05,1.0798298733542115,-7.9829873354211545
chronos_bolt_512,ECDC_COVID,D,short,30,3.631515596829732,1.0250831071132356,2.8611484191852097,8.186170276606024,9.46457225161981,2.0759180188179016e-05,0.0,0,1220,0.0,Healthcare,3.2510704942152295,0.9176932756570406,1.7540529370307922e-05,1.1170214867045931,-11.702148670459312
chronos_bolt_max,ECDC_COVID,D,short,30,3.529062284006213,0.9961631816873716,2.8679351889692692,8.225052248128199,9.46457225161981,1.746043562889099e-05,0.0,0,1220,0.0,Healthcare,3.2510704942152295,0.9176932756570406,1.7540529370307922e-05,1.0855077705283924,-8.550777052839242
chronos2_max,ECDC_COVID,D,short,30,3.2510704942152295,0.9176932756570406,2.779602333137446,7.726189130383133,9.46457225161981,1.7540529370307922e-05,0.0,0,1220,0.0,Healthcare,3.2510704942152295,0.9176932756570406,1.7540529370307922e-05,1.0,0.0
tsrag,ECDC_COVID,D,short,30,3.4154077846013844,0.9640814504429819,2.7582291216218526,7.6078278873628555,9.46457225161981,1.076280938461423,9.07770618237555,0,1220,0.0,Healthcare,3.2510704942152295,0.9176932756570406,1.7540529370307922e-05,1.05054867025448,-5.0548670254479955
bayes_mixture,ECDC_COVID,D,short,30,3.1672983480575736,0.8940465613353947,2.691685779670358,7.245172336479625,9.46457225161981,1.0763396583497524,0.0,0,1220,0.0,Healthcare,3.2510704942152295,0.9176932756570406,1.7540529370307922e-05,0.9742324424195922,2.576755758040783
chronos_t5_512,ECDC_COVID,W,short,13,1.2894959785659164,0.8355097697615627,0.9862371171191756,0.9726636511835426,2.5262185251337717,2.071075141429901e-05,0.0,0,820,0.0,Healthcare,1.4613553532441703,0.9468634994013284,1.6260892152786255e-05,0.882397272985841,11.760272701415897
chronos_bolt_512,ECDC_COVID,W,short,13,1.3582147439686962,0.88003507330212,1.0784751744367238,1.1631087018763218,2.5262185251337717,2.053193747997284e-05,0.0,0,820,0.0,Healthcare,1.4613553532441703,0.9468634994013284,1.6260892152786255e-05,0.9294212670131843,7.057873298681572
chronos_bolt_max,ECDC_COVID,W,short,13,1.358214699186885,0.8800350442864106,1.0784750951291076,1.1631085308137377,2.5262185251337717,1.6411766409873962e-05,0.0,0,820,0.0,Healthcare,1.4613553532441703,0.9468634994013284,1.6260892152786255e-05,0.9294212363691585,7.057876363084148
chronos2_max,ECDC_COVID,W,short,13,1.4613553532441703,0.9468634994013284,1.0834214880532544,1.173802120775528,2.5262185251337717,1.6260892152786255e-05,0.0,0,820,0.0,Healthcare,1.4613553532441703,0.9468634994013284,1.6260892152786255e-05,1.0,0.0
tsrag,ECDC_COVID,W,short,13,1.358214699186885,0.8800350442864106,1.0784750951291076,1.1631085308137377,2.5262185251337717,0.00044234469532966614,0.12293640151619911,0,820,0.0,Healthcare,1.4613553532441703,0.9468634994013284,1.6260892152786255e-05,0.9294212363691585,7.057876363084148
bayes_mixture,ECDC_COVID,W,short,13,1.328325189525804,0.860668580373131,1.0276047424007384,1.0559715066044881,2.5262185251337717,0.000496136024594307,0.0,0,820,0.0,Healthcare,1.4613553532441703,0.9468634994013284,1.6260892152786255e-05,0.9089679567512152,9.103204324878478
chronos_t5_512,Global_Influenza,W,short,13,3.398558431492511,0.8032831281378782,5.163238364116144,26.65903040468076,30.38882579215142,2.730824053287506e-05,0.0,0,3060,0.0,Healthcare,2.702738655499249,0.6388191951065427,2.4769455194473267e-05,1.2574498923813742,-25.744989238137418
chronos_bolt_512,Global_Influenza,W,short,13,2.8883878965894034,0.6826992419338767,3.761418226164646,14.148267072123593,30.38882579215142,2.7529895305633545e-05,0.0,0,3060,0.0,Healthcare,2.702738655499249,0.6388191951065427,2.4769455194473267e-05,1.068689305461486,-6.8689305461486105
chronos_bolt_max,Global_Influenza,W,short,13,2.8883879320915615,0.6826992503251653,3.7614182853939284,14.148267517695801,30.38882579215142,2.491101622581482e-05,0.0,0,3060,0.0,Healthcare,2.702738655499249,0.6388191951065427,2.4769455194473267e-05,1.0686893185971098,-6.8689318597109805
chronos2_max,Global_Influenza,W,short,13,2.702738655499249,0.6388191951065427,3.4239263891740723,11.723271918482602,30.38882579215142,2.4769455194473267e-05,0.0,0,3060,0.0,Healthcare,2.702738655499249,0.6388191951065427,2.4769455194473267e-05,1.0,0.0
tsrag,Global_Influenza,W,short,13,2.8883879320915615,0.6826992503251653,3.7614182853939284,14.148267517695801,30.38882579215142,0.001345386728644371,0.4333618078380823,0,3060,0.0,Healthcare,2.702738655499249,0.6388191951065427,2.4769455194473267e-05,1.0686893185971098,-6.8689318597109805
bayes_mixture,Global_Influenza,W,short,13,2.697475385524702,0.6375751688364009,3.4872392595866617,12.16083765360253,30.38882579215142,0.0014182273298501968,0.0,0,3060,0.0,Healthcare,2.702738655499249,0.6388191951065427,2.4769455194473267e-05,0.9980526160145605,0.1947383985439477
chronos_t5_512,Crypto,D,short,30,6.752320002398594,1.0944556586975227,5.775338337721117,33.354532915151324,27.688250742146593,2.086162567138672e-05,0.0,0,1080,0.0,Finance,6.4147144993872605,1.0397345771956206,1.7391517758369446e-05,1.0526298564096006,-5.262985640960061
chronos_bolt_512,Crypto,D,short,30,6.7631135126780775,1.0962051341960763,4.797450751102443,23.015533709253397,27.688250742146593,2.107955515384674e-05,0.0,0,1080,0.0,Finance,6.4147144993872605,1.0397345771956206,1.7391517758369446e-05,1.0543124738168934,-5.431247381689341
chronos_bolt_max,Crypto,D,short,30,6.650599959702402,1.0779682771320378,5.239885057850734,27.456395419487393,27.688250742146593,1.6219913959503174e-05,0.0,0,1080,0.0,Finance,6.4147144993872605,1.0397345771956206,1.7391517758369446e-05,1.0367725578960176,-3.6772557896017632
chronos2_max,Crypto,D,short,30,6.4147144993872605,1.0397345771956206,5.352244018738868,28.646516036125988,27.688250742146593,1.7391517758369446e-05,0.0,0,1080,0.0,Finance,6.4147144993872605,1.0397345771956206,1.7391517758369446e-05,1.0,0.0
tsrag,Crypto,D,short,30,6.605930139133781,1.0707279304249855,4.771807328107257,22.770145176578115,27.688250742146593,0.981264516711235,15.644746689125896,0,1080,0.0,Finance,6.4147144993872605,1.0397345771956206,1.7391517758369446e-05,1.029808908839947,-2.9808908839946913
bayes_mixture,Crypto,D,short,30,6.449724915856319,1.0454092709903913,4.934032407201678,24.344675795316387,27.688250742146593,0.9813202265650034,0.0,0,1080,0.0,Finance,6.4147144993872605,1.0397345771956206,1.7391517758369446e-05,1.0054578292568441,-0.5457829256844127
chronos_t5_512,US_Term_Structure,B,short,20,1.5381640556921792,0.871487001704362,1.0165736162654901,1.0334219172870962,1.0333743744905457,7.7052041888237e-05,0.0,0,26800,0.0,Finance,1.4983433891669031,0.848925563509549,7.203035056591034e-05,1.0265764622537006,-2.6576462253700583
chronos_bolt_512,US_Term_Structure,B,short,20,1.5463522708432798,0.8761262487631757,0.8952287271063983,0.8014344738365422,1.0333743744905457,8.415244519710541e-05,0.0,0,26800,0.0,Finance,1.4983433891669031,0.848925563509549,7.203035056591034e-05,1.0320413077692892,-3.204130776928915
chronos_bolt_max,US_Term_Structure,B,short,20,1.5723117180459338,0.8908342512839882,0.9380717493980566,0.8799786070187302,1.0333743744905457,7.163919508457184e-05,0.0,0,26800,0.0,Finance,1.4983433891669031,0.848925563509549,7.203035056591034e-05,1.0493667402371347,-4.936674023713472
chronos2_max,US_Term_Structure,B,short,20,1.4983433891669031,0.848925563509549,0.9529205305449088,0.9080575375339903,1.0333743744905457,7.203035056591034e-05,0.0,0,26800,0.0,Finance,1.4983433891669031,0.848925563509549,7.203035056591034e-05,1.0,0.0
tsrag,US_Term_Structure,B,short,20,1.5723117180459338,0.8908342512839882,0.9380717493980566,0.8799786070187302,1.0333743744905457,78.7723700478673,674.6886008623987,0,26800,0.0,Finance,1.4983433891669031,0.848925563509549,7.203035056591034e-05,1.0493667402371347,-4.936674023713472
bayes_mixture,US_Term_Structure,B,short,20,1.5196110426774014,0.8609753078281489,0.9176897893131367,0.8421545494095892,1.0333743744905457,78.77257397025824,0.0,0,26800,0.0,Finance,1.4983433891669031,0.848925563509549,7.203035056591034e-05,1.0141941117531965,-1.4194111753196514
chronos_t5_512,Oil_Price,B,short,20,1.3991299769436263,0.9028572985969523,0.9725570016160869,0.9458671213924734,1.308977194348269,4.284083843231201e-05,0.0,0,7776,0.0,Finance,1.3665025070493844,0.8818028220192158,4.0160492062568665e-05,1.0238766264430006,-2.3876626443000593
chronos_bolt_512,Oil_Price,B,short,20,1.4368159302639318,0.9271760099179326,0.9648656581027961,0.9309657381861419,1.308977194348269,3.703311085700989e-05,0.0,0,7776,0.0,Finance,1.3665025070493844,0.8818028220192158,4.0160492062568665e-05,1.0514550268673648,-5.145502686736481
chronos_bolt_max,Oil_Price,B,short,20,1.4220399114774767,0.9176410584656743,0.9826661196167252,0.9656327026425922,1.308977194348269,3.2803043723106384e-05,0.0,0,7776,0.0,Finance,1.3665025070493844,0.8818028220192158,4.0160492062568665e-05,1.0406420069788318,-4.06420069788318
chronos2_max,Oil_Price,B,short,20,1.3665025070493844,0.8818028220192158,1.0286625516105523,1.0581466450859323,1.308977194348269,4.0160492062568665e-05,0.0,0,7776,0.0,Finance,1.3665025070493844,0.8818028220192158,4.0160492062568665e-05,1.0,0.0
tsrag,Oil_Price,B,short,20,1.4220399114774767,0.9176410584656743,0.9826661196167252,0.9656327026425922,1.308977194348269,10.310059882700443,102.74668756313622,0,7776,0.0,Finance,1.3665025070493844,0.8818028220192158,4.0160492062568665e-05,1.0406420069788318,-4.06420069788318
bayes_mixture,Oil_Price,B,short,20,1.3675316009351968,0.8824668953655512,0.9956346313130275,0.9912883190698283,1.308977194348269,10.310169542208314,0.0,0,7776,0.0,Finance,1.3665025070493844,0.8818028220192158,4.0160492062568665e-05,1.0007530859844775,-0.07530859844775417
chronos_t5_512,Job_Claims,W,short,13,3.86308132099131,1.4195151642300121,1.6444464505816028,2.704204128830432,1.8094438105119042,1.8032267689704895e-05,0.0,0,104,0.0,Economics,3.1948713277732175,1.173976916534074,1.4819204807281494e-05,1.2091508310238666,-20.915083102386657
chronos_bolt_512,Job_Claims,W,short,13,4.146792423445997,1.5237667133771828,2.345969624815185,5.5035734805555,1.8094438105119042,1.9760802388191223e-05,0.0,0,104,0.0,Economics,3.1948713277732175,1.173976916534074,1.4819204807281494e-05,1.2979528744703017,-29.795287447030173
chronos_bolt_max,Job_Claims,W,short,13,4.146792423445997,1.5237667133771828,2.345969624815185,5.5035734805555,1.8094438105119042,1.4431774616241455e-05,0.0,0,104,0.0,Economics,3.1948713277732175,1.173976916534074,1.4819204807281494e-05,1.2979528744703017,-29.795287447030173
chronos2_max,Job_Claims,W,short,13,3.1948713277732175,1.173976916534074,1.5467376741158165,2.3923974325292057,1.8094438105119042,1.4819204807281494e-05,0.0,0,104,0.0,Economics,3.1948713277732175,1.173976916534074,1.4819204807281494e-05,1.0,0.0
tsrag,Job_Claims,W,short,13,4.146792423445997,1.5237667133771828,2.345969624815185,5.5035734805555,1.8094438105119042,0.00019279122352600098,0.027559852227568626,0,104,0.0,Economics,3.1948713277732175,1.173976916534074,1.4819204807281494e-05,1.2979528744703017,-29.795287447030173
bayes_mixture,Job_Claims,W,short,13,3.4608673192256063,1.271718929222062,1.4834559031235968,2.200641416512246,1.8094438105119042,0.0002425704151391983,0.0,0,104,0.0,Economics,3.1948713277732175,1.173976916534074,1.4819204807281494e-05,1.0832571844568728,-8.32571844568728
chronos_t5_512,Uncertainty_1M,M,short,6,0.41977387059814,0.4333318673979195,0.2509977602675153,0.06299987565930909,0.4634703206443205,1.633167266845703e-05,0.0,0,126,0.0,Economics,0.3320018260666946,0.342724932030673,1.4621764421463013e-05,1.264372174006697,-26.43721740066971
chronos_bolt_512,Uncertainty_1M,M,short,6,0.4314074208124786,0.4453411619060879,0.32134687682611895,0.10326381524590086,0.4634703206443205,1.8540769815444946e-05,0.0,0,126,0.0,Economics,0.3320018260666946,0.342724932030673,1.4621764421463013e-05,1.299412795174852,-29.9412795174852
chronos_bolt_max,Uncertainty_1M,M,short,6,0.41508574302996104,0.4284923211183383,0.30096071987020206,0.09057735490479024,0.4634703206443205,1.3841316103935242e-05,0.0,0,126,0.0,Economics,0.3320018260666946,0.342724932030673,1.4621764421463013e-05,1.2502513855046569,-25.025138550465687
chronos2_max,Uncertainty_1M,M,short,6,0.3320018260666946,0.342724932030673,0.23205560645741027,0.05384980448831648,0.4634703206443205,1.4621764421463013e-05,0.0,0,126,0.0,Economics,0.3320018260666946,0.342724932030673,1.4621764421463013e-05,1.0,0.0
tsrag,Uncertainty_1M,M,short,6,0.4070849935898743,0.4202331607982462,0.3021877722196882,0.09131744967909813,0.4634703206443205,0.32966313511133194,1.0780848246067762,0,126,0.0,Economics,0.3320018260666946,0.342724932030673,1.4621764421463013e-05,1.2261528751594775,-22.615287515947745
bayes_mixture,Uncertainty_1M,M,short,6,0.3721085408928492,0.3841270269396514,0.2648519970069946,0.07014658031859307,0.4634703206443205,0.329713286831975,0.0,0,126,0.0,Economics,0.3320018260666946,0.342724932030673,1.4621764421463013e-05,1.1208026934710225,-12.080269347102245
chronos_t5_512,Housing_Inventory,M,short,12,0.5097337652223708,0.7452165143492998,0.2490619928800694,0.062031876297391736,0.15831152058175027,1.7588958144187927e-05,0.0,0,144,0.0,Economics,0.5629531221029819,0.8230217262782737,1.4230608940124512e-05,0.9054639635325167,9.453603646748332
chronos_bolt_512,Housing_Inventory,M,short,12,0.5280441169302251,0.7719857366516212,0.31559262893014084,0.09959870743503756,0.15831152058175027,1.8600374460220337e-05,0.0,0,144,0.0,Economics,0.5629531221029819,0.8230217262782737,1.4230608940124512e-05,0.9379894989438023,6.201050105619766
chronos_bolt_max,Housing_Inventory,M,short,12,0.5280441169302251,0.7719857366516212,0.31559262893014084,0.09959870743503756,0.15831152058175027,1.4599412679672241e-05,0.0,0,144,0.0,Economics,0.5629531221029819,0.8230217262782737,1.4230608940124512e-05,0.9379894989438023,6.201050105619766
chronos2_max,Housing_Inventory,M,short,12,0.5629531221029819,0.8230217262782737,0.2592807129064352,0.06722648808526925,0.15831152058175027,1.4230608940124512e-05,0.0,0,144,0.0,Economics,0.5629531221029819,0.8230217262782737,1.4230608940124512e-05,1.0,0.0
tsrag,Housing_Inventory,M,short,12,0.5280441169302251,0.7719857366516212,0.31559262893014084,0.09959870743503756,0.15831152058175027,0.00021081417798995972,0.030606478452682495,0,144,0.0,Economics,0.5629531221029819,0.8230217262782737,1.4230608940124512e-05,0.9379894989438023,6.201050105619766
bayes_mixture,Housing_Inventory,M,short,12,0.5371010929919399,0.7852267824518964,0.23981466494393186,0.057511073522170296,0.15831152058175027,0.0002601444721221924,0.0,0,144,0.0,Economics,0.5629531221029819,0.8230217262782737,1.4230608940124512e-05,0.9540778297587754,4.5922170241224585
chronos_t5_512,JOLTS,M,short,12,1.191565601162273,0.7069112184206907,0.7381550229153662,0.5448728378551847,0.8877843622848538,1.769140362739563e-05,0.0,0,360,0.0,Economics,1.0340146268351742,0.6134421294202196,1.4580786228179932e-05,1.1523682259788894,-15.236822597888944
chronos_bolt_512,JOLTS,M,short,12,1.0554442345222514,0.6261555126074925,0.63348109312652,0.4012982953487707,0.8877843622848538,1.8712133169174194e-05,0.0,0,360,0.0,Economics,1.0340146268351742,0.6134421294202196,1.4580786228179932e-05,1.0207246659098694,-2.0724665909869433
chronos_bolt_max,JOLTS,M,short,12,1.0554441681567701,0.6261554732353394,0.6334810906386756,0.401298292196766,0.8877843622848538,1.4508143067359924e-05,0.0,0,360,0.0,Economics,1.0340146268351742,0.6134421294202196,1.4580786228179932e-05,1.0207246017275264,-2.0724601727526437
chronos2_max,JOLTS,M,short,12,1.0340146268351742,0.6134421294202196,0.7477215725818039,0.559087550104206,0.8877843622848538,1.4580786228179932e-05,0.0,0,360,0.0,Economics,1.0340146268351742,0.6134421294202196,1.4580786228179932e-05,1.0,0.0
tsrag,JOLTS,M,short,12,1.0554441681567701,0.6261554732353394,0.6334810906386756,0.401298292196766,0.8877843622848538,0.0002870522439479828,0.061624547466635704,0,360,0.0,Economics,1.0340146268351742,0.6134421294202196,1.4580786228179932e-05,1.0207246017275264,-2.0724601727526437
bayes_mixture,JOLTS,M,short,12,1.018066747333705,0.603980850143096,0.7086631738801719,0.5022034940139187,0.8877843622848538,0.00033603422343730927,0.0,0,360,0.0,Economics,1.0340146268351742,0.6134421294202196,1.4580786228179932e-05,0.9845767370329362,1.5423262967063756
chronos_t5_512,US_Labor,M,short,12,0.9411503611520932,0.5309421433828818,1.164516891838754,1.3560995913777927,2.936809552255237,2.222880721092224e-05,0.0,0,840,0.0,Economics,0.8665248868744266,0.4888428031505241,1.8240883946418762e-05,1.0861204050893936,-8.612040508939355
chronos_bolt_512,US_Labor,M,short,12,0.9463635926579014,0.5338831445490044,0.9659142024144091,0.9329902464258639,2.936809552255237,2.2700056433677673e-05,0.0,0,840,0.0,Economics,0.8665248868744266,0.4888428031505241,1.8240883946418762e-05,1.092136656422477,-9.213665642247705
chronos_bolt_max,US_Labor,M,short,12,0.946363574229049,0.5338831341525208,0.9659141913066747,0.9329902249676274,2.936809552255237,1.769326627254486e-05,0.0,0,840,0.0,Economics,0.8665248868744266,0.4888428031505241,1.8240883946418762e-05,1.0921366351549373,-9.213663515493732
chronos2_max,US_Labor,M,short,12,0.8665248868744266,0.4888428031505241,1.0064429778392812,1.012927467642,2.936809552255237,1.8240883946418762e-05,0.0,0,840,0.0,Economics,0.8665248868744266,0.4888428031505241,1.8240883946418762e-05,1.0,0.0
tsrag,US_Labor,M,short,12,0.946363574229049,0.5338831341525208,0.9659141913066747,0.9329902249676274,2.936809552255237,0.0004739668220281601,0.13611718267202377,0,840,0.0,Economics,0.8665248868744266,0.4888428031505241,1.8240883946418762e-05,1.0921366351549373,-9.213663515493732
bayes_mixture,US_Labor,M,short,12,0.8864374945651722,0.500076335053678,0.9601307597459693,0.9218510758103723,2.936809552255237,0.0005285982042551041,0.0,0,840,0.0,Economics,0.8665248868744266,0.4888428031505241,1.8240883946418762e-05,1.0229798451173984,-2.2979845117398368
chronos_t5_512,Vehicle_Supply,M,short,12,0.7643135813794056,0.6871132862177273,0.6263654275592685,0.3923336488415053,0.6181637851735725,1.7430633306503296e-05,0.0,0,360,0.0,Economics,0.8042214141222387,0.7229901864453362,1.3628974556922913e-05,0.9503770578076559,4.962294219234408
chronos_bolt_512,Vehicle_Supply,M,short,12,0.8110848101719922,0.7291603379763986,0.6191332855536316,0.3833260252804347,0.6181637851735725,1.803971827030182e-05,0.0,0,360,0.0,Economics,0.8042214141222387,0.7229901864453362,1.3628974556922913e-05,1.0085342120083243,-0.8534212008324271
chronos_bolt_max,Vehicle_Supply,M,short,12,0.8110847872803042,0.7291603173969096,0.6191332332765777,0.38332596054750906,0.6181637851735725,1.4269724488258362e-05,0.0,0,360,0.0,Economics,0.8042214141222387,0.7229901864453362,1.3628974556922913e-05,1.0085341835439143,-0.8534183543914331
chronos2_max,Vehicle_Supply,M,short,12,0.8042214141222387,0.7229901864453362,0.6090369199015296,0.3709259698031422,0.6181637851735725,1.3628974556922913e-05,0.0,0,360,0.0,Economics,0.8042214141222387,0.7229901864453362,1.3628974556922913e-05,1.0,0.0
tsrag,Vehicle_Supply,M,short,12,0.8110847872803042,0.7291603173969096,0.6191332332765777,0.38332596054750906,0.6181637851735725,0.0002924725413322449,0.06302077323198318,0,360,0.0,Economics,0.8042214141222387,0.7229901864453362,1.3628974556922913e-05,1.0085341835439143,-0.8534183543914331
bayes_mixture,Vehicle_Supply,M,short,12,0.7878374791253802,0.7082611279919305,0.602300470596002,0.3627658568801655,0.6181637851735725,0.0003406517207622528,0.0,0,360,0.0,Economics,0.8042214141222387,0.7229901864453362,1.3628974556922913e-05,0.9796275817714446,2.03724182285554
chronos_t5_512,Auto_Production_SF,M,short,12,0.8727815105277392,0.9058776115627298,0.29240574469405833,0.08550111953008681,0.1698127796753019,1.8753111362457275e-05,0.0,0,60,0.0,Economics,0.6043605475858413,0.6272780561526403,1.4370307326316833e-05,1.444140445656361,-44.41404456563609
chronos_bolt_512,Auto_Production_SF,M,short,12,1.0324059356330573,1.0715550362300386,0.2201815228105807,0.048479902987186275,0.1698127796753019,1.879967749118805e-05,0.0,0,60,0.0,Economics,0.6043605475858413,0.6272780561526403,1.4370307326316833e-05,1.708261632492511,-70.82616324925111
chronos_bolt_max,Auto_Production_SF,M,short,12,1.0324059356330573,1.0715550362300386,0.2201815228105807,0.048479902987186275,0.1698127796753019,1.5089288353919983e-05,0.0,0,60,0.0,Economics,0.6043605475858413,0.6272780561526403,1.4370307326316833e-05,1.708261632492511,-70.82616324925111
chronos2_max,Auto_Production_SF,M,short,12,0.6043605475858413,0.6272780561526403,0.14086698570498227,0.01984350766160768,0.1698127796753019,1.4370307326316833e-05,0.0,0,60,0.0,Economics,0.6043605475858413,0.6272780561526403,1.4370307326316833e-05,1.0,0.0
tsrag,Auto_Production_SF,M,short,12,1.0324059356330573,1.0715550362300386,0.2201815228105807,0.048479902987186275,0.1698127796753019,0.00017229095101356506,0.024623015895485878,0,60,0.0,Economics,0.6043605475858413,0.6272780561526403,1.4370307326316833e-05,1.708261632492511,-70.82616324925111
bayes_mixture,Auto_Production_SF,M,short,12,0.6616261421365782,0.6867151768874437,0.13030429271045946,0.016979208698773098,0.1698127796753019,0.0002219807356595993,0.0,0,60,0.0,Economics,0.6043605475858413,0.6272780561526403,1.4370307326316833e-05,1.094754025191565,-9.475402519156507
chronos_t5_512,Commodity_Production,M,short,12,0.9563565710625491,0.783841881973821,0.5976227351683507,0.3571529335901007,0.5329512558073002,2.3460015654563904e-05,0.0,0,1920,0.0,Economics,0.9052348777989669,0.741941898777288,2.1180137991905212e-05,1.0564734021162352,-5.647340211623519
chronos_bolt_512,Commodity_Production,M,short,12,0.939033605534609,0.7696437614070307,0.5685325587745766,0.3232292703867674,0.5329512558073002,2.5119632482528687e-05,0.0,0,1920,0.0,Economics,0.9052348777989669,0.741941898777288,2.1180137991905212e-05,1.037336970287559,-3.7336970287559
chronos_bolt_max,Commodity_Production,M,short,12,0.9385643093449965,0.7692591203436454,0.5687851465897595,0.32351654298113425,0.5329512558073002,2.0949169993400574e-05,0.0,0,1920,0.0,Economics,0.9052348777989669,0.741941898777288,2.1180137991905212e-05,1.0368185455106065,-3.681854551060648
chronos2_max,Commodity_Production,M,short,12,0.9052348777989669,0.741941898777288,0.5973176292754274,0.356788350243217,0.5329512558073002,2.1180137991905212e-05,0.0,0,1920,0.0,Economics,0.9052348777989669,0.741941898777288,2.1180137991905212e-05,1.0,0.0
tsrag,Commodity_Production,M,short,12,0.940702865021511,0.7710119074911447,0.5667637690289312,0.32122116988387966,0.5329512558073002,0.1729193590581417,0.42408159747719765,0,1920,0.0,Economics,0.9052348777989669,0.741941898777288,2.1180137991905212e-05,1.0391809773268819,-3.918097732688186
bayes_mixture,Commodity_Production,M,short,12,0.8994733227411287,0.737219655739198,0.584030668129776,0.3410918213161126,0.5329512558073002,0.17298297211527824,0.0,0,1920,0.0,Economics,0.9052348777989669,0.741941898777288,2.1180137991905212e-05,0.9936352926747065,0.6364707325293484
chronos_t5_512,Commodity_Import,M,short,12,1.529785052783725,0.8342851418683823,1.8880507776090263,3.5647357388300485,4.658598925947419,2.0287930965423584e-05,0.0,0,480,0.0,Economics,1.4590158630789132,0.7956903841503931,1.6089528799057007e-05,1.048504743159865,-4.850474315986508
chronos_bolt_512,Commodity_Import,M,short,12,1.5000633777159194,0.8180760987381801,1.593777268775737,2.540125982466248,4.658598925947419,2.1789222955703735e-05,0.0,0,480,0.0,Economics,1.4590158630789132,0.7956903841503931,1.6089528799057007e-05,1.0281337000342032,-2.8133700034203235
chronos_bolt_max,Commodity_Import,M,short,12,1.5321493333429275,0.8355745283335996,1.7122452683210576,2.9317838588878504,4.658598925947419,1.6879290342330933e-05,0.0,0,480,0.0,Economics,1.4590158630789132,0.7956903841503931,1.6089528799057007e-05,1.0501252057052233,-5.0125205705223275
chronos2_max,Commodity_Import,M,short,12,1.4590158630789132,0.7956903841503931,1.6016277886445178,2.565211573358328,4.658598925947419,1.6089528799057007e-05,0.0,0,480,0.0,Economics,1.4590158630789132,0.7956903841503931,1.6089528799057007e-05,1.0,0.0
tsrag,Commodity_Import,M,short,12,1.5635337615325082,0.8526903722078463,1.8676212085784996,3.488008978732215,4.658598925947419,0.5301030147820711,2.881279708817601,0,480,0.0,Economics,1.4590158630789132,0.7956903841503931,1.6089528799057007e-05,1.0716358890252464,-7.163588902524642
bayes_mixture,Commodity_Import,M,short,12,1.4671758977098228,0.8001405489871531,1.6471705731445472,2.7131708970333364,4.658598925947419,0.5301551334559917,0.0,0,480,0.0,Economics,1.4590158630789132,0.7956903841503931,1.6089528799057007e-05,1.0055928347575946,-0.5592834757594645
chronos_t5_512,WUI_Global,Q,short,4,1.2521451682141926,0.9818779404916145,0.8964767600278601,0.8036705812700495,0.6093761678421035,2.216920256614685e-05,0.0,0,300,0.0,Economics,0.9822384126018773,0.7702287674940791,1.8533319234848022e-05,1.274787416323245,-27.47874163232451
chronos_bolt_512,WUI_Global,Q,short,4,0.9984850204930568,0.7829686528533119,0.7443992416380795,0.5541302309513478,0.6093761678421035,2.2990629076957703e-05,0.0,0,300,0.0,Economics,0.9822384126018773,0.7702287674940791,1.8533319234848022e-05,1.0165403915004132,-1.6540391500413199
chronos_bolt_max,WUI_Global,Q,short,4,0.9984850154591438,0.7829686489059356,0.7443992227743562,0.5541302028670656,0.6093761678421035,1.8069520592689514e-05,0.0,0,300,0.0,Economics,0.9822384126018773,0.7702287674940791,1.8533319234848022e-05,1.0165403863754732,-1.654038637547317
chronos2_max,WUI_Global,Q,short,4,0.9822384126018773,0.7702287674940791,0.7117582953747225,0.5065998710347306,0.6093761678421035,1.8533319234848022e-05,0.0,0,300,0.0,Economics,0.9822384126018773,0.7702287674940791,1.8533319234848022e-05,1.0,0.0
tsrag,WUI_Global,Q,short,4,0.9984850154591438,0.7829686489059356,0.7443992227743562,0.5541302028670656,0.6093761678421035,0.0005123279988765717,0.14300083927810192,0,300,0.0,Economics,0.9822384126018773,0.7702287674940791,1.8533319234848022e-05,1.0165403863754732,-1.654038637547317
bayes_mixture,WUI_Global,Q,short,4,0.9814809958589027,0.7696348341303091,0.7159285265607837,0.5125536551434947,0.6093761678421035,0.0005664713680744171,0.0,0,300,0.0,Economics,0.9822384126018773,0.7702287674940791,1.8533319234848022e-05,0.9992288870672771,0.07711129327229171
chronos_t5_512,Global_Price,Q,short,4,1.524856009863256,0.8196009336736351,1.5454710829808864,2.388480868330114,3.4498076767502495,3.110058605670929e-05,0.0,0,1200,0.0,Economics,1.5800590412799245,0.8492722310276547,2.751871943473816e-05,0.9650626780554027,3.493732194459731
chronos_bolt_512,Global_Price,Q,short,4,1.568476814976055,0.8430468540535219,1.8965183080102435,3.5967816926180363,3.4498076767502495,3.17208468914032e-05,0.0,0,1200,0.0,Economics,1.5800590412799245,0.8492722310276547,2.751871943473816e-05,0.9926697509388718,0.7330249061128224
chronos_bolt_max,Global_Price,Q,short,4,1.5684767906961357,0.8430468410032113,1.8965182154211866,3.596781341424362,3.4498076767502495,2.7818605303764343e-05,0.0,0,1200,0.0,Economics,1.5800590412799245,0.8492722310276547,2.751871943473816e-05,0.9926697355724083,0.733026442759166
chronos2_max,Global_Price,Q,short,4,1.5800590412799245,0.8492722310276547,1.7962472181143432,3.226504068583517,3.4498076767502495,2.751871943473816e-05,0.0,0,1200,0.0,Economics,1.5800590412799245,0.8492722310276547,2.751871943473816e-05,1.0,0.0
tsrag,Global_Price,Q,short,4,1.5684767906961357,0.8430468410032113,1.8965182154211866,3.596781341424362,3.4498076767502495,0.001592099666595459,0.5472627393901348,0,1200,0.0,Economics,1.5800590412799245,0.8492722310276547,2.751871943473816e-05,0.9926697355724083,0.733026442759166
bayes_mixture,Global_Price,Q,short,4,1.5697254114873846,0.8437179671683656,1.809886019835112,3.2756874047945836,3.4498076767502495,0.0016599912196397781,0.0,0,1200,0.0,Economics,1.5800590412799245,0.8492722310276547,2.751871943473816e-05,0.9934599723664952,0.6540027633504808
chronos_t5_512,Vehicle_Sales,M,short,12,0.7705054194437849,0.5925244482142891,0.5607039323409034,0.31438889974255235,0.8704781233070326,2.0852312445640564e-05,0.0,0,600,0.0,Sales,0.8236066880940314,0.6333597221948136,1.703202724456787e-05,0.9355259380261567,6.447406197384331
chronos_bolt_512,Vehicle_Sales,M,short,12,0.7712553719071313,0.5931011672850673,0.5361147579434922,0.28741903368480914,0.8704781233070326,2.0988285541534424e-05,0.0,0,600,0.0,Sales,0.8236066880940314,0.6333597221948136,1.703202724456787e-05,0.9364365091448564,6.356349085514356
chronos_bolt_max,Vehicle_Sales,M,short,12,0.772428342710334,0.5940031906328601,0.5417925529036383,0.29353917038184163,0.8704781233070326,1.6789883375167847e-05,0.0,0,600,0.0,Sales,0.8236066880940314,0.6333597221948136,1.703202724456787e-05,0.937860697195001,6.213930280499902
chronos2_max,Vehicle_Sales,M,short,12,0.8236066880940314,0.6333597221948136,0.5820640865773051,0.3387986008830726,0.8704781233070326,1.703202724456787e-05,0.0,0,600,0.0,Sales,0.8236066880940314,0.6333597221948136,1.703202724456787e-05,1.0,0.0
tsrag,Vehicle_Sales,M,short,12,0.7820492101409253,0.6014017098668574,0.5475569774996417,0.29981864360854316,0.8704781233070326,0.15850005112588406,0.25040785409510136,0,600,0.0,Sales,0.8236066880940314,0.6333597221948136,1.703202724456787e-05,0.9495420829458328,5.0457917054167245
bayes_mixture,Vehicle_Sales,M,short,12,0.7976118037009968,0.6133694610718018,0.5621964637775849,0.31606486388402133,0.8704781233070326,0.15855269506573677,0.0,0,600,0.0,Sales,0.8236066880940314,0.6333597221948136,1.703202724456787e-05,0.9684377448983674,3.1562255101632575
chronos_t5_512,Online_Retail_2_UCI,D,short,30,0.7520695886569965,0.4633088068854065,0.35845929106571184,0.12849306335133273,0.7074258093720319,1.7819926142692566e-05,0.0,0,180,0.0,Sales,0.6092702040045644,0.3753379415224901,1.4450401067733765e-05,1.2343777583637787,-23.437775836377874
chronos_bolt_512,Online_Retail_2_UCI,D,short,30,0.6180407247822134,0.38074097812780283,0.19519261990130132,0.0381001588639339,0.7074258093720319,1.784786581993103e-05,0.0,0,180,0.0,Sales,0.6092702040045644,0.3753379415224901,1.4450401067733765e-05,1.0143951250528958,-1.4395125052895752
chronos_bolt_max,Online_Retail_2_UCI,D,short,30,0.6195295273705109,0.381658147710612,0.19487140080464294,0.0379748628515638,0.7074258093720319,1.409091055393219e-05,0.0,0,180,0.0,Sales,0.6092702040045644,0.3753379415224901,1.4450401067733765e-05,1.016838708504888,-1.6838708504888
chronos2_max,Online_Retail_2_UCI,D,short,30,0.6092702040045644,0.3753379415224901,0.17989870353493534,0.03236354353355056,0.7074258093720319,1.4450401067733765e-05,0.0,0,180,0.0,Sales,0.6092702040045644,0.3753379415224901,1.4450401067733765e-05,1.0,0.0
tsrag,Online_Retail_2_UCI,D,short,30,0.6181625662897857,0.3808160379950729,0.1915346648826031,0.03668552785169107,0.7074258093720319,0.07960231974720955,0.2560794074088335,0,180,0.0,Sales,0.6092702040045644,0.3753379415224901,1.4450401067733765e-05,1.0145951044820085,-1.4595104482008514
bayes_mixture,Online_Retail_2_UCI,D,short,30,0.6004589904356707,0.369909836321339,0.18101791179532484,0.03276748439074,0.7074258093720319,0.07965402118861675,0.0,0,180,0.0,Sales,0.6092702040045644,0.3753379415224901,1.4450401067733765e-05,0.985538085547299,1.4461914452700952
chronos_t5_512,Supply_Chain_Customer,D,short,30,0.7172572254639847,0.4705164808110607,0.34953270735839603,0.12217311351329012,0.7613944839464535,3.774277865886688e-05,0.0,0,12960,0.0,Sales,0.5576402410302724,0.3658086868326294,3.3210963010787964e-05,1.2862364884908786,-28.623648849087857
chronos_bolt_512,Supply_Chain_Customer,D,short,30,0.6324669171657017,0.41489454205459114,0.23694156393324653,0.056141304719132756,0.7613944839464535,3.79122793674469e-05,0.0,0,12960,0.0,Sales,0.5576402410302724,0.3658086868326294,3.3210963010787964e-05,1.1341844985885212,-13.41844985885212
chronos_bolt_max,Supply_Chain_Customer,D,short,30,0.6131470465479132,0.4022208216512499,0.2372922619965897,0.05630761760345817,0.7613944839464535,4.109926521778107e-05,0.0,0,12960,0.0,Sales,0.5576402410302724,0.3658086868326294,3.3210963010787964e-05,1.0995387374036865,-9.953873740368646
chronos2_max,Supply_Chain_Customer,D,short,30,0.5576402410302724,0.3658086868326294,0.23445427197596594,0.05496880564778021,0.7613944839464535,3.3210963010787964e-05,0.0,0,12960,0.0,Sales,0.5576402410302724,0.3658086868326294,3.3210963010787964e-05,1.0,0.0
tsrag,Supply_Chain_Customer,D,short,30,0.630168871230203,0.4133870375667646,0.23499693595215143,0.05522355990689957,0.7613944839464535,11.478996623307467,88.94416834786534,0,12960,0.0,Sales,0.5576402410302724,0.3658086868326294,3.3210963010787964e-05,1.130063479755209,-13.006347975520892
bayes_mixture,Supply_Chain_Customer,D,short,30,0.5615199052995737,0.3683537235557369,0.234031184992643,0.05477059554906069,0.7613944839464535,11.479104854166508,0.0,0,12960,0.0,Sales,0.5576402410302724,0.3658086868326294,3.3210963010787964e-05,1.00695728891827,-0.6957288918270077
chronos_t5_512,Supply_Chain_Location,D,short,30,0.7343894654899905,0.5148387284137707,0.3184059356720481,0.10138233987119245,0.5773547972858538,4.37125563621521e-05,0.0,0,18360,0.0,Sales,0.6095078906088887,0.42729135166702203,4.15705144405365e-05,1.2048891848739598,-20.488918487395978
chronos_bolt_512,Supply_Chain_Location,D,short,30,0.660236576741148,0.4628543512601713,0.24419763329849473,0.0596324841085861,0.5773547972858538,4.510954022407532e-05,0.0,0,18360,0.0,Sales,0.6095078906088887,0.42729135166702203,4.15705144405365e-05,1.0832289243730417,-8.322892437304175
chronos_bolt_max,Supply_Chain_Location,D,short,30,0.6500187666725908,0.4556912251669076,0.24486762345032992,0.05996015301421256,0.5773547972858538,4.173070192337036e-05,0.0,0,18360,0.0,Sales,0.6095078906088887,0.42729135166702203,4.15705144405365e-05,1.0664648919035855,-6.646489190358551
chronos2_max,Supply_Chain_Location,D,short,30,0.6095078906088887,0.42729135166702203,0.23273139297743445,0.05416390127721702,0.5773547972858538,4.15705144405365e-05,0.0,0,18360,0.0,Sales,0.6095078906088887,0.42729135166702203,4.15705144405365e-05,1.0,0.0
tsrag,Supply_Chain_Location,D,short,30,0.6582833957953587,0.4614850870730533,0.24327115105839478,0.059180852937276325,0.5773547972858538,18.632156820967793,126.06240297667682,0,18360,0.0,Sales,0.6095078906088887,0.42729135166702203,4.15705144405365e-05,1.0800244031914732,-8.002440319147318
bayes_mixture,Supply_Chain_Location,D,short,30,0.6125257861060774,0.4294070267321888,0.23416163539465978,0.05483167149070158,0.5773547972858538,18.63229232095182,0.0,0,18360,0.0,Sales,0.6095078906088887,0.42729135166702203,4.15705144405365e-05,1.0049513641147023,-0.4951364114702317
chronos_t5_512,azure2019_U,5T,short,48,0.8344156467845051,0.749663043073744,2.156333984758081,4.649776253822664,1.2257899723905192,7.674284279346466e-05,0.0,0,67392,0.0,Cloud operations,0.6571249748882112,0.5903799985688403,7.257238030433655e-05,1.2697974946492547,-26.979749464925472
chronos_bolt_512,azure2019_U,5T,short,48,0.7997451732350664,0.718514091342027,1.1053217242627214,1.2217361141271155,1.2257899723905192,7.935240864753723e-05,0.0,0,67392,0.0,Cloud operations,0.6571249748882112,0.5903799985688403,7.257238030433655e-05,1.2170366426433838,-21.703664264338386
chronos_bolt_max,azure2019_U,5T,short,48,0.7729739710685387,0.6944620724708077,1.0012581885494383,1.0025179601373027,1.2257899723905192,8.390285074710846e-05,0.0,0,67392,0.0,Cloud operations,0.6571249748882112,0.5903799985688403,7.257238030433655e-05,1.1762967481186293,-17.629674811862927
chronos2_max,azure2019_U,5T,short,48,0.6571249748882112,0.5903799985688403,0.9546576304018605,0.9113711912844952,1.2257899723905192,7.257238030433655e-05,0.0,0,67392,0.0,Cloud operations,0.6571249748882112,0.5903799985688403,7.257238030433655e-05,1.0,0.0
tsrag,azure2019_U,5T,short,48,0.8028655670152167,0.7213175429621282,1.1400918784738725,1.2998094913620835,1.2257899723905192,75.5911822244525,342.1998277101666,0,67392,0.0,Cloud operations,0.6571249748882112,0.5903799985688403,7.257238030433655e-05,1.2217851971792713,-22.178519717927124
bayes_mixture,azure2019_U,5T,short,48,0.6700323614490046,0.601976366307846,0.9602918764841204,0.9221604880413932,1.2257899723905192,75.59153333120048,0.0,0,67392,0.0,Cloud operations,0.6571249748882112,0.5903799985688403,7.257238030433655e-05,1.0196422097075053,-1.9642209707505298
chronos_t5_512,Smart_Manufacturing,H,short,24,0.7273891974873985,0.7283205551355261,0.13088498123428072,0.017130878312698015,0.03817606606400739,0.00011515431106090546,0.0,0,40650,0.0,Industry,0.7117642401650695,0.7126755914348316,0.0001132916659116745,1.0219524337422534,-2.195243374225342
chronos_bolt_512,Smart_Manufacturing,H,short,24,0.7172990280333037,0.7182174661102795,0.1288337780233091,0.01659814235975928,0.03817606606400739,0.00011650286614894867,0.0,0,40650,0.0,Industry,0.7117642401650695,0.7126755914348316,0.0001132916659116745,1.007776153332669,-0.7776153332669011
chronos_bolt_max,Smart_Manufacturing,H,short,24,0.7166630909129093,0.7175807147285476,0.12860883402699494,0.01654023218978313,0.03817606606400739,0.00011121295392513275,0.0,0,40650,0.0,Industry,0.7117642401650695,0.7126755914348316,0.0001132916659116745,1.0068826873723014,-0.6882687372301355
chronos2_max,Smart_Manufacturing,H,short,24,0.7117642401650695,0.7126755914348316,0.12811330848422053,0.016413019810773054,0.03817606606400739,0.0001132916659116745,0.0,0,40650,0.0,Industry,0.7117642401650695,0.7126755914348316,0.0001132916659116745,1.0,0.0
tsrag,Smart_Manufacturing,H,short,24,0.7166630909129093,0.7175807147285476,0.12860883402699494,0.01654023218978313,0.03817606606400739,103.57895611599088,353.59471475705504,0,40650,0.0,Industry,0.7117642401650695,0.7126755914348316,0.0001132916659116745,1.0068826873723014,-0.6882687372301355
bayes_mixture,Smart_Manufacturing,H,short,24,0.7121775365201127,0.7130894169793687,0.12803832904707643,0.016393813705167418,0.03817606606400739,103.57932895235717,0.0,0,40650,0.0,Industry,0.7117642401650695,0.7126755914348316,0.0001132916659116745,1.0005806646804107,-0.05806646804107363
chronos_t5_512,Smart_Manufacturing,H,medium,168,0.7263793196533553,0.7221071710632895,0.05647573291264872,0.0031895084080208343,0.01326920601468509,3.425218164920807e-05,0.0,0,40650,0.0,Industry,0.711469931275102,0.7072854711982076,2.9809772968292236e-05,1.020955753325418,-2.0955753325418103
chronos_bolt_512,Smart_Manufacturing,H,medium,168,0.7154579136076449,0.7112499984947407,0.05358433819405388,0.002871281299694741,0.01326920601468509,3.503262996673584e-05,0.0,0,40650,0.0,Industry,0.711469931275102,0.7072854711982076,2.9809772968292236e-05,1.0056052717862518,-0.5605271786251809
chronos_bolt_max,Smart_Manufacturing,H,medium,168,0.7140192438721245,0.7098197901935094,0.05376503679546214,0.002890679181617398,0.01326920601468509,3.3659860491752625e-05,0.0,0,40650,0.0,Industry,0.711469931275102,0.7072854711982076,2.9809772968292236e-05,1.0035831628083756,-0.3583162808375562
chronos2_max,Smart_Manufacturing,H,medium,168,0.711469931275102,0.7072854711982076,0.053355505255143224,0.002846809941031616,0.01326920601468509,2.9809772968292236e-05,0.0,0,40650,0.0,Industry,0.711469931275102,0.7072854711982076,2.9809772968292236e-05,1.0,0.0
tsrag,Smart_Manufacturing,H,medium,168,0.7140192438721245,0.7098197901935094,0.05376503679546214,0.002890679181617398,0.01326920601468509,40.82085507363081,302.59164393506944,0,40650,0.0,Industry,0.711469931275102,0.7072854711982076,2.9809772968292236e-05,1.0035831628083756,-0.3583162808375562
bayes_mixture,Smart_Manufacturing,H,medium,168,0.7116062149572092,0.7074209533374781,0.05334368214429695,0.0028455484247117855,0.01326920601468509,40.821127627044916,0.0,0,40650,0.0,Industry,0.711469931275102,0.7072854711982076,2.9809772968292236e-05,1.000191552272438,-0.019155227243805584
chronos_t5_512,Smart_Manufacturing,H,long,336,0.7237455984278817,0.7221306833128346,0.04046306737289839,0.0016372598212237143,0.0120211297863795,2.687983214855194e-05,0.0,0,40650,0.0,Industry,0.7110188635266362,0.7094323459543195,2.3759901523590088e-05,1.0178992929078157,-1.7899292907815667
chronos_bolt_512,Smart_Manufacturing,H,long,336,0.715238138678113,0.7136422065114534,0.040126622475833346,0.0016101458313180538,0.0120211297863795,2.7960166335105896e-05,0.0,0,40650,0.0,Industry,0.7110188635266362,0.7094323459543195,2.3759901523590088e-05,1.0059341254753065,-0.5934125475306473
chronos_bolt_max,Smart_Manufacturing,H,long,336,0.7137246917722527,0.7121321366047616,0.040108178297483,0.0016086659663426862,0.0120211297863795,2.4098902940750122e-05,0.0,0,40650,0.0,Industry,0.7110188635266362,0.7094323459543195,2.3759901523590088e-05,1.0038055646402906,-0.3805564640290582
chronos2_max,Smart_Manufacturing,H,long,336,0.7110188635266362,0.7094323459543195,0.039682967242547114,0.001574737889173067,0.0120211297863795,2.3759901523590088e-05,0.0,0,40650,0.0,Industry,0.7110188635266362,0.7094323459543195,2.3759901523590088e-05,1.0,0.0
tsrag,Smart_Manufacturing,H,long,336,0.7137246917722527,0.7121321366047616,0.040108178297483,0.0016086659663426862,0.0120211297863795,6.901037188246846,247.12256718426943,0,40650,0.0,Industry,0.7110188635266362,0.7094323459543195,2.3759901523590088e-05,1.0038055646402906,-0.3805564640290582
bayes_mixture,Smart_Manufacturing,H,long,336,0.7112932087433073,0.7097060790163354,0.0397123900938261,0.0015770739269642172,0.0120211297863795,6.9013198129832745,0.0,0,40650,0.0,Industry,0.7110188635266362,0.7094323459543195,2.3759901523590088e-05,1.0003858480143695,-0.0385848014369472
chronos_t5_512,MetroPT-3,5T,short,48,0.6918698824985839,0.7928627815181714,0.2458715897646201,0.06045283865338163,0.07601067700804957,2.756156027317047e-05,0.0,0,8922,0.0,Transport,0.6109562818310018,0.7001381462785661,2.3970380425453186e-05,1.1324376278202568,-13.24376278202568
chronos_bolt_512,MetroPT-3,5T,short,48,0.6638292124726338,0.7607289884527483,0.21326468975940333,0.04548182789817455,0.07601067700804957,2.7962028980255127e-05,0.0,0,8922,0.0,Transport,0.6109562818310018,0.7001381462785661,2.3970380425453186e-05,1.086541266886028,-8.654126688602792
chronos_bolt_max,MetroPT-3,5T,short,48,0.6495314561459699,0.7443441751556454,0.1993031622716708,0.03972175049148794,0.07601067700804957,2.4240463972091675e-05,0.0,0,8922,0.0,Transport,0.6109562818310018,0.7001381462785661,2.3970380425453186e-05,1.0631390092256034,-6.313900922560345
chronos2_max,MetroPT-3,5T,short,48,0.6109562818310018,0.7001381462785661,0.1967912120742648,0.03872678114965827,0.07601067700804957,2.3970380425453186e-05,0.0,0,8922,0.0,Transport,0.6109562818310018,0.7001381462785661,2.3970380425453186e-05,1.0,0.0
tsrag,MetroPT-3,5T,short,48,0.648947554900921,0.7436750412953747,0.19948994955311825,0.03979623997270566,0.07601067700804957,6.81771675683558,193.08063221536577,0,8922,0.0,Transport,0.6109562818310018,0.7001381462785661,2.3970380425453186e-05,1.0621832923234074,-6.218329232340736
bayes_mixture,MetroPT-3,5T,short,48,0.6196242793467972,0.7100714195636338,0.19814142755539896,0.03926002531369142,0.07601067700804957,6.817814318463206,0.0,0,8922,0.0,Transport,0.6109562818310018,0.7001381462785661,2.3970380425453186e-05,1.0141875904603483,-1.4187590460348343
chronos_t5_512,MetroPT-3,5T,medium,288,0.7492768836284776,0.8778171002966274,0.18080116773393942,0.0326890622539561,0.019695959012921885,2.0051375031471252e-05,0.0,0,8922,0.0,Transport,0.6476133067503567,0.7587128970163014,1.6828998923301697e-05,1.1569819146988443,-15.698191469884426
chronos_bolt_512,MetroPT-3,5T,medium,288,0.7075038222546929,0.828877771716152,0.12042362294339502,0.014501848962812976,0.019695959012921885,2.0992010831832886e-05,0.0,0,8922,0.0,Transport,0.6476133067503567,0.7587128970163014,1.6828998923301697e-05,1.0924788216672994,-9.247882166729937
chronos_bolt_max,MetroPT-3,5T,medium,288,0.6855807975211551,0.8031938003808404,0.11475872335331143,0.013169564585681866,0.019695959012921885,1.6920268535614014e-05,0.0,0,8922,0.0,Transport,0.6476133067503567,0.7587128970163014,1.6828998923301697e-05,1.0586267922154264,-5.862679221542644
chronos2_max,MetroPT-3,5T,medium,288,0.6476133067503567,0.7587128970163014,0.12182323704984982,0.014840901085303901,0.019695959012921885,1.6828998923301697e-05,0.0,0,8922,0.0,Transport,0.6476133067503567,0.7587128970163014,1.6828998923301697e-05,1.0,0.0
tsrag,MetroPT-3,5T,medium,288,0.684183876964008,0.8015572348072685,0.11453160918268734,0.013117489501975832,0.019695959012921885,2.6542783081531525,189.91407954879105,0,8922,0.0,Transport,0.6476133067503567,0.7587128970163014,1.6828998923301697e-05,1.0564697634104492,-5.646976341044918
bayes_mixture,MetroPT-3,5T,medium,288,0.6657764646901808,0.7799919875412291,0.11573277162275417,0.013394074427484571,0.019695959012921885,2.654371166601777,0.0,0,8922,0.0,Transport,0.6476133067503567,0.7587128970163014,1.6828998923301697e-05,1.028046301319787,-2.8046301319786915
chronos_t5_512,MetroPT-3,5T,long,576,0.7534907115442111,0.8673871734053922,0.06414624893626507,0.004114741252593288,0.022228105801810265,2.0012259483337402e-05,0.0,0,8922,0.0,Transport,0.6642965154752547,0.7647105240093246,1.3850629329681396e-05,1.134268649603174,-13.426864960317397
chronos_bolt_512,MetroPT-3,5T,long,576,0.6997858861619038,0.8055644117271198,0.07397322547825821,0.005472038087657231,0.022228105801810265,1.8481165170669556e-05,0.0,0,8922,0.0,Transport,0.6642965154752547,0.7647105240093246,1.3850629329681396e-05,1.0534239904318317,-5.342399043183166
chronos_bolt_max,MetroPT-3,5T,long,576,0.694838569336889,0.7998692663311054,0.11405846037937939,0.01300933238411446,0.022228105801810265,1.442059874534607e-05,0.0,0,8922,0.0,Transport,0.6642965154752547,0.7647105240093246,1.3850629329681396e-05,1.045976537811257,-4.59765378112571
chronos2_max,MetroPT-3,5T,long,576,0.6642965154752547,0.7647105240093246,0.10281273172956211,0.010570457805694907,0.022228105801810265,1.3850629329681396e-05,0.0,0,8922,0.0,Transport,0.6642965154752547,0.7647105240093246,1.3850629329681396e-05,1.0,0.0
tsrag,MetroPT-3,5T,long,576,0.694838569336889,0.7998692663311054,0.11405846037937939,0.01300933238411446,0.022228105801810265,1.8174024038016796,186.56173055619,0,8922,0.0,Transport,0.6642965154752547,0.7647105240093246,1.3850629329681396e-05,1.045976537811257,-4.59765378112571
bayes_mixture,MetroPT-3,5T,long,576,0.6719522546345984,0.7735234925675475,0.10763685060606794,0.011585691608392987,0.022228105801810265,1.8174880351871252,0.0,0,8922,0.0,Transport,0.6642965154752547,0.7647105240093246,1.3850629329681396e-05,1.0115245812389466,-1.1524581238946618
