[2026-09-28 12:46:04 UTC] TS-RAG paths: project=/fssmall/home/h61084/codes/tsrag_time outputs=/scratch/users/h61084/codes/tsrag_time/outputs logs=/scratch/users/h61084/codes/tsrag_time/logs
[2026-09-28 12:46:05 UTC] resources allocation {"CUDA_VISIBLE_DEVICES": "0", "SLURM_CPUS_PER_TASK": "8", "SLURM_JOB_GPUS": "0,1,2,3", "SLURM_JOB_ID": "3584841", "SLURM_MEM_PER_CPU": "unset", "SLURM_MEM_PER_NODE": "80000", "SLURM_STEP_GPUS": "0", "SLURM_STEP_ID": "0", "cpu_count": 8, "host": "sean0015"}
[2026-09-28 12:46:05 UTC] resources RAM {"MemAvailable_MiB": 374140.94921875, "MemTotal_MiB": 386622.87109375, "cgroup_reason": "memory.max is unlimited", "cgroup_status": "unlimited"}
[2026-09-28 12:46:05 UTC] resources nvidia_inventory {"columns": "index,uuid,name,driver,total_MiB,free_MiB,used_MiB", "devices": ["0, GPU-a403e2c7-2bdc-75bf-88a4-0ca6c9e99969, NVIDIA H100 NVL, 560.35.05, 95830, 95350, 1"]}
[2026-09-28 12:46:10 UTC] resources torch {"cuda_available": true, "note": "visibility probe; CPU-only stages need not use an allocated GPU", "version": "2.9.1+cu128", "visible_gpu_count": 1}
[2026-09-28 12:46:11 UTC] resources cuda_device {"capability": "9.0", "free_MiB": 94825.125, "logical_index": 0, "name": "NVIDIA H100 NVL", "total_MiB": 95350.1875}
[2026-09-28 12:46:11 UTC] TS-RAG paths: project=/fssmall/home/h61084/codes/tsrag_time outputs=/scratch/users/h61084/codes/tsrag_time/outputs logs=/scratch/users/h61084/codes/tsrag_time/logs
[2026-09-28 12:46:11 UTC] Slurm=3584841 launch=selena_3584841 stages=prepare,vanilla,extract,predict,mix,evaluate,report mode=full

[2026-09-28 12:46:11 UTC] stage=prepare
[2026-09-28 14:46:14,609][datasets][INFO] - PyTorch version 2.9.1 available.
[2026-09-28 12:46:17 UTC] resources selected_device {"component": "tsrag_time", "device": "cpu", "stage": "prepare"}
[2026-09-28 12:46:17 UTC] stage=prepare tasks=90 seed=0 device=cuda Slurm=3584841
[2026-09-28 12:46:17 UTC] prepare dataset=Water_Quality_Darwin/15T term=short H=16 validation=1440
TIME run allocation action=skip run=/fslarge/scratch/users/h61084/codes/tsrag_time/outputs/tsrag/data/validation/shared/Water_Quality_Darwin/15T/short/run_0 source_launch=selena_3584841 launch_id=selena_3584841 slurm_job_id=3584841 launched_at=2026-09-28T12:46:17.703842+00:00
TIME run allocation action=skip run=/fslarge/scratch/users/h61084/codes/tsrag_time/outputs/tsrag/data/test/shared/Water_Quality_Darwin/15T/short/run_0 source_launch=selena_3584841 launch_id=selena_3584841 slurm_job_id=3584841 launched_at=2026-09-28T12:46:17.709223+00:00
[2026-09-28 12:46:17 UTC] prepare dataset=Water_Quality_Darwin/15T term=medium H=96 validation=1440
TIME run allocation action=skip run=/fslarge/scratch/users/h61084/codes/tsrag_time/outputs/tsrag/data/validation/shared/Water_Quality_Darwin/15T/medium/run_0 source_launch=selena_3584841 launch_id=selena_3584841 slurm_job_id=3584841 launched_at=2026-09-28T12:46:17.729241+00:00
TIME run allocation action=skip run=/fslarge/scratch/users/h61084/codes/tsrag_time/outputs/tsrag/data/test/shared/Water_Quality_Darwin/15T/medium/run_0 source_launch=selena_3584841 launch_id=selena_3584841 slurm_job_id=3584841 launched_at=2026-09-28T12:46:17.733613+00:00
[2026-09-28 12:46:17 UTC] prepare dataset=Water_Quality_Darwin/15T term=long H=288 validation=1440
TIME run allocation action=skip run=/fslarge/scratch/users/h61084/codes/tsrag_time/outputs/tsrag/data/validation/shared/Water_Quality_Darwin/15T/long/run_0 source_launch=selena_3584841 launch_id=selena_3584841 slurm_job_id=3584841 launched_at=2026-09-28T12:46:17.753140+00:00
TIME run allocation action=skip run=/fslarge/scratch/users/h61084/codes/tsrag_time/outputs/tsrag/data/test/shared/Water_Quality_Darwin/15T/long/run_0 source_launch=selena_3584841 launch_id=selena_3584841 slurm_job_id=3584841 launched_at=2026-09-28T12:46:17.757650+00:00
[2026-09-28 12:46:17 UTC] prepare dataset=current_velocity/5T term=short H=36 validation=4320
TIME run allocation action=skip run=/fslarge/scratch/users/h61084/codes/tsrag_time/outputs/tsrag/data/validation/shared/current_velocity/5T/short/run_0 source_launch=selena_3584841 launch_id=selena_3584841 slurm_job_id=3584841 launched_at=2026-09-28T12:46:17.768446+00:00
TIME run allocation action=skip run=/fslarge/scratch/users/h61084/codes/tsrag_time/outputs/tsrag/data/test/shared/current_velocity/5T/short/run_0 source_launch=selena_3584841 launch_id=selena_3584841 slurm_job_id=3584841 launched_at=2026-09-28T12:46:17.773290+00:00
[2026-09-28 12:46:17 UTC] prepare dataset=current_velocity/5T term=medium H=288 validation=4320
TIME run allocation action=skip run=/fslarge/scratch/users/h61084/codes/tsrag_time/outputs/tsrag/data/validation/shared/current_velocity/5T/medium/run_0 source_launch=selena_3584841 launch_id=selena_3584841 slurm_job_id=3584841 launched_at=2026-09-28T12:46:17.783833+00:00
TIME run allocation action=skip run=/fslarge/scratch/users/h61084/codes/tsrag_time/outputs/tsrag/data/test/shared/current_velocity/5T/medium/run_0 source_launch=selena_3584841 launch_id=selena_3584841 slurm_job_id=3584841 launched_at=2026-09-28T12:46:17.788250+00:00
[2026-09-28 12:46:17 UTC] prepare dataset=current_velocity/5T term=long H=864 validation=4320
TIME run allocation action=skip run=/fslarge/scratch/users/h61084/codes/tsrag_time/outputs/tsrag/data/validation/shared/current_velocity/5T/long/run_0 source_launch=selena_3584841 launch_id=selena_3584841 slurm_job_id=3584841 launched_at=2026-09-28T12:46:17.798148+00:00
TIME run allocation action=skip run=/fslarge/scratch/users/h61084/codes/tsrag_time/outputs/tsrag/data/test/shared/current_velocity/5T/long/run_0 source_launch=selena_3584841 launch_id=selena_3584841 slurm_job_id=3584841 launched_at=2026-09-28T12:46:17.802553+00:00
[2026-09-28 12:46:17 UTC] prepare dataset=current_velocity/10T term=short H=18 validation=2160
TIME run allocation action=skip run=/fslarge/scratch/users/h61084/codes/tsrag_time/outputs/tsrag/data/validation/shared/current_velocity/10T/short/run_0 source_launch=selena_3584841 launch_id=selena_3584841 slurm_job_id=3584841 launched_at=2026-09-28T12:46:17.834120+00:00
TIME run allocation action=skip run=/fslarge/scratch/users/h61084/codes/tsrag_time/outputs/tsrag/data/test/shared/current_velocity/10T/short/run_0 source_launch=selena_3584841 launch_id=selena_3584841 slurm_job_id=3584841 launched_at=2026-09-28T12:46:17.839087+00:00
[2026-09-28 12:46:17 UTC] prepare dataset=current_velocity/10T term=medium H=144 validation=2160
TIME run allocation action=skip run=/fslarge/scratch/users/h61084/codes/tsrag_time/outputs/tsrag/data/validation/shared/current_velocity/10T/medium/run_0 source_launch=selena_3584841 launch_id=selena_3584841 slurm_job_id=3584841 launched_at=2026-09-28T12:46:17.870363+00:00
TIME run allocation action=skip run=/fslarge/scratch/users/h61084/codes/tsrag_time/outputs/tsrag/data/test/shared/current_velocity/10T/medium/run_0 source_launch=selena_3584841 launch_id=selena_3584841 slurm_job_id=3584841 launched_at=2026-09-28T12:46:17.875243+00:00
[2026-09-28 12:46:17 UTC] prepare dataset=current_velocity/10T term=long H=432 validation=2160
TIME run allocation action=skip run=/fslarge/scratch/users/h61084/codes/tsrag_time/outputs/tsrag/data/validation/shared/current_velocity/10T/long/run_0 source_launch=selena_3584841 launch_id=selena_3584841 slurm_job_id=3584841 launched_at=2026-09-28T12:46:17.906454+00:00
TIME run allocation action=skip run=/fslarge/scratch/users/h61084/codes/tsrag_time/outputs/tsrag/data/test/shared/current_velocity/10T/long/run_0 source_launch=selena_3584841 launch_id=selena_3584841 slurm_job_id=3584841 launched_at=2026-09-28T12:46:17.911332+00:00
[2026-09-28 12:46:17 UTC] prepare dataset=current_velocity/15T term=short H=12 validation=1440
TIME run allocation action=skip run=/fslarge/scratch/users/h61084/codes/tsrag_time/outputs/tsrag/data/validation/shared/current_velocity/15T/short/run_0 source_launch=selena_3584841 launch_id=selena_3584841 slurm_job_id=3584841 launched_at=2026-09-28T12:46:17.923565+00:00
TIME run allocation action=skip run=/fslarge/scratch/users/h61084/codes/tsrag_time/outputs/tsrag/data/test/shared/current_velocity/15T/short/run_0 source_launch=selena_3584841 launch_id=selena_3584841 slurm_job_id=3584841 launched_at=2026-09-28T12:46:17.928077+00:00
[2026-09-28 12:46:17 UTC] prepare dataset=current_velocity/15T term=medium H=96 validation=1440
TIME run allocation action=skip run=/fslarge/scratch/users/h61084/codes/tsrag_time/outputs/tsrag/data/validation/shared/current_velocity/15T/medium/run_0 source_launch=selena_3584841 launch_id=selena_3584841 slurm_job_id=3584841 launched_at=2026-09-28T12:46:17.939661+00:00
TIME run allocation action=skip run=/fslarge/scratch/users/h61084/codes/tsrag_time/outputs/tsrag/data/test/shared/current_velocity/15T/medium/run_0 source_launch=selena_3584841 launch_id=selena_3584841 slurm_job_id=3584841 launched_at=2026-09-28T12:46:17.944050+00:00
[2026-09-28 12:46:17 UTC] prepare dataset=current_velocity/15T term=long H=288 validation=1440
TIME run allocation action=skip run=/fslarge/scratch/users/h61084/codes/tsrag_time/outputs/tsrag/data/validation/shared/current_velocity/15T/long/run_0 source_launch=selena_3584841 launch_id=selena_3584841 slurm_job_id=3584841 launched_at=2026-09-28T12:46:17.955744+00:00
TIME run allocation action=skip run=/fslarge/scratch/users/h61084/codes/tsrag_time/outputs/tsrag/data/test/shared/current_velocity/15T/long/run_0 source_launch=selena_3584841 launch_id=selena_3584841 slurm_job_id=3584841 launched_at=2026-09-28T12:46:17.960139+00:00
[2026-09-28 12:46:17 UTC] prepare dataset=current_velocity/H term=short H=24 validation=672
TIME run allocation action=skip run=/fslarge/scratch/users/h61084/codes/tsrag_time/outputs/tsrag/data/validation/shared/current_velocity/H/short/run_0 source_launch=selena_3584841 launch_id=selena_3584841 slurm_job_id=3584841 launched_at=2026-09-28T12:46:17.976239+00:00
TIME run allocation action=skip run=/fslarge/scratch/users/h61084/codes/tsrag_time/outputs/tsrag/data/test/shared/current_velocity/H/short/run_0 source_launch=selena_3584841 launch_id=selena_3584841 slurm_job_id=3584841 launched_at=2026-09-28T12:46:17.980803+00:00
[2026-09-28 12:46:17 UTC] prepare dataset=current_velocity/H term=medium H=168 validation=672
TIME run allocation action=skip run=/fslarge/scratch/users/h61084/codes/tsrag_time/outputs/tsrag/data/validation/shared/current_velocity/H/medium/run_0 source_launch=selena_3584841 launch_id=selena_3584841 slurm_job_id=3584841 launched_at=2026-09-28T12:46:17.996450+00:00
TIME run allocation action=skip run=/fslarge/scratch/users/h61084/codes/tsrag_time/outputs/tsrag/data/test/shared/current_velocity/H/medium/run_0 source_launch=selena_3584841 launch_id=selena_3584841 slurm_job_id=3584841 launched_at=2026-09-28T12:46:18.000971+00:00
[2026-09-28 12:46:18 UTC] prepare dataset=current_velocity/H term=long H=336 validation=672
TIME run allocation action=skip run=/fslarge/scratch/users/h61084/codes/tsrag_time/outputs/tsrag/data/validation/shared/current_velocity/H/long/run_0 source_launch=selena_3584841 launch_id=selena_3584841 slurm_job_id=3584841 launched_at=2026-09-28T12:46:18.018692+00:00
TIME run allocation action=skip run=/fslarge/scratch/users/h61084/codes/tsrag_time/outputs/tsrag/data/test/shared/current_velocity/H/long/run_0 source_launch=selena_3584841 launch_id=selena_3584841 slurm_job_id=3584841 launched_at=2026-09-28T12:46:18.023193+00:00
[2026-09-28 12:46:18 UTC] prepare dataset=CPHL/15T term=short H=12 validation=1440
TIME run allocation action=skip run=/fslarge/scratch/users/h61084/codes/tsrag_time/outputs/tsrag/data/validation/shared/CPHL/15T/short/run_0 source_launch=selena_3584841 launch_id=selena_3584841 slurm_job_id=3584841 launched_at=2026-09-28T12:46:18.031063+00:00
TIME run allocation action=skip run=/fslarge/scratch/users/h61084/codes/tsrag_time/outputs/tsrag/data/test/shared/CPHL/15T/short/run_0 source_launch=selena_3584841 launch_id=selena_3584841 slurm_job_id=3584841 launched_at=2026-09-28T12:46:18.035482+00:00
[2026-09-28 12:46:18 UTC] prepare dataset=CPHL/15T term=medium H=96 validation=1440
TIME run allocation action=skip run=/fslarge/scratch/users/h61084/codes/tsrag_time/outputs/tsrag/data/validation/shared/CPHL/15T/medium/run_0 source_launch=selena_3584841 launch_id=selena_3584841 slurm_job_id=3584841 launched_at=2026-09-28T12:46:18.042621+00:00
TIME run allocation action=skip run=/fslarge/scratch/users/h61084/codes/tsrag_time/outputs/tsrag/data/test/shared/CPHL/15T/medium/run_0 source_launch=selena_3584841 launch_id=selena_3584841 slurm_job_id=3584841 launched_at=2026-09-28T12:46:18.046992+00:00
[2026-09-28 12:46:18 UTC] prepare dataset=CPHL/15T term=long H=288 validation=1440
TIME run allocation action=skip run=/fslarge/scratch/users/h61084/codes/tsrag_time/outputs/tsrag/data/validation/shared/CPHL/15T/long/run_0 source_launch=selena_3584841 launch_id=selena_3584841 slurm_job_id=3584841 launched_at=2026-09-28T12:46:18.054104+00:00
TIME run allocation action=skip run=/fslarge/scratch/users/h61084/codes/tsrag_time/outputs/tsrag/data/test/shared/CPHL/15T/long/run_0 source_launch=selena_3584841 launch_id=selena_3584841 slurm_job_id=3584841 launched_at=2026-09-28T12:46:18.058481+00:00
[2026-09-28 12:46:18 UTC] prepare dataset=CPHL/30T term=short H=12 validation=1440
TIME run allocation action=skip run=/fslarge/scratch/users/h61084/codes/tsrag_time/outputs/tsrag/data/validation/shared/CPHL/30T/short/run_0 source_launch=selena_3584841 launch_id=selena_3584841 slurm_job_id=3584841 launched_at=2026-09-28T12:46:18.066248+00:00
TIME run allocation action=skip run=/fslarge/scratch/users/h61084/codes/tsrag_time/outputs/tsrag/data/test/shared/CPHL/30T/short/run_0 source_launch=selena_3584841 launch_id=selena_3584841 slurm_job_id=3584841 launched_at=2026-09-28T12:46:18.070667+00:00
[2026-09-28 12:46:18 UTC] prepare dataset=CPHL/30T term=medium H=48 validation=1440
TIME run allocation action=skip run=/fslarge/scratch/users/h61084/codes/tsrag_time/outputs/tsrag/data/validation/shared/CPHL/30T/medium/run_0 source_launch=selena_3584841 launch_id=selena_3584841 slurm_job_id=3584841 launched_at=2026-09-28T12:46:18.078056+00:00
TIME run allocation action=skip run=/fslarge/scratch/users/h61084/codes/tsrag_time/outputs/tsrag/data/test/shared/CPHL/30T/medium/run_0 source_launch=selena_3584841 launch_id=selena_3584841 slurm_job_id=3584841 launched_at=2026-09-28T12:46:18.082342+00:00
[2026-09-28 12:46:18 UTC] prepare dataset=CPHL/30T term=long H=144 validation=1440
TIME run allocation action=skip run=/fslarge/scratch/users/h61084/codes/tsrag_time/outputs/tsrag/data/validation/shared/CPHL/30T/long/run_0 source_launch=selena_3584841 launch_id=selena_3584841 slurm_job_id=3584841 launched_at=2026-09-28T12:46:18.089695+00:00
TIME run allocation action=skip run=/fslarge/scratch/users/h61084/codes/tsrag_time/outputs/tsrag/data/test/shared/CPHL/30T/long/run_0 source_launch=selena_3584841 launch_id=selena_3584841 slurm_job_id=3584841 launched_at=2026-09-28T12:46:18.093922+00:00
[2026-09-28 12:46:18 UTC] prepare dataset=CPHL/H term=short H=24 validation=672
TIME run allocation action=skip run=/fslarge/scratch/users/h61084/codes/tsrag_time/outputs/tsrag/data/validation/shared/CPHL/H/short/run_0 source_launch=selena_3584841 launch_id=selena_3584841 slurm_job_id=3584841 launched_at=2026-09-28T12:46:18.101415+00:00
TIME run allocation action=skip run=/fslarge/scratch/users/h61084/codes/tsrag_time/outputs/tsrag/data/test/shared/CPHL/H/short/run_0 source_launch=selena_3584841 launch_id=selena_3584841 slurm_job_id=3584841 launched_at=2026-09-28T12:46:18.105709+00:00
[2026-09-28 12:46:18 UTC] prepare dataset=CPHL/H term=medium H=168 validation=672
TIME run allocation action=skip run=/fslarge/scratch/users/h61084/codes/tsrag_time/outputs/tsrag/data/validation/shared/CPHL/H/medium/run_0 source_launch=selena_3584841 launch_id=selena_3584841 slurm_job_id=3584841 launched_at=2026-09-28T12:46:18.112942+00:00
TIME run allocation action=skip run=/fslarge/scratch/users/h61084/codes/tsrag_time/outputs/tsrag/data/test/shared/CPHL/H/medium/run_0 source_launch=selena_3584841 launch_id=selena_3584841 slurm_job_id=3584841 launched_at=2026-09-28T12:46:18.117262+00:00
[2026-09-28 12:46:18 UTC] prepare dataset=CPHL/H term=long H=336 validation=672
TIME run allocation action=skip run=/fslarge/scratch/users/h61084/codes/tsrag_time/outputs/tsrag/data/validation/shared/CPHL/H/long/run_0 source_launch=selena_3584841 launch_id=selena_3584841 slurm_job_id=3584841 launched_at=2026-09-28T12:46:18.124458+00:00
TIME run allocation action=skip run=/fslarge/scratch/users/h61084/codes/tsrag_time/outputs/tsrag/data/test/shared/CPHL/H/long/run_0 source_launch=selena_3584841 launch_id=selena_3584841 slurm_job_id=3584841 launched_at=2026-09-28T12:46:18.128680+00:00
[2026-09-28 12:46:18 UTC] prepare dataset=Coastal_T_S/15T term=short H=12 validation=1440
TIME run allocation action=skip run=/fslarge/scratch/users/h61084/codes/tsrag_time/outputs/tsrag/data/validation/shared/Coastal_T_S/15T/short/run_0 source_launch=selena_3584841 launch_id=selena_3584841 slurm_job_id=3584841 launched_at=2026-09-28T12:46:18.142237+00:00
TIME run allocation action=skip run=/fslarge/scratch/users/h61084/codes/tsrag_time/outputs/tsrag/data/test/shared/Coastal_T_S/15T/short/run_0 source_launch=selena_3584841 launch_id=selena_3584841 slurm_job_id=3584841 launched_at=2026-09-28T12:46:18.147015+00:00
[2026-09-28 12:46:18 UTC] prepare dataset=Coastal_T_S/15T term=medium H=96 validation=1440
TIME run allocation action=skip run=/fslarge/scratch/users/h61084/codes/tsrag_time/outputs/tsrag/data/validation/shared/Coastal_T_S/15T/medium/run_0 source_launch=selena_3584841 launch_id=selena_3584841 slurm_job_id=3584841 launched_at=2026-09-28T12:46:18.159537+00:00
TIME run allocation action=skip run=/fslarge/scratch/users/h61084/codes/tsrag_time/outputs/tsrag/data/test/shared/Coastal_T_S/15T/medium/run_0 source_launch=selena_3584841 launch_id=selena_3584841 slurm_job_id=3584841 launched_at=2026-09-28T12:46:18.164031+00:00
[2026-09-28 12:46:18 UTC] prepare dataset=Coastal_T_S/15T term=long H=288 validation=1440
TIME run allocation action=skip run=/fslarge/scratch/users/h61084/codes/tsrag_time/outputs/tsrag/data/validation/shared/Coastal_T_S/15T/long/run_0 source_launch=selena_3584841 launch_id=selena_3584841 slurm_job_id=3584841 launched_at=2026-09-28T12:46:18.177304+00:00
TIME run allocation action=skip run=/fslarge/scratch/users/h61084/codes/tsrag_time/outputs/tsrag/data/test/shared/Coastal_T_S/15T/long/run_0 source_launch=selena_3584841 launch_id=selena_3584841 slurm_job_id=3584841 launched_at=2026-09-28T12:46:18.181724+00:00
[2026-09-28 12:46:18 UTC] prepare dataset=Coastal_T_S/20T term=short H=9 validation=1080
TIME run allocation action=skip run=/fslarge/scratch/users/h61084/codes/tsrag_time/outputs/tsrag/data/validation/shared/Coastal_T_S/20T/short/run_0 source_launch=selena_3584841 launch_id=selena_3584841 slurm_job_id=3584841 launched_at=2026-09-28T12:46:18.189761+00:00
TIME run allocation action=skip run=/fslarge/scratch/users/h61084/codes/tsrag_time/outputs/tsrag/data/test/shared/Coastal_T_S/20T/short/run_0 source_launch=selena_3584841 launch_id=selena_3584841 slurm_job_id=3584841 launched_at=2026-09-28T12:46:18.194326+00:00
[2026-09-28 12:46:18 UTC] prepare dataset=Coastal_T_S/20T term=medium H=72 validation=1080
TIME run allocation action=skip run=/fslarge/scratch/users/h61084/codes/tsrag_time/outputs/tsrag/data/validation/shared/Coastal_T_S/20T/medium/run_0 source_launch=selena_3584841 launch_id=selena_3584841 slurm_job_id=3584841 launched_at=2026-09-28T12:46:18.201684+00:00
TIME run allocation action=skip run=/fslarge/scratch/users/h61084/codes/tsrag_time/outputs/tsrag/data/test/shared/Coastal_T_S/20T/medium/run_0 source_launch=selena_3584841 launch_id=selena_3584841 slurm_job_id=3584841 launched_at=2026-09-28T12:46:18.206155+00:00
[2026-09-28 12:46:18 UTC] prepare dataset=Coastal_T_S/20T term=long H=216 validation=1080
TIME run allocation action=skip run=/fslarge/scratch/users/h61084/codes/tsrag_time/outputs/tsrag/data/validation/shared/Coastal_T_S/20T/long/run_0 source_launch=selena_3584841 launch_id=selena_3584841 slurm_job_id=3584841 launched_at=2026-09-28T12:46:18.213479+00:00
TIME run allocation action=skip run=/fslarge/scratch/users/h61084/codes/tsrag_time/outputs/tsrag/data/test/shared/Coastal_T_S/20T/long/run_0 source_launch=selena_3584841 launch_id=selena_3584841 slurm_job_id=3584841 launched_at=2026-09-28T12:46:18.217706+00:00
[2026-09-28 12:46:18 UTC] prepare dataset=Coastal_T_S/H term=short H=24 validation=672
TIME run allocation action=skip run=/fslarge/scratch/users/h61084/codes/tsrag_time/outputs/tsrag/data/validation/shared/Coastal_T_S/H/short/run_0 source_launch=selena_3584841 launch_id=selena_3584841 slurm_job_id=3584841 launched_at=2026-09-28T12:46:18.233810+00:00
TIME run allocation action=skip run=/fslarge/scratch/users/h61084/codes/tsrag_time/outputs/tsrag/data/test/shared/Coastal_T_S/H/short/run_0 source_launch=selena_3584841 launch_id=selena_3584841 slurm_job_id=3584841 launched_at=2026-09-28T12:46:18.238502+00:00
[2026-09-28 12:46:18 UTC] prepare dataset=Coastal_T_S/H term=medium H=168 validation=672
TIME run allocation action=skip run=/fslarge/scratch/users/h61084/codes/tsrag_time/outputs/tsrag/data/validation/shared/Coastal_T_S/H/medium/run_0 source_launch=selena_3584841 launch_id=selena_3584841 slurm_job_id=3584841 launched_at=2026-09-28T12:46:18.253821+00:00
TIME run allocation action=skip run=/fslarge/scratch/users/h61084/codes/tsrag_time/outputs/tsrag/data/test/shared/Coastal_T_S/H/medium/run_0 source_launch=selena_3584841 launch_id=selena_3584841 slurm_job_id=3584841 launched_at=2026-09-28T12:46:18.258239+00:00
[2026-09-28 12:46:18 UTC] prepare dataset=Coastal_T_S/H term=long H=336 validation=672
TIME run allocation action=skip run=/fslarge/scratch/users/h61084/codes/tsrag_time/outputs/tsrag/data/validation/shared/Coastal_T_S/H/long/run_0 source_launch=selena_3584841 launch_id=selena_3584841 slurm_job_id=3584841 launched_at=2026-09-28T12:46:18.273507+00:00
TIME run allocation action=skip run=/fslarge/scratch/users/h61084/codes/tsrag_time/outputs/tsrag/data/test/shared/Coastal_T_S/H/long/run_0 source_launch=selena_3584841 launch_id=selena_3584841 slurm_job_id=3584841 launched_at=2026-09-28T12:46:18.277986+00:00
[2026-09-28 12:46:18 UTC] prepare dataset=SG_Weather/D term=short H=3 validation=366
TIME run allocation action=skip run=/fslarge/scratch/users/h61084/codes/tsrag_time/outputs/tsrag/data/validation/shared/SG_Weather/D/short/run_0 source_launch=selena_3584841 launch_id=selena_3584841 slurm_job_id=3584841 launched_at=2026-09-28T12:46:18.287157+00:00
TIME run allocation action=skip run=/fslarge/scratch/users/h61084/codes/tsrag_time/outputs/tsrag/data/test/shared/SG_Weather/D/short/run_0 source_launch=selena_3584841 launch_id=selena_3584841 slurm_job_id=3584841 launched_at=2026-09-28T12:46:18.291552+00:00
[2026-09-28 12:46:18 UTC] prepare dataset=SG_Weather/D term=medium H=7 validation=366
TIME run allocation action=skip run=/fslarge/scratch/users/h61084/codes/tsrag_time/outputs/tsrag/data/validation/shared/SG_Weather/D/medium/run_0 source_launch=selena_3584841 launch_id=selena_3584841 slurm_job_id=3584841 launched_at=2026-09-28T12:46:18.299931+00:00
TIME run allocation action=skip run=/fslarge/scratch/users/h61084/codes/tsrag_time/outputs/tsrag/data/test/shared/SG_Weather/D/medium/run_0 source_launch=selena_3584841 launch_id=selena_3584841 slurm_job_id=3584841 launched_at=2026-09-28T12:46:18.303996+00:00
[2026-09-28 12:46:18 UTC] prepare dataset=SG_Weather/D term=long H=14 validation=366
TIME run allocation action=skip run=/fslarge/scratch/users/h61084/codes/tsrag_time/outputs/tsrag/data/validation/shared/SG_Weather/D/long/run_0 source_launch=selena_3584841 launch_id=selena_3584841 slurm_job_id=3584841 launched_at=2026-09-28T12:46:18.312865+00:00
TIME run allocation action=skip run=/fslarge/scratch/users/h61084/codes/tsrag_time/outputs/tsrag/data/test/shared/SG_Weather/D/long/run_0 source_launch=selena_3584841 launch_id=selena_3584841 slurm_job_id=3584841 launched_at=2026-09-28T12:46:18.317318+00:00
[2026-09-28 12:46:18 UTC] prepare dataset=SG_PM25/H term=short H=24 validation=2160
TIME run allocation action=skip run=/fslarge/scratch/users/h61084/codes/tsrag_time/outputs/tsrag/data/validation/shared/SG_PM25/H/short/run_0 source_launch=selena_3584841 launch_id=selena_3584841 slurm_job_id=3584841 launched_at=2026-09-28T12:46:18.329225+00:00
TIME run allocation action=skip run=/fslarge/scratch/users/h61084/codes/tsrag_time/outputs/tsrag/data/test/shared/SG_PM25/H/short/run_0 source_launch=selena_3584841 launch_id=selena_3584841 slurm_job_id=3584841 launched_at=2026-09-28T12:46:18.333993+00:00
[2026-09-28 12:46:18 UTC] prepare dataset=SG_PM25/H term=medium H=72 validation=2160
TIME run allocation action=skip run=/fslarge/scratch/users/h61084/codes/tsrag_time/outputs/tsrag/data/validation/shared/SG_PM25/H/medium/run_0 source_launch=selena_3584841 launch_id=selena_3584841 slurm_job_id=3584841 launched_at=2026-09-28T12:46:18.345114+00:00
TIME run allocation action=skip run=/fslarge/scratch/users/h61084/codes/tsrag_time/outputs/tsrag/data/test/shared/SG_PM25/H/medium/run_0 source_launch=selena_3584841 launch_id=selena_3584841 slurm_job_id=3584841 launched_at=2026-09-28T12:46:18.349542+00:00
[2026-09-28 12:46:18 UTC] prepare dataset=SG_PM25/H term=long H=168 validation=2160
TIME run allocation action=skip run=/fslarge/scratch/users/h61084/codes/tsrag_time/outputs/tsrag/data/validation/shared/SG_PM25/H/long/run_0 source_launch=selena_3584841 launch_id=selena_3584841 slurm_job_id=3584841 launched_at=2026-09-28T12:46:18.360289+00:00
TIME run allocation action=skip run=/fslarge/scratch/users/h61084/codes/tsrag_time/outputs/tsrag/data/test/shared/SG_PM25/H/long/run_0 source_launch=selena_3584841 launch_id=selena_3584841 slurm_job_id=3584841 launched_at=2026-09-28T12:46:18.364705+00:00
[2026-09-28 12:46:18 UTC] prepare dataset=NE_China_Wind/H term=short H=24 validation=720
TIME run allocation action=skip run=/fslarge/scratch/users/h61084/codes/tsrag_time/outputs/tsrag/data/validation/shared/NE_China_Wind/H/short/run_0 source_launch=selena_3584841 launch_id=selena_3584841 slurm_job_id=3584841 launched_at=2026-09-28T12:46:18.405708+00:00
TIME run allocation action=skip run=/fslarge/scratch/users/h61084/codes/tsrag_time/outputs/tsrag/data/test/shared/NE_China_Wind/H/short/run_0 source_launch=selena_3584841 launch_id=selena_3584841 slurm_job_id=3584841 launched_at=2026-09-28T12:46:18.410740+00:00
[2026-09-28 12:46:18 UTC] prepare dataset=NE_China_Wind/H term=medium H=72 validation=720
TIME run allocation action=skip run=/fslarge/scratch/users/h61084/codes/tsrag_time/outputs/tsrag/data/validation/shared/NE_China_Wind/H/medium/run_0 source_launch=selena_3584841 launch_id=selena_3584841 slurm_job_id=3584841 launched_at=2026-09-28T12:46:18.418577+00:00
TIME run allocation action=skip run=/fslarge/scratch/users/h61084/codes/tsrag_time/outputs/tsrag/data/test/shared/NE_China_Wind/H/medium/run_0 source_launch=selena_3584841 launch_id=selena_3584841 slurm_job_id=3584841 launched_at=2026-09-28T12:46:18.423187+00:00
[2026-09-28 12:46:18 UTC] prepare dataset=NE_China_Wind/H term=long H=168 validation=720
TIME run allocation action=skip run=/fslarge/scratch/users/h61084/codes/tsrag_time/outputs/tsrag/data/validation/shared/NE_China_Wind/H/long/run_0 source_launch=selena_3584841 launch_id=selena_3584841 slurm_job_id=3584841 launched_at=2026-09-28T12:46:18.430824+00:00
TIME run allocation action=skip run=/fslarge/scratch/users/h61084/codes/tsrag_time/outputs/tsrag/data/test/shared/NE_China_Wind/H/long/run_0 source_launch=selena_3584841 launch_id=selena_3584841 slurm_job_id=3584841 launched_at=2026-09-28T12:46:18.435166+00:00
[2026-09-28 12:46:18 UTC] prepare dataset=Australia_Solar/H term=short H=24 validation=2520
TIME run allocation action=skip run=/fslarge/scratch/users/h61084/codes/tsrag_time/outputs/tsrag/data/validation/shared/Australia_Solar/H/short/run_0 source_launch=selena_3584841 launch_id=selena_3584841 slurm_job_id=3584841 launched_at=2026-09-28T12:46:18.444509+00:00
TIME run allocation action=skip run=/fslarge/scratch/users/h61084/codes/tsrag_time/outputs/tsrag/data/test/shared/Australia_Solar/H/short/run_0 source_launch=selena_3584841 launch_id=selena_3584841 slurm_job_id=3584841 launched_at=2026-09-28T12:46:18.449165+00:00
[2026-09-28 12:46:18 UTC] prepare dataset=Australia_Solar/H term=medium H=72 validation=2520
TIME run allocation action=skip run=/fslarge/scratch/users/h61084/codes/tsrag_time/outputs/tsrag/data/validation/shared/Australia_Solar/H/medium/run_0 source_launch=selena_3584841 launch_id=selena_3584841 slurm_job_id=3584841 launched_at=2026-09-28T12:46:18.457878+00:00
TIME run allocation action=skip run=/fslarge/scratch/users/h61084/codes/tsrag_time/outputs/tsrag/data/test/shared/Australia_Solar/H/medium/run_0 source_launch=selena_3584841 launch_id=selena_3584841 slurm_job_id=3584841 launched_at=2026-09-28T12:46:18.462206+00:00
[2026-09-28 12:46:18 UTC] prepare dataset=Australia_Solar/H term=long H=168 validation=2520
TIME run allocation action=skip run=/fslarge/scratch/users/h61084/codes/tsrag_time/outputs/tsrag/data/validation/shared/Australia_Solar/H/long/run_0 source_launch=selena_3584841 launch_id=selena_3584841 slurm_job_id=3584841 launched_at=2026-09-28T12:46:18.470744+00:00
TIME run allocation action=skip run=/fslarge/scratch/users/h61084/codes/tsrag_time/outputs/tsrag/data/test/shared/Australia_Solar/H/long/run_0 source_launch=selena_3584841 launch_id=selena_3584841 slurm_job_id=3584841 launched_at=2026-09-28T12:46:18.475119+00:00
[2026-09-28 12:46:18 UTC] prepare dataset=epf_electricity_price/H term=short H=24 validation=2520
TIME run allocation action=skip run=/fslarge/scratch/users/h61084/codes/tsrag_time/outputs/tsrag/data/validation/shared/epf_electricity_price/H/short/run_0 source_launch=selena_3584841 launch_id=selena_3584841 slurm_job_id=3584841 launched_at=2026-09-28T12:46:18.486827+00:00
TIME run allocation action=skip run=/fslarge/scratch/users/h61084/codes/tsrag_time/outputs/tsrag/data/test/shared/epf_electricity_price/H/short/run_0 source_launch=selena_3584841 launch_id=selena_3584841 slurm_job_id=3584841 launched_at=2026-09-28T12:46:18.491530+00:00
[2026-09-28 12:46:18 UTC] prepare dataset=epf_electricity_price/H term=medium H=72 validation=2520
TIME run allocation action=skip run=/fslarge/scratch/users/h61084/codes/tsrag_time/outputs/tsrag/data/validation/shared/epf_electricity_price/H/medium/run_0 source_launch=selena_3584841 launch_id=selena_3584841 slurm_job_id=3584841 launched_at=2026-09-28T12:46:18.502622+00:00
TIME run allocation action=skip run=/fslarge/scratch/users/h61084/codes/tsrag_time/outputs/tsrag/data/test/shared/epf_electricity_price/H/medium/run_0 source_launch=selena_3584841 launch_id=selena_3584841 slurm_job_id=3584841 launched_at=2026-09-28T12:46:18.507448+00:00
[2026-09-28 12:46:18 UTC] prepare dataset=epf_electricity_price/H term=long H=168 validation=2520
TIME run allocation action=skip run=/fslarge/scratch/users/h61084/codes/tsrag_time/outputs/tsrag/data/validation/shared/epf_electricity_price/H/long/run_0 source_launch=selena_3584841 launch_id=selena_3584841 slurm_job_id=3584841 launched_at=2026-09-28T12:46:18.518610+00:00
TIME run allocation action=skip run=/fslarge/scratch/users/h61084/codes/tsrag_time/outputs/tsrag/data/test/shared/epf_electricity_price/H/long/run_0 source_launch=selena_3584841 launch_id=selena_3584841 slurm_job_id=3584841 launched_at=2026-09-28T12:46:18.522957+00:00
[2026-09-28 12:46:18 UTC] prepare dataset=OpenElectricity_NEM/5T term=short H=24 validation=4032
TIME run allocation action=skip run=/fslarge/scratch/users/h61084/codes/tsrag_time/outputs/tsrag/data/validation/shared/OpenElectricity_NEM/5T/short/run_0 source_launch=selena_3584841 launch_id=selena_3584841 slurm_job_id=3584841 launched_at=2026-09-28T12:46:18.541463+00:00
TIME run allocation action=skip run=/fslarge/scratch/users/h61084/codes/tsrag_time/outputs/tsrag/data/test/shared/OpenElectricity_NEM/5T/short/run_0 source_launch=selena_3584841 launch_id=selena_3584841 slurm_job_id=3584841 launched_at=2026-09-28T12:46:18.546864+00:00
[2026-09-28 12:46:18 UTC] prepare dataset=OpenElectricity_NEM/5T term=medium H=96 validation=4032
TIME run allocation action=skip run=/fslarge/scratch/users/h61084/codes/tsrag_time/outputs/tsrag/data/validation/shared/OpenElectricity_NEM/5T/medium/run_0 source_launch=selena_3584841 launch_id=selena_3584841 slurm_job_id=3584841 launched_at=2026-09-28T12:46:18.564500+00:00
TIME run allocation action=skip run=/fslarge/scratch/users/h61084/codes/tsrag_time/outputs/tsrag/data/test/shared/OpenElectricity_NEM/5T/medium/run_0 source_launch=selena_3584841 launch_id=selena_3584841 slurm_job_id=3584841 launched_at=2026-09-28T12:46:18.568896+00:00
[2026-09-28 12:46:18 UTC] prepare dataset=OpenElectricity_NEM/5T term=long H=288 validation=4032
TIME run allocation action=skip run=/fslarge/scratch/users/h61084/codes/tsrag_time/outputs/tsrag/data/validation/shared/OpenElectricity_NEM/5T/long/run_0 source_launch=selena_3584841 launch_id=selena_3584841 slurm_job_id=3584841 launched_at=2026-09-28T12:46:18.585981+00:00
TIME run allocation action=skip run=/fslarge/scratch/users/h61084/codes/tsrag_time/outputs/tsrag/data/test/shared/OpenElectricity_NEM/5T/long/run_0 source_launch=selena_3584841 launch_id=selena_3584841 slurm_job_id=3584841 launched_at=2026-09-28T12:46:18.590471+00:00
[2026-09-28 12:46:18 UTC] prepare dataset=EWELD_Load/15T term=short H=24 validation=1344
TIME run allocation action=skip run=/fslarge/scratch/users/h61084/codes/tsrag_time/outputs/tsrag/data/validation/shared/EWELD_Load/15T/short/run_0 source_launch=selena_3584841 launch_id=selena_3584841 slurm_job_id=3584841 launched_at=2026-09-28T12:46:18.602210+00:00
TIME run allocation action=skip run=/fslarge/scratch/users/h61084/codes/tsrag_time/outputs/tsrag/data/test/shared/EWELD_Load/15T/short/run_0 source_launch=selena_3584841 launch_id=selena_3584841 slurm_job_id=3584841 launched_at=2026-09-28T12:46:18.606824+00:00
[2026-09-28 12:46:18 UTC] prepare dataset=EWELD_Load/15T term=medium H=96 validation=1344
TIME run allocation action=skip run=/fslarge/scratch/users/h61084/codes/tsrag_time/outputs/tsrag/data/validation/shared/EWELD_Load/15T/medium/run_0 source_launch=selena_3584841 launch_id=selena_3584841 slurm_job_id=3584841 launched_at=2026-09-28T12:46:18.618026+00:00
TIME run allocation action=skip run=/fslarge/scratch/users/h61084/codes/tsrag_time/outputs/tsrag/data/test/shared/EWELD_Load/15T/medium/run_0 source_launch=selena_3584841 launch_id=selena_3584841 slurm_job_id=3584841 launched_at=2026-09-28T12:46:18.622433+00:00
[2026-09-28 12:46:18 UTC] prepare dataset=EWELD_Load/15T term=long H=672 validation=1344
TIME run allocation action=skip run=/fslarge/scratch/users/h61084/codes/tsrag_time/outputs/tsrag/data/validation/shared/EWELD_Load/15T/long/run_0 source_launch=selena_3584841 launch_id=selena_3584841 slurm_job_id=3584841 launched_at=2026-09-28T12:46:18.632902+00:00
TIME run allocation action=skip run=/fslarge/scratch/users/h61084/codes/tsrag_time/outputs/tsrag/data/test/shared/EWELD_Load/15T/long/run_0 source_launch=selena_3584841 launch_id=selena_3584841 slurm_job_id=3584841 launched_at=2026-09-28T12:46:18.637270+00:00
[2026-09-28 12:46:18 UTC] prepare dataset=SG_Carpark/15T term=short H=16 validation=672
TIME run allocation action=skip run=/fslarge/scratch/users/h61084/codes/tsrag_time/outputs/tsrag/data/validation/shared/SG_Carpark/15T/short/run_0 source_launch=selena_3584841 launch_id=selena_3584841 slurm_job_id=3584841 launched_at=2026-09-28T12:46:18.751027+00:00
TIME run allocation action=skip run=/fslarge/scratch/users/h61084/codes/tsrag_time/outputs/tsrag/data/test/shared/SG_Carpark/15T/short/run_0 source_launch=selena_3584841 launch_id=selena_3584841 slurm_job_id=3584841 launched_at=2026-09-28T12:46:18.756310+00:00
[2026-09-28 12:46:18 UTC] prepare dataset=SG_Carpark/15T term=medium H=96 validation=672
TIME run allocation action=skip run=/fslarge/scratch/users/h61084/codes/tsrag_time/outputs/tsrag/data/validation/shared/SG_Carpark/15T/medium/run_0 source_launch=selena_3584841 launch_id=selena_3584841 slurm_job_id=3584841 launched_at=2026-09-28T12:46:18.869843+00:00
TIME run allocation action=skip run=/fslarge/scratch/users/h61084/codes/tsrag_time/outputs/tsrag/data/test/shared/SG_Carpark/15T/medium/run_0 source_launch=selena_3584841 launch_id=selena_3584841 slurm_job_id=3584841 launched_at=2026-09-28T12:46:18.874962+00:00
[2026-09-28 12:46:18 UTC] prepare dataset=SG_Carpark/15T term=long H=672 validation=672
TIME run allocation action=skip run=/fslarge/scratch/users/h61084/codes/tsrag_time/outputs/tsrag/data/validation/shared/SG_Carpark/15T/long/run_0 source_launch=selena_3584841 launch_id=selena_3584841 slurm_job_id=3584841 launched_at=2026-09-28T12:46:18.988565+00:00
TIME run allocation action=skip run=/fslarge/scratch/users/h61084/codes/tsrag_time/outputs/tsrag/data/test/shared/SG_Carpark/15T/long/run_0 source_launch=selena_3584841 launch_id=selena_3584841 slurm_job_id=3584841 launched_at=2026-09-28T12:46:18.993752+00:00
[2026-09-28 12:46:18 UTC] prepare dataset=Finland_Traffic/15T term=short H=16 validation=2880
TIME run allocation action=skip run=/fslarge/scratch/users/h61084/codes/tsrag_time/outputs/tsrag/data/validation/shared/Finland_Traffic/15T/short/run_0 source_launch=selena_3584841 launch_id=selena_3584841 slurm_job_id=3584841 launched_at=2026-09-28T12:46:19.003039+00:00
TIME run allocation action=skip run=/fslarge/scratch/users/h61084/codes/tsrag_time/outputs/tsrag/data/test/shared/Finland_Traffic/15T/short/run_0 source_launch=selena_3584841 launch_id=selena_3584841 slurm_job_id=3584841 launched_at=2026-09-28T12:46:19.007780+00:00
[2026-09-28 12:46:19 UTC] prepare dataset=Finland_Traffic/15T term=medium H=96 validation=2880
TIME run allocation action=skip run=/fslarge/scratch/users/h61084/codes/tsrag_time/outputs/tsrag/data/validation/shared/Finland_Traffic/15T/medium/run_0 source_launch=selena_3584841 launch_id=selena_3584841 slurm_job_id=3584841 launched_at=2026-09-28T12:46:19.015272+00:00
TIME run allocation action=skip run=/fslarge/scratch/users/h61084/codes/tsrag_time/outputs/tsrag/data/test/shared/Finland_Traffic/15T/medium/run_0 source_launch=selena_3584841 launch_id=selena_3584841 slurm_job_id=3584841 launched_at=2026-09-28T12:46:19.019612+00:00
[2026-09-28 12:46:19 UTC] prepare dataset=Finland_Traffic/15T term=long H=672 validation=2880
TIME run allocation action=skip run=/fslarge/scratch/users/h61084/codes/tsrag_time/outputs/tsrag/data/validation/shared/Finland_Traffic/15T/long/run_0 source_launch=selena_3584841 launch_id=selena_3584841 slurm_job_id=3584841 launched_at=2026-09-28T12:46:19.027123+00:00
TIME run allocation action=skip run=/fslarge/scratch/users/h61084/codes/tsrag_time/outputs/tsrag/data/test/shared/Finland_Traffic/15T/long/run_0 source_launch=selena_3584841 launch_id=selena_3584841 slurm_job_id=3584841 launched_at=2026-09-28T12:46:19.031515+00:00
[2026-09-28 12:46:19 UTC] prepare dataset=Port_Activity/D term=short H=30 validation=90
TIME run allocation action=skip run=/fslarge/scratch/users/h61084/codes/tsrag_time/outputs/tsrag/data/validation/shared/Port_Activity/D/short/run_0 source_launch=selena_3584841 launch_id=selena_3584841 slurm_job_id=3584841 launched_at=2026-09-28T12:46:19.051791+00:00
TIME run allocation action=skip run=/fslarge/scratch/users/h61084/codes/tsrag_time/outputs/tsrag/data/test/shared/Port_Activity/D/short/run_0 source_launch=selena_3584841 launch_id=selena_3584841 slurm_job_id=3584841 launched_at=2026-09-28T12:46:19.056528+00:00
[2026-09-28 12:46:19 UTC] prepare dataset=Port_Activity/W term=short H=13 validation=13
TIME run allocation action=skip run=/fslarge/scratch/users/h61084/codes/tsrag_time/outputs/tsrag/data/validation/shared/Port_Activity/W/short/run_0 source_launch=selena_3584841 launch_id=selena_3584841 slurm_job_id=3584841 launched_at=2026-09-28T12:46:19.067909+00:00
TIME run allocation action=skip run=/fslarge/scratch/users/h61084/codes/tsrag_time/outputs/tsrag/data/test/shared/Port_Activity/W/short/run_0 source_launch=selena_3584841 launch_id=selena_3584841 slurm_job_id=3584841 launched_at=2026-09-28T12:46:19.072754+00:00
[2026-09-28 12:46:19 UTC] prepare dataset=ECDC_COVID/D term=short H=30 validation=30
TIME run allocation action=skip run=/fslarge/scratch/users/h61084/codes/tsrag_time/outputs/tsrag/data/validation/shared/ECDC_COVID/D/short/run_0 source_launch=selena_3584841 launch_id=selena_3584841 slurm_job_id=3584841 launched_at=2026-09-28T12:46:19.080715+00:00
TIME run allocation action=skip run=/fslarge/scratch/users/h61084/codes/tsrag_time/outputs/tsrag/data/test/shared/ECDC_COVID/D/short/run_0 source_launch=selena_3584841 launch_id=selena_3584841 slurm_job_id=3584841 launched_at=2026-09-28T12:46:19.085361+00:00
[2026-09-28 12:46:19 UTC] prepare dataset=ECDC_COVID/W term=short H=13 validation=13
TIME run allocation action=skip run=/fslarge/scratch/users/h61084/codes/tsrag_time/outputs/tsrag/data/validation/shared/ECDC_COVID/W/short/run_0 source_launch=selena_3584841 launch_id=selena_3584841 slurm_job_id=3584841 launched_at=2026-09-28T12:46:19.092947+00:00
TIME run allocation action=skip run=/fslarge/scratch/users/h61084/codes/tsrag_time/outputs/tsrag/data/test/shared/ECDC_COVID/W/short/run_0 source_launch=selena_3584841 launch_id=selena_3584841 slurm_job_id=3584841 launched_at=2026-09-28T12:46:19.097488+00:00
[2026-09-28 12:46:19 UTC] prepare dataset=Global_Influenza/W term=short H=13 validation=13
TIME run allocation action=skip run=/fslarge/scratch/users/h61084/codes/tsrag_time/outputs/tsrag/data/validation/shared/Global_Influenza/W/short/run_0 source_launch=selena_3584841 launch_id=selena_3584841 slurm_job_id=3584841 launched_at=2026-09-28T12:46:19.105896+00:00
TIME run allocation action=skip run=/fslarge/scratch/users/h61084/codes/tsrag_time/outputs/tsrag/data/test/shared/Global_Influenza/W/short/run_0 source_launch=selena_3584841 launch_id=selena_3584841 slurm_job_id=3584841 launched_at=2026-09-28T12:46:19.110456+00:00
[2026-09-28 12:46:19 UTC] prepare dataset=Crypto/D term=short H=30 validation=92
TIME run allocation action=skip run=/fslarge/scratch/users/h61084/codes/tsrag_time/outputs/tsrag/data/validation/shared/Crypto/D/short/run_0 source_launch=selena_3584841 launch_id=selena_3584841 slurm_job_id=3584841 launched_at=2026-09-28T12:46:19.118069+00:00
TIME run allocation action=skip run=/fslarge/scratch/users/h61084/codes/tsrag_time/outputs/tsrag/data/test/shared/Crypto/D/short/run_0 source_launch=selena_3584841 launch_id=selena_3584841 slurm_job_id=3584841 launched_at=2026-09-28T12:46:19.122717+00:00
[2026-09-28 12:46:19 UTC] prepare dataset=US_Term_Structure/B term=short H=20 validation=100
TIME run allocation action=skip run=/fslarge/scratch/users/h61084/codes/tsrag_time/outputs/tsrag/data/validation/shared/US_Term_Structure/B/short/run_0 source_launch=selena_3584841 launch_id=selena_3584841 slurm_job_id=3584841 launched_at=2026-09-28T12:46:19.139502+00:00
TIME run allocation action=skip run=/fslarge/scratch/users/h61084/codes/tsrag_time/outputs/tsrag/data/test/shared/US_Term_Structure/B/short/run_0 source_launch=selena_3584841 launch_id=selena_3584841 slurm_job_id=3584841 launched_at=2026-09-28T12:46:19.144310+00:00
[2026-09-28 12:46:19 UTC] prepare dataset=Oil_Price/B term=short H=20 validation=100
TIME run allocation action=skip run=/fslarge/scratch/users/h61084/codes/tsrag_time/outputs/tsrag/data/validation/shared/Oil_Price/B/short/run_0 source_launch=selena_3584841 launch_id=selena_3584841 slurm_job_id=3584841 launched_at=2026-09-28T12:46:19.152997+00:00
TIME run allocation action=skip run=/fslarge/scratch/users/h61084/codes/tsrag_time/outputs/tsrag/data/test/shared/Oil_Price/B/short/run_0 source_launch=selena_3584841 launch_id=selena_3584841 slurm_job_id=3584841 launched_at=2026-09-28T12:46:19.157700+00:00
[2026-09-28 12:46:19 UTC] prepare dataset=Job_Claims/W term=short H=13 validation=13
TIME run allocation action=skip run=/fslarge/scratch/users/h61084/codes/tsrag_time/outputs/tsrag/data/validation/shared/Job_Claims/W/short/run_0 source_launch=selena_3584841 launch_id=selena_3584841 slurm_job_id=3584841 launched_at=2026-09-28T12:46:19.165118+00:00
TIME run allocation action=skip run=/fslarge/scratch/users/h61084/codes/tsrag_time/outputs/tsrag/data/test/shared/Job_Claims/W/short/run_0 source_launch=selena_3584841 launch_id=selena_3584841 slurm_job_id=3584841 launched_at=2026-09-28T12:46:19.169775+00:00
[2026-09-28 12:46:19 UTC] prepare dataset=Uncertainty_1M/M term=short H=6 validation=18
TIME run allocation action=skip run=/fslarge/scratch/users/h61084/codes/tsrag_time/outputs/tsrag/data/validation/shared/Uncertainty_1M/M/short/run_0 source_launch=selena_3584841 launch_id=selena_3584841 slurm_job_id=3584841 launched_at=2026-09-28T12:46:19.177243+00:00
TIME run allocation action=skip run=/fslarge/scratch/users/h61084/codes/tsrag_time/outputs/tsrag/data/test/shared/Uncertainty_1M/M/short/run_0 source_launch=selena_3584841 launch_id=selena_3584841 slurm_job_id=3584841 launched_at=2026-09-28T12:46:19.181525+00:00
[2026-09-28 12:46:19 UTC] prepare dataset=Housing_Inventory/M term=short H=12 validation=12
TIME run allocation action=skip run=/fslarge/scratch/users/h61084/codes/tsrag_time/outputs/tsrag/data/validation/shared/Housing_Inventory/M/short/run_0 source_launch=selena_3584841 launch_id=selena_3584841 slurm_job_id=3584841 launched_at=2026-09-28T12:46:19.188886+00:00
TIME run allocation action=skip run=/fslarge/scratch/users/h61084/codes/tsrag_time/outputs/tsrag/data/test/shared/Housing_Inventory/M/short/run_0 source_launch=selena_3584841 launch_id=selena_3584841 slurm_job_id=3584841 launched_at=2026-09-28T12:46:19.193451+00:00
[2026-09-28 12:46:19 UTC] prepare dataset=JOLTS/M term=short H=12 validation=12
TIME run allocation action=skip run=/fslarge/scratch/users/h61084/codes/tsrag_time/outputs/tsrag/data/validation/shared/JOLTS/M/short/run_0 source_launch=selena_3584841 launch_id=selena_3584841 slurm_job_id=3584841 launched_at=2026-09-28T12:46:19.200843+00:00
TIME run allocation action=skip run=/fslarge/scratch/users/h61084/codes/tsrag_time/outputs/tsrag/data/test/shared/JOLTS/M/short/run_0 source_launch=selena_3584841 launch_id=selena_3584841 slurm_job_id=3584841 launched_at=2026-09-28T12:46:19.205381+00:00
[2026-09-28 12:46:19 UTC] prepare dataset=US_Labor/M term=short H=12 validation=12
TIME run allocation action=skip run=/fslarge/scratch/users/h61084/codes/tsrag_time/outputs/tsrag/data/validation/shared/US_Labor/M/short/run_0 source_launch=selena_3584841 launch_id=selena_3584841 slurm_job_id=3584841 launched_at=2026-09-28T12:46:19.212828+00:00
TIME run allocation action=skip run=/fslarge/scratch/users/h61084/codes/tsrag_time/outputs/tsrag/data/test/shared/US_Labor/M/short/run_0 source_launch=selena_3584841 launch_id=selena_3584841 slurm_job_id=3584841 launched_at=2026-09-28T12:46:19.217227+00:00
[2026-09-28 12:46:19 UTC] prepare dataset=Vehicle_Supply/M term=short H=12 validation=12
TIME run allocation action=skip run=/fslarge/scratch/users/h61084/codes/tsrag_time/outputs/tsrag/data/validation/shared/Vehicle_Supply/M/short/run_0 source_launch=selena_3584841 launch_id=selena_3584841 slurm_job_id=3584841 launched_at=2026-09-28T12:46:19.224454+00:00
TIME run allocation action=skip run=/fslarge/scratch/users/h61084/codes/tsrag_time/outputs/tsrag/data/test/shared/Vehicle_Supply/M/short/run_0 source_launch=selena_3584841 launch_id=selena_3584841 slurm_job_id=3584841 launched_at=2026-09-28T12:46:19.228920+00:00
[2026-09-28 12:46:19 UTC] prepare dataset=Auto_Production_SF/M term=short H=12 validation=12
TIME run allocation action=skip run=/fslarge/scratch/users/h61084/codes/tsrag_time/outputs/tsrag/data/validation/shared/Auto_Production_SF/M/short/run_0 source_launch=selena_3584841 launch_id=selena_3584841 slurm_job_id=3584841 launched_at=2026-09-28T12:46:19.235786+00:00
TIME run allocation action=skip run=/fslarge/scratch/users/h61084/codes/tsrag_time/outputs/tsrag/data/test/shared/Auto_Production_SF/M/short/run_0 source_launch=selena_3584841 launch_id=selena_3584841 slurm_job_id=3584841 launched_at=2026-09-28T12:46:19.240425+00:00
[2026-09-28 12:46:19 UTC] prepare dataset=Commodity_Production/M term=short H=12 validation=12
TIME run allocation action=skip run=/fslarge/scratch/users/h61084/codes/tsrag_time/outputs/tsrag/data/validation/shared/Commodity_Production/M/short/run_0 source_launch=selena_3584841 launch_id=selena_3584841 slurm_job_id=3584841 launched_at=2026-09-28T12:46:19.248386+00:00
TIME run allocation action=skip run=/fslarge/scratch/users/h61084/codes/tsrag_time/outputs/tsrag/data/test/shared/Commodity_Production/M/short/run_0 source_launch=selena_3584841 launch_id=selena_3584841 slurm_job_id=3584841 launched_at=2026-09-28T12:46:19.253105+00:00
[2026-09-28 12:46:19 UTC] prepare dataset=Commodity_Import/M term=short H=12 validation=12
TIME run allocation action=skip run=/fslarge/scratch/users/h61084/codes/tsrag_time/outputs/tsrag/data/validation/shared/Commodity_Import/M/short/run_0 source_launch=selena_3584841 launch_id=selena_3584841 slurm_job_id=3584841 launched_at=2026-09-28T12:46:19.260661+00:00
TIME run allocation action=skip run=/fslarge/scratch/users/h61084/codes/tsrag_time/outputs/tsrag/data/test/shared/Commodity_Import/M/short/run_0 source_launch=selena_3584841 launch_id=selena_3584841 slurm_job_id=3584841 launched_at=2026-09-28T12:46:19.265237+00:00
[2026-09-28 12:46:19 UTC] prepare dataset=WUI_Global/Q term=short H=4 validation=20
TIME run allocation action=skip run=/fslarge/scratch/users/h61084/codes/tsrag_time/outputs/tsrag/data/validation/shared/WUI_Global/Q/short/run_0 source_launch=selena_3584841 launch_id=selena_3584841 slurm_job_id=3584841 launched_at=2026-09-28T12:46:19.272739+00:00
TIME run allocation action=skip run=/fslarge/scratch/users/h61084/codes/tsrag_time/outputs/tsrag/data/test/shared/WUI_Global/Q/short/run_0 source_launch=selena_3584841 launch_id=selena_3584841 slurm_job_id=3584841 launched_at=2026-09-28T12:46:19.277212+00:00
[2026-09-28 12:46:19 UTC] prepare dataset=Global_Price/Q term=short H=4 validation=8
TIME run allocation action=skip run=/fslarge/scratch/users/h61084/codes/tsrag_time/outputs/tsrag/data/validation/shared/Global_Price/Q/short/run_0 source_launch=selena_3584841 launch_id=selena_3584841 slurm_job_id=3584841 launched_at=2026-09-28T12:46:19.284794+00:00
TIME run allocation action=skip run=/fslarge/scratch/users/h61084/codes/tsrag_time/outputs/tsrag/data/test/shared/Global_Price/Q/short/run_0 source_launch=selena_3584841 launch_id=selena_3584841 slurm_job_id=3584841 launched_at=2026-09-28T12:46:19.289316+00:00
[2026-09-28 12:46:19 UTC] prepare dataset=Vehicle_Sales/M term=short H=12 validation=12
TIME run allocation action=skip run=/fslarge/scratch/users/h61084/codes/tsrag_time/outputs/tsrag/data/validation/shared/Vehicle_Sales/M/short/run_0 source_launch=selena_3584841 launch_id=selena_3584841 slurm_job_id=3584841 launched_at=2026-09-28T12:46:19.296745+00:00
TIME run allocation action=skip run=/fslarge/scratch/users/h61084/codes/tsrag_time/outputs/tsrag/data/test/shared/Vehicle_Sales/M/short/run_0 source_launch=selena_3584841 launch_id=selena_3584841 slurm_job_id=3584841 launched_at=2026-09-28T12:46:19.301212+00:00
[2026-09-28 12:46:19 UTC] prepare dataset=Online_Retail_2_UCI/D term=short H=30 validation=90
TIME run allocation action=skip run=/fslarge/scratch/users/h61084/codes/tsrag_time/outputs/tsrag/data/validation/shared/Online_Retail_2_UCI/D/short/run_0 source_launch=selena_3584841 launch_id=selena_3584841 slurm_job_id=3584841 launched_at=2026-09-28T12:46:19.308478+00:00
TIME run allocation action=skip run=/fslarge/scratch/users/h61084/codes/tsrag_time/outputs/tsrag/data/test/shared/Online_Retail_2_UCI/D/short/run_0 source_launch=selena_3584841 launch_id=selena_3584841 slurm_job_id=3584841 launched_at=2026-09-28T12:46:19.312952+00:00
[2026-09-28 12:46:19 UTC] prepare dataset=Supply_Chain_Customer/D term=short H=30 validation=90
TIME run allocation action=skip run=/fslarge/scratch/users/h61084/codes/tsrag_time/outputs/tsrag/data/validation/shared/Supply_Chain_Customer/D/short/run_0 source_launch=selena_3584841 launch_id=selena_3584841 slurm_job_id=3584841 launched_at=2026-09-28T12:46:19.321655+00:00
TIME run allocation action=skip run=/fslarge/scratch/users/h61084/codes/tsrag_time/outputs/tsrag/data/test/shared/Supply_Chain_Customer/D/short/run_0 source_launch=selena_3584841 launch_id=selena_3584841 slurm_job_id=3584841 launched_at=2026-09-28T12:46:19.326093+00:00
[2026-09-28 12:46:19 UTC] prepare dataset=Supply_Chain_Location/D term=short H=30 validation=90
TIME run allocation action=skip run=/fslarge/scratch/users/h61084/codes/tsrag_time/outputs/tsrag/data/validation/shared/Supply_Chain_Location/D/short/run_0 source_launch=selena_3584841 launch_id=selena_3584841 slurm_job_id=3584841 launched_at=2026-09-28T12:46:19.335005+00:00
TIME run allocation action=skip run=/fslarge/scratch/users/h61084/codes/tsrag_time/outputs/tsrag/data/test/shared/Supply_Chain_Location/D/short/run_0 source_launch=selena_3584841 launch_id=selena_3584841 slurm_job_id=3584841 launched_at=2026-09-28T12:46:19.339667+00:00
[2026-09-28 12:46:19 UTC] prepare dataset=azure2019_U/5T term=short H=48 validation=96
TIME run allocation action=skip run=/fslarge/scratch/users/h61084/codes/tsrag_time/outputs/tsrag/data/validation/shared/azure2019_U/5T/short/run_0 source_launch=selena_3584841 launch_id=selena_3584841 slurm_job_id=3584841 launched_at=2026-09-28T12:46:19.358564+00:00
TIME run allocation action=skip run=/fslarge/scratch/users/h61084/codes/tsrag_time/outputs/tsrag/data/test/shared/azure2019_U/5T/short/run_0 source_launch=selena_3584841 launch_id=selena_3584841 slurm_job_id=3584841 launched_at=2026-09-28T12:46:19.363332+00:00
[2026-09-28 12:46:19 UTC] prepare dataset=Smart_Manufacturing/H term=short H=24 validation=336
TIME run allocation action=skip run=/fslarge/scratch/users/h61084/codes/tsrag_time/outputs/tsrag/data/validation/shared/Smart_Manufacturing/H/short/run_0 source_launch=selena_3584841 launch_id=selena_3584841 slurm_job_id=3584841 launched_at=2026-09-28T12:46:19.378518+00:00
TIME run allocation action=skip run=/fslarge/scratch/users/h61084/codes/tsrag_time/outputs/tsrag/data/test/shared/Smart_Manufacturing/H/short/run_0 source_launch=selena_3584841 launch_id=selena_3584841 slurm_job_id=3584841 launched_at=2026-09-28T12:46:19.383500+00:00
[2026-09-28 12:46:19 UTC] prepare dataset=Smart_Manufacturing/H term=medium H=168 validation=336
TIME run allocation action=skip run=/fslarge/scratch/users/h61084/codes/tsrag_time/outputs/tsrag/data/validation/shared/Smart_Manufacturing/H/medium/run_0 source_launch=selena_3584841 launch_id=selena_3584841 slurm_job_id=3584841 launched_at=2026-09-28T12:46:19.397616+00:00
TIME run allocation action=skip run=/fslarge/scratch/users/h61084/codes/tsrag_time/outputs/tsrag/data/test/shared/Smart_Manufacturing/H/medium/run_0 source_launch=selena_3584841 launch_id=selena_3584841 slurm_job_id=3584841 launched_at=2026-09-28T12:46:19.402099+00:00
[2026-09-28 12:46:19 UTC] prepare dataset=Smart_Manufacturing/H term=long H=336 validation=336
TIME run allocation action=skip run=/fslarge/scratch/users/h61084/codes/tsrag_time/outputs/tsrag/data/validation/shared/Smart_Manufacturing/H/long/run_0 source_launch=selena_3584841 launch_id=selena_3584841 slurm_job_id=3584841 launched_at=2026-09-28T12:46:19.416680+00:00
TIME run allocation action=skip run=/fslarge/scratch/users/h61084/codes/tsrag_time/outputs/tsrag/data/test/shared/Smart_Manufacturing/H/long/run_0 source_launch=selena_3584841 launch_id=selena_3584841 slurm_job_id=3584841 launched_at=2026-09-28T12:46:19.421102+00:00
[2026-09-28 12:46:19 UTC] prepare dataset=MetroPT-3/5T term=short H=48 validation=1728
TIME run allocation action=skip run=/fslarge/scratch/users/h61084/codes/tsrag_time/outputs/tsrag/data/validation/shared/MetroPT-3/5T/short/run_0 source_launch=selena_3584841 launch_id=selena_3584841 slurm_job_id=3584841 launched_at=2026-09-28T12:46:19.430597+00:00
TIME run allocation action=skip run=/fslarge/scratch/users/h61084/codes/tsrag_time/outputs/tsrag/data/test/shared/MetroPT-3/5T/short/run_0 source_launch=selena_3584841 launch_id=selena_3584841 slurm_job_id=3584841 launched_at=2026-09-28T12:46:19.435207+00:00
[2026-09-28 12:46:19 UTC] prepare dataset=MetroPT-3/5T term=medium H=288 validation=1728
TIME run allocation action=skip run=/fslarge/scratch/users/h61084/codes/tsrag_time/outputs/tsrag/data/validation/shared/MetroPT-3/5T/medium/run_0 source_launch=selena_3584841 launch_id=selena_3584841 slurm_job_id=3584841 launched_at=2026-09-28T12:46:19.443872+00:00
TIME run allocation action=skip run=/fslarge/scratch/users/h61084/codes/tsrag_time/outputs/tsrag/data/test/shared/MetroPT-3/5T/medium/run_0 source_launch=selena_3584841 launch_id=selena_3584841 slurm_job_id=3584841 launched_at=2026-09-28T12:46:19.448419+00:00
[2026-09-28 12:46:19 UTC] prepare dataset=MetroPT-3/5T term=long H=576 validation=1728
TIME run allocation action=skip run=/fslarge/scratch/users/h61084/codes/tsrag_time/outputs/tsrag/data/validation/shared/MetroPT-3/5T/long/run_0 source_launch=selena_3584841 launch_id=selena_3584841 slurm_job_id=3584841 launched_at=2026-09-28T12:46:19.457330+00:00
TIME run allocation action=skip run=/fslarge/scratch/users/h61084/codes/tsrag_time/outputs/tsrag/data/test/shared/MetroPT-3/5T/long/run_0 source_launch=selena_3584841 launch_id=selena_3584841 slurm_job_id=3584841 launched_at=2026-09-28T12:46:19.461740+00:00

[2026-09-28 12:46:25 UTC] stage=vanilla
[2026-09-28 14:46:26,911][datasets][INFO] - PyTorch version 2.9.1 available.
[2026-09-28 12:46:29 UTC] resources selected_device {"component": "tsrag_time", "device": "cuda", "stage": "vanilla"}
[2026-09-28 12:46:29 UTC] stage=vanilla tasks=90 seed=0 device=cuda Slurm=3584841
TIME run allocation action=skip run=/fslarge/scratch/users/h61084/codes/tsrag_time/outputs/tsrag/predictions/validation/chronos_bolt_512/Water_Quality_Darwin/15T/short/run_0 source_launch=selena_3584841 launch_id=selena_3584841 slurm_job_id=3584841 launched_at=2026-09-28T12:46:29.019367+00:00
TIME run allocation action=skip run=/fslarge/scratch/users/h61084/codes/tsrag_time/outputs/tsrag/predictions/test/chronos_bolt_512/Water_Quality_Darwin/15T/short/run_0 source_launch=selena_3584841 launch_id=selena_3584841 slurm_job_id=3584841 launched_at=2026-09-28T12:46:29.027364+00:00
TIME run allocation action=skip run=/fslarge/scratch/users/h61084/codes/tsrag_time/outputs/tsrag/predictions/validation/chronos_bolt_512/Water_Quality_Darwin/15T/medium/run_0 source_launch=selena_3584841 launch_id=selena_3584841 slurm_job_id=3584841 launched_at=2026-09-28T12:46:29.034781+00:00
TIME run allocation action=skip run=/fslarge/scratch/users/h61084/codes/tsrag_time/outputs/tsrag/predictions/test/chronos_bolt_512/Water_Quality_Darwin/15T/medium/run_0 source_launch=selena_3584841 launch_id=selena_3584841 slurm_job_id=3584841 launched_at=2026-09-28T12:46:29.041823+00:00
TIME run allocation action=skip run=/fslarge/scratch/users/h61084/codes/tsrag_time/outputs/tsrag/predictions/validation/chronos_bolt_512/Water_Quality_Darwin/15T/long/run_0 source_launch=selena_3584841 launch_id=selena_3584841 slurm_job_id=3584841 launched_at=2026-09-28T12:46:29.048995+00:00
TIME run allocation action=skip run=/fslarge/scratch/users/h61084/codes/tsrag_time/outputs/tsrag/predictions/test/chronos_bolt_512/Water_Quality_Darwin/15T/long/run_0 source_launch=selena_3584841 launch_id=selena_3584841 slurm_job_id=3584841 launched_at=2026-09-28T12:46:29.055955+00:00
TIME run allocation action=skip run=/fslarge/scratch/users/h61084/codes/tsrag_time/outputs/tsrag/predictions/validation/chronos_bolt_512/current_velocity/5T/short/run_0 source_launch=selena_3584841 launch_id=selena_3584841 slurm_job_id=3584841 launched_at=2026-09-28T12:46:29.063101+00:00
TIME run allocation action=skip run=/fslarge/scratch/users/h61084/codes/tsrag_time/outputs/tsrag/predictions/test/chronos_bolt_512/current_velocity/5T/short/run_0 source_launch=selena_3584841 launch_id=selena_3584841 slurm_job_id=3584841 launched_at=2026-09-28T12:46:29.069920+00:00
TIME run allocation action=skip run=/fslarge/scratch/users/h61084/codes/tsrag_time/outputs/tsrag/predictions/validation/chronos_bolt_512/current_velocity/5T/medium/run_0 source_launch=selena_3584841 launch_id=selena_3584841 slurm_job_id=3584841 launched_at=2026-09-28T12:46:29.076802+00:00
TIME run allocation action=skip run=/fslarge/scratch/users/h61084/codes/tsrag_time/outputs/tsrag/predictions/test/chronos_bolt_512/current_velocity/5T/medium/run_0 source_launch=selena_3584841 launch_id=selena_3584841 slurm_job_id=3584841 launched_at=2026-09-28T12:46:29.083734+00:00
TIME run allocation action=skip run=/fslarge/scratch/users/h61084/codes/tsrag_time/outputs/tsrag/predictions/validation/chronos_bolt_512/current_velocity/5T/long/run_0 source_launch=selena_3584841 launch_id=selena_3584841 slurm_job_id=3584841 launched_at=2026-09-28T12:46:29.090719+00:00
TIME run allocation action=skip run=/fslarge/scratch/users/h61084/codes/tsrag_time/outputs/tsrag/predictions/test/chronos_bolt_512/current_velocity/5T/long/run_0 source_launch=selena_3584841 launch_id=selena_3584841 slurm_job_id=3584841 launched_at=2026-09-28T12:46:29.097686+00:00
TIME run allocation action=skip run=/fslarge/scratch/users/h61084/codes/tsrag_time/outputs/tsrag/predictions/validation/chronos_bolt_512/current_velocity/10T/short/run_0 source_launch=selena_3584841 launch_id=selena_3584841 slurm_job_id=3584841 launched_at=2026-09-28T12:46:29.104678+00:00
TIME run allocation action=skip run=/fslarge/scratch/users/h61084/codes/tsrag_time/outputs/tsrag/predictions/test/chronos_bolt_512/current_velocity/10T/short/run_0 source_launch=selena_3584841 launch_id=selena_3584841 slurm_job_id=3584841 launched_at=2026-09-28T12:46:29.111471+00:00
TIME run allocation action=skip run=/fslarge/scratch/users/h61084/codes/tsrag_time/outputs/tsrag/predictions/validation/chronos_bolt_512/current_velocity/10T/medium/run_0 source_launch=selena_3584841 launch_id=selena_3584841 slurm_job_id=3584841 launched_at=2026-09-28T12:46:29.118282+00:00
TIME run allocation action=skip run=/fslarge/scratch/users/h61084/codes/tsrag_time/outputs/tsrag/predictions/test/chronos_bolt_512/current_velocity/10T/medium/run_0 source_launch=selena_3584841 launch_id=selena_3584841 slurm_job_id=3584841 launched_at=2026-09-28T12:46:29.125238+00:00
TIME run allocation action=skip run=/fslarge/scratch/users/h61084/codes/tsrag_time/outputs/tsrag/predictions/validation/chronos_bolt_512/current_velocity/10T/long/run_0 source_launch=selena_3584841 launch_id=selena_3584841 slurm_job_id=3584841 launched_at=2026-09-28T12:46:29.132086+00:00
TIME run allocation action=skip run=/fslarge/scratch/users/h61084/codes/tsrag_time/outputs/tsrag/predictions/test/chronos_bolt_512/current_velocity/10T/long/run_0 source_launch=selena_3584841 launch_id=selena_3584841 slurm_job_id=3584841 launched_at=2026-09-28T12:46:29.139040+00:00
TIME run allocation action=skip run=/fslarge/scratch/users/h61084/codes/tsrag_time/outputs/tsrag/predictions/validation/chronos_bolt_512/current_velocity/15T/short/run_0 source_launch=selena_3584841 launch_id=selena_3584841 slurm_job_id=3584841 launched_at=2026-09-28T12:46:29.146156+00:00
TIME run allocation action=skip run=/fslarge/scratch/users/h61084/codes/tsrag_time/outputs/tsrag/predictions/test/chronos_bolt_512/current_velocity/15T/short/run_0 source_launch=selena_3584841 launch_id=selena_3584841 slurm_job_id=3584841 launched_at=2026-09-28T12:46:29.153222+00:00
TIME run allocation action=skip run=/fslarge/scratch/users/h61084/codes/tsrag_time/outputs/tsrag/predictions/validation/chronos_bolt_512/current_velocity/15T/medium/run_0 source_launch=selena_3584841 launch_id=selena_3584841 slurm_job_id=3584841 launched_at=2026-09-28T12:46:29.160102+00:00
TIME run allocation action=skip run=/fslarge/scratch/users/h61084/codes/tsrag_time/outputs/tsrag/predictions/test/chronos_bolt_512/current_velocity/15T/medium/run_0 source_launch=selena_3584841 launch_id=selena_3584841 slurm_job_id=3584841 launched_at=2026-09-28T12:46:29.167165+00:00
TIME run allocation action=skip run=/fslarge/scratch/users/h61084/codes/tsrag_time/outputs/tsrag/predictions/validation/chronos_bolt_512/current_velocity/15T/long/run_0 source_launch=selena_3584841 launch_id=selena_3584841 slurm_job_id=3584841 launched_at=2026-09-28T12:46:29.174168+00:00
TIME run allocation action=skip run=/fslarge/scratch/users/h61084/codes/tsrag_time/outputs/tsrag/predictions/test/chronos_bolt_512/current_velocity/15T/long/run_0 source_launch=selena_3584841 launch_id=selena_3584841 slurm_job_id=3584841 launched_at=2026-09-28T12:46:29.181141+00:00
TIME run allocation action=skip run=/fslarge/scratch/users/h61084/codes/tsrag_time/outputs/tsrag/predictions/validation/chronos_bolt_512/current_velocity/H/short/run_0 source_launch=selena_3584841 launch_id=selena_3584841 slurm_job_id=3584841 launched_at=2026-09-28T12:46:29.187850+00:00
TIME run allocation action=skip run=/fslarge/scratch/users/h61084/codes/tsrag_time/outputs/tsrag/predictions/test/chronos_bolt_512/current_velocity/H/short/run_0 source_launch=selena_3584841 launch_id=selena_3584841 slurm_job_id=3584841 launched_at=2026-09-28T12:46:29.194965+00:00
TIME run allocation action=skip run=/fslarge/scratch/users/h61084/codes/tsrag_time/outputs/tsrag/predictions/validation/chronos_bolt_512/current_velocity/H/medium/run_0 source_launch=selena_3584841 launch_id=selena_3584841 slurm_job_id=3584841 launched_at=2026-09-28T12:46:29.201843+00:00
TIME run allocation action=skip run=/fslarge/scratch/users/h61084/codes/tsrag_time/outputs/tsrag/predictions/test/chronos_bolt_512/current_velocity/H/medium/run_0 source_launch=selena_3584841 launch_id=selena_3584841 slurm_job_id=3584841 launched_at=2026-09-28T12:46:29.208715+00:00
TIME run allocation action=skip run=/fslarge/scratch/users/h61084/codes/tsrag_time/outputs/tsrag/predictions/validation/chronos_bolt_512/current_velocity/H/long/run_0 source_launch=selena_3584841 launch_id=selena_3584841 slurm_job_id=3584841 launched_at=2026-09-28T12:46:29.215782+00:00
TIME run allocation action=skip run=/fslarge/scratch/users/h61084/codes/tsrag_time/outputs/tsrag/predictions/test/chronos_bolt_512/current_velocity/H/long/run_0 source_launch=selena_3584841 launch_id=selena_3584841 slurm_job_id=3584841 launched_at=2026-09-28T12:46:29.222745+00:00
TIME run allocation action=skip run=/fslarge/scratch/users/h61084/codes/tsrag_time/outputs/tsrag/predictions/validation/chronos_bolt_512/CPHL/15T/short/run_0 source_launch=selena_3584841 launch_id=selena_3584841 slurm_job_id=3584841 launched_at=2026-09-28T12:46:29.231553+00:00
TIME run allocation action=skip run=/fslarge/scratch/users/h61084/codes/tsrag_time/outputs/tsrag/predictions/test/chronos_bolt_512/CPHL/15T/short/run_0 source_launch=selena_3584841 launch_id=selena_3584841 slurm_job_id=3584841 launched_at=2026-09-28T12:46:29.238616+00:00
TIME run allocation action=skip run=/fslarge/scratch/users/h61084/codes/tsrag_time/outputs/tsrag/predictions/validation/chronos_bolt_512/CPHL/15T/medium/run_0 source_launch=selena_3584841 launch_id=selena_3584841 slurm_job_id=3584841 launched_at=2026-09-28T12:46:29.245539+00:00
TIME run allocation action=skip run=/fslarge/scratch/users/h61084/codes/tsrag_time/outputs/tsrag/predictions/test/chronos_bolt_512/CPHL/15T/medium/run_0 source_launch=selena_3584841 launch_id=selena_3584841 slurm_job_id=3584841 launched_at=2026-09-28T12:46:29.252516+00:00
TIME run allocation action=skip run=/fslarge/scratch/users/h61084/codes/tsrag_time/outputs/tsrag/predictions/validation/chronos_bolt_512/CPHL/15T/long/run_0 source_launch=selena_3584841 launch_id=selena_3584841 slurm_job_id=3584841 launched_at=2026-09-28T12:46:29.259884+00:00
TIME run allocation action=skip run=/fslarge/scratch/users/h61084/codes/tsrag_time/outputs/tsrag/predictions/test/chronos_bolt_512/CPHL/15T/long/run_0 source_launch=selena_3584841 launch_id=selena_3584841 slurm_job_id=3584841 launched_at=2026-09-28T12:46:29.266681+00:00
TIME run allocation action=skip run=/fslarge/scratch/users/h61084/codes/tsrag_time/outputs/tsrag/predictions/validation/chronos_bolt_512/CPHL/30T/short/run_0 source_launch=selena_3584841 launch_id=selena_3584841 slurm_job_id=3584841 launched_at=2026-09-28T12:46:29.273669+00:00
TIME run allocation action=skip run=/fslarge/scratch/users/h61084/codes/tsrag_time/outputs/tsrag/predictions/test/chronos_bolt_512/CPHL/30T/short/run_0 source_launch=selena_3584841 launch_id=selena_3584841 slurm_job_id=3584841 launched_at=2026-09-28T12:46:29.280584+00:00
TIME run allocation action=skip run=/fslarge/scratch/users/h61084/codes/tsrag_time/outputs/tsrag/predictions/validation/chronos_bolt_512/CPHL/30T/medium/run_0 source_launch=selena_3584841 launch_id=selena_3584841 slurm_job_id=3584841 launched_at=2026-09-28T12:46:29.287758+00:00
TIME run allocation action=skip run=/fslarge/scratch/users/h61084/codes/tsrag_time/outputs/tsrag/predictions/test/chronos_bolt_512/CPHL/30T/medium/run_0 source_launch=selena_3584841 launch_id=selena_3584841 slurm_job_id=3584841 launched_at=2026-09-28T12:46:29.294824+00:00
TIME run allocation action=skip run=/fslarge/scratch/users/h61084/codes/tsrag_time/outputs/tsrag/predictions/validation/chronos_bolt_512/CPHL/30T/long/run_0 source_launch=selena_3584841 launch_id=selena_3584841 slurm_job_id=3584841 launched_at=2026-09-28T12:46:29.301552+00:00
TIME run allocation action=skip run=/fslarge/scratch/users/h61084/codes/tsrag_time/outputs/tsrag/predictions/test/chronos_bolt_512/CPHL/30T/long/run_0 source_launch=selena_3584841 launch_id=selena_3584841 slurm_job_id=3584841 launched_at=2026-09-28T12:46:29.308467+00:00
TIME run allocation action=skip run=/fslarge/scratch/users/h61084/codes/tsrag_time/outputs/tsrag/predictions/validation/chronos_bolt_512/CPHL/H/short/run_0 source_launch=selena_3584841 launch_id=selena_3584841 slurm_job_id=3584841 launched_at=2026-09-28T12:46:29.315397+00:00
TIME run allocation action=skip run=/fslarge/scratch/users/h61084/codes/tsrag_time/outputs/tsrag/predictions/test/chronos_bolt_512/CPHL/H/short/run_0 source_launch=selena_3584841 launch_id=selena_3584841 slurm_job_id=3584841 launched_at=2026-09-28T12:46:29.322280+00:00
TIME run allocation action=skip run=/fslarge/scratch/users/h61084/codes/tsrag_time/outputs/tsrag/predictions/validation/chronos_bolt_512/CPHL/H/medium/run_0 source_launch=selena_3584841 launch_id=selena_3584841 slurm_job_id=3584841 launched_at=2026-09-28T12:46:29.329174+00:00
TIME run allocation action=skip run=/fslarge/scratch/users/h61084/codes/tsrag_time/outputs/tsrag/predictions/test/chronos_bolt_512/CPHL/H/medium/run_0 source_launch=selena_3584841 launch_id=selena_3584841 slurm_job_id=3584841 launched_at=2026-09-28T12:46:29.336113+00:00
TIME run allocation action=skip run=/fslarge/scratch/users/h61084/codes/tsrag_time/outputs/tsrag/predictions/validation/chronos_bolt_512/CPHL/H/long/run_0 source_launch=selena_3584841 launch_id=selena_3584841 slurm_job_id=3584841 launched_at=2026-09-28T12:46:29.343571+00:00
TIME run allocation action=skip run=/fslarge/scratch/users/h61084/codes/tsrag_time/outputs/tsrag/predictions/test/chronos_bolt_512/CPHL/H/long/run_0 source_launch=selena_3584841 launch_id=selena_3584841 slurm_job_id=3584841 launched_at=2026-09-28T12:46:29.350440+00:00
TIME run allocation action=skip run=/fslarge/scratch/users/h61084/codes/tsrag_time/outputs/tsrag/predictions/validation/chronos_bolt_512/Coastal_T_S/15T/short/run_0 source_launch=selena_3584841 launch_id=selena_3584841 slurm_job_id=3584841 launched_at=2026-09-28T12:46:29.357632+00:00
TIME run allocation action=skip run=/fslarge/scratch/users/h61084/codes/tsrag_time/outputs/tsrag/predictions/test/chronos_bolt_512/Coastal_T_S/15T/short/run_0 source_launch=selena_3584841 launch_id=selena_3584841 slurm_job_id=3584841 launched_at=2026-09-28T12:46:29.364727+00:00
TIME run allocation action=skip run=/fslarge/scratch/users/h61084/codes/tsrag_time/outputs/tsrag/predictions/validation/chronos_bolt_512/Coastal_T_S/15T/medium/run_0 source_launch=selena_3584841 launch_id=selena_3584841 slurm_job_id=3584841 launched_at=2026-09-28T12:46:29.371591+00:00
TIME run allocation action=skip run=/fslarge/scratch/users/h61084/codes/tsrag_time/outputs/tsrag/predictions/test/chronos_bolt_512/Coastal_T_S/15T/medium/run_0 source_launch=selena_3584841 launch_id=selena_3584841 slurm_job_id=3584841 launched_at=2026-09-28T12:46:29.378457+00:00
TIME run allocation action=skip run=/fslarge/scratch/users/h61084/codes/tsrag_time/outputs/tsrag/predictions/validation/chronos_bolt_512/Coastal_T_S/15T/long/run_0 source_launch=selena_3584841 launch_id=selena_3584841 slurm_job_id=3584841 launched_at=2026-09-28T12:46:29.385631+00:00
TIME run allocation action=skip run=/fslarge/scratch/users/h61084/codes/tsrag_time/outputs/tsrag/predictions/test/chronos_bolt_512/Coastal_T_S/15T/long/run_0 source_launch=selena_3584841 launch_id=selena_3584841 slurm_job_id=3584841 launched_at=2026-09-28T12:46:29.392406+00:00
TIME run allocation action=skip run=/fslarge/scratch/users/h61084/codes/tsrag_time/outputs/tsrag/predictions/validation/chronos_bolt_512/Coastal_T_S/20T/short/run_0 source_launch=selena_3584841 launch_id=selena_3584841 slurm_job_id=3584841 launched_at=2026-09-28T12:46:29.398929+00:00
TIME run allocation action=skip run=/fslarge/scratch/users/h61084/codes/tsrag_time/outputs/tsrag/predictions/test/chronos_bolt_512/Coastal_T_S/20T/short/run_0 source_launch=selena_3584841 launch_id=selena_3584841 slurm_job_id=3584841 launched_at=2026-09-28T12:46:29.405613+00:00
TIME run allocation action=skip run=/fslarge/scratch/users/h61084/codes/tsrag_time/outputs/tsrag/predictions/validation/chronos_bolt_512/Coastal_T_S/20T/medium/run_0 source_launch=selena_3584841 launch_id=selena_3584841 slurm_job_id=3584841 launched_at=2026-09-28T12:46:29.412308+00:00
TIME run allocation action=skip run=/fslarge/scratch/users/h61084/codes/tsrag_time/outputs/tsrag/predictions/test/chronos_bolt_512/Coastal_T_S/20T/medium/run_0 source_launch=selena_3584841 launch_id=selena_3584841 slurm_job_id=3584841 launched_at=2026-09-28T12:46:29.418982+00:00
TIME run allocation action=skip run=/fslarge/scratch/users/h61084/codes/tsrag_time/outputs/tsrag/predictions/validation/chronos_bolt_512/Coastal_T_S/20T/long/run_0 source_launch=selena_3584841 launch_id=selena_3584841 slurm_job_id=3584841 launched_at=2026-09-28T12:46:29.425615+00:00
TIME run allocation action=skip run=/fslarge/scratch/users/h61084/codes/tsrag_time/outputs/tsrag/predictions/test/chronos_bolt_512/Coastal_T_S/20T/long/run_0 source_launch=selena_3584841 launch_id=selena_3584841 slurm_job_id=3584841 launched_at=2026-09-28T12:46:29.432277+00:00
TIME run allocation action=skip run=/fslarge/scratch/users/h61084/codes/tsrag_time/outputs/tsrag/predictions/validation/chronos_bolt_512/Coastal_T_S/H/short/run_0 source_launch=selena_3584841 launch_id=selena_3584841 slurm_job_id=3584841 launched_at=2026-09-28T12:46:29.438979+00:00
TIME run allocation action=skip run=/fslarge/scratch/users/h61084/codes/tsrag_time/outputs/tsrag/predictions/test/chronos_bolt_512/Coastal_T_S/H/short/run_0 source_launch=selena_3584841 launch_id=selena_3584841 slurm_job_id=3584841 launched_at=2026-09-28T12:46:29.445676+00:00
TIME run allocation action=skip run=/fslarge/scratch/users/h61084/codes/tsrag_time/outputs/tsrag/predictions/validation/chronos_bolt_512/Coastal_T_S/H/medium/run_0 source_launch=selena_3584841 launch_id=selena_3584841 slurm_job_id=3584841 launched_at=2026-09-28T12:46:29.452182+00:00
TIME run allocation action=skip run=/fslarge/scratch/users/h61084/codes/tsrag_time/outputs/tsrag/predictions/test/chronos_bolt_512/Coastal_T_S/H/medium/run_0 source_launch=selena_3584841 launch_id=selena_3584841 slurm_job_id=3584841 launched_at=2026-09-28T12:46:29.458941+00:00
TIME run allocation action=skip run=/fslarge/scratch/users/h61084/codes/tsrag_time/outputs/tsrag/predictions/validation/chronos_bolt_512/Coastal_T_S/H/long/run_0 source_launch=selena_3584841 launch_id=selena_3584841 slurm_job_id=3584841 launched_at=2026-09-28T12:46:29.465464+00:00
TIME run allocation action=skip run=/fslarge/scratch/users/h61084/codes/tsrag_time/outputs/tsrag/predictions/test/chronos_bolt_512/Coastal_T_S/H/long/run_0 source_launch=selena_3584841 launch_id=selena_3584841 slurm_job_id=3584841 launched_at=2026-09-28T12:46:29.472231+00:00
TIME run allocation action=skip run=/fslarge/scratch/users/h61084/codes/tsrag_time/outputs/tsrag/predictions/validation/chronos_bolt_512/SG_Weather/D/short/run_0 source_launch=selena_3584841 launch_id=selena_3584841 slurm_job_id=3584841 launched_at=2026-09-28T12:46:29.479004+00:00
TIME run allocation action=skip run=/fslarge/scratch/users/h61084/codes/tsrag_time/outputs/tsrag/predictions/test/chronos_bolt_512/SG_Weather/D/short/run_0 source_launch=selena_3584841 launch_id=selena_3584841 slurm_job_id=3584841 launched_at=2026-09-28T12:46:29.485784+00:00
TIME run allocation action=skip run=/fslarge/scratch/users/h61084/codes/tsrag_time/outputs/tsrag/predictions/validation/chronos_bolt_512/SG_Weather/D/medium/run_0 source_launch=selena_3584841 launch_id=selena_3584841 slurm_job_id=3584841 launched_at=2026-09-28T12:46:29.492529+00:00
TIME run allocation action=skip run=/fslarge/scratch/users/h61084/codes/tsrag_time/outputs/tsrag/predictions/test/chronos_bolt_512/SG_Weather/D/medium/run_0 source_launch=selena_3584841 launch_id=selena_3584841 slurm_job_id=3584841 launched_at=2026-09-28T12:46:29.499232+00:00
TIME run allocation action=skip run=/fslarge/scratch/users/h61084/codes/tsrag_time/outputs/tsrag/predictions/validation/chronos_bolt_512/SG_Weather/D/long/run_0 source_launch=selena_3584841 launch_id=selena_3584841 slurm_job_id=3584841 launched_at=2026-09-28T12:46:29.505787+00:00
TIME run allocation action=skip run=/fslarge/scratch/users/h61084/codes/tsrag_time/outputs/tsrag/predictions/test/chronos_bolt_512/SG_Weather/D/long/run_0 source_launch=selena_3584841 launch_id=selena_3584841 slurm_job_id=3584841 launched_at=2026-09-28T12:46:29.512320+00:00
TIME run allocation action=skip run=/fslarge/scratch/users/h61084/codes/tsrag_time/outputs/tsrag/predictions/validation/chronos_bolt_512/SG_PM25/H/short/run_0 source_launch=selena_3584841 launch_id=selena_3584841 slurm_job_id=3584841 launched_at=2026-09-28T12:46:29.518666+00:00
TIME run allocation action=skip run=/fslarge/scratch/users/h61084/codes/tsrag_time/outputs/tsrag/predictions/test/chronos_bolt_512/SG_PM25/H/short/run_0 source_launch=selena_3584841 launch_id=selena_3584841 slurm_job_id=3584841 launched_at=2026-09-28T12:46:29.525184+00:00
TIME run allocation action=skip run=/fslarge/scratch/users/h61084/codes/tsrag_time/outputs/tsrag/predictions/validation/chronos_bolt_512/SG_PM25/H/medium/run_0 source_launch=selena_3584841 launch_id=selena_3584841 slurm_job_id=3584841 launched_at=2026-09-28T12:46:29.531534+00:00
TIME run allocation action=skip run=/fslarge/scratch/users/h61084/codes/tsrag_time/outputs/tsrag/predictions/test/chronos_bolt_512/SG_PM25/H/medium/run_0 source_launch=selena_3584841 launch_id=selena_3584841 slurm_job_id=3584841 launched_at=2026-09-28T12:46:29.538157+00:00
TIME run allocation action=skip run=/fslarge/scratch/users/h61084/codes/tsrag_time/outputs/tsrag/predictions/validation/chronos_bolt_512/SG_PM25/H/long/run_0 source_launch=selena_3584841 launch_id=selena_3584841 slurm_job_id=3584841 launched_at=2026-09-28T12:46:29.544814+00:00
TIME run allocation action=skip run=/fslarge/scratch/users/h61084/codes/tsrag_time/outputs/tsrag/predictions/test/chronos_bolt_512/SG_PM25/H/long/run_0 source_launch=selena_3584841 launch_id=selena_3584841 slurm_job_id=3584841 launched_at=2026-09-28T12:46:29.551369+00:00
TIME run allocation action=skip run=/fslarge/scratch/users/h61084/codes/tsrag_time/outputs/tsrag/predictions/validation/chronos_bolt_512/NE_China_Wind/H/short/run_0 source_launch=selena_3584841 launch_id=selena_3584841 slurm_job_id=3584841 launched_at=2026-09-28T12:46:29.557739+00:00
TIME run allocation action=skip run=/fslarge/scratch/users/h61084/codes/tsrag_time/outputs/tsrag/predictions/test/chronos_bolt_512/NE_China_Wind/H/short/run_0 source_launch=selena_3584841 launch_id=selena_3584841 slurm_job_id=3584841 launched_at=2026-09-28T12:46:29.564198+00:00
TIME run allocation action=skip run=/fslarge/scratch/users/h61084/codes/tsrag_time/outputs/tsrag/predictions/validation/chronos_bolt_512/NE_China_Wind/H/medium/run_0 source_launch=selena_3584841 launch_id=selena_3584841 slurm_job_id=3584841 launched_at=2026-09-28T12:46:29.570892+00:00
TIME run allocation action=skip run=/fslarge/scratch/users/h61084/codes/tsrag_time/outputs/tsrag/predictions/test/chronos_bolt_512/NE_China_Wind/H/medium/run_0 source_launch=selena_3584841 launch_id=selena_3584841 slurm_job_id=3584841 launched_at=2026-09-28T12:46:29.579444+00:00
TIME run allocation action=skip run=/fslarge/scratch/users/h61084/codes/tsrag_time/outputs/tsrag/predictions/validation/chronos_bolt_512/NE_China_Wind/H/long/run_0 source_launch=selena_3584841 launch_id=selena_3584841 slurm_job_id=3584841 launched_at=2026-09-28T12:46:29.586225+00:00
TIME run allocation action=skip run=/fslarge/scratch/users/h61084/codes/tsrag_time/outputs/tsrag/predictions/test/chronos_bolt_512/NE_China_Wind/H/long/run_0 source_launch=selena_3584841 launch_id=selena_3584841 slurm_job_id=3584841 launched_at=2026-09-28T12:46:29.592941+00:00
TIME run allocation action=skip run=/fslarge/scratch/users/h61084/codes/tsrag_time/outputs/tsrag/predictions/validation/chronos_bolt_512/Australia_Solar/H/short/run_0 source_launch=selena_3584841 launch_id=selena_3584841 slurm_job_id=3584841 launched_at=2026-09-28T12:46:29.600041+00:00
TIME run allocation action=skip run=/fslarge/scratch/users/h61084/codes/tsrag_time/outputs/tsrag/predictions/test/chronos_bolt_512/Australia_Solar/H/short/run_0 source_launch=selena_3584841 launch_id=selena_3584841 slurm_job_id=3584841 launched_at=2026-09-28T12:46:29.606636+00:00
TIME run allocation action=skip run=/fslarge/scratch/users/h61084/codes/tsrag_time/outputs/tsrag/predictions/validation/chronos_bolt_512/Australia_Solar/H/medium/run_0 source_launch=selena_3584841 launch_id=selena_3584841 slurm_job_id=3584841 launched_at=2026-09-28T12:46:29.613300+00:00
TIME run allocation action=skip run=/fslarge/scratch/users/h61084/codes/tsrag_time/outputs/tsrag/predictions/test/chronos_bolt_512/Australia_Solar/H/medium/run_0 source_launch=selena_3584841 launch_id=selena_3584841 slurm_job_id=3584841 launched_at=2026-09-28T12:46:29.619845+00:00
TIME run allocation action=skip run=/fslarge/scratch/users/h61084/codes/tsrag_time/outputs/tsrag/predictions/validation/chronos_bolt_512/Australia_Solar/H/long/run_0 source_launch=selena_3584841 launch_id=selena_3584841 slurm_job_id=3584841 launched_at=2026-09-28T12:46:29.626393+00:00
TIME run allocation action=skip run=/fslarge/scratch/users/h61084/codes/tsrag_time/outputs/tsrag/predictions/test/chronos_bolt_512/Australia_Solar/H/long/run_0 source_launch=selena_3584841 launch_id=selena_3584841 slurm_job_id=3584841 launched_at=2026-09-28T12:46:29.632750+00:00
TIME run allocation action=skip run=/fslarge/scratch/users/h61084/codes/tsrag_time/outputs/tsrag/predictions/validation/chronos_bolt_512/epf_electricity_price/H/short/run_0 source_launch=selena_3584841 launch_id=selena_3584841 slurm_job_id=3584841 launched_at=2026-09-28T12:46:29.639354+00:00
TIME run allocation action=skip run=/fslarge/scratch/users/h61084/codes/tsrag_time/outputs/tsrag/predictions/test/chronos_bolt_512/epf_electricity_price/H/short/run_0 source_launch=selena_3584841 launch_id=selena_3584841 slurm_job_id=3584841 launched_at=2026-09-28T12:46:29.645912+00:00
TIME run allocation action=skip run=/fslarge/scratch/users/h61084/codes/tsrag_time/outputs/tsrag/predictions/validation/chronos_bolt_512/epf_electricity_price/H/medium/run_0 source_launch=selena_3584841 launch_id=selena_3584841 slurm_job_id=3584841 launched_at=2026-09-28T12:46:29.652520+00:00
TIME run allocation action=skip run=/fslarge/scratch/users/h61084/codes/tsrag_time/outputs/tsrag/predictions/test/chronos_bolt_512/epf_electricity_price/H/medium/run_0 source_launch=selena_3584841 launch_id=selena_3584841 slurm_job_id=3584841 launched_at=2026-09-28T12:46:29.659026+00:00
TIME run allocation action=skip run=/fslarge/scratch/users/h61084/codes/tsrag_time/outputs/tsrag/predictions/validation/chronos_bolt_512/epf_electricity_price/H/long/run_0 source_launch=selena_3584841 launch_id=selena_3584841 slurm_job_id=3584841 launched_at=2026-09-28T12:46:29.665618+00:00
TIME run allocation action=skip run=/fslarge/scratch/users/h61084/codes/tsrag_time/outputs/tsrag/predictions/test/chronos_bolt_512/epf_electricity_price/H/long/run_0 source_launch=selena_3584841 launch_id=selena_3584841 slurm_job_id=3584841 launched_at=2026-09-28T12:46:29.671975+00:00
TIME run allocation action=skip run=/fslarge/scratch/users/h61084/codes/tsrag_time/outputs/tsrag/predictions/validation/chronos_bolt_512/OpenElectricity_NEM/5T/short/run_0 source_launch=selena_3584841 launch_id=selena_3584841 slurm_job_id=3584841 launched_at=2026-09-28T12:46:29.678667+00:00
TIME run allocation action=skip run=/fslarge/scratch/users/h61084/codes/tsrag_time/outputs/tsrag/predictions/test/chronos_bolt_512/OpenElectricity_NEM/5T/short/run_0 source_launch=selena_3584841 launch_id=selena_3584841 slurm_job_id=3584841 launched_at=2026-09-28T12:46:29.685336+00:00
TIME run allocation action=skip run=/fslarge/scratch/users/h61084/codes/tsrag_time/outputs/tsrag/predictions/validation/chronos_bolt_512/OpenElectricity_NEM/5T/medium/run_0 source_launch=selena_3584841 launch_id=selena_3584841 slurm_job_id=3584841 launched_at=2026-09-28T12:46:29.692262+00:00
TIME run allocation action=skip run=/fslarge/scratch/users/h61084/codes/tsrag_time/outputs/tsrag/predictions/test/chronos_bolt_512/OpenElectricity_NEM/5T/medium/run_0 source_launch=selena_3584841 launch_id=selena_3584841 slurm_job_id=3584841 launched_at=2026-09-28T12:46:29.698796+00:00
TIME run allocation action=skip run=/fslarge/scratch/users/h61084/codes/tsrag_time/outputs/tsrag/predictions/validation/chronos_bolt_512/OpenElectricity_NEM/5T/long/run_0 source_launch=selena_3584841 launch_id=selena_3584841 slurm_job_id=3584841 launched_at=2026-09-28T12:46:29.705698+00:00
TIME run allocation action=skip run=/fslarge/scratch/users/h61084/codes/tsrag_time/outputs/tsrag/predictions/test/chronos_bolt_512/OpenElectricity_NEM/5T/long/run_0 source_launch=selena_3584841 launch_id=selena_3584841 slurm_job_id=3584841 launched_at=2026-09-28T12:46:29.712448+00:00
TIME run allocation action=skip run=/fslarge/scratch/users/h61084/codes/tsrag_time/outputs/tsrag/predictions/validation/chronos_bolt_512/EWELD_Load/15T/short/run_0 source_launch=selena_3584841 launch_id=selena_3584841 slurm_job_id=3584841 launched_at=2026-09-28T12:46:29.719160+00:00
TIME run allocation action=skip run=/fslarge/scratch/users/h61084/codes/tsrag_time/outputs/tsrag/predictions/test/chronos_bolt_512/EWELD_Load/15T/short/run_0 source_launch=selena_3584841 launch_id=selena_3584841 slurm_job_id=3584841 launched_at=2026-09-28T12:46:29.725794+00:00
TIME run allocation action=skip run=/fslarge/scratch/users/h61084/codes/tsrag_time/outputs/tsrag/predictions/validation/chronos_bolt_512/EWELD_Load/15T/medium/run_0 source_launch=selena_3584841 launch_id=selena_3584841 slurm_job_id=3584841 launched_at=2026-09-28T12:46:29.732281+00:00
TIME run allocation action=skip run=/fslarge/scratch/users/h61084/codes/tsrag_time/outputs/tsrag/predictions/test/chronos_bolt_512/EWELD_Load/15T/medium/run_0 source_launch=selena_3584841 launch_id=selena_3584841 slurm_job_id=3584841 launched_at=2026-09-28T12:46:29.739098+00:00
TIME run allocation action=skip run=/fslarge/scratch/users/h61084/codes/tsrag_time/outputs/tsrag/predictions/validation/chronos_bolt_512/EWELD_Load/15T/long/run_0 source_launch=selena_3584841 launch_id=selena_3584841 slurm_job_id=3584841 launched_at=2026-09-28T12:46:29.745983+00:00
TIME run allocation action=skip run=/fslarge/scratch/users/h61084/codes/tsrag_time/outputs/tsrag/predictions/test/chronos_bolt_512/EWELD_Load/15T/long/run_0 source_launch=selena_3584841 launch_id=selena_3584841 slurm_job_id=3584841 launched_at=2026-09-28T12:46:29.752688+00:00
TIME run allocation action=skip run=/fslarge/scratch/users/h61084/codes/tsrag_time/outputs/tsrag/predictions/validation/chronos_bolt_512/SG_Carpark/15T/short/run_0 source_launch=selena_3584841 launch_id=selena_3584841 slurm_job_id=3584841 launched_at=2026-09-28T12:46:29.759282+00:00
TIME run allocation action=skip run=/fslarge/scratch/users/h61084/codes/tsrag_time/outputs/tsrag/predictions/test/chronos_bolt_512/SG_Carpark/15T/short/run_0 source_launch=selena_3584841 launch_id=selena_3584841 slurm_job_id=3584841 launched_at=2026-09-28T12:46:29.765870+00:00
TIME run allocation action=skip run=/fslarge/scratch/users/h61084/codes/tsrag_time/outputs/tsrag/predictions/validation/chronos_bolt_512/SG_Carpark/15T/medium/run_0 source_launch=selena_3584841 launch_id=selena_3584841 slurm_job_id=3584841 launched_at=2026-09-28T12:46:29.772551+00:00
TIME run allocation action=skip run=/fslarge/scratch/users/h61084/codes/tsrag_time/outputs/tsrag/predictions/test/chronos_bolt_512/SG_Carpark/15T/medium/run_0 source_launch=selena_3584841 launch_id=selena_3584841 slurm_job_id=3584841 launched_at=2026-09-28T12:46:29.779120+00:00
TIME run allocation action=skip run=/fslarge/scratch/users/h61084/codes/tsrag_time/outputs/tsrag/predictions/validation/chronos_bolt_512/SG_Carpark/15T/long/run_0 source_launch=selena_3584841 launch_id=selena_3584841 slurm_job_id=3584841 launched_at=2026-09-28T12:46:29.785859+00:00
TIME run allocation action=skip run=/fslarge/scratch/users/h61084/codes/tsrag_time/outputs/tsrag/predictions/test/chronos_bolt_512/SG_Carpark/15T/long/run_0 source_launch=selena_3584841 launch_id=selena_3584841 slurm_job_id=3584841 launched_at=2026-09-28T12:46:29.792489+00:00
TIME run allocation action=skip run=/fslarge/scratch/users/h61084/codes/tsrag_time/outputs/tsrag/predictions/validation/chronos_bolt_512/Finland_Traffic/15T/short/run_0 source_launch=selena_3584841 launch_id=selena_3584841 slurm_job_id=3584841 launched_at=2026-09-28T12:46:29.799436+00:00
TIME run allocation action=skip run=/fslarge/scratch/users/h61084/codes/tsrag_time/outputs/tsrag/predictions/test/chronos_bolt_512/Finland_Traffic/15T/short/run_0 source_launch=selena_3584841 launch_id=selena_3584841 slurm_job_id=3584841 launched_at=2026-09-28T12:46:29.806035+00:00
TIME run allocation action=skip run=/fslarge/scratch/users/h61084/codes/tsrag_time/outputs/tsrag/predictions/validation/chronos_bolt_512/Finland_Traffic/15T/medium/run_0 source_launch=selena_3584841 launch_id=selena_3584841 slurm_job_id=3584841 launched_at=2026-09-28T12:46:29.812686+00:00
TIME run allocation action=skip run=/fslarge/scratch/users/h61084/codes/tsrag_time/outputs/tsrag/predictions/test/chronos_bolt_512/Finland_Traffic/15T/medium/run_0 source_launch=selena_3584841 launch_id=selena_3584841 slurm_job_id=3584841 launched_at=2026-09-28T12:46:29.819460+00:00
TIME run allocation action=skip run=/fslarge/scratch/users/h61084/codes/tsrag_time/outputs/tsrag/predictions/validation/chronos_bolt_512/Finland_Traffic/15T/long/run_0 source_launch=selena_3584841 launch_id=selena_3584841 slurm_job_id=3584841 launched_at=2026-09-28T12:46:29.826009+00:00
TIME run allocation action=skip run=/fslarge/scratch/users/h61084/codes/tsrag_time/outputs/tsrag/predictions/test/chronos_bolt_512/Finland_Traffic/15T/long/run_0 source_launch=selena_3584841 launch_id=selena_3584841 slurm_job_id=3584841 launched_at=2026-09-28T12:46:29.832685+00:00
TIME run allocation action=skip run=/fslarge/scratch/users/h61084/codes/tsrag_time/outputs/tsrag/predictions/validation/chronos_bolt_512/Port_Activity/D/short/run_0 source_launch=selena_3584841 launch_id=selena_3584841 slurm_job_id=3584841 launched_at=2026-09-28T12:46:29.839477+00:00
TIME run allocation action=skip run=/fslarge/scratch/users/h61084/codes/tsrag_time/outputs/tsrag/predictions/test/chronos_bolt_512/Port_Activity/D/short/run_0 source_launch=selena_3584841 launch_id=selena_3584841 slurm_job_id=3584841 launched_at=2026-09-28T12:46:29.846417+00:00
TIME run allocation action=skip run=/fslarge/scratch/users/h61084/codes/tsrag_time/outputs/tsrag/predictions/validation/chronos_bolt_512/Port_Activity/W/short/run_0 source_launch=selena_3584841 launch_id=selena_3584841 slurm_job_id=3584841 launched_at=2026-09-28T12:46:29.852913+00:00
TIME run allocation action=skip run=/fslarge/scratch/users/h61084/codes/tsrag_time/outputs/tsrag/predictions/test/chronos_bolt_512/Port_Activity/W/short/run_0 source_launch=selena_3584841 launch_id=selena_3584841 slurm_job_id=3584841 launched_at=2026-09-28T12:46:29.859694+00:00
TIME run allocation action=skip run=/fslarge/scratch/users/h61084/codes/tsrag_time/outputs/tsrag/predictions/validation/chronos_bolt_512/ECDC_COVID/D/short/run_0 source_launch=selena_3584841 launch_id=selena_3584841 slurm_job_id=3584841 launched_at=2026-09-28T12:46:29.866228+00:00
TIME run allocation action=skip run=/fslarge/scratch/users/h61084/codes/tsrag_time/outputs/tsrag/predictions/test/chronos_bolt_512/ECDC_COVID/D/short/run_0 source_launch=selena_3584841 launch_id=selena_3584841 slurm_job_id=3584841 launched_at=2026-09-28T12:46:29.873035+00:00
TIME run allocation action=skip run=/fslarge/scratch/users/h61084/codes/tsrag_time/outputs/tsrag/predictions/validation/chronos_bolt_512/ECDC_COVID/W/short/run_0 source_launch=selena_3584841 launch_id=selena_3584841 slurm_job_id=3584841 launched_at=2026-09-28T12:46:29.879786+00:00
TIME run allocation action=skip run=/fslarge/scratch/users/h61084/codes/tsrag_time/outputs/tsrag/predictions/test/chronos_bolt_512/ECDC_COVID/W/short/run_0 source_launch=selena_3584841 launch_id=selena_3584841 slurm_job_id=3584841 launched_at=2026-09-28T12:46:29.886318+00:00
TIME run allocation action=skip run=/fslarge/scratch/users/h61084/codes/tsrag_time/outputs/tsrag/predictions/validation/chronos_bolt_512/Global_Influenza/W/short/run_0 source_launch=selena_3584841 launch_id=selena_3584841 slurm_job_id=3584841 launched_at=2026-09-28T12:46:29.892925+00:00
TIME run allocation action=skip run=/fslarge/scratch/users/h61084/codes/tsrag_time/outputs/tsrag/predictions/test/chronos_bolt_512/Global_Influenza/W/short/run_0 source_launch=selena_3584841 launch_id=selena_3584841 slurm_job_id=3584841 launched_at=2026-09-28T12:46:29.899681+00:00
TIME run allocation action=skip run=/fslarge/scratch/users/h61084/codes/tsrag_time/outputs/tsrag/predictions/validation/chronos_bolt_512/Crypto/D/short/run_0 source_launch=selena_3584841 launch_id=selena_3584841 slurm_job_id=3584841 launched_at=2026-09-28T12:46:29.906207+00:00
TIME run allocation action=skip run=/fslarge/scratch/users/h61084/codes/tsrag_time/outputs/tsrag/predictions/test/chronos_bolt_512/Crypto/D/short/run_0 source_launch=selena_3584841 launch_id=selena_3584841 slurm_job_id=3584841 launched_at=2026-09-28T12:46:29.913678+00:00
TIME run allocation action=skip run=/fslarge/scratch/users/h61084/codes/tsrag_time/outputs/tsrag/predictions/validation/chronos_bolt_512/US_Term_Structure/B/short/run_0 source_launch=selena_3584841 launch_id=selena_3584841 slurm_job_id=3584841 launched_at=2026-09-28T12:46:29.920542+00:00
TIME run allocation action=skip run=/fslarge/scratch/users/h61084/codes/tsrag_time/outputs/tsrag/predictions/test/chronos_bolt_512/US_Term_Structure/B/short/run_0 source_launch=selena_3584841 launch_id=selena_3584841 slurm_job_id=3584841 launched_at=2026-09-28T12:46:29.927557+00:00
TIME run allocation action=skip run=/fslarge/scratch/users/h61084/codes/tsrag_time/outputs/tsrag/predictions/validation/chronos_bolt_512/Oil_Price/B/short/run_0 source_launch=selena_3584841 launch_id=selena_3584841 slurm_job_id=3584841 launched_at=2026-09-28T12:46:29.934159+00:00
TIME run allocation action=skip run=/fslarge/scratch/users/h61084/codes/tsrag_time/outputs/tsrag/predictions/test/chronos_bolt_512/Oil_Price/B/short/run_0 source_launch=selena_3584841 launch_id=selena_3584841 slurm_job_id=3584841 launched_at=2026-09-28T12:46:29.940783+00:00
TIME run allocation action=skip run=/fslarge/scratch/users/h61084/codes/tsrag_time/outputs/tsrag/predictions/validation/chronos_bolt_512/Job_Claims/W/short/run_0 source_launch=selena_3584841 launch_id=selena_3584841 slurm_job_id=3584841 launched_at=2026-09-28T12:46:29.947828+00:00
TIME run allocation action=skip run=/fslarge/scratch/users/h61084/codes/tsrag_time/outputs/tsrag/predictions/test/chronos_bolt_512/Job_Claims/W/short/run_0 source_launch=selena_3584841 launch_id=selena_3584841 slurm_job_id=3584841 launched_at=2026-09-28T12:46:29.954452+00:00
TIME run allocation action=skip run=/fslarge/scratch/users/h61084/codes/tsrag_time/outputs/tsrag/predictions/validation/chronos_bolt_512/Uncertainty_1M/M/short/run_0 source_launch=selena_3584841 launch_id=selena_3584841 slurm_job_id=3584841 launched_at=2026-09-28T12:46:29.961032+00:00
TIME run allocation action=skip run=/fslarge/scratch/users/h61084/codes/tsrag_time/outputs/tsrag/predictions/test/chronos_bolt_512/Uncertainty_1M/M/short/run_0 source_launch=selena_3584841 launch_id=selena_3584841 slurm_job_id=3584841 launched_at=2026-09-28T12:46:29.967686+00:00
TIME run allocation action=skip run=/fslarge/scratch/users/h61084/codes/tsrag_time/outputs/tsrag/predictions/validation/chronos_bolt_512/Housing_Inventory/M/short/run_0 source_launch=selena_3584841 launch_id=selena_3584841 slurm_job_id=3584841 launched_at=2026-09-28T12:46:29.974387+00:00
TIME run allocation action=skip run=/fslarge/scratch/users/h61084/codes/tsrag_time/outputs/tsrag/predictions/test/chronos_bolt_512/Housing_Inventory/M/short/run_0 source_launch=selena_3584841 launch_id=selena_3584841 slurm_job_id=3584841 launched_at=2026-09-28T12:46:29.981005+00:00
TIME run allocation action=skip run=/fslarge/scratch/users/h61084/codes/tsrag_time/outputs/tsrag/predictions/validation/chronos_bolt_512/JOLTS/M/short/run_0 source_launch=selena_3584841 launch_id=selena_3584841 slurm_job_id=3584841 launched_at=2026-09-28T12:46:29.987723+00:00
TIME run allocation action=skip run=/fslarge/scratch/users/h61084/codes/tsrag_time/outputs/tsrag/predictions/test/chronos_bolt_512/JOLTS/M/short/run_0 source_launch=selena_3584841 launch_id=selena_3584841 slurm_job_id=3584841 launched_at=2026-09-28T12:46:29.994746+00:00
TIME run allocation action=skip run=/fslarge/scratch/users/h61084/codes/tsrag_time/outputs/tsrag/predictions/validation/chronos_bolt_512/US_Labor/M/short/run_0 source_launch=selena_3584841 launch_id=selena_3584841 slurm_job_id=3584841 launched_at=2026-09-28T12:46:30.004685+00:00
TIME run allocation action=skip run=/fslarge/scratch/users/h61084/codes/tsrag_time/outputs/tsrag/predictions/test/chronos_bolt_512/US_Labor/M/short/run_0 source_launch=selena_3584841 launch_id=selena_3584841 slurm_job_id=3584841 launched_at=2026-09-28T12:46:30.014215+00:00
TIME run allocation action=skip run=/fslarge/scratch/users/h61084/codes/tsrag_time/outputs/tsrag/predictions/validation/chronos_bolt_512/Vehicle_Supply/M/short/run_0 source_launch=selena_3584841 launch_id=selena_3584841 slurm_job_id=3584841 launched_at=2026-09-28T12:46:30.020927+00:00
TIME run allocation action=skip run=/fslarge/scratch/users/h61084/codes/tsrag_time/outputs/tsrag/predictions/test/chronos_bolt_512/Vehicle_Supply/M/short/run_0 source_launch=selena_3584841 launch_id=selena_3584841 slurm_job_id=3584841 launched_at=2026-09-28T12:46:30.027611+00:00
TIME run allocation action=skip run=/fslarge/scratch/users/h61084/codes/tsrag_time/outputs/tsrag/predictions/validation/chronos_bolt_512/Auto_Production_SF/M/short/run_0 source_launch=selena_3584841 launch_id=selena_3584841 slurm_job_id=3584841 launched_at=2026-09-28T12:46:30.035010+00:00
TIME run allocation action=skip run=/fslarge/scratch/users/h61084/codes/tsrag_time/outputs/tsrag/predictions/test/chronos_bolt_512/Auto_Production_SF/M/short/run_0 source_launch=selena_3584841 launch_id=selena_3584841 slurm_job_id=3584841 launched_at=2026-09-28T12:46:30.041643+00:00
TIME run allocation action=skip run=/fslarge/scratch/users/h61084/codes/tsrag_time/outputs/tsrag/predictions/validation/chronos_bolt_512/Commodity_Production/M/short/run_0 source_launch=selena_3584841 launch_id=selena_3584841 slurm_job_id=3584841 launched_at=2026-09-28T12:46:30.049313+00:00
TIME run allocation action=skip run=/fslarge/scratch/users/h61084/codes/tsrag_time/outputs/tsrag/predictions/test/chronos_bolt_512/Commodity_Production/M/short/run_0 source_launch=selena_3584841 launch_id=selena_3584841 slurm_job_id=3584841 launched_at=2026-09-28T12:46:30.056468+00:00
TIME run allocation action=skip run=/fslarge/scratch/users/h61084/codes/tsrag_time/outputs/tsrag/predictions/validation/chronos_bolt_512/Commodity_Import/M/short/run_0 source_launch=selena_3584841 launch_id=selena_3584841 slurm_job_id=3584841 launched_at=2026-09-28T12:46:30.063251+00:00
TIME run allocation action=skip run=/fslarge/scratch/users/h61084/codes/tsrag_time/outputs/tsrag/predictions/test/chronos_bolt_512/Commodity_Import/M/short/run_0 source_launch=selena_3584841 launch_id=selena_3584841 slurm_job_id=3584841 launched_at=2026-09-28T12:46:30.069799+00:00
TIME run allocation action=skip run=/fslarge/scratch/users/h61084/codes/tsrag_time/outputs/tsrag/predictions/validation/chronos_bolt_512/WUI_Global/Q/short/run_0 source_launch=selena_3584841 launch_id=selena_3584841 slurm_job_id=3584841 launched_at=2026-09-28T12:46:30.076427+00:00
TIME run allocation action=skip run=/fslarge/scratch/users/h61084/codes/tsrag_time/outputs/tsrag/predictions/test/chronos_bolt_512/WUI_Global/Q/short/run_0 source_launch=selena_3584841 launch_id=selena_3584841 slurm_job_id=3584841 launched_at=2026-09-28T12:46:30.082887+00:00
TIME run allocation action=skip run=/fslarge/scratch/users/h61084/codes/tsrag_time/outputs/tsrag/predictions/validation/chronos_bolt_512/Global_Price/Q/short/run_0 source_launch=selena_3584841 launch_id=selena_3584841 slurm_job_id=3584841 launched_at=2026-09-28T12:46:30.089345+00:00
TIME run allocation action=skip run=/fslarge/scratch/users/h61084/codes/tsrag_time/outputs/tsrag/predictions/test/chronos_bolt_512/Global_Price/Q/short/run_0 source_launch=selena_3584841 launch_id=selena_3584841 slurm_job_id=3584841 launched_at=2026-09-28T12:46:30.095863+00:00
TIME run allocation action=skip run=/fslarge/scratch/users/h61084/codes/tsrag_time/outputs/tsrag/predictions/validation/chronos_bolt_512/Vehicle_Sales/M/short/run_0 source_launch=selena_3584841 launch_id=selena_3584841 slurm_job_id=3584841 launched_at=2026-09-28T12:46:30.102515+00:00
TIME run allocation action=skip run=/fslarge/scratch/users/h61084/codes/tsrag_time/outputs/tsrag/predictions/test/chronos_bolt_512/Vehicle_Sales/M/short/run_0 source_launch=selena_3584841 launch_id=selena_3584841 slurm_job_id=3584841 launched_at=2026-09-28T12:46:30.109228+00:00
TIME run allocation action=skip run=/fslarge/scratch/users/h61084/codes/tsrag_time/outputs/tsrag/predictions/validation/chronos_bolt_512/Online_Retail_2_UCI/D/short/run_0 source_launch=selena_3584841 launch_id=selena_3584841 slurm_job_id=3584841 launched_at=2026-09-28T12:46:30.115937+00:00
TIME run allocation action=skip run=/fslarge/scratch/users/h61084/codes/tsrag_time/outputs/tsrag/predictions/test/chronos_bolt_512/Online_Retail_2_UCI/D/short/run_0 source_launch=selena_3584841 launch_id=selena_3584841 slurm_job_id=3584841 launched_at=2026-09-28T12:46:30.122563+00:00
TIME run allocation action=skip run=/fslarge/scratch/users/h61084/codes/tsrag_time/outputs/tsrag/predictions/validation/chronos_bolt_512/Supply_Chain_Customer/D/short/run_0 source_launch=selena_3584841 launch_id=selena_3584841 slurm_job_id=3584841 launched_at=2026-09-28T12:46:30.129081+00:00
TIME run allocation action=skip run=/fslarge/scratch/users/h61084/codes/tsrag_time/outputs/tsrag/predictions/test/chronos_bolt_512/Supply_Chain_Customer/D/short/run_0 source_launch=selena_3584841 launch_id=selena_3584841 slurm_job_id=3584841 launched_at=2026-09-28T12:46:30.135862+00:00
TIME run allocation action=skip run=/fslarge/scratch/users/h61084/codes/tsrag_time/outputs/tsrag/predictions/validation/chronos_bolt_512/Supply_Chain_Location/D/short/run_0 source_launch=selena_3584841 launch_id=selena_3584841 slurm_job_id=3584841 launched_at=2026-09-28T12:46:30.142672+00:00
TIME run allocation action=skip run=/fslarge/scratch/users/h61084/codes/tsrag_time/outputs/tsrag/predictions/test/chronos_bolt_512/Supply_Chain_Location/D/short/run_0 source_launch=selena_3584841 launch_id=selena_3584841 slurm_job_id=3584841 launched_at=2026-09-28T12:46:30.149571+00:00
TIME run allocation action=skip run=/fslarge/scratch/users/h61084/codes/tsrag_time/outputs/tsrag/predictions/validation/chronos_bolt_512/azure2019_U/5T/short/run_0 source_launch=selena_3584841 launch_id=selena_3584841 slurm_job_id=3584841 launched_at=2026-09-28T12:46:30.156355+00:00
TIME run allocation action=skip run=/fslarge/scratch/users/h61084/codes/tsrag_time/outputs/tsrag/predictions/test/chronos_bolt_512/azure2019_U/5T/short/run_0 source_launch=selena_3584841 launch_id=selena_3584841 slurm_job_id=3584841 launched_at=2026-09-28T12:46:30.163529+00:00
TIME run allocation action=skip run=/fslarge/scratch/users/h61084/codes/tsrag_time/outputs/tsrag/predictions/validation/chronos_bolt_512/Smart_Manufacturing/H/short/run_0 source_launch=selena_3584841 launch_id=selena_3584841 slurm_job_id=3584841 launched_at=2026-09-28T12:46:30.170207+00:00
TIME run allocation action=skip run=/fslarge/scratch/users/h61084/codes/tsrag_time/outputs/tsrag/predictions/test/chronos_bolt_512/Smart_Manufacturing/H/short/run_0 source_launch=selena_3584841 launch_id=selena_3584841 slurm_job_id=3584841 launched_at=2026-09-28T12:46:30.176760+00:00
TIME run allocation action=skip run=/fslarge/scratch/users/h61084/codes/tsrag_time/outputs/tsrag/predictions/validation/chronos_bolt_512/Smart_Manufacturing/H/medium/run_0 source_launch=selena_3584841 launch_id=selena_3584841 slurm_job_id=3584841 launched_at=2026-09-28T12:46:30.185640+00:00
TIME run allocation action=skip run=/fslarge/scratch/users/h61084/codes/tsrag_time/outputs/tsrag/predictions/test/chronos_bolt_512/Smart_Manufacturing/H/medium/run_0 source_launch=selena_3584841 launch_id=selena_3584841 slurm_job_id=3584841 launched_at=2026-09-28T12:46:30.192212+00:00
TIME run allocation action=skip run=/fslarge/scratch/users/h61084/codes/tsrag_time/outputs/tsrag/predictions/validation/chronos_bolt_512/Smart_Manufacturing/H/long/run_0 source_launch=selena_3584841 launch_id=selena_3584841 slurm_job_id=3584841 launched_at=2026-09-28T12:46:30.198925+00:00
TIME run allocation action=skip run=/fslarge/scratch/users/h61084/codes/tsrag_time/outputs/tsrag/predictions/test/chronos_bolt_512/Smart_Manufacturing/H/long/run_0 source_launch=selena_3584841 launch_id=selena_3584841 slurm_job_id=3584841 launched_at=2026-09-28T12:46:30.205619+00:00
TIME run allocation action=skip run=/fslarge/scratch/users/h61084/codes/tsrag_time/outputs/tsrag/predictions/validation/chronos_bolt_512/MetroPT-3/5T/short/run_0 source_launch=selena_3584841 launch_id=selena_3584841 slurm_job_id=3584841 launched_at=2026-09-28T12:46:30.212320+00:00
TIME run allocation action=skip run=/fslarge/scratch/users/h61084/codes/tsrag_time/outputs/tsrag/predictions/test/chronos_bolt_512/MetroPT-3/5T/short/run_0 source_launch=selena_3584841 launch_id=selena_3584841 slurm_job_id=3584841 launched_at=2026-09-28T12:46:30.219244+00:00
TIME run allocation action=skip run=/fslarge/scratch/users/h61084/codes/tsrag_time/outputs/tsrag/predictions/validation/chronos_bolt_512/MetroPT-3/5T/medium/run_0 source_launch=selena_3584841 launch_id=selena_3584841 slurm_job_id=3584841 launched_at=2026-09-28T12:46:30.225950+00:00
TIME run allocation action=skip run=/fslarge/scratch/users/h61084/codes/tsrag_time/outputs/tsrag/predictions/test/chronos_bolt_512/MetroPT-3/5T/medium/run_0 source_launch=selena_3584841 launch_id=selena_3584841 slurm_job_id=3584841 launched_at=2026-09-28T12:46:30.232746+00:00
TIME run allocation action=skip run=/fslarge/scratch/users/h61084/codes/tsrag_time/outputs/tsrag/predictions/validation/chronos_bolt_512/MetroPT-3/5T/long/run_0 source_launch=selena_3584841 launch_id=selena_3584841 slurm_job_id=3584841 launched_at=2026-09-28T12:46:30.239606+00:00
TIME run allocation action=skip run=/fslarge/scratch/users/h61084/codes/tsrag_time/outputs/tsrag/predictions/test/chronos_bolt_512/MetroPT-3/5T/long/run_0 source_launch=selena_3584841 launch_id=selena_3584841 slurm_job_id=3584841 launched_at=2026-09-28T12:46:30.246324+00:00
TIME run allocation action=skip run=/fslarge/scratch/users/h61084/codes/tsrag_time/outputs/tsrag/predictions/validation/chronos_bolt_max/Water_Quality_Darwin/15T/short/run_0 source_launch=selena_3584841 launch_id=selena_3584841 slurm_job_id=3584841 launched_at=2026-09-28T12:46:30.252678+00:00
TIME run allocation action=skip run=/fslarge/scratch/users/h61084/codes/tsrag_time/outputs/tsrag/predictions/test/chronos_bolt_max/Water_Quality_Darwin/15T/short/run_0 source_launch=selena_3584841 launch_id=selena_3584841 slurm_job_id=3584841 launched_at=2026-09-28T12:46:30.258943+00:00
TIME run allocation action=skip run=/fslarge/scratch/users/h61084/codes/tsrag_time/outputs/tsrag/predictions/validation/chronos_bolt_max/Water_Quality_Darwin/15T/medium/run_0 source_launch=selena_3584841 launch_id=selena_3584841 slurm_job_id=3584841 launched_at=2026-09-28T12:46:30.265169+00:00
TIME run allocation action=skip run=/fslarge/scratch/users/h61084/codes/tsrag_time/outputs/tsrag/predictions/test/chronos_bolt_max/Water_Quality_Darwin/15T/medium/run_0 source_launch=selena_3584841 launch_id=selena_3584841 slurm_job_id=3584841 launched_at=2026-09-28T12:46:30.271332+00:00
TIME run allocation action=skip run=/fslarge/scratch/users/h61084/codes/tsrag_time/outputs/tsrag/predictions/validation/chronos_bolt_max/Water_Quality_Darwin/15T/long/run_0 source_launch=selena_3584841 launch_id=selena_3584841 slurm_job_id=3584841 launched_at=2026-09-28T12:46:30.277499+00:00
TIME run allocation action=skip run=/fslarge/scratch/users/h61084/codes/tsrag_time/outputs/tsrag/predictions/test/chronos_bolt_max/Water_Quality_Darwin/15T/long/run_0 source_launch=selena_3584841 launch_id=selena_3584841 slurm_job_id=3584841 launched_at=2026-09-28T12:46:30.283696+00:00
TIME run allocation action=skip run=/fslarge/scratch/users/h61084/codes/tsrag_time/outputs/tsrag/predictions/validation/chronos_bolt_max/current_velocity/5T/short/run_0 source_launch=selena_3584841 launch_id=selena_3584841 slurm_job_id=3584841 launched_at=2026-09-28T12:46:30.289717+00:00
TIME run allocation action=skip run=/fslarge/scratch/users/h61084/codes/tsrag_time/outputs/tsrag/predictions/test/chronos_bolt_max/current_velocity/5T/short/run_0 source_launch=selena_3584841 launch_id=selena_3584841 slurm_job_id=3584841 launched_at=2026-09-28T12:46:30.296070+00:00
TIME run allocation action=skip run=/fslarge/scratch/users/h61084/codes/tsrag_time/outputs/tsrag/predictions/validation/chronos_bolt_max/current_velocity/5T/medium/run_0 source_launch=selena_3584841 launch_id=selena_3584841 slurm_job_id=3584841 launched_at=2026-09-28T12:46:30.302178+00:00
TIME run allocation action=skip run=/fslarge/scratch/users/h61084/codes/tsrag_time/outputs/tsrag/predictions/test/chronos_bolt_max/current_velocity/5T/medium/run_0 source_launch=selena_3584841 launch_id=selena_3584841 slurm_job_id=3584841 launched_at=2026-09-28T12:46:30.308407+00:00
TIME run allocation action=skip run=/fslarge/scratch/users/h61084/codes/tsrag_time/outputs/tsrag/predictions/validation/chronos_bolt_max/current_velocity/5T/long/run_0 source_launch=selena_3584841 launch_id=selena_3584841 slurm_job_id=3584841 launched_at=2026-09-28T12:46:30.314659+00:00
TIME run allocation action=skip run=/fslarge/scratch/users/h61084/codes/tsrag_time/outputs/tsrag/predictions/test/chronos_bolt_max/current_velocity/5T/long/run_0 source_launch=selena_3584841 launch_id=selena_3584841 slurm_job_id=3584841 launched_at=2026-09-28T12:46:30.320818+00:00
TIME run allocation action=skip run=/fslarge/scratch/users/h61084/codes/tsrag_time/outputs/tsrag/predictions/validation/chronos_bolt_max/current_velocity/10T/short/run_0 source_launch=selena_3584841 launch_id=selena_3584841 slurm_job_id=3584841 launched_at=2026-09-28T12:46:30.327107+00:00
TIME run allocation action=skip run=/fslarge/scratch/users/h61084/codes/tsrag_time/outputs/tsrag/predictions/test/chronos_bolt_max/current_velocity/10T/short/run_0 source_launch=selena_3584841 launch_id=selena_3584841 slurm_job_id=3584841 launched_at=2026-09-28T12:46:30.333154+00:00
TIME run allocation action=skip run=/fslarge/scratch/users/h61084/codes/tsrag_time/outputs/tsrag/predictions/validation/chronos_bolt_max/current_velocity/10T/medium/run_0 source_launch=selena_3584841 launch_id=selena_3584841 slurm_job_id=3584841 launched_at=2026-09-28T12:46:30.339258+00:00
TIME run allocation action=skip run=/fslarge/scratch/users/h61084/codes/tsrag_time/outputs/tsrag/predictions/test/chronos_bolt_max/current_velocity/10T/medium/run_0 source_launch=selena_3584841 launch_id=selena_3584841 slurm_job_id=3584841 launched_at=2026-09-28T12:46:30.345336+00:00
TIME run allocation action=skip run=/fslarge/scratch/users/h61084/codes/tsrag_time/outputs/tsrag/predictions/validation/chronos_bolt_max/current_velocity/10T/long/run_0 source_launch=selena_3584841 launch_id=selena_3584841 slurm_job_id=3584841 launched_at=2026-09-28T12:46:30.351519+00:00
TIME run allocation action=skip run=/fslarge/scratch/users/h61084/codes/tsrag_time/outputs/tsrag/predictions/test/chronos_bolt_max/current_velocity/10T/long/run_0 source_launch=selena_3584841 launch_id=selena_3584841 slurm_job_id=3584841 launched_at=2026-09-28T12:46:30.357703+00:00
TIME run allocation action=skip run=/fslarge/scratch/users/h61084/codes/tsrag_time/outputs/tsrag/predictions/validation/chronos_bolt_max/current_velocity/15T/short/run_0 source_launch=selena_3584841 launch_id=selena_3584841 slurm_job_id=3584841 launched_at=2026-09-28T12:46:30.364017+00:00
TIME run allocation action=skip run=/fslarge/scratch/users/h61084/codes/tsrag_time/outputs/tsrag/predictions/test/chronos_bolt_max/current_velocity/15T/short/run_0 source_launch=selena_3584841 launch_id=selena_3584841 slurm_job_id=3584841 launched_at=2026-09-28T12:46:30.370458+00:00
TIME run allocation action=skip run=/fslarge/scratch/users/h61084/codes/tsrag_time/outputs/tsrag/predictions/validation/chronos_bolt_max/current_velocity/15T/medium/run_0 source_launch=selena_3584841 launch_id=selena_3584841 slurm_job_id=3584841 launched_at=2026-09-28T12:46:30.376695+00:00
TIME run allocation action=skip run=/fslarge/scratch/users/h61084/codes/tsrag_time/outputs/tsrag/predictions/test/chronos_bolt_max/current_velocity/15T/medium/run_0 source_launch=selena_3584841 launch_id=selena_3584841 slurm_job_id=3584841 launched_at=2026-09-28T12:46:30.382937+00:00
TIME run allocation action=skip run=/fslarge/scratch/users/h61084/codes/tsrag_time/outputs/tsrag/predictions/validation/chronos_bolt_max/current_velocity/15T/long/run_0 source_launch=selena_3584841 launch_id=selena_3584841 slurm_job_id=3584841 launched_at=2026-09-28T12:46:30.389287+00:00
TIME run allocation action=skip run=/fslarge/scratch/users/h61084/codes/tsrag_time/outputs/tsrag/predictions/test/chronos_bolt_max/current_velocity/15T/long/run_0 source_launch=selena_3584841 launch_id=selena_3584841 slurm_job_id=3584841 launched_at=2026-09-28T12:46:30.395471+00:00
TIME run allocation action=skip run=/fslarge/scratch/users/h61084/codes/tsrag_time/outputs/tsrag/predictions/validation/chronos_bolt_max/current_velocity/H/short/run_0 source_launch=selena_3584841 launch_id=selena_3584841 slurm_job_id=3584841 launched_at=2026-09-28T12:46:30.401674+00:00
TIME run allocation action=skip run=/fslarge/scratch/users/h61084/codes/tsrag_time/outputs/tsrag/predictions/test/chronos_bolt_max/current_velocity/H/short/run_0 source_launch=selena_3584841 launch_id=selena_3584841 slurm_job_id=3584841 launched_at=2026-09-28T12:46:30.408065+00:00
TIME run allocation action=skip run=/fslarge/scratch/users/h61084/codes/tsrag_time/outputs/tsrag/predictions/validation/chronos_bolt_max/current_velocity/H/medium/run_0 source_launch=selena_3584841 launch_id=selena_3584841 slurm_job_id=3584841 launched_at=2026-09-28T12:46:30.414301+00:00
TIME run allocation action=skip run=/fslarge/scratch/users/h61084/codes/tsrag_time/outputs/tsrag/predictions/test/chronos_bolt_max/current_velocity/H/medium/run_0 source_launch=selena_3584841 launch_id=selena_3584841 slurm_job_id=3584841 launched_at=2026-09-28T12:46:30.420285+00:00
TIME run allocation action=skip run=/fslarge/scratch/users/h61084/codes/tsrag_time/outputs/tsrag/predictions/validation/chronos_bolt_max/current_velocity/H/long/run_0 source_launch=selena_3584841 launch_id=selena_3584841 slurm_job_id=3584841 launched_at=2026-09-28T12:46:30.426579+00:00
TIME run allocation action=skip run=/fslarge/scratch/users/h61084/codes/tsrag_time/outputs/tsrag/predictions/test/chronos_bolt_max/current_velocity/H/long/run_0 source_launch=selena_3584841 launch_id=selena_3584841 slurm_job_id=3584841 launched_at=2026-09-28T12:46:30.432549+00:00
TIME run allocation action=skip run=/fslarge/scratch/users/h61084/codes/tsrag_time/outputs/tsrag/predictions/validation/chronos_bolt_max/CPHL/15T/short/run_0 source_launch=selena_3584841 launch_id=selena_3584841 slurm_job_id=3584841 launched_at=2026-09-28T12:46:30.468677+00:00
TIME run allocation action=skip run=/fslarge/scratch/users/h61084/codes/tsrag_time/outputs/tsrag/predictions/test/chronos_bolt_max/CPHL/15T/short/run_0 source_launch=selena_3584841 launch_id=selena_3584841 slurm_job_id=3584841 launched_at=2026-09-28T12:46:30.474974+00:00
TIME run allocation action=skip run=/fslarge/scratch/users/h61084/codes/tsrag_time/outputs/tsrag/predictions/validation/chronos_bolt_max/CPHL/15T/medium/run_0 source_launch=selena_3584841 launch_id=selena_3584841 slurm_job_id=3584841 launched_at=2026-09-28T12:46:30.481274+00:00
TIME run allocation action=skip run=/fslarge/scratch/users/h61084/codes/tsrag_time/outputs/tsrag/predictions/test/chronos_bolt_max/CPHL/15T/medium/run_0 source_launch=selena_3584841 launch_id=selena_3584841 slurm_job_id=3584841 launched_at=2026-09-28T12:46:30.487336+00:00
TIME run allocation action=skip run=/fslarge/scratch/users/h61084/codes/tsrag_time/outputs/tsrag/predictions/validation/chronos_bolt_max/CPHL/15T/long/run_0 source_launch=selena_3584841 launch_id=selena_3584841 slurm_job_id=3584841 launched_at=2026-09-28T12:46:30.493502+00:00
TIME run allocation action=skip run=/fslarge/scratch/users/h61084/codes/tsrag_time/outputs/tsrag/predictions/test/chronos_bolt_max/CPHL/15T/long/run_0 source_launch=selena_3584841 launch_id=selena_3584841 slurm_job_id=3584841 launched_at=2026-09-28T12:46:30.499707+00:00
TIME run allocation action=skip run=/fslarge/scratch/users/h61084/codes/tsrag_time/outputs/tsrag/predictions/validation/chronos_bolt_max/CPHL/30T/short/run_0 source_launch=selena_3584841 launch_id=selena_3584841 slurm_job_id=3584841 launched_at=2026-09-28T12:46:30.505894+00:00
TIME run allocation action=skip run=/fslarge/scratch/users/h61084/codes/tsrag_time/outputs/tsrag/predictions/test/chronos_bolt_max/CPHL/30T/short/run_0 source_launch=selena_3584841 launch_id=selena_3584841 slurm_job_id=3584841 launched_at=2026-09-28T12:46:30.512104+00:00
TIME run allocation action=skip run=/fslarge/scratch/users/h61084/codes/tsrag_time/outputs/tsrag/predictions/validation/chronos_bolt_max/CPHL/30T/medium/run_0 source_launch=selena_3584841 launch_id=selena_3584841 slurm_job_id=3584841 launched_at=2026-09-28T12:46:30.518181+00:00
TIME run allocation action=skip run=/fslarge/scratch/users/h61084/codes/tsrag_time/outputs/tsrag/predictions/test/chronos_bolt_max/CPHL/30T/medium/run_0 source_launch=selena_3584841 launch_id=selena_3584841 slurm_job_id=3584841 launched_at=2026-09-28T12:46:30.524181+00:00
TIME run allocation action=skip run=/fslarge/scratch/users/h61084/codes/tsrag_time/outputs/tsrag/predictions/validation/chronos_bolt_max/CPHL/30T/long/run_0 source_launch=selena_3584841 launch_id=selena_3584841 slurm_job_id=3584841 launched_at=2026-09-28T12:46:30.530307+00:00
TIME run allocation action=skip run=/fslarge/scratch/users/h61084/codes/tsrag_time/outputs/tsrag/predictions/test/chronos_bolt_max/CPHL/30T/long/run_0 source_launch=selena_3584841 launch_id=selena_3584841 slurm_job_id=3584841 launched_at=2026-09-28T12:46:30.536647+00:00
TIME run allocation action=skip run=/fslarge/scratch/users/h61084/codes/tsrag_time/outputs/tsrag/predictions/validation/chronos_bolt_max/CPHL/H/short/run_0 source_launch=selena_3584841 launch_id=selena_3584841 slurm_job_id=3584841 launched_at=2026-09-28T12:46:30.542668+00:00
TIME run allocation action=skip run=/fslarge/scratch/users/h61084/codes/tsrag_time/outputs/tsrag/predictions/test/chronos_bolt_max/CPHL/H/short/run_0 source_launch=selena_3584841 launch_id=selena_3584841 slurm_job_id=3584841 launched_at=2026-09-28T12:46:30.548673+00:00
TIME run allocation action=skip run=/fslarge/scratch/users/h61084/codes/tsrag_time/outputs/tsrag/predictions/validation/chronos_bolt_max/CPHL/H/medium/run_0 source_launch=selena_3584841 launch_id=selena_3584841 slurm_job_id=3584841 launched_at=2026-09-28T12:46:30.554483+00:00
TIME run allocation action=skip run=/fslarge/scratch/users/h61084/codes/tsrag_time/outputs/tsrag/predictions/test/chronos_bolt_max/CPHL/H/medium/run_0 source_launch=selena_3584841 launch_id=selena_3584841 slurm_job_id=3584841 launched_at=2026-09-28T12:46:30.560605+00:00
TIME run allocation action=skip run=/fslarge/scratch/users/h61084/codes/tsrag_time/outputs/tsrag/predictions/validation/chronos_bolt_max/CPHL/H/long/run_0 source_launch=selena_3584841 launch_id=selena_3584841 slurm_job_id=3584841 launched_at=2026-09-28T12:46:30.566769+00:00
TIME run allocation action=skip run=/fslarge/scratch/users/h61084/codes/tsrag_time/outputs/tsrag/predictions/test/chronos_bolt_max/CPHL/H/long/run_0 source_launch=selena_3584841 launch_id=selena_3584841 slurm_job_id=3584841 launched_at=2026-09-28T12:46:30.572934+00:00
TIME run allocation action=skip run=/fslarge/scratch/users/h61084/codes/tsrag_time/outputs/tsrag/predictions/validation/chronos_bolt_max/Coastal_T_S/15T/short/run_0 source_launch=selena_3584841 launch_id=selena_3584841 slurm_job_id=3584841 launched_at=2026-09-28T12:46:30.580215+00:00
TIME run allocation action=skip run=/fslarge/scratch/users/h61084/codes/tsrag_time/outputs/tsrag/predictions/test/chronos_bolt_max/Coastal_T_S/15T/short/run_0 source_launch=selena_3584841 launch_id=selena_3584841 slurm_job_id=3584841 launched_at=2026-09-28T12:46:30.586310+00:00
TIME run allocation action=skip run=/fslarge/scratch/users/h61084/codes/tsrag_time/outputs/tsrag/predictions/validation/chronos_bolt_max/Coastal_T_S/15T/medium/run_0 source_launch=selena_3584841 launch_id=selena_3584841 slurm_job_id=3584841 launched_at=2026-09-28T12:46:30.592564+00:00
TIME run allocation action=skip run=/fslarge/scratch/users/h61084/codes/tsrag_time/outputs/tsrag/predictions/test/chronos_bolt_max/Coastal_T_S/15T/medium/run_0 source_launch=selena_3584841 launch_id=selena_3584841 slurm_job_id=3584841 launched_at=2026-09-28T12:46:30.598741+00:00
TIME run allocation action=skip run=/fslarge/scratch/users/h61084/codes/tsrag_time/outputs/tsrag/predictions/validation/chronos_bolt_max/Coastal_T_S/15T/long/run_0 source_launch=selena_3584841 launch_id=selena_3584841 slurm_job_id=3584841 launched_at=2026-09-28T12:46:30.604834+00:00
TIME run allocation action=skip run=/fslarge/scratch/users/h61084/codes/tsrag_time/outputs/tsrag/predictions/test/chronos_bolt_max/Coastal_T_S/15T/long/run_0 source_launch=selena_3584841 launch_id=selena_3584841 slurm_job_id=3584841 launched_at=2026-09-28T12:46:30.610957+00:00
TIME run allocation action=skip run=/fslarge/scratch/users/h61084/codes/tsrag_time/outputs/tsrag/predictions/validation/chronos_bolt_max/Coastal_T_S/20T/short/run_0 source_launch=selena_3584841 launch_id=selena_3584841 slurm_job_id=3584841 launched_at=2026-09-28T12:46:30.617193+00:00
TIME run allocation action=skip run=/fslarge/scratch/users/h61084/codes/tsrag_time/outputs/tsrag/predictions/test/chronos_bolt_max/Coastal_T_S/20T/short/run_0 source_launch=selena_3584841 launch_id=selena_3584841 slurm_job_id=3584841 launched_at=2026-09-28T12:46:30.623470+00:00
TIME run allocation action=skip run=/fslarge/scratch/users/h61084/codes/tsrag_time/outputs/tsrag/predictions/validation/chronos_bolt_max/Coastal_T_S/20T/medium/run_0 source_launch=selena_3584841 launch_id=selena_3584841 slurm_job_id=3584841 launched_at=2026-09-28T12:46:30.629734+00:00
TIME run allocation action=skip run=/fslarge/scratch/users/h61084/codes/tsrag_time/outputs/tsrag/predictions/test/chronos_bolt_max/Coastal_T_S/20T/medium/run_0 source_launch=selena_3584841 launch_id=selena_3584841 slurm_job_id=3584841 launched_at=2026-09-28T12:46:30.635958+00:00
TIME run allocation action=skip run=/fslarge/scratch/users/h61084/codes/tsrag_time/outputs/tsrag/predictions/validation/chronos_bolt_max/Coastal_T_S/20T/long/run_0 source_launch=selena_3584841 launch_id=selena_3584841 slurm_job_id=3584841 launched_at=2026-09-28T12:46:30.642192+00:00
TIME run allocation action=skip run=/fslarge/scratch/users/h61084/codes/tsrag_time/outputs/tsrag/predictions/test/chronos_bolt_max/Coastal_T_S/20T/long/run_0 source_launch=selena_3584841 launch_id=selena_3584841 slurm_job_id=3584841 launched_at=2026-09-28T12:46:30.648257+00:00
TIME run allocation action=skip run=/fslarge/scratch/users/h61084/codes/tsrag_time/outputs/tsrag/predictions/validation/chronos_bolt_max/Coastal_T_S/H/short/run_0 source_launch=selena_3584841 launch_id=selena_3584841 slurm_job_id=3584841 launched_at=2026-09-28T12:46:30.654442+00:00
TIME run allocation action=skip run=/fslarge/scratch/users/h61084/codes/tsrag_time/outputs/tsrag/predictions/test/chronos_bolt_max/Coastal_T_S/H/short/run_0 source_launch=selena_3584841 launch_id=selena_3584841 slurm_job_id=3584841 launched_at=2026-09-28T12:46:30.660533+00:00
TIME run allocation action=skip run=/fslarge/scratch/users/h61084/codes/tsrag_time/outputs/tsrag/predictions/validation/chronos_bolt_max/Coastal_T_S/H/medium/run_0 source_launch=selena_3584841 launch_id=selena_3584841 slurm_job_id=3584841 launched_at=2026-09-28T12:46:30.666751+00:00
TIME run allocation action=skip run=/fslarge/scratch/users/h61084/codes/tsrag_time/outputs/tsrag/predictions/test/chronos_bolt_max/Coastal_T_S/H/medium/run_0 source_launch=selena_3584841 launch_id=selena_3584841 slurm_job_id=3584841 launched_at=2026-09-28T12:46:30.672921+00:00
TIME run allocation action=skip run=/fslarge/scratch/users/h61084/codes/tsrag_time/outputs/tsrag/predictions/validation/chronos_bolt_max/Coastal_T_S/H/long/run_0 source_launch=selena_3584841 launch_id=selena_3584841 slurm_job_id=3584841 launched_at=2026-09-28T12:46:30.679336+00:00
TIME run allocation action=skip run=/fslarge/scratch/users/h61084/codes/tsrag_time/outputs/tsrag/predictions/test/chronos_bolt_max/Coastal_T_S/H/long/run_0 source_launch=selena_3584841 launch_id=selena_3584841 slurm_job_id=3584841 launched_at=2026-09-28T12:46:30.685752+00:00
TIME run allocation action=skip run=/fslarge/scratch/users/h61084/codes/tsrag_time/outputs/tsrag/predictions/validation/chronos_bolt_max/SG_Weather/D/short/run_0 source_launch=selena_3584841 launch_id=selena_3584841 slurm_job_id=3584841 launched_at=2026-09-28T12:46:30.691802+00:00
TIME run allocation action=skip run=/fslarge/scratch/users/h61084/codes/tsrag_time/outputs/tsrag/predictions/test/chronos_bolt_max/SG_Weather/D/short/run_0 source_launch=selena_3584841 launch_id=selena_3584841 slurm_job_id=3584841 launched_at=2026-09-28T12:46:30.697799+00:00
TIME run allocation action=skip run=/fslarge/scratch/users/h61084/codes/tsrag_time/outputs/tsrag/predictions/validation/chronos_bolt_max/SG_Weather/D/medium/run_0 source_launch=selena_3584841 launch_id=selena_3584841 slurm_job_id=3584841 launched_at=2026-09-28T12:46:30.703922+00:00
TIME run allocation action=skip run=/fslarge/scratch/users/h61084/codes/tsrag_time/outputs/tsrag/predictions/test/chronos_bolt_max/SG_Weather/D/medium/run_0 source_launch=selena_3584841 launch_id=selena_3584841 slurm_job_id=3584841 launched_at=2026-09-28T12:46:30.709945+00:00
TIME run allocation action=skip run=/fslarge/scratch/users/h61084/codes/tsrag_time/outputs/tsrag/predictions/validation/chronos_bolt_max/SG_Weather/D/long/run_0 source_launch=selena_3584841 launch_id=selena_3584841 slurm_job_id=3584841 launched_at=2026-09-28T12:46:30.716497+00:00
TIME run allocation action=skip run=/fslarge/scratch/users/h61084/codes/tsrag_time/outputs/tsrag/predictions/test/chronos_bolt_max/SG_Weather/D/long/run_0 source_launch=selena_3584841 launch_id=selena_3584841 slurm_job_id=3584841 launched_at=2026-09-28T12:46:30.722385+00:00
TIME run allocation action=skip run=/fslarge/scratch/users/h61084/codes/tsrag_time/outputs/tsrag/predictions/validation/chronos_bolt_max/SG_PM25/H/short/run_0 source_launch=selena_3584841 launch_id=selena_3584841 slurm_job_id=3584841 launched_at=2026-09-28T12:46:30.728494+00:00
TIME run allocation action=skip run=/fslarge/scratch/users/h61084/codes/tsrag_time/outputs/tsrag/predictions/test/chronos_bolt_max/SG_PM25/H/short/run_0 source_launch=selena_3584841 launch_id=selena_3584841 slurm_job_id=3584841 launched_at=2026-09-28T12:46:30.734909+00:00
TIME run allocation action=skip run=/fslarge/scratch/users/h61084/codes/tsrag_time/outputs/tsrag/predictions/validation/chronos_bolt_max/SG_PM25/H/medium/run_0 source_launch=selena_3584841 launch_id=selena_3584841 slurm_job_id=3584841 launched_at=2026-09-28T12:46:30.741043+00:00
TIME run allocation action=skip run=/fslarge/scratch/users/h61084/codes/tsrag_time/outputs/tsrag/predictions/test/chronos_bolt_max/SG_PM25/H/medium/run_0 source_launch=selena_3584841 launch_id=selena_3584841 slurm_job_id=3584841 launched_at=2026-09-28T12:46:30.747347+00:00
TIME run allocation action=skip run=/fslarge/scratch/users/h61084/codes/tsrag_time/outputs/tsrag/predictions/validation/chronos_bolt_max/SG_PM25/H/long/run_0 source_launch=selena_3584841 launch_id=selena_3584841 slurm_job_id=3584841 launched_at=2026-09-28T12:46:30.753409+00:00
TIME run allocation action=skip run=/fslarge/scratch/users/h61084/codes/tsrag_time/outputs/tsrag/predictions/test/chronos_bolt_max/SG_PM25/H/long/run_0 source_launch=selena_3584841 launch_id=selena_3584841 slurm_job_id=3584841 launched_at=2026-09-28T12:46:30.759484+00:00
TIME run allocation action=skip run=/fslarge/scratch/users/h61084/codes/tsrag_time/outputs/tsrag/predictions/validation/chronos_bolt_max/NE_China_Wind/H/short/run_0 source_launch=selena_3584841 launch_id=selena_3584841 slurm_job_id=3584841 launched_at=2026-09-28T12:46:30.765593+00:00
TIME run allocation action=skip run=/fslarge/scratch/users/h61084/codes/tsrag_time/outputs/tsrag/predictions/test/chronos_bolt_max/NE_China_Wind/H/short/run_0 source_launch=selena_3584841 launch_id=selena_3584841 slurm_job_id=3584841 launched_at=2026-09-28T12:46:30.771708+00:00
TIME run allocation action=skip run=/fslarge/scratch/users/h61084/codes/tsrag_time/outputs/tsrag/predictions/validation/chronos_bolt_max/NE_China_Wind/H/medium/run_0 source_launch=selena_3584841 launch_id=selena_3584841 slurm_job_id=3584841 launched_at=2026-09-28T12:46:30.777984+00:00
TIME run allocation action=skip run=/fslarge/scratch/users/h61084/codes/tsrag_time/outputs/tsrag/predictions/test/chronos_bolt_max/NE_China_Wind/H/medium/run_0 source_launch=selena_3584841 launch_id=selena_3584841 slurm_job_id=3584841 launched_at=2026-09-28T12:46:30.784102+00:00
TIME run allocation action=skip run=/fslarge/scratch/users/h61084/codes/tsrag_time/outputs/tsrag/predictions/validation/chronos_bolt_max/NE_China_Wind/H/long/run_0 source_launch=selena_3584841 launch_id=selena_3584841 slurm_job_id=3584841 launched_at=2026-09-28T12:46:30.790154+00:00
TIME run allocation action=skip run=/fslarge/scratch/users/h61084/codes/tsrag_time/outputs/tsrag/predictions/test/chronos_bolt_max/NE_China_Wind/H/long/run_0 source_launch=selena_3584841 launch_id=selena_3584841 slurm_job_id=3584841 launched_at=2026-09-28T12:46:30.798137+00:00
TIME run allocation action=skip run=/fslarge/scratch/users/h61084/codes/tsrag_time/outputs/tsrag/predictions/validation/chronos_bolt_max/Australia_Solar/H/short/run_0 source_launch=selena_3584841 launch_id=selena_3584841 slurm_job_id=3584841 launched_at=2026-09-28T12:46:30.804355+00:00
TIME run allocation action=skip run=/fslarge/scratch/users/h61084/codes/tsrag_time/outputs/tsrag/predictions/test/chronos_bolt_max/Australia_Solar/H/short/run_0 source_launch=selena_3584841 launch_id=selena_3584841 slurm_job_id=3584841 launched_at=2026-09-28T12:46:30.810639+00:00
TIME run allocation action=skip run=/fslarge/scratch/users/h61084/codes/tsrag_time/outputs/tsrag/predictions/validation/chronos_bolt_max/Australia_Solar/H/medium/run_0 source_launch=selena_3584841 launch_id=selena_3584841 slurm_job_id=3584841 launched_at=2026-09-28T12:46:30.816841+00:00
TIME run allocation action=skip run=/fslarge/scratch/users/h61084/codes/tsrag_time/outputs/tsrag/predictions/test/chronos_bolt_max/Australia_Solar/H/medium/run_0 source_launch=selena_3584841 launch_id=selena_3584841 slurm_job_id=3584841 launched_at=2026-09-28T12:46:30.822978+00:00
TIME run allocation action=skip run=/fslarge/scratch/users/h61084/codes/tsrag_time/outputs/tsrag/predictions/validation/chronos_bolt_max/Australia_Solar/H/long/run_0 source_launch=selena_3584841 launch_id=selena_3584841 slurm_job_id=3584841 launched_at=2026-09-28T12:46:30.830832+00:00
TIME run allocation action=skip run=/fslarge/scratch/users/h61084/codes/tsrag_time/outputs/tsrag/predictions/test/chronos_bolt_max/Australia_Solar/H/long/run_0 source_launch=selena_3584841 launch_id=selena_3584841 slurm_job_id=3584841 launched_at=2026-09-28T12:46:30.837047+00:00
TIME run allocation action=skip run=/fslarge/scratch/users/h61084/codes/tsrag_time/outputs/tsrag/predictions/validation/chronos_bolt_max/epf_electricity_price/H/short/run_0 source_launch=selena_3584841 launch_id=selena_3584841 slurm_job_id=3584841 launched_at=2026-09-28T12:46:30.843309+00:00
TIME run allocation action=skip run=/fslarge/scratch/users/h61084/codes/tsrag_time/outputs/tsrag/predictions/test/chronos_bolt_max/epf_electricity_price/H/short/run_0 source_launch=selena_3584841 launch_id=selena_3584841 slurm_job_id=3584841 launched_at=2026-09-28T12:46:30.849554+00:00
TIME run allocation action=skip run=/fslarge/scratch/users/h61084/codes/tsrag_time/outputs/tsrag/predictions/validation/chronos_bolt_max/epf_electricity_price/H/medium/run_0 source_launch=selena_3584841 launch_id=selena_3584841 slurm_job_id=3584841 launched_at=2026-09-28T12:46:30.855800+00:00
TIME run allocation action=skip run=/fslarge/scratch/users/h61084/codes/tsrag_time/outputs/tsrag/predictions/test/chronos_bolt_max/epf_electricity_price/H/medium/run_0 source_launch=selena_3584841 launch_id=selena_3584841 slurm_job_id=3584841 launched_at=2026-09-28T12:46:30.862102+00:00
TIME run allocation action=skip run=/fslarge/scratch/users/h61084/codes/tsrag_time/outputs/tsrag/predictions/validation/chronos_bolt_max/epf_electricity_price/H/long/run_0 source_launch=selena_3584841 launch_id=selena_3584841 slurm_job_id=3584841 launched_at=2026-09-28T12:46:30.868415+00:00
TIME run allocation action=skip run=/fslarge/scratch/users/h61084/codes/tsrag_time/outputs/tsrag/predictions/test/chronos_bolt_max/epf_electricity_price/H/long/run_0 source_launch=selena_3584841 launch_id=selena_3584841 slurm_job_id=3584841 launched_at=2026-09-28T12:46:30.874677+00:00
TIME run allocation action=skip run=/fslarge/scratch/users/h61084/codes/tsrag_time/outputs/tsrag/predictions/validation/chronos_bolt_max/OpenElectricity_NEM/5T/short/run_0 source_launch=selena_3584841 launch_id=selena_3584841 slurm_job_id=3584841 launched_at=2026-09-28T12:46:30.880933+00:00
TIME run allocation action=skip run=/fslarge/scratch/users/h61084/codes/tsrag_time/outputs/tsrag/predictions/test/chronos_bolt_max/OpenElectricity_NEM/5T/short/run_0 source_launch=selena_3584841 launch_id=selena_3584841 slurm_job_id=3584841 launched_at=2026-09-28T12:46:30.886983+00:00
TIME run allocation action=skip run=/fslarge/scratch/users/h61084/codes/tsrag_time/outputs/tsrag/predictions/validation/chronos_bolt_max/OpenElectricity_NEM/5T/medium/run_0 source_launch=selena_3584841 launch_id=selena_3584841 slurm_job_id=3584841 launched_at=2026-09-28T12:46:30.893277+00:00
TIME run allocation action=skip run=/fslarge/scratch/users/h61084/codes/tsrag_time/outputs/tsrag/predictions/test/chronos_bolt_max/OpenElectricity_NEM/5T/medium/run_0 source_launch=selena_3584841 launch_id=selena_3584841 slurm_job_id=3584841 launched_at=2026-09-28T12:46:30.899701+00:00
TIME run allocation action=skip run=/fslarge/scratch/users/h61084/codes/tsrag_time/outputs/tsrag/predictions/validation/chronos_bolt_max/OpenElectricity_NEM/5T/long/run_0 source_launch=selena_3584841 launch_id=selena_3584841 slurm_job_id=3584841 launched_at=2026-09-28T12:46:30.905846+00:00
TIME run allocation action=skip run=/fslarge/scratch/users/h61084/codes/tsrag_time/outputs/tsrag/predictions/test/chronos_bolt_max/OpenElectricity_NEM/5T/long/run_0 source_launch=selena_3584841 launch_id=selena_3584841 slurm_job_id=3584841 launched_at=2026-09-28T12:46:30.912159+00:00
TIME run allocation action=skip run=/fslarge/scratch/users/h61084/codes/tsrag_time/outputs/tsrag/predictions/validation/chronos_bolt_max/EWELD_Load/15T/short/run_0 source_launch=selena_3584841 launch_id=selena_3584841 slurm_job_id=3584841 launched_at=2026-09-28T12:46:30.918591+00:00
TIME run allocation action=skip run=/fslarge/scratch/users/h61084/codes/tsrag_time/outputs/tsrag/predictions/test/chronos_bolt_max/EWELD_Load/15T/short/run_0 source_launch=selena_3584841 launch_id=selena_3584841 slurm_job_id=3584841 launched_at=2026-09-28T12:46:30.924685+00:00
TIME run allocation action=skip run=/fslarge/scratch/users/h61084/codes/tsrag_time/outputs/tsrag/predictions/validation/chronos_bolt_max/EWELD_Load/15T/medium/run_0 source_launch=selena_3584841 launch_id=selena_3584841 slurm_job_id=3584841 launched_at=2026-09-28T12:46:30.930866+00:00
TIME run allocation action=skip run=/fslarge/scratch/users/h61084/codes/tsrag_time/outputs/tsrag/predictions/test/chronos_bolt_max/EWELD_Load/15T/medium/run_0 source_launch=selena_3584841 launch_id=selena_3584841 slurm_job_id=3584841 launched_at=2026-09-28T12:46:30.937294+00:00
TIME run allocation action=skip run=/fslarge/scratch/users/h61084/codes/tsrag_time/outputs/tsrag/predictions/validation/chronos_bolt_max/EWELD_Load/15T/long/run_0 source_launch=selena_3584841 launch_id=selena_3584841 slurm_job_id=3584841 launched_at=2026-09-28T12:46:30.943455+00:00
TIME run allocation action=skip run=/fslarge/scratch/users/h61084/codes/tsrag_time/outputs/tsrag/predictions/test/chronos_bolt_max/EWELD_Load/15T/long/run_0 source_launch=selena_3584841 launch_id=selena_3584841 slurm_job_id=3584841 launched_at=2026-09-28T12:46:30.949691+00:00
TIME run allocation action=skip run=/fslarge/scratch/users/h61084/codes/tsrag_time/outputs/tsrag/predictions/validation/chronos_bolt_max/SG_Carpark/15T/short/run_0 source_launch=selena_3584841 launch_id=selena_3584841 slurm_job_id=3584841 launched_at=2026-09-28T12:46:30.955802+00:00
TIME run allocation action=skip run=/fslarge/scratch/users/h61084/codes/tsrag_time/outputs/tsrag/predictions/test/chronos_bolt_max/SG_Carpark/15T/short/run_0 source_launch=selena_3584841 launch_id=selena_3584841 slurm_job_id=3584841 launched_at=2026-09-28T12:46:30.962042+00:00
TIME run allocation action=skip run=/fslarge/scratch/users/h61084/codes/tsrag_time/outputs/tsrag/predictions/validation/chronos_bolt_max/SG_Carpark/15T/medium/run_0 source_launch=selena_3584841 launch_id=selena_3584841 slurm_job_id=3584841 launched_at=2026-09-28T12:46:30.968177+00:00
TIME run allocation action=skip run=/fslarge/scratch/users/h61084/codes/tsrag_time/outputs/tsrag/predictions/test/chronos_bolt_max/SG_Carpark/15T/medium/run_0 source_launch=selena_3584841 launch_id=selena_3584841 slurm_job_id=3584841 launched_at=2026-09-28T12:46:30.974679+00:00
TIME run allocation action=skip run=/fslarge/scratch/users/h61084/codes/tsrag_time/outputs/tsrag/predictions/validation/chronos_bolt_max/SG_Carpark/15T/long/run_0 source_launch=selena_3584841 launch_id=selena_3584841 slurm_job_id=3584841 launched_at=2026-09-28T12:46:30.980730+00:00
TIME run allocation action=skip run=/fslarge/scratch/users/h61084/codes/tsrag_time/outputs/tsrag/predictions/test/chronos_bolt_max/SG_Carpark/15T/long/run_0 source_launch=selena_3584841 launch_id=selena_3584841 slurm_job_id=3584841 launched_at=2026-09-28T12:46:30.986969+00:00
TIME run allocation action=skip run=/fslarge/scratch/users/h61084/codes/tsrag_time/outputs/tsrag/predictions/validation/chronos_bolt_max/Finland_Traffic/15T/short/run_0 source_launch=selena_3584841 launch_id=selena_3584841 slurm_job_id=3584841 launched_at=2026-09-28T12:46:30.993184+00:00
TIME run allocation action=skip run=/fslarge/scratch/users/h61084/codes/tsrag_time/outputs/tsrag/predictions/test/chronos_bolt_max/Finland_Traffic/15T/short/run_0 source_launch=selena_3584841 launch_id=selena_3584841 slurm_job_id=3584841 launched_at=2026-09-28T12:46:30.999417+00:00
TIME run allocation action=skip run=/fslarge/scratch/users/h61084/codes/tsrag_time/outputs/tsrag/predictions/validation/chronos_bolt_max/Finland_Traffic/15T/medium/run_0 source_launch=selena_3584841 launch_id=selena_3584841 slurm_job_id=3584841 launched_at=2026-09-28T12:46:31.005550+00:00
TIME run allocation action=skip run=/fslarge/scratch/users/h61084/codes/tsrag_time/outputs/tsrag/predictions/test/chronos_bolt_max/Finland_Traffic/15T/medium/run_0 source_launch=selena_3584841 launch_id=selena_3584841 slurm_job_id=3584841 launched_at=2026-09-28T12:46:31.011746+00:00
TIME run allocation action=skip run=/fslarge/scratch/users/h61084/codes/tsrag_time/outputs/tsrag/predictions/validation/chronos_bolt_max/Finland_Traffic/15T/long/run_0 source_launch=selena_3584841 launch_id=selena_3584841 slurm_job_id=3584841 launched_at=2026-09-28T12:46:31.018060+00:00
TIME run allocation action=skip run=/fslarge/scratch/users/h61084/codes/tsrag_time/outputs/tsrag/predictions/test/chronos_bolt_max/Finland_Traffic/15T/long/run_0 source_launch=selena_3584841 launch_id=selena_3584841 slurm_job_id=3584841 launched_at=2026-09-28T12:46:31.024166+00:00
TIME run allocation action=skip run=/fslarge/scratch/users/h61084/codes/tsrag_time/outputs/tsrag/predictions/validation/chronos_bolt_max/Port_Activity/D/short/run_0 source_launch=selena_3584841 launch_id=selena_3584841 slurm_job_id=3584841 launched_at=2026-09-28T12:46:31.030009+00:00
TIME run allocation action=skip run=/fslarge/scratch/users/h61084/codes/tsrag_time/outputs/tsrag/predictions/test/chronos_bolt_max/Port_Activity/D/short/run_0 source_launch=selena_3584841 launch_id=selena_3584841 slurm_job_id=3584841 launched_at=2026-09-28T12:46:31.035876+00:00
TIME run allocation action=skip run=/fslarge/scratch/users/h61084/codes/tsrag_time/outputs/tsrag/predictions/validation/chronos_bolt_max/Port_Activity/W/short/run_0 source_launch=selena_3584841 launch_id=selena_3584841 slurm_job_id=3584841 launched_at=2026-09-28T12:46:31.041927+00:00
TIME run allocation action=skip run=/fslarge/scratch/users/h61084/codes/tsrag_time/outputs/tsrag/predictions/test/chronos_bolt_max/Port_Activity/W/short/run_0 source_launch=selena_3584841 launch_id=selena_3584841 slurm_job_id=3584841 launched_at=2026-09-28T12:46:31.048094+00:00
TIME run allocation action=skip run=/fslarge/scratch/users/h61084/codes/tsrag_time/outputs/tsrag/predictions/validation/chronos_bolt_max/ECDC_COVID/D/short/run_0 source_launch=selena_3584841 launch_id=selena_3584841 slurm_job_id=3584841 launched_at=2026-09-28T12:46:31.054214+00:00
TIME run allocation action=skip run=/fslarge/scratch/users/h61084/codes/tsrag_time/outputs/tsrag/predictions/test/chronos_bolt_max/ECDC_COVID/D/short/run_0 source_launch=selena_3584841 launch_id=selena_3584841 slurm_job_id=3584841 launched_at=2026-09-28T12:46:31.060358+00:00
TIME run allocation action=skip run=/fslarge/scratch/users/h61084/codes/tsrag_time/outputs/tsrag/predictions/validation/chronos_bolt_max/ECDC_COVID/W/short/run_0 source_launch=selena_3584841 launch_id=selena_3584841 slurm_job_id=3584841 launched_at=2026-09-28T12:46:31.066496+00:00
TIME run allocation action=skip run=/fslarge/scratch/users/h61084/codes/tsrag_time/outputs/tsrag/predictions/test/chronos_bolt_max/ECDC_COVID/W/short/run_0 source_launch=selena_3584841 launch_id=selena_3584841 slurm_job_id=3584841 launched_at=2026-09-28T12:46:31.072463+00:00
TIME run allocation action=skip run=/fslarge/scratch/users/h61084/codes/tsrag_time/outputs/tsrag/predictions/validation/chronos_bolt_max/Global_Influenza/W/short/run_0 source_launch=selena_3584841 launch_id=selena_3584841 slurm_job_id=3584841 launched_at=2026-09-28T12:46:31.078816+00:00
TIME run allocation action=skip run=/fslarge/scratch/users/h61084/codes/tsrag_time/outputs/tsrag/predictions/test/chronos_bolt_max/Global_Influenza/W/short/run_0 source_launch=selena_3584841 launch_id=selena_3584841 slurm_job_id=3584841 launched_at=2026-09-28T12:46:31.085093+00:00
TIME run allocation action=skip run=/fslarge/scratch/users/h61084/codes/tsrag_time/outputs/tsrag/predictions/validation/chronos_bolt_max/Crypto/D/short/run_0 source_launch=selena_3584841 launch_id=selena_3584841 slurm_job_id=3584841 launched_at=2026-09-28T12:46:31.091426+00:00
TIME run allocation action=skip run=/fslarge/scratch/users/h61084/codes/tsrag_time/outputs/tsrag/predictions/test/chronos_bolt_max/Crypto/D/short/run_0 source_launch=selena_3584841 launch_id=selena_3584841 slurm_job_id=3584841 launched_at=2026-09-28T12:46:31.097563+00:00
TIME run allocation action=skip run=/fslarge/scratch/users/h61084/codes/tsrag_time/outputs/tsrag/predictions/validation/chronos_bolt_max/US_Term_Structure/B/short/run_0 source_launch=selena_3584841 launch_id=selena_3584841 slurm_job_id=3584841 launched_at=2026-09-28T12:46:31.103982+00:00
TIME run allocation action=skip run=/fslarge/scratch/users/h61084/codes/tsrag_time/outputs/tsrag/predictions/test/chronos_bolt_max/US_Term_Structure/B/short/run_0 source_launch=selena_3584841 launch_id=selena_3584841 slurm_job_id=3584841 launched_at=2026-09-28T12:46:31.110081+00:00
TIME run allocation action=skip run=/fslarge/scratch/users/h61084/codes/tsrag_time/outputs/tsrag/predictions/validation/chronos_bolt_max/Oil_Price/B/short/run_0 source_launch=selena_3584841 launch_id=selena_3584841 slurm_job_id=3584841 launched_at=2026-09-28T12:46:31.116283+00:00
TIME run allocation action=skip run=/fslarge/scratch/users/h61084/codes/tsrag_time/outputs/tsrag/predictions/test/chronos_bolt_max/Oil_Price/B/short/run_0 source_launch=selena_3584841 launch_id=selena_3584841 slurm_job_id=3584841 launched_at=2026-09-28T12:46:31.122310+00:00
TIME run allocation action=skip run=/fslarge/scratch/users/h61084/codes/tsrag_time/outputs/tsrag/predictions/validation/chronos_bolt_max/Job_Claims/W/short/run_0 source_launch=selena_3584841 launch_id=selena_3584841 slurm_job_id=3584841 launched_at=2026-09-28T12:46:31.128444+00:00
TIME run allocation action=skip run=/fslarge/scratch/users/h61084/codes/tsrag_time/outputs/tsrag/predictions/test/chronos_bolt_max/Job_Claims/W/short/run_0 source_launch=selena_3584841 launch_id=selena_3584841 slurm_job_id=3584841 launched_at=2026-09-28T12:46:31.134506+00:00
TIME run allocation action=skip run=/fslarge/scratch/users/h61084/codes/tsrag_time/outputs/tsrag/predictions/validation/chronos_bolt_max/Uncertainty_1M/M/short/run_0 source_launch=selena_3584841 launch_id=selena_3584841 slurm_job_id=3584841 launched_at=2026-09-28T12:46:31.140616+00:00
TIME run allocation action=skip run=/fslarge/scratch/users/h61084/codes/tsrag_time/outputs/tsrag/predictions/test/chronos_bolt_max/Uncertainty_1M/M/short/run_0 source_launch=selena_3584841 launch_id=selena_3584841 slurm_job_id=3584841 launched_at=2026-09-28T12:46:31.146925+00:00
TIME run allocation action=skip run=/fslarge/scratch/users/h61084/codes/tsrag_time/outputs/tsrag/predictions/validation/chronos_bolt_max/Housing_Inventory/M/short/run_0 source_launch=selena_3584841 launch_id=selena_3584841 slurm_job_id=3584841 launched_at=2026-09-28T12:46:31.153152+00:00
TIME run allocation action=skip run=/fslarge/scratch/users/h61084/codes/tsrag_time/outputs/tsrag/predictions/test/chronos_bolt_max/Housing_Inventory/M/short/run_0 source_launch=selena_3584841 launch_id=selena_3584841 slurm_job_id=3584841 launched_at=2026-09-28T12:46:31.159167+00:00
TIME run allocation action=skip run=/fslarge/scratch/users/h61084/codes/tsrag_time/outputs/tsrag/predictions/validation/chronos_bolt_max/JOLTS/M/short/run_0 source_launch=selena_3584841 launch_id=selena_3584841 slurm_job_id=3584841 launched_at=2026-09-28T12:46:31.165313+00:00
TIME run allocation action=skip run=/fslarge/scratch/users/h61084/codes/tsrag_time/outputs/tsrag/predictions/test/chronos_bolt_max/JOLTS/M/short/run_0 source_launch=selena_3584841 launch_id=selena_3584841 slurm_job_id=3584841 launched_at=2026-09-28T12:46:31.171868+00:00
TIME run allocation action=skip run=/fslarge/scratch/users/h61084/codes/tsrag_time/outputs/tsrag/predictions/validation/chronos_bolt_max/US_Labor/M/short/run_0 source_launch=selena_3584841 launch_id=selena_3584841 slurm_job_id=3584841 launched_at=2026-09-28T12:46:31.178033+00:00
TIME run allocation action=skip run=/fslarge/scratch/users/h61084/codes/tsrag_time/outputs/tsrag/predictions/test/chronos_bolt_max/US_Labor/M/short/run_0 source_launch=selena_3584841 launch_id=selena_3584841 slurm_job_id=3584841 launched_at=2026-09-28T12:46:31.184245+00:00
TIME run allocation action=skip run=/fslarge/scratch/users/h61084/codes/tsrag_time/outputs/tsrag/predictions/validation/chronos_bolt_max/Vehicle_Supply/M/short/run_0 source_launch=selena_3584841 launch_id=selena_3584841 slurm_job_id=3584841 launched_at=2026-09-28T12:46:31.190332+00:00
TIME run allocation action=skip run=/fslarge/scratch/users/h61084/codes/tsrag_time/outputs/tsrag/predictions/test/chronos_bolt_max/Vehicle_Supply/M/short/run_0 source_launch=selena_3584841 launch_id=selena_3584841 slurm_job_id=3584841 launched_at=2026-09-28T12:46:31.196366+00:00
TIME run allocation action=skip run=/fslarge/scratch/users/h61084/codes/tsrag_time/outputs/tsrag/predictions/validation/chronos_bolt_max/Auto_Production_SF/M/short/run_0 source_launch=selena_3584841 launch_id=selena_3584841 slurm_job_id=3584841 launched_at=2026-09-28T12:46:31.202664+00:00
TIME run allocation action=skip run=/fslarge/scratch/users/h61084/codes/tsrag_time/outputs/tsrag/predictions/test/chronos_bolt_max/Auto_Production_SF/M/short/run_0 source_launch=selena_3584841 launch_id=selena_3584841 slurm_job_id=3584841 launched_at=2026-09-28T12:46:31.209024+00:00
TIME run allocation action=skip run=/fslarge/scratch/users/h61084/codes/tsrag_time/outputs/tsrag/predictions/validation/chronos_bolt_max/Commodity_Production/M/short/run_0 source_launch=selena_3584841 launch_id=selena_3584841 slurm_job_id=3584841 launched_at=2026-09-28T12:46:31.215172+00:00
TIME run allocation action=skip run=/fslarge/scratch/users/h61084/codes/tsrag_time/outputs/tsrag/predictions/test/chronos_bolt_max/Commodity_Production/M/short/run_0 source_launch=selena_3584841 launch_id=selena_3584841 slurm_job_id=3584841 launched_at=2026-09-28T12:46:31.221325+00:00
TIME run allocation action=skip run=/fslarge/scratch/users/h61084/codes/tsrag_time/outputs/tsrag/predictions/validation/chronos_bolt_max/Commodity_Import/M/short/run_0 source_launch=selena_3584841 launch_id=selena_3584841 slurm_job_id=3584841 launched_at=2026-09-28T12:46:31.227606+00:00
TIME run allocation action=skip run=/fslarge/scratch/users/h61084/codes/tsrag_time/outputs/tsrag/predictions/test/chronos_bolt_max/Commodity_Import/M/short/run_0 source_launch=selena_3584841 launch_id=selena_3584841 slurm_job_id=3584841 launched_at=2026-09-28T12:46:31.233957+00:00
TIME run allocation action=skip run=/fslarge/scratch/users/h61084/codes/tsrag_time/outputs/tsrag/predictions/validation/chronos_bolt_max/WUI_Global/Q/short/run_0 source_launch=selena_3584841 launch_id=selena_3584841 slurm_job_id=3584841 launched_at=2026-09-28T12:46:31.240077+00:00
TIME run allocation action=skip run=/fslarge/scratch/users/h61084/codes/tsrag_time/outputs/tsrag/predictions/test/chronos_bolt_max/WUI_Global/Q/short/run_0 source_launch=selena_3584841 launch_id=selena_3584841 slurm_job_id=3584841 launched_at=2026-09-28T12:46:31.246616+00:00
TIME run allocation action=skip run=/fslarge/scratch/users/h61084/codes/tsrag_time/outputs/tsrag/predictions/validation/chronos_bolt_max/Global_Price/Q/short/run_0 source_launch=selena_3584841 launch_id=selena_3584841 slurm_job_id=3584841 launched_at=2026-09-28T12:46:31.252671+00:00
TIME run allocation action=skip run=/fslarge/scratch/users/h61084/codes/tsrag_time/outputs/tsrag/predictions/test/chronos_bolt_max/Global_Price/Q/short/run_0 source_launch=selena_3584841 launch_id=selena_3584841 slurm_job_id=3584841 launched_at=2026-09-28T12:46:31.258892+00:00
TIME run allocation action=skip run=/fslarge/scratch/users/h61084/codes/tsrag_time/outputs/tsrag/predictions/validation/chronos_bolt_max/Vehicle_Sales/M/short/run_0 source_launch=selena_3584841 launch_id=selena_3584841 slurm_job_id=3584841 launched_at=2026-09-28T12:46:31.265101+00:00
TIME run allocation action=skip run=/fslarge/scratch/users/h61084/codes/tsrag_time/outputs/tsrag/predictions/test/chronos_bolt_max/Vehicle_Sales/M/short/run_0 source_launch=selena_3584841 launch_id=selena_3584841 slurm_job_id=3584841 launched_at=2026-09-28T12:46:31.271248+00:00
TIME run allocation action=skip run=/fslarge/scratch/users/h61084/codes/tsrag_time/outputs/tsrag/predictions/validation/chronos_bolt_max/Online_Retail_2_UCI/D/short/run_0 source_launch=selena_3584841 launch_id=selena_3584841 slurm_job_id=3584841 launched_at=2026-09-28T12:46:31.277433+00:00
TIME run allocation action=skip run=/fslarge/scratch/users/h61084/codes/tsrag_time/outputs/tsrag/predictions/test/chronos_bolt_max/Online_Retail_2_UCI/D/short/run_0 source_launch=selena_3584841 launch_id=selena_3584841 slurm_job_id=3584841 launched_at=2026-09-28T12:46:31.283509+00:00
TIME run allocation action=skip run=/fslarge/scratch/users/h61084/codes/tsrag_time/outputs/tsrag/predictions/validation/chronos_bolt_max/Supply_Chain_Customer/D/short/run_0 source_launch=selena_3584841 launch_id=selena_3584841 slurm_job_id=3584841 launched_at=2026-09-28T12:46:31.289515+00:00
TIME run allocation action=skip run=/fslarge/scratch/users/h61084/codes/tsrag_time/outputs/tsrag/predictions/test/chronos_bolt_max/Supply_Chain_Customer/D/short/run_0 source_launch=selena_3584841 launch_id=selena_3584841 slurm_job_id=3584841 launched_at=2026-09-28T12:46:31.295689+00:00
TIME run allocation action=skip run=/fslarge/scratch/users/h61084/codes/tsrag_time/outputs/tsrag/predictions/validation/chronos_bolt_max/Supply_Chain_Location/D/short/run_0 source_launch=selena_3584841 launch_id=selena_3584841 slurm_job_id=3584841 launched_at=2026-09-28T12:46:31.301759+00:00
TIME run allocation action=skip run=/fslarge/scratch/users/h61084/codes/tsrag_time/outputs/tsrag/predictions/test/chronos_bolt_max/Supply_Chain_Location/D/short/run_0 source_launch=selena_3584841 launch_id=selena_3584841 slurm_job_id=3584841 launched_at=2026-09-28T12:46:31.307912+00:00
TIME run allocation action=skip run=/fslarge/scratch/users/h61084/codes/tsrag_time/outputs/tsrag/predictions/validation/chronos_bolt_max/azure2019_U/5T/short/run_0 source_launch=selena_3584841 launch_id=selena_3584841 slurm_job_id=3584841 launched_at=2026-09-28T12:46:31.313971+00:00
TIME run allocation action=skip run=/fslarge/scratch/users/h61084/codes/tsrag_time/outputs/tsrag/predictions/test/chronos_bolt_max/azure2019_U/5T/short/run_0 source_launch=selena_3584841 launch_id=selena_3584841 slurm_job_id=3584841 launched_at=2026-09-28T12:46:31.320020+00:00
TIME run allocation action=skip run=/fslarge/scratch/users/h61084/codes/tsrag_time/outputs/tsrag/predictions/validation/chronos_bolt_max/Smart_Manufacturing/H/short/run_0 source_launch=selena_3584841 launch_id=selena_3584841 slurm_job_id=3584841 launched_at=2026-09-28T12:46:31.326322+00:00
TIME run allocation action=skip run=/fslarge/scratch/users/h61084/codes/tsrag_time/outputs/tsrag/predictions/test/chronos_bolt_max/Smart_Manufacturing/H/short/run_0 source_launch=selena_3584841 launch_id=selena_3584841 slurm_job_id=3584841 launched_at=2026-09-28T12:46:31.332619+00:00
TIME run allocation action=skip run=/fslarge/scratch/users/h61084/codes/tsrag_time/outputs/tsrag/predictions/validation/chronos_bolt_max/Smart_Manufacturing/H/medium/run_0 source_launch=selena_3584841 launch_id=selena_3584841 slurm_job_id=3584841 launched_at=2026-09-28T12:46:31.338957+00:00
TIME run allocation action=skip run=/fslarge/scratch/users/h61084/codes/tsrag_time/outputs/tsrag/predictions/test/chronos_bolt_max/Smart_Manufacturing/H/medium/run_0 source_launch=selena_3584841 launch_id=selena_3584841 slurm_job_id=3584841 launched_at=2026-09-28T12:46:31.345213+00:00
TIME run allocation action=skip run=/fslarge/scratch/users/h61084/codes/tsrag_time/outputs/tsrag/predictions/validation/chronos_bolt_max/Smart_Manufacturing/H/long/run_0 source_launch=selena_3584841 launch_id=selena_3584841 slurm_job_id=3584841 launched_at=2026-09-28T12:46:31.351445+00:00
TIME run allocation action=skip run=/fslarge/scratch/users/h61084/codes/tsrag_time/outputs/tsrag/predictions/test/chronos_bolt_max/Smart_Manufacturing/H/long/run_0 source_launch=selena_3584841 launch_id=selena_3584841 slurm_job_id=3584841 launched_at=2026-09-28T12:46:31.357541+00:00
TIME run allocation action=skip run=/fslarge/scratch/users/h61084/codes/tsrag_time/outputs/tsrag/predictions/validation/chronos_bolt_max/MetroPT-3/5T/short/run_0 source_launch=selena_3584841 launch_id=selena_3584841 slurm_job_id=3584841 launched_at=2026-09-28T12:46:31.363822+00:00
TIME run allocation action=skip run=/fslarge/scratch/users/h61084/codes/tsrag_time/outputs/tsrag/predictions/test/chronos_bolt_max/MetroPT-3/5T/short/run_0 source_launch=selena_3584841 launch_id=selena_3584841 slurm_job_id=3584841 launched_at=2026-09-28T12:46:31.370030+00:00
TIME run allocation action=skip run=/fslarge/scratch/users/h61084/codes/tsrag_time/outputs/tsrag/predictions/validation/chronos_bolt_max/MetroPT-3/5T/medium/run_0 source_launch=selena_3584841 launch_id=selena_3584841 slurm_job_id=3584841 launched_at=2026-09-28T12:46:31.376206+00:00
TIME run allocation action=skip run=/fslarge/scratch/users/h61084/codes/tsrag_time/outputs/tsrag/predictions/test/chronos_bolt_max/MetroPT-3/5T/medium/run_0 source_launch=selena_3584841 launch_id=selena_3584841 slurm_job_id=3584841 launched_at=2026-09-28T12:46:31.382523+00:00
TIME run allocation action=skip run=/fslarge/scratch/users/h61084/codes/tsrag_time/outputs/tsrag/predictions/validation/chronos_bolt_max/MetroPT-3/5T/long/run_0 source_launch=selena_3584841 launch_id=selena_3584841 slurm_job_id=3584841 launched_at=2026-09-28T12:46:31.388665+00:00
TIME run allocation action=skip run=/fslarge/scratch/users/h61084/codes/tsrag_time/outputs/tsrag/predictions/test/chronos_bolt_max/MetroPT-3/5T/long/run_0 source_launch=selena_3584841 launch_id=selena_3584841 slurm_job_id=3584841 launched_at=2026-09-28T12:46:31.394683+00:00
TIME run allocation action=skip run=/fslarge/scratch/users/h61084/codes/tsrag_time/outputs/tsrag/predictions/validation/chronos_t5_512/Water_Quality_Darwin/15T/short/run_0 source_launch=selena_3584841 launch_id=selena_3584841 slurm_job_id=3584841 launched_at=2026-09-28T12:46:31.400859+00:00
TIME run allocation action=skip run=/fslarge/scratch/users/h61084/codes/tsrag_time/outputs/tsrag/predictions/test/chronos_t5_512/Water_Quality_Darwin/15T/short/run_0 source_launch=selena_3584841 launch_id=selena_3584841 slurm_job_id=3584841 launched_at=2026-09-28T12:46:31.406955+00:00
TIME run allocation action=skip run=/fslarge/scratch/users/h61084/codes/tsrag_time/outputs/tsrag/predictions/validation/chronos_t5_512/Water_Quality_Darwin/15T/medium/run_0 source_launch=selena_3584841 launch_id=selena_3584841 slurm_job_id=3584841 launched_at=2026-09-28T12:46:31.413151+00:00
TIME run allocation action=skip run=/fslarge/scratch/users/h61084/codes/tsrag_time/outputs/tsrag/predictions/test/chronos_t5_512/Water_Quality_Darwin/15T/medium/run_0 source_launch=selena_3584841 launch_id=selena_3584841 slurm_job_id=3584841 launched_at=2026-09-28T12:46:31.419041+00:00
TIME run allocation action=skip run=/fslarge/scratch/users/h61084/codes/tsrag_time/outputs/tsrag/predictions/validation/chronos_t5_512/Water_Quality_Darwin/15T/long/run_0 source_launch=selena_3584841 launch_id=selena_3584841 slurm_job_id=3584841 launched_at=2026-09-28T12:46:31.425181+00:00
TIME run allocation action=skip run=/fslarge/scratch/users/h61084/codes/tsrag_time/outputs/tsrag/predictions/test/chronos_t5_512/Water_Quality_Darwin/15T/long/run_0 source_launch=selena_3584841 launch_id=selena_3584841 slurm_job_id=3584841 launched_at=2026-09-28T12:46:31.431337+00:00
TIME run allocation action=skip run=/fslarge/scratch/users/h61084/codes/tsrag_time/outputs/tsrag/predictions/validation/chronos_t5_512/current_velocity/5T/short/run_0 source_launch=selena_3584841 launch_id=selena_3584841 slurm_job_id=3584841 launched_at=2026-09-28T12:46:31.437530+00:00
TIME run allocation action=skip run=/fslarge/scratch/users/h61084/codes/tsrag_time/outputs/tsrag/predictions/test/chronos_t5_512/current_velocity/5T/short/run_0 source_launch=selena_3584841 launch_id=selena_3584841 slurm_job_id=3584841 launched_at=2026-09-28T12:46:31.443960+00:00
TIME run allocation action=skip run=/fslarge/scratch/users/h61084/codes/tsrag_time/outputs/tsrag/predictions/validation/chronos_t5_512/current_velocity/5T/medium/run_0 source_launch=selena_3584841 launch_id=selena_3584841 slurm_job_id=3584841 launched_at=2026-09-28T12:46:31.450016+00:00
TIME run allocation action=skip run=/fslarge/scratch/users/h61084/codes/tsrag_time/outputs/tsrag/predictions/test/chronos_t5_512/current_velocity/5T/medium/run_0 source_launch=selena_3584841 launch_id=selena_3584841 slurm_job_id=3584841 launched_at=2026-09-28T12:46:31.456309+00:00
TIME run allocation action=skip run=/fslarge/scratch/users/h61084/codes/tsrag_time/outputs/tsrag/predictions/validation/chronos_t5_512/current_velocity/5T/long/run_0 source_launch=selena_3584841 launch_id=selena_3584841 slurm_job_id=3584841 launched_at=2026-09-28T12:46:31.462496+00:00
TIME run allocation action=skip run=/fslarge/scratch/users/h61084/codes/tsrag_time/outputs/tsrag/predictions/test/chronos_t5_512/current_velocity/5T/long/run_0 source_launch=selena_3584841 launch_id=selena_3584841 slurm_job_id=3584841 launched_at=2026-09-28T12:46:31.468587+00:00
TIME run allocation action=skip run=/fslarge/scratch/users/h61084/codes/tsrag_time/outputs/tsrag/predictions/validation/chronos_t5_512/current_velocity/10T/short/run_0 source_launch=selena_3584841 launch_id=selena_3584841 slurm_job_id=3584841 launched_at=2026-09-28T12:46:31.474797+00:00
TIME run allocation action=skip run=/fslarge/scratch/users/h61084/codes/tsrag_time/outputs/tsrag/predictions/test/chronos_t5_512/current_velocity/10T/short/run_0 source_launch=selena_3584841 launch_id=selena_3584841 slurm_job_id=3584841 launched_at=2026-09-28T12:46:31.481096+00:00
TIME run allocation action=skip run=/fslarge/scratch/users/h61084/codes/tsrag_time/outputs/tsrag/predictions/validation/chronos_t5_512/current_velocity/10T/medium/run_0 source_launch=selena_3584841 launch_id=selena_3584841 slurm_job_id=3584841 launched_at=2026-09-28T12:46:31.487302+00:00
TIME run allocation action=skip run=/fslarge/scratch/users/h61084/codes/tsrag_time/outputs/tsrag/predictions/test/chronos_t5_512/current_velocity/10T/medium/run_0 source_launch=selena_3584841 launch_id=selena_3584841 slurm_job_id=3584841 launched_at=2026-09-28T12:46:31.493384+00:00
TIME run allocation action=skip run=/fslarge/scratch/users/h61084/codes/tsrag_time/outputs/tsrag/predictions/validation/chronos_t5_512/current_velocity/10T/long/run_0 source_launch=selena_3584841 launch_id=selena_3584841 slurm_job_id=3584841 launched_at=2026-09-28T12:46:31.499816+00:00
TIME run allocation action=skip run=/fslarge/scratch/users/h61084/codes/tsrag_time/outputs/tsrag/predictions/test/chronos_t5_512/current_velocity/10T/long/run_0 source_launch=selena_3584841 launch_id=selena_3584841 slurm_job_id=3584841 launched_at=2026-09-28T12:46:31.506172+00:00
TIME run allocation action=skip run=/fslarge/scratch/users/h61084/codes/tsrag_time/outputs/tsrag/predictions/validation/chronos_t5_512/current_velocity/15T/short/run_0 source_launch=selena_3584841 launch_id=selena_3584841 slurm_job_id=3584841 launched_at=2026-09-28T12:46:31.512387+00:00
TIME run allocation action=skip run=/fslarge/scratch/users/h61084/codes/tsrag_time/outputs/tsrag/predictions/test/chronos_t5_512/current_velocity/15T/short/run_0 source_launch=selena_3584841 launch_id=selena_3584841 slurm_job_id=3584841 launched_at=2026-09-28T12:46:31.518620+00:00
TIME run allocation action=skip run=/fslarge/scratch/users/h61084/codes/tsrag_time/outputs/tsrag/predictions/validation/chronos_t5_512/current_velocity/15T/medium/run_0 source_launch=selena_3584841 launch_id=selena_3584841 slurm_job_id=3584841 launched_at=2026-09-28T12:46:31.524859+00:00
TIME run allocation action=skip run=/fslarge/scratch/users/h61084/codes/tsrag_time/outputs/tsrag/predictions/test/chronos_t5_512/current_velocity/15T/medium/run_0 source_launch=selena_3584841 launch_id=selena_3584841 slurm_job_id=3584841 launched_at=2026-09-28T12:46:31.531340+00:00
TIME run allocation action=skip run=/fslarge/scratch/users/h61084/codes/tsrag_time/outputs/tsrag/predictions/validation/chronos_t5_512/current_velocity/15T/long/run_0 source_launch=selena_3584841 launch_id=selena_3584841 slurm_job_id=3584841 launched_at=2026-09-28T12:46:31.537533+00:00
TIME run allocation action=skip run=/fslarge/scratch/users/h61084/codes/tsrag_time/outputs/tsrag/predictions/test/chronos_t5_512/current_velocity/15T/long/run_0 source_launch=selena_3584841 launch_id=selena_3584841 slurm_job_id=3584841 launched_at=2026-09-28T12:46:31.543519+00:00
TIME run allocation action=skip run=/fslarge/scratch/users/h61084/codes/tsrag_time/outputs/tsrag/predictions/validation/chronos_t5_512/current_velocity/H/short/run_0 source_launch=selena_3584841 launch_id=selena_3584841 slurm_job_id=3584841 launched_at=2026-09-28T12:46:31.549664+00:00
TIME run allocation action=skip run=/fslarge/scratch/users/h61084/codes/tsrag_time/outputs/tsrag/predictions/test/chronos_t5_512/current_velocity/H/short/run_0 source_launch=selena_3584841 launch_id=selena_3584841 slurm_job_id=3584841 launched_at=2026-09-28T12:46:31.555780+00:00
TIME run allocation action=skip run=/fslarge/scratch/users/h61084/codes/tsrag_time/outputs/tsrag/predictions/validation/chronos_t5_512/current_velocity/H/medium/run_0 source_launch=selena_3584841 launch_id=selena_3584841 slurm_job_id=3584841 launched_at=2026-09-28T12:46:31.562115+00:00
TIME run allocation action=skip run=/fslarge/scratch/users/h61084/codes/tsrag_time/outputs/tsrag/predictions/test/chronos_t5_512/current_velocity/H/medium/run_0 source_launch=selena_3584841 launch_id=selena_3584841 slurm_job_id=3584841 launched_at=2026-09-28T12:46:31.568526+00:00
TIME run allocation action=skip run=/fslarge/scratch/users/h61084/codes/tsrag_time/outputs/tsrag/predictions/validation/chronos_t5_512/current_velocity/H/long/run_0 source_launch=selena_3584841 launch_id=selena_3584841 slurm_job_id=3584841 launched_at=2026-09-28T12:46:31.574533+00:00
TIME run allocation action=skip run=/fslarge/scratch/users/h61084/codes/tsrag_time/outputs/tsrag/predictions/test/chronos_t5_512/current_velocity/H/long/run_0 source_launch=selena_3584841 launch_id=selena_3584841 slurm_job_id=3584841 launched_at=2026-09-28T12:46:31.580910+00:00
TIME run allocation action=skip run=/fslarge/scratch/users/h61084/codes/tsrag_time/outputs/tsrag/predictions/validation/chronos_t5_512/CPHL/15T/short/run_0 source_launch=selena_3584841 launch_id=selena_3584841 slurm_job_id=3584841 launched_at=2026-09-28T12:46:31.587166+00:00
TIME run allocation action=skip run=/fslarge/scratch/users/h61084/codes/tsrag_time/outputs/tsrag/predictions/test/chronos_t5_512/CPHL/15T/short/run_0 source_launch=selena_3584841 launch_id=selena_3584841 slurm_job_id=3584841 launched_at=2026-09-28T12:46:31.593068+00:00
TIME run allocation action=skip run=/fslarge/scratch/users/h61084/codes/tsrag_time/outputs/tsrag/predictions/validation/chronos_t5_512/CPHL/15T/medium/run_0 source_launch=selena_3584841 launch_id=selena_3584841 slurm_job_id=3584841 launched_at=2026-09-28T12:46:31.599400+00:00
TIME run allocation action=skip run=/fslarge/scratch/users/h61084/codes/tsrag_time/outputs/tsrag/predictions/test/chronos_t5_512/CPHL/15T/medium/run_0 source_launch=selena_3584841 launch_id=selena_3584841 slurm_job_id=3584841 launched_at=2026-09-28T12:46:31.605516+00:00
TIME run allocation action=skip run=/fslarge/scratch/users/h61084/codes/tsrag_time/outputs/tsrag/predictions/validation/chronos_t5_512/CPHL/15T/long/run_0 source_launch=selena_3584841 launch_id=selena_3584841 slurm_job_id=3584841 launched_at=2026-09-28T12:46:31.611676+00:00
TIME run allocation action=skip run=/fslarge/scratch/users/h61084/codes/tsrag_time/outputs/tsrag/predictions/test/chronos_t5_512/CPHL/15T/long/run_0 source_launch=selena_3584841 launch_id=selena_3584841 slurm_job_id=3584841 launched_at=2026-09-28T12:46:31.617782+00:00
TIME run allocation action=skip run=/fslarge/scratch/users/h61084/codes/tsrag_time/outputs/tsrag/predictions/validation/chronos_t5_512/CPHL/30T/short/run_0 source_launch=selena_3584841 launch_id=selena_3584841 slurm_job_id=3584841 launched_at=2026-09-28T12:46:31.624161+00:00
TIME run allocation action=skip run=/fslarge/scratch/users/h61084/codes/tsrag_time/outputs/tsrag/predictions/test/chronos_t5_512/CPHL/30T/short/run_0 source_launch=selena_3584841 launch_id=selena_3584841 slurm_job_id=3584841 launched_at=2026-09-28T12:46:31.630334+00:00
TIME run allocation action=skip run=/fslarge/scratch/users/h61084/codes/tsrag_time/outputs/tsrag/predictions/validation/chronos_t5_512/CPHL/30T/medium/run_0 source_launch=selena_3584841 launch_id=selena_3584841 slurm_job_id=3584841 launched_at=2026-09-28T12:46:31.636734+00:00
TIME run allocation action=skip run=/fslarge/scratch/users/h61084/codes/tsrag_time/outputs/tsrag/predictions/test/chronos_t5_512/CPHL/30T/medium/run_0 source_launch=selena_3584841 launch_id=selena_3584841 slurm_job_id=3584841 launched_at=2026-09-28T12:46:31.642928+00:00
TIME run allocation action=skip run=/fslarge/scratch/users/h61084/codes/tsrag_time/outputs/tsrag/predictions/validation/chronos_t5_512/CPHL/30T/long/run_0 source_launch=selena_3584841 launch_id=selena_3584841 slurm_job_id=3584841 launched_at=2026-09-28T12:46:31.649120+00:00
TIME run allocation action=skip run=/fslarge/scratch/users/h61084/codes/tsrag_time/outputs/tsrag/predictions/test/chronos_t5_512/CPHL/30T/long/run_0 source_launch=selena_3584841 launch_id=selena_3584841 slurm_job_id=3584841 launched_at=2026-09-28T12:46:31.655267+00:00
TIME run allocation action=skip run=/fslarge/scratch/users/h61084/codes/tsrag_time/outputs/tsrag/predictions/validation/chronos_t5_512/CPHL/H/short/run_0 source_launch=selena_3584841 launch_id=selena_3584841 slurm_job_id=3584841 launched_at=2026-09-28T12:46:31.661548+00:00
TIME run allocation action=skip run=/fslarge/scratch/users/h61084/codes/tsrag_time/outputs/tsrag/predictions/test/chronos_t5_512/CPHL/H/short/run_0 source_launch=selena_3584841 launch_id=selena_3584841 slurm_job_id=3584841 launched_at=2026-09-28T12:46:31.667721+00:00
TIME run allocation action=skip run=/fslarge/scratch/users/h61084/codes/tsrag_time/outputs/tsrag/predictions/validation/chronos_t5_512/CPHL/H/medium/run_0 source_launch=selena_3584841 launch_id=selena_3584841 slurm_job_id=3584841 launched_at=2026-09-28T12:46:31.673950+00:00
TIME run allocation action=skip run=/fslarge/scratch/users/h61084/codes/tsrag_time/outputs/tsrag/predictions/test/chronos_t5_512/CPHL/H/medium/run_0 source_launch=selena_3584841 launch_id=selena_3584841 slurm_job_id=3584841 launched_at=2026-09-28T12:46:31.680142+00:00
TIME run allocation action=skip run=/fslarge/scratch/users/h61084/codes/tsrag_time/outputs/tsrag/predictions/validation/chronos_t5_512/CPHL/H/long/run_0 source_launch=selena_3584841 launch_id=selena_3584841 slurm_job_id=3584841 launched_at=2026-09-28T12:46:31.686531+00:00
TIME run allocation action=skip run=/fslarge/scratch/users/h61084/codes/tsrag_time/outputs/tsrag/predictions/test/chronos_t5_512/CPHL/H/long/run_0 source_launch=selena_3584841 launch_id=selena_3584841 slurm_job_id=3584841 launched_at=2026-09-28T12:46:31.693064+00:00
TIME run allocation action=skip run=/fslarge/scratch/users/h61084/codes/tsrag_time/outputs/tsrag/predictions/validation/chronos_t5_512/Coastal_T_S/15T/short/run_0 source_launch=selena_3584841 launch_id=selena_3584841 slurm_job_id=3584841 launched_at=2026-09-28T12:46:31.699265+00:00
TIME run allocation action=skip run=/fslarge/scratch/users/h61084/codes/tsrag_time/outputs/tsrag/predictions/test/chronos_t5_512/Coastal_T_S/15T/short/run_0 source_launch=selena_3584841 launch_id=selena_3584841 slurm_job_id=3584841 launched_at=2026-09-28T12:46:31.705452+00:00
TIME run allocation action=skip run=/fslarge/scratch/users/h61084/codes/tsrag_time/outputs/tsrag/predictions/validation/chronos_t5_512/Coastal_T_S/15T/medium/run_0 source_launch=selena_3584841 launch_id=selena_3584841 slurm_job_id=3584841 launched_at=2026-09-28T12:46:31.711813+00:00
TIME run allocation action=skip run=/fslarge/scratch/users/h61084/codes/tsrag_time/outputs/tsrag/predictions/test/chronos_t5_512/Coastal_T_S/15T/medium/run_0 source_launch=selena_3584841 launch_id=selena_3584841 slurm_job_id=3584841 launched_at=2026-09-28T12:46:31.718102+00:00
TIME run allocation action=skip run=/fslarge/scratch/users/h61084/codes/tsrag_time/outputs/tsrag/predictions/validation/chronos_t5_512/Coastal_T_S/15T/long/run_0 source_launch=selena_3584841 launch_id=selena_3584841 slurm_job_id=3584841 launched_at=2026-09-28T12:46:31.724427+00:00
TIME run allocation action=skip run=/fslarge/scratch/users/h61084/codes/tsrag_time/outputs/tsrag/predictions/test/chronos_t5_512/Coastal_T_S/15T/long/run_0 source_launch=selena_3584841 launch_id=selena_3584841 slurm_job_id=3584841 launched_at=2026-09-28T12:46:31.730841+00:00
TIME run allocation action=skip run=/fslarge/scratch/users/h61084/codes/tsrag_time/outputs/tsrag/predictions/validation/chronos_t5_512/Coastal_T_S/20T/short/run_0 source_launch=selena_3584841 launch_id=selena_3584841 slurm_job_id=3584841 launched_at=2026-09-28T12:46:31.737090+00:00
TIME run allocation action=skip run=/fslarge/scratch/users/h61084/codes/tsrag_time/outputs/tsrag/predictions/test/chronos_t5_512/Coastal_T_S/20T/short/run_0 source_launch=selena_3584841 launch_id=selena_3584841 slurm_job_id=3584841 launched_at=2026-09-28T12:46:31.743427+00:00
TIME run allocation action=skip run=/fslarge/scratch/users/h61084/codes/tsrag_time/outputs/tsrag/predictions/validation/chronos_t5_512/Coastal_T_S/20T/medium/run_0 source_launch=selena_3584841 launch_id=selena_3584841 slurm_job_id=3584841 launched_at=2026-09-28T12:46:31.749663+00:00
TIME run allocation action=skip run=/fslarge/scratch/users/h61084/codes/tsrag_time/outputs/tsrag/predictions/test/chronos_t5_512/Coastal_T_S/20T/medium/run_0 source_launch=selena_3584841 launch_id=selena_3584841 slurm_job_id=3584841 launched_at=2026-09-28T12:46:31.756078+00:00
TIME run allocation action=skip run=/fslarge/scratch/users/h61084/codes/tsrag_time/outputs/tsrag/predictions/validation/chronos_t5_512/Coastal_T_S/20T/long/run_0 source_launch=selena_3584841 launch_id=selena_3584841 slurm_job_id=3584841 launched_at=2026-09-28T12:46:31.762311+00:00
TIME run allocation action=skip run=/fslarge/scratch/users/h61084/codes/tsrag_time/outputs/tsrag/predictions/test/chronos_t5_512/Coastal_T_S/20T/long/run_0 source_launch=selena_3584841 launch_id=selena_3584841 slurm_job_id=3584841 launched_at=2026-09-28T12:46:31.768516+00:00
TIME run allocation action=skip run=/fslarge/scratch/users/h61084/codes/tsrag_time/outputs/tsrag/predictions/validation/chronos_t5_512/Coastal_T_S/H/short/run_0 source_launch=selena_3584841 launch_id=selena_3584841 slurm_job_id=3584841 launched_at=2026-09-28T12:46:31.775058+00:00
TIME run allocation action=skip run=/fslarge/scratch/users/h61084/codes/tsrag_time/outputs/tsrag/predictions/test/chronos_t5_512/Coastal_T_S/H/short/run_0 source_launch=selena_3584841 launch_id=selena_3584841 slurm_job_id=3584841 launched_at=2026-09-28T12:46:31.781225+00:00
TIME run allocation action=skip run=/fslarge/scratch/users/h61084/codes/tsrag_time/outputs/tsrag/predictions/validation/chronos_t5_512/Coastal_T_S/H/medium/run_0 source_launch=selena_3584841 launch_id=selena_3584841 slurm_job_id=3584841 launched_at=2026-09-28T12:46:31.787312+00:00
TIME run allocation action=skip run=/fslarge/scratch/users/h61084/codes/tsrag_time/outputs/tsrag/predictions/test/chronos_t5_512/Coastal_T_S/H/medium/run_0 source_launch=selena_3584841 launch_id=selena_3584841 slurm_job_id=3584841 launched_at=2026-09-28T12:46:31.793487+00:00
TIME run allocation action=skip run=/fslarge/scratch/users/h61084/codes/tsrag_time/outputs/tsrag/predictions/validation/chronos_t5_512/Coastal_T_S/H/long/run_0 source_launch=selena_3584841 launch_id=selena_3584841 slurm_job_id=3584841 launched_at=2026-09-28T12:46:31.799651+00:00
TIME run allocation action=skip run=/fslarge/scratch/users/h61084/codes/tsrag_time/outputs/tsrag/predictions/test/chronos_t5_512/Coastal_T_S/H/long/run_0 source_launch=selena_3584841 launch_id=selena_3584841 slurm_job_id=3584841 launched_at=2026-09-28T12:46:31.806303+00:00
TIME run allocation action=skip run=/fslarge/scratch/users/h61084/codes/tsrag_time/outputs/tsrag/predictions/validation/chronos_t5_512/SG_Weather/D/short/run_0 source_launch=selena_3584841 launch_id=selena_3584841 slurm_job_id=3584841 launched_at=2026-09-28T12:46:31.812606+00:00
TIME run allocation action=skip run=/fslarge/scratch/users/h61084/codes/tsrag_time/outputs/tsrag/predictions/test/chronos_t5_512/SG_Weather/D/short/run_0 source_launch=selena_3584841 launch_id=selena_3584841 slurm_job_id=3584841 launched_at=2026-09-28T12:46:31.819022+00:00
TIME run allocation action=skip run=/fslarge/scratch/users/h61084/codes/tsrag_time/outputs/tsrag/predictions/validation/chronos_t5_512/SG_Weather/D/medium/run_0 source_launch=selena_3584841 launch_id=selena_3584841 slurm_job_id=3584841 launched_at=2026-09-28T12:46:31.825133+00:00
TIME run allocation action=skip run=/fslarge/scratch/users/h61084/codes/tsrag_time/outputs/tsrag/predictions/test/chronos_t5_512/SG_Weather/D/medium/run_0 source_launch=selena_3584841 launch_id=selena_3584841 slurm_job_id=3584841 launched_at=2026-09-28T12:46:31.831509+00:00
TIME run allocation action=skip run=/fslarge/scratch/users/h61084/codes/tsrag_time/outputs/tsrag/predictions/validation/chronos_t5_512/SG_Weather/D/long/run_0 source_launch=selena_3584841 launch_id=selena_3584841 slurm_job_id=3584841 launched_at=2026-09-28T12:46:31.837779+00:00
TIME run allocation action=skip run=/fslarge/scratch/users/h61084/codes/tsrag_time/outputs/tsrag/predictions/test/chronos_t5_512/SG_Weather/D/long/run_0 source_launch=selena_3584841 launch_id=selena_3584841 slurm_job_id=3584841 launched_at=2026-09-28T12:46:31.843938+00:00
TIME run allocation action=skip run=/fslarge/scratch/users/h61084/codes/tsrag_time/outputs/tsrag/predictions/validation/chronos_t5_512/SG_PM25/H/short/run_0 source_launch=selena_3584841 launch_id=selena_3584841 slurm_job_id=3584841 launched_at=2026-09-28T12:46:31.850175+00:00
TIME run allocation action=skip run=/fslarge/scratch/users/h61084/codes/tsrag_time/outputs/tsrag/predictions/test/chronos_t5_512/SG_PM25/H/short/run_0 source_launch=selena_3584841 launch_id=selena_3584841 slurm_job_id=3584841 launched_at=2026-09-28T12:46:31.856187+00:00
TIME run allocation action=skip run=/fslarge/scratch/users/h61084/codes/tsrag_time/outputs/tsrag/predictions/validation/chronos_t5_512/SG_PM25/H/medium/run_0 source_launch=selena_3584841 launch_id=selena_3584841 slurm_job_id=3584841 launched_at=2026-09-28T12:46:31.862651+00:00
TIME run allocation action=skip run=/fslarge/scratch/users/h61084/codes/tsrag_time/outputs/tsrag/predictions/test/chronos_t5_512/SG_PM25/H/medium/run_0 source_launch=selena_3584841 launch_id=selena_3584841 slurm_job_id=3584841 launched_at=2026-09-28T12:46:31.868767+00:00
TIME run allocation action=skip run=/fslarge/scratch/users/h61084/codes/tsrag_time/outputs/tsrag/predictions/validation/chronos_t5_512/SG_PM25/H/long/run_0 source_launch=selena_3584841 launch_id=selena_3584841 slurm_job_id=3584841 launched_at=2026-09-28T12:46:31.875126+00:00
TIME run allocation action=skip run=/fslarge/scratch/users/h61084/codes/tsrag_time/outputs/tsrag/predictions/test/chronos_t5_512/SG_PM25/H/long/run_0 source_launch=selena_3584841 launch_id=selena_3584841 slurm_job_id=3584841 launched_at=2026-09-28T12:46:31.881451+00:00
TIME run allocation action=skip run=/fslarge/scratch/users/h61084/codes/tsrag_time/outputs/tsrag/predictions/validation/chronos_t5_512/NE_China_Wind/H/short/run_0 source_launch=selena_3584841 launch_id=selena_3584841 slurm_job_id=3584841 launched_at=2026-09-28T12:46:31.887690+00:00
TIME run allocation action=skip run=/fslarge/scratch/users/h61084/codes/tsrag_time/outputs/tsrag/predictions/test/chronos_t5_512/NE_China_Wind/H/short/run_0 source_launch=selena_3584841 launch_id=selena_3584841 slurm_job_id=3584841 launched_at=2026-09-28T12:46:31.893889+00:00
TIME run allocation action=skip run=/fslarge/scratch/users/h61084/codes/tsrag_time/outputs/tsrag/predictions/validation/chronos_t5_512/NE_China_Wind/H/medium/run_0 source_launch=selena_3584841 launch_id=selena_3584841 slurm_job_id=3584841 launched_at=2026-09-28T12:46:31.900142+00:00
TIME run allocation action=skip run=/fslarge/scratch/users/h61084/codes/tsrag_time/outputs/tsrag/predictions/test/chronos_t5_512/NE_China_Wind/H/medium/run_0 source_launch=selena_3584841 launch_id=selena_3584841 slurm_job_id=3584841 launched_at=2026-09-28T12:46:31.906547+00:00
TIME run allocation action=skip run=/fslarge/scratch/users/h61084/codes/tsrag_time/outputs/tsrag/predictions/validation/chronos_t5_512/NE_China_Wind/H/long/run_0 source_launch=selena_3584841 launch_id=selena_3584841 slurm_job_id=3584841 launched_at=2026-09-28T12:46:31.912781+00:00
TIME run allocation action=skip run=/fslarge/scratch/users/h61084/codes/tsrag_time/outputs/tsrag/predictions/test/chronos_t5_512/NE_China_Wind/H/long/run_0 source_launch=selena_3584841 launch_id=selena_3584841 slurm_job_id=3584841 launched_at=2026-09-28T12:46:31.919038+00:00
TIME run allocation action=skip run=/fslarge/scratch/users/h61084/codes/tsrag_time/outputs/tsrag/predictions/validation/chronos_t5_512/Australia_Solar/H/short/run_0 source_launch=selena_3584841 launch_id=selena_3584841 slurm_job_id=3584841 launched_at=2026-09-28T12:46:31.925342+00:00
TIME run allocation action=skip run=/fslarge/scratch/users/h61084/codes/tsrag_time/outputs/tsrag/predictions/test/chronos_t5_512/Australia_Solar/H/short/run_0 source_launch=selena_3584841 launch_id=selena_3584841 slurm_job_id=3584841 launched_at=2026-09-28T12:46:31.931509+00:00
TIME run allocation action=skip run=/fslarge/scratch/users/h61084/codes/tsrag_time/outputs/tsrag/predictions/validation/chronos_t5_512/Australia_Solar/H/medium/run_0 source_launch=selena_3584841 launch_id=selena_3584841 slurm_job_id=3584841 launched_at=2026-09-28T12:46:31.937953+00:00
TIME run allocation action=skip run=/fslarge/scratch/users/h61084/codes/tsrag_time/outputs/tsrag/predictions/test/chronos_t5_512/Australia_Solar/H/medium/run_0 source_launch=selena_3584841 launch_id=selena_3584841 slurm_job_id=3584841 launched_at=2026-09-28T12:46:31.944184+00:00
TIME run allocation action=skip run=/fslarge/scratch/users/h61084/codes/tsrag_time/outputs/tsrag/predictions/validation/chronos_t5_512/Australia_Solar/H/long/run_0 source_launch=selena_3584841 launch_id=selena_3584841 slurm_job_id=3584841 launched_at=2026-09-28T12:46:31.950217+00:00
TIME run allocation action=skip run=/fslarge/scratch/users/h61084/codes/tsrag_time/outputs/tsrag/predictions/test/chronos_t5_512/Australia_Solar/H/long/run_0 source_launch=selena_3584841 launch_id=selena_3584841 slurm_job_id=3584841 launched_at=2026-09-28T12:46:31.956528+00:00
TIME run allocation action=skip run=/fslarge/scratch/users/h61084/codes/tsrag_time/outputs/tsrag/predictions/validation/chronos_t5_512/epf_electricity_price/H/short/run_0 source_launch=selena_3584841 launch_id=selena_3584841 slurm_job_id=3584841 launched_at=2026-09-28T12:46:31.962522+00:00
TIME run allocation action=skip run=/fslarge/scratch/users/h61084/codes/tsrag_time/outputs/tsrag/predictions/test/chronos_t5_512/epf_electricity_price/H/short/run_0 source_launch=selena_3584841 launch_id=selena_3584841 slurm_job_id=3584841 launched_at=2026-09-28T12:46:31.968795+00:00
TIME run allocation action=skip run=/fslarge/scratch/users/h61084/codes/tsrag_time/outputs/tsrag/predictions/validation/chronos_t5_512/epf_electricity_price/H/medium/run_0 source_launch=selena_3584841 launch_id=selena_3584841 slurm_job_id=3584841 launched_at=2026-09-28T12:46:31.974992+00:00
TIME run allocation action=skip run=/fslarge/scratch/users/h61084/codes/tsrag_time/outputs/tsrag/predictions/test/chronos_t5_512/epf_electricity_price/H/medium/run_0 source_launch=selena_3584841 launch_id=selena_3584841 slurm_job_id=3584841 launched_at=2026-09-28T12:46:31.981197+00:00
TIME run allocation action=skip run=/fslarge/scratch/users/h61084/codes/tsrag_time/outputs/tsrag/predictions/validation/chronos_t5_512/epf_electricity_price/H/long/run_0 source_launch=selena_3584841 launch_id=selena_3584841 slurm_job_id=3584841 launched_at=2026-09-28T12:46:31.987690+00:00
TIME run allocation action=skip run=/fslarge/scratch/users/h61084/codes/tsrag_time/outputs/tsrag/predictions/test/chronos_t5_512/epf_electricity_price/H/long/run_0 source_launch=selena_3584841 launch_id=selena_3584841 slurm_job_id=3584841 launched_at=2026-09-28T12:46:31.994075+00:00
TIME run allocation action=skip run=/fslarge/scratch/users/h61084/codes/tsrag_time/outputs/tsrag/predictions/validation/chronos_t5_512/OpenElectricity_NEM/5T/short/run_0 source_launch=selena_3584841 launch_id=selena_3584841 slurm_job_id=3584841 launched_at=2026-09-28T12:46:32.000431+00:00
TIME run allocation action=skip run=/fslarge/scratch/users/h61084/codes/tsrag_time/outputs/tsrag/predictions/test/chronos_t5_512/OpenElectricity_NEM/5T/short/run_0 source_launch=selena_3584841 launch_id=selena_3584841 slurm_job_id=3584841 launched_at=2026-09-28T12:46:32.006823+00:00
TIME run allocation action=skip run=/fslarge/scratch/users/h61084/codes/tsrag_time/outputs/tsrag/predictions/validation/chronos_t5_512/OpenElectricity_NEM/5T/medium/run_0 source_launch=selena_3584841 launch_id=selena_3584841 slurm_job_id=3584841 launched_at=2026-09-28T12:46:32.012960+00:00
TIME run allocation action=skip run=/fslarge/scratch/users/h61084/codes/tsrag_time/outputs/tsrag/predictions/test/chronos_t5_512/OpenElectricity_NEM/5T/medium/run_0 source_launch=selena_3584841 launch_id=selena_3584841 slurm_job_id=3584841 launched_at=2026-09-28T12:46:32.019096+00:00
TIME run allocation action=skip run=/fslarge/scratch/users/h61084/codes/tsrag_time/outputs/tsrag/predictions/validation/chronos_t5_512/OpenElectricity_NEM/5T/long/run_0 source_launch=selena_3584841 launch_id=selena_3584841 slurm_job_id=3584841 launched_at=2026-09-28T12:46:32.025250+00:00
TIME run allocation action=skip run=/fslarge/scratch/users/h61084/codes/tsrag_time/outputs/tsrag/predictions/test/chronos_t5_512/OpenElectricity_NEM/5T/long/run_0 source_launch=selena_3584841 launch_id=selena_3584841 slurm_job_id=3584841 launched_at=2026-09-28T12:46:32.031380+00:00
TIME run allocation action=skip run=/fslarge/scratch/users/h61084/codes/tsrag_time/outputs/tsrag/predictions/validation/chronos_t5_512/EWELD_Load/15T/short/run_0 source_launch=selena_3584841 launch_id=selena_3584841 slurm_job_id=3584841 launched_at=2026-09-28T12:46:32.037618+00:00
TIME run allocation action=skip run=/fslarge/scratch/users/h61084/codes/tsrag_time/outputs/tsrag/predictions/test/chronos_t5_512/EWELD_Load/15T/short/run_0 source_launch=selena_3584841 launch_id=selena_3584841 slurm_job_id=3584841 launched_at=2026-09-28T12:46:32.043830+00:00
TIME run allocation action=skip run=/fslarge/scratch/users/h61084/codes/tsrag_time/outputs/tsrag/predictions/validation/chronos_t5_512/EWELD_Load/15T/medium/run_0 source_launch=selena_3584841 launch_id=selena_3584841 slurm_job_id=3584841 launched_at=2026-09-28T12:46:32.050193+00:00
TIME run allocation action=skip run=/fslarge/scratch/users/h61084/codes/tsrag_time/outputs/tsrag/predictions/test/chronos_t5_512/EWELD_Load/15T/medium/run_0 source_launch=selena_3584841 launch_id=selena_3584841 slurm_job_id=3584841 launched_at=2026-09-28T12:46:32.056720+00:00
TIME run allocation action=skip run=/fslarge/scratch/users/h61084/codes/tsrag_time/outputs/tsrag/predictions/validation/chronos_t5_512/EWELD_Load/15T/long/run_0 source_launch=selena_3584841 launch_id=selena_3584841 slurm_job_id=3584841 launched_at=2026-09-28T12:46:32.063026+00:00
TIME run allocation action=skip run=/fslarge/scratch/users/h61084/codes/tsrag_time/outputs/tsrag/predictions/test/chronos_t5_512/EWELD_Load/15T/long/run_0 source_launch=selena_3584841 launch_id=selena_3584841 slurm_job_id=3584841 launched_at=2026-09-28T12:46:32.069129+00:00
TIME run allocation action=skip run=/fslarge/scratch/users/h61084/codes/tsrag_time/outputs/tsrag/predictions/validation/chronos_t5_512/SG_Carpark/15T/short/run_0 source_launch=selena_3584841 launch_id=selena_3584841 slurm_job_id=3584841 launched_at=2026-09-28T12:46:32.075236+00:00
TIME run allocation action=skip run=/fslarge/scratch/users/h61084/codes/tsrag_time/outputs/tsrag/predictions/test/chronos_t5_512/SG_Carpark/15T/short/run_0 source_launch=selena_3584841 launch_id=selena_3584841 slurm_job_id=3584841 launched_at=2026-09-28T12:46:32.081342+00:00
TIME run allocation action=skip run=/fslarge/scratch/users/h61084/codes/tsrag_time/outputs/tsrag/predictions/validation/chronos_t5_512/SG_Carpark/15T/medium/run_0 source_launch=selena_3584841 launch_id=selena_3584841 slurm_job_id=3584841 launched_at=2026-09-28T12:46:32.087533+00:00
TIME run allocation action=skip run=/fslarge/scratch/users/h61084/codes/tsrag_time/outputs/tsrag/predictions/test/chronos_t5_512/SG_Carpark/15T/medium/run_0 source_launch=selena_3584841 launch_id=selena_3584841 slurm_job_id=3584841 launched_at=2026-09-28T12:46:32.093674+00:00
TIME run allocation action=skip run=/fslarge/scratch/users/h61084/codes/tsrag_time/outputs/tsrag/predictions/validation/chronos_t5_512/SG_Carpark/15T/long/run_0 source_launch=selena_3584841 launch_id=selena_3584841 slurm_job_id=3584841 launched_at=2026-09-28T12:46:32.100020+00:00
TIME run allocation action=skip run=/fslarge/scratch/users/h61084/codes/tsrag_time/outputs/tsrag/predictions/test/chronos_t5_512/SG_Carpark/15T/long/run_0 source_launch=selena_3584841 launch_id=selena_3584841 slurm_job_id=3584841 launched_at=2026-09-28T12:46:32.106253+00:00
TIME run allocation action=skip run=/fslarge/scratch/users/h61084/codes/tsrag_time/outputs/tsrag/predictions/validation/chronos_t5_512/Finland_Traffic/15T/short/run_0 source_launch=selena_3584841 launch_id=selena_3584841 slurm_job_id=3584841 launched_at=2026-09-28T12:46:32.112425+00:00
TIME run allocation action=skip run=/fslarge/scratch/users/h61084/codes/tsrag_time/outputs/tsrag/predictions/test/chronos_t5_512/Finland_Traffic/15T/short/run_0 source_launch=selena_3584841 launch_id=selena_3584841 slurm_job_id=3584841 launched_at=2026-09-28T12:46:32.118482+00:00
TIME run allocation action=skip run=/fslarge/scratch/users/h61084/codes/tsrag_time/outputs/tsrag/predictions/validation/chronos_t5_512/Finland_Traffic/15T/medium/run_0 source_launch=selena_3584841 launch_id=selena_3584841 slurm_job_id=3584841 launched_at=2026-09-28T12:46:32.124792+00:00
TIME run allocation action=skip run=/fslarge/scratch/users/h61084/codes/tsrag_time/outputs/tsrag/predictions/test/chronos_t5_512/Finland_Traffic/15T/medium/run_0 source_launch=selena_3584841 launch_id=selena_3584841 slurm_job_id=3584841 launched_at=2026-09-28T12:46:32.130917+00:00
TIME run allocation action=skip run=/fslarge/scratch/users/h61084/codes/tsrag_time/outputs/tsrag/predictions/validation/chronos_t5_512/Finland_Traffic/15T/long/run_0 source_launch=selena_3584841 launch_id=selena_3584841 slurm_job_id=3584841 launched_at=2026-09-28T12:46:32.137245+00:00
TIME run allocation action=skip run=/fslarge/scratch/users/h61084/codes/tsrag_time/outputs/tsrag/predictions/test/chronos_t5_512/Finland_Traffic/15T/long/run_0 source_launch=selena_3584841 launch_id=selena_3584841 slurm_job_id=3584841 launched_at=2026-09-28T12:46:32.143447+00:00
TIME run allocation action=skip run=/fslarge/scratch/users/h61084/codes/tsrag_time/outputs/tsrag/predictions/validation/chronos_t5_512/Port_Activity/D/short/run_0 source_launch=selena_3584841 launch_id=selena_3584841 slurm_job_id=3584841 launched_at=2026-09-28T12:46:32.149859+00:00
TIME run allocation action=skip run=/fslarge/scratch/users/h61084/codes/tsrag_time/outputs/tsrag/predictions/test/chronos_t5_512/Port_Activity/D/short/run_0 source_launch=selena_3584841 launch_id=selena_3584841 slurm_job_id=3584841 launched_at=2026-09-28T12:46:32.156061+00:00
TIME run allocation action=skip run=/fslarge/scratch/users/h61084/codes/tsrag_time/outputs/tsrag/predictions/validation/chronos_t5_512/Port_Activity/W/short/run_0 source_launch=selena_3584841 launch_id=selena_3584841 slurm_job_id=3584841 launched_at=2026-09-28T12:46:32.162244+00:00
TIME run allocation action=skip run=/fslarge/scratch/users/h61084/codes/tsrag_time/outputs/tsrag/predictions/test/chronos_t5_512/Port_Activity/W/short/run_0 source_launch=selena_3584841 launch_id=selena_3584841 slurm_job_id=3584841 launched_at=2026-09-28T12:46:32.168420+00:00
TIME run allocation action=skip run=/fslarge/scratch/users/h61084/codes/tsrag_time/outputs/tsrag/predictions/validation/chronos_t5_512/ECDC_COVID/D/short/run_0 source_launch=selena_3584841 launch_id=selena_3584841 slurm_job_id=3584841 launched_at=2026-09-28T12:46:32.174806+00:00
TIME run allocation action=skip run=/fslarge/scratch/users/h61084/codes/tsrag_time/outputs/tsrag/predictions/test/chronos_t5_512/ECDC_COVID/D/short/run_0 source_launch=selena_3584841 launch_id=selena_3584841 slurm_job_id=3584841 launched_at=2026-09-28T12:46:32.180877+00:00
TIME run allocation action=skip run=/fslarge/scratch/users/h61084/codes/tsrag_time/outputs/tsrag/predictions/validation/chronos_t5_512/ECDC_COVID/W/short/run_0 source_launch=selena_3584841 launch_id=selena_3584841 slurm_job_id=3584841 launched_at=2026-09-28T12:46:32.187032+00:00
TIME run allocation action=skip run=/fslarge/scratch/users/h61084/codes/tsrag_time/outputs/tsrag/predictions/test/chronos_t5_512/ECDC_COVID/W/short/run_0 source_launch=selena_3584841 launch_id=selena_3584841 slurm_job_id=3584841 launched_at=2026-09-28T12:46:32.193194+00:00
TIME run allocation action=skip run=/fslarge/scratch/users/h61084/codes/tsrag_time/outputs/tsrag/predictions/validation/chronos_t5_512/Global_Influenza/W/short/run_0 source_launch=selena_3584841 launch_id=selena_3584841 slurm_job_id=3584841 launched_at=2026-09-28T12:46:32.199440+00:00
TIME run allocation action=skip run=/fslarge/scratch/users/h61084/codes/tsrag_time/outputs/tsrag/predictions/test/chronos_t5_512/Global_Influenza/W/short/run_0 source_launch=selena_3584841 launch_id=selena_3584841 slurm_job_id=3584841 launched_at=2026-09-28T12:46:32.205571+00:00
TIME run allocation action=skip run=/fslarge/scratch/users/h61084/codes/tsrag_time/outputs/tsrag/predictions/validation/chronos_t5_512/Crypto/D/short/run_0 source_launch=selena_3584841 launch_id=selena_3584841 slurm_job_id=3584841 launched_at=2026-09-28T12:46:32.211704+00:00
TIME run allocation action=skip run=/fslarge/scratch/users/h61084/codes/tsrag_time/outputs/tsrag/predictions/test/chronos_t5_512/Crypto/D/short/run_0 source_launch=selena_3584841 launch_id=selena_3584841 slurm_job_id=3584841 launched_at=2026-09-28T12:46:32.217842+00:00
TIME run allocation action=skip run=/fslarge/scratch/users/h61084/codes/tsrag_time/outputs/tsrag/predictions/validation/chronos_t5_512/US_Term_Structure/B/short/run_0 source_launch=selena_3584841 launch_id=selena_3584841 slurm_job_id=3584841 launched_at=2026-09-28T12:46:32.223935+00:00
TIME run allocation action=skip run=/fslarge/scratch/users/h61084/codes/tsrag_time/outputs/tsrag/predictions/test/chronos_t5_512/US_Term_Structure/B/short/run_0 source_launch=selena_3584841 launch_id=selena_3584841 slurm_job_id=3584841 launched_at=2026-09-28T12:46:32.230109+00:00
TIME run allocation action=skip run=/fslarge/scratch/users/h61084/codes/tsrag_time/outputs/tsrag/predictions/validation/chronos_t5_512/Oil_Price/B/short/run_0 source_launch=selena_3584841 launch_id=selena_3584841 slurm_job_id=3584841 launched_at=2026-09-28T12:46:32.236157+00:00
TIME run allocation action=skip run=/fslarge/scratch/users/h61084/codes/tsrag_time/outputs/tsrag/predictions/test/chronos_t5_512/Oil_Price/B/short/run_0 source_launch=selena_3584841 launch_id=selena_3584841 slurm_job_id=3584841 launched_at=2026-09-28T12:46:32.242960+00:00
TIME run allocation action=skip run=/fslarge/scratch/users/h61084/codes/tsrag_time/outputs/tsrag/predictions/validation/chronos_t5_512/Job_Claims/W/short/run_0 source_launch=selena_3584841 launch_id=selena_3584841 slurm_job_id=3584841 launched_at=2026-09-28T12:46:32.249107+00:00
TIME run allocation action=skip run=/fslarge/scratch/users/h61084/codes/tsrag_time/outputs/tsrag/predictions/test/chronos_t5_512/Job_Claims/W/short/run_0 source_launch=selena_3584841 launch_id=selena_3584841 slurm_job_id=3584841 launched_at=2026-09-28T12:46:32.258507+00:00
TIME run allocation action=skip run=/fslarge/scratch/users/h61084/codes/tsrag_time/outputs/tsrag/predictions/validation/chronos_t5_512/Uncertainty_1M/M/short/run_0 source_launch=selena_3584841 launch_id=selena_3584841 slurm_job_id=3584841 launched_at=2026-09-28T12:46:32.264595+00:00
TIME run allocation action=skip run=/fslarge/scratch/users/h61084/codes/tsrag_time/outputs/tsrag/predictions/test/chronos_t5_512/Uncertainty_1M/M/short/run_0 source_launch=selena_3584841 launch_id=selena_3584841 slurm_job_id=3584841 launched_at=2026-09-28T12:46:32.270440+00:00
TIME run allocation action=skip run=/fslarge/scratch/users/h61084/codes/tsrag_time/outputs/tsrag/predictions/validation/chronos_t5_512/Housing_Inventory/M/short/run_0 source_launch=selena_3584841 launch_id=selena_3584841 slurm_job_id=3584841 launched_at=2026-09-28T12:46:32.276199+00:00
TIME run allocation action=skip run=/fslarge/scratch/users/h61084/codes/tsrag_time/outputs/tsrag/predictions/test/chronos_t5_512/Housing_Inventory/M/short/run_0 source_launch=selena_3584841 launch_id=selena_3584841 slurm_job_id=3584841 launched_at=2026-09-28T12:46:32.282048+00:00
TIME run allocation action=skip run=/fslarge/scratch/users/h61084/codes/tsrag_time/outputs/tsrag/predictions/validation/chronos_t5_512/JOLTS/M/short/run_0 source_launch=selena_3584841 launch_id=selena_3584841 slurm_job_id=3584841 launched_at=2026-09-28T12:46:32.288140+00:00
TIME run allocation action=skip run=/fslarge/scratch/users/h61084/codes/tsrag_time/outputs/tsrag/predictions/test/chronos_t5_512/JOLTS/M/short/run_0 source_launch=selena_3584841 launch_id=selena_3584841 slurm_job_id=3584841 launched_at=2026-09-28T12:46:32.294161+00:00
TIME run allocation action=skip run=/fslarge/scratch/users/h61084/codes/tsrag_time/outputs/tsrag/predictions/validation/chronos_t5_512/US_Labor/M/short/run_0 source_launch=selena_3584841 launch_id=selena_3584841 slurm_job_id=3584841 launched_at=2026-09-28T12:46:32.300277+00:00
TIME run allocation action=skip run=/fslarge/scratch/users/h61084/codes/tsrag_time/outputs/tsrag/predictions/test/chronos_t5_512/US_Labor/M/short/run_0 source_launch=selena_3584841 launch_id=selena_3584841 slurm_job_id=3584841 launched_at=2026-09-28T12:46:32.306649+00:00
TIME run allocation action=skip run=/fslarge/scratch/users/h61084/codes/tsrag_time/outputs/tsrag/predictions/validation/chronos_t5_512/Vehicle_Supply/M/short/run_0 source_launch=selena_3584841 launch_id=selena_3584841 slurm_job_id=3584841 launched_at=2026-09-28T12:46:32.312872+00:00
TIME run allocation action=skip run=/fslarge/scratch/users/h61084/codes/tsrag_time/outputs/tsrag/predictions/test/chronos_t5_512/Vehicle_Supply/M/short/run_0 source_launch=selena_3584841 launch_id=selena_3584841 slurm_job_id=3584841 launched_at=2026-09-28T12:46:32.319275+00:00
TIME run allocation action=skip run=/fslarge/scratch/users/h61084/codes/tsrag_time/outputs/tsrag/predictions/validation/chronos_t5_512/Auto_Production_SF/M/short/run_0 source_launch=selena_3584841 launch_id=selena_3584841 slurm_job_id=3584841 launched_at=2026-09-28T12:46:32.325517+00:00
TIME run allocation action=skip run=/fslarge/scratch/users/h61084/codes/tsrag_time/outputs/tsrag/predictions/test/chronos_t5_512/Auto_Production_SF/M/short/run_0 source_launch=selena_3584841 launch_id=selena_3584841 slurm_job_id=3584841 launched_at=2026-09-28T12:46:32.331842+00:00
TIME run allocation action=skip run=/fslarge/scratch/users/h61084/codes/tsrag_time/outputs/tsrag/predictions/validation/chronos_t5_512/Commodity_Production/M/short/run_0 source_launch=selena_3584841 launch_id=selena_3584841 slurm_job_id=3584841 launched_at=2026-09-28T12:46:32.338169+00:00
TIME run allocation action=skip run=/fslarge/scratch/users/h61084/codes/tsrag_time/outputs/tsrag/predictions/test/chronos_t5_512/Commodity_Production/M/short/run_0 source_launch=selena_3584841 launch_id=selena_3584841 slurm_job_id=3584841 launched_at=2026-09-28T12:46:32.344547+00:00
TIME run allocation action=skip run=/fslarge/scratch/users/h61084/codes/tsrag_time/outputs/tsrag/predictions/validation/chronos_t5_512/Commodity_Import/M/short/run_0 source_launch=selena_3584841 launch_id=selena_3584841 slurm_job_id=3584841 launched_at=2026-09-28T12:46:32.351686+00:00
TIME run allocation action=skip run=/fslarge/scratch/users/h61084/codes/tsrag_time/outputs/tsrag/predictions/test/chronos_t5_512/Commodity_Import/M/short/run_0 source_launch=selena_3584841 launch_id=selena_3584841 slurm_job_id=3584841 launched_at=2026-09-28T12:46:32.357885+00:00
TIME run allocation action=skip run=/fslarge/scratch/users/h61084/codes/tsrag_time/outputs/tsrag/predictions/validation/chronos_t5_512/WUI_Global/Q/short/run_0 source_launch=selena_3584841 launch_id=selena_3584841 slurm_job_id=3584841 launched_at=2026-09-28T12:46:32.364126+00:00
TIME run allocation action=skip run=/fslarge/scratch/users/h61084/codes/tsrag_time/outputs/tsrag/predictions/test/chronos_t5_512/WUI_Global/Q/short/run_0 source_launch=selena_3584841 launch_id=selena_3584841 slurm_job_id=3584841 launched_at=2026-09-28T12:46:32.370208+00:00
TIME run allocation action=skip run=/fslarge/scratch/users/h61084/codes/tsrag_time/outputs/tsrag/predictions/validation/chronos_t5_512/Global_Price/Q/short/run_0 source_launch=selena_3584841 launch_id=selena_3584841 slurm_job_id=3584841 launched_at=2026-09-28T12:46:32.376342+00:00
TIME run allocation action=skip run=/fslarge/scratch/users/h61084/codes/tsrag_time/outputs/tsrag/predictions/test/chronos_t5_512/Global_Price/Q/short/run_0 source_launch=selena_3584841 launch_id=selena_3584841 slurm_job_id=3584841 launched_at=2026-09-28T12:46:32.382619+00:00
TIME run allocation action=skip run=/fslarge/scratch/users/h61084/codes/tsrag_time/outputs/tsrag/predictions/validation/chronos_t5_512/Vehicle_Sales/M/short/run_0 source_launch=selena_3584841 launch_id=selena_3584841 slurm_job_id=3584841 launched_at=2026-09-28T12:46:32.390617+00:00
TIME run allocation action=skip run=/fslarge/scratch/users/h61084/codes/tsrag_time/outputs/tsrag/predictions/test/chronos_t5_512/Vehicle_Sales/M/short/run_0 source_launch=selena_3584841 launch_id=selena_3584841 slurm_job_id=3584841 launched_at=2026-09-28T12:46:32.396815+00:00
TIME run allocation action=skip run=/fslarge/scratch/users/h61084/codes/tsrag_time/outputs/tsrag/predictions/validation/chronos_t5_512/Online_Retail_2_UCI/D/short/run_0 source_launch=selena_3584841 launch_id=selena_3584841 slurm_job_id=3584841 launched_at=2026-09-28T12:46:32.402902+00:00
TIME run allocation action=skip run=/fslarge/scratch/users/h61084/codes/tsrag_time/outputs/tsrag/predictions/test/chronos_t5_512/Online_Retail_2_UCI/D/short/run_0 source_launch=selena_3584841 launch_id=selena_3584841 slurm_job_id=3584841 launched_at=2026-09-28T12:46:32.409080+00:00
TIME run allocation action=skip run=/fslarge/scratch/users/h61084/codes/tsrag_time/outputs/tsrag/predictions/validation/chronos_t5_512/Supply_Chain_Customer/D/short/run_0 source_launch=selena_3584841 launch_id=selena_3584841 slurm_job_id=3584841 launched_at=2026-09-28T12:46:32.415293+00:00
TIME run allocation action=skip run=/fslarge/scratch/users/h61084/codes/tsrag_time/outputs/tsrag/predictions/test/chronos_t5_512/Supply_Chain_Customer/D/short/run_0 source_launch=selena_3584841 launch_id=selena_3584841 slurm_job_id=3584841 launched_at=2026-09-28T12:46:32.421257+00:00
TIME run allocation action=skip run=/fslarge/scratch/users/h61084/codes/tsrag_time/outputs/tsrag/predictions/validation/chronos_t5_512/Supply_Chain_Location/D/short/run_0 source_launch=selena_3584841 launch_id=selena_3584841 slurm_job_id=3584841 launched_at=2026-09-28T12:46:32.427714+00:00
TIME run allocation action=skip run=/fslarge/scratch/users/h61084/codes/tsrag_time/outputs/tsrag/predictions/test/chronos_t5_512/Supply_Chain_Location/D/short/run_0 source_launch=selena_3584841 launch_id=selena_3584841 slurm_job_id=3584841 launched_at=2026-09-28T12:46:32.433979+00:00
TIME run allocation action=skip run=/fslarge/scratch/users/h61084/codes/tsrag_time/outputs/tsrag/predictions/validation/chronos_t5_512/azure2019_U/5T/short/run_0 source_launch=selena_3584841 launch_id=selena_3584841 slurm_job_id=3584841 launched_at=2026-09-28T12:46:32.440301+00:00
TIME run allocation action=skip run=/fslarge/scratch/users/h61084/codes/tsrag_time/outputs/tsrag/predictions/test/chronos_t5_512/azure2019_U/5T/short/run_0 source_launch=selena_3584841 launch_id=selena_3584841 slurm_job_id=3584841 launched_at=2026-09-28T12:46:32.446506+00:00
TIME run allocation action=skip run=/fslarge/scratch/users/h61084/codes/tsrag_time/outputs/tsrag/predictions/validation/chronos_t5_512/Smart_Manufacturing/H/short/run_0 source_launch=selena_3584841 launch_id=selena_3584841 slurm_job_id=3584841 launched_at=2026-09-28T12:46:32.452751+00:00
TIME run allocation action=skip run=/fslarge/scratch/users/h61084/codes/tsrag_time/outputs/tsrag/predictions/test/chronos_t5_512/Smart_Manufacturing/H/short/run_0 source_launch=selena_3584841 launch_id=selena_3584841 slurm_job_id=3584841 launched_at=2026-09-28T12:46:32.458988+00:00
TIME run allocation action=skip run=/fslarge/scratch/users/h61084/codes/tsrag_time/outputs/tsrag/predictions/validation/chronos_t5_512/Smart_Manufacturing/H/medium/run_0 source_launch=selena_3584841 launch_id=selena_3584841 slurm_job_id=3584841 launched_at=2026-09-28T12:46:32.467059+00:00
TIME run allocation action=skip run=/fslarge/scratch/users/h61084/codes/tsrag_time/outputs/tsrag/predictions/test/chronos_t5_512/Smart_Manufacturing/H/medium/run_0 source_launch=selena_3584841 launch_id=selena_3584841 slurm_job_id=3584841 launched_at=2026-09-28T12:46:32.476541+00:00
TIME run allocation action=skip run=/fslarge/scratch/users/h61084/codes/tsrag_time/outputs/tsrag/predictions/validation/chronos_t5_512/Smart_Manufacturing/H/long/run_0 source_launch=selena_3584841 launch_id=selena_3584841 slurm_job_id=3584841 launched_at=2026-09-28T12:46:32.484117+00:00
TIME run allocation action=skip run=/fslarge/scratch/users/h61084/codes/tsrag_time/outputs/tsrag/predictions/test/chronos_t5_512/Smart_Manufacturing/H/long/run_0 source_launch=selena_3584841 launch_id=selena_3584841 slurm_job_id=3584841 launched_at=2026-09-28T12:46:32.490487+00:00
TIME run allocation action=skip run=/fslarge/scratch/users/h61084/codes/tsrag_time/outputs/tsrag/predictions/validation/chronos_t5_512/MetroPT-3/5T/short/run_0 source_launch=selena_3584841 launch_id=selena_3584841 slurm_job_id=3584841 launched_at=2026-09-28T12:46:32.496796+00:00
TIME run allocation action=skip run=/fslarge/scratch/users/h61084/codes/tsrag_time/outputs/tsrag/predictions/test/chronos_t5_512/MetroPT-3/5T/short/run_0 source_launch=selena_3584841 launch_id=selena_3584841 slurm_job_id=3584841 launched_at=2026-09-28T12:46:32.503200+00:00
TIME run allocation action=skip run=/fslarge/scratch/users/h61084/codes/tsrag_time/outputs/tsrag/predictions/validation/chronos_t5_512/MetroPT-3/5T/medium/run_0 source_launch=selena_3584841 launch_id=selena_3584841 slurm_job_id=3584841 launched_at=2026-09-28T12:46:32.509539+00:00
TIME run allocation action=skip run=/fslarge/scratch/users/h61084/codes/tsrag_time/outputs/tsrag/predictions/test/chronos_t5_512/MetroPT-3/5T/medium/run_0 source_launch=selena_3584841 launch_id=selena_3584841 slurm_job_id=3584841 launched_at=2026-09-28T12:46:32.515664+00:00
TIME run allocation action=skip run=/fslarge/scratch/users/h61084/codes/tsrag_time/outputs/tsrag/predictions/validation/chronos_t5_512/MetroPT-3/5T/long/run_0 source_launch=selena_3584841 launch_id=selena_3584841 slurm_job_id=3584841 launched_at=2026-09-28T12:46:32.521823+00:00
TIME run allocation action=skip run=/fslarge/scratch/users/h61084/codes/tsrag_time/outputs/tsrag/predictions/test/chronos_t5_512/MetroPT-3/5T/long/run_0 source_launch=selena_3584841 launch_id=selena_3584841 slurm_job_id=3584841 launched_at=2026-09-28T12:46:32.528038+00:00
TIME run allocation action=skip run=/fslarge/scratch/users/h61084/codes/tsrag_time/outputs/tsrag/predictions/validation/chronos2_max/Water_Quality_Darwin/15T/short/run_0 source_launch=selena_3584841 launch_id=selena_3584841 slurm_job_id=3584841 launched_at=2026-09-28T12:46:32.534325+00:00
TIME run allocation action=skip run=/fslarge/scratch/users/h61084/codes/tsrag_time/outputs/tsrag/predictions/test/chronos2_max/Water_Quality_Darwin/15T/short/run_0 source_launch=selena_3584841 launch_id=selena_3584841 slurm_job_id=3584841 launched_at=2026-09-28T12:46:32.540433+00:00
TIME run allocation action=skip run=/fslarge/scratch/users/h61084/codes/tsrag_time/outputs/tsrag/predictions/validation/chronos2_max/Water_Quality_Darwin/15T/medium/run_0 source_launch=selena_3584841 launch_id=selena_3584841 slurm_job_id=3584841 launched_at=2026-09-28T12:46:32.546573+00:00
TIME run allocation action=skip run=/fslarge/scratch/users/h61084/codes/tsrag_time/outputs/tsrag/predictions/test/chronos2_max/Water_Quality_Darwin/15T/medium/run_0 source_launch=selena_3584841 launch_id=selena_3584841 slurm_job_id=3584841 launched_at=2026-09-28T12:46:32.552980+00:00
TIME run allocation action=skip run=/fslarge/scratch/users/h61084/codes/tsrag_time/outputs/tsrag/predictions/validation/chronos2_max/Water_Quality_Darwin/15T/long/run_0 source_launch=selena_3584841 launch_id=selena_3584841 slurm_job_id=3584841 launched_at=2026-09-28T12:46:32.559250+00:00
TIME run allocation action=skip run=/fslarge/scratch/users/h61084/codes/tsrag_time/outputs/tsrag/predictions/test/chronos2_max/Water_Quality_Darwin/15T/long/run_0 source_launch=selena_3584841 launch_id=selena_3584841 slurm_job_id=3584841 launched_at=2026-09-28T12:46:32.565336+00:00
TIME run allocation action=skip run=/fslarge/scratch/users/h61084/codes/tsrag_time/outputs/tsrag/predictions/validation/chronos2_max/current_velocity/5T/short/run_0 source_launch=selena_3584841 launch_id=selena_3584841 slurm_job_id=3584841 launched_at=2026-09-28T12:46:32.571295+00:00
TIME run allocation action=skip run=/fslarge/scratch/users/h61084/codes/tsrag_time/outputs/tsrag/predictions/test/chronos2_max/current_velocity/5T/short/run_0 source_launch=selena_3584841 launch_id=selena_3584841 slurm_job_id=3584841 launched_at=2026-09-28T12:46:32.577411+00:00
TIME run allocation action=skip run=/fslarge/scratch/users/h61084/codes/tsrag_time/outputs/tsrag/predictions/validation/chronos2_max/current_velocity/5T/medium/run_0 source_launch=selena_3584841 launch_id=selena_3584841 slurm_job_id=3584841 launched_at=2026-09-28T12:46:32.583445+00:00
TIME run allocation action=skip run=/fslarge/scratch/users/h61084/codes/tsrag_time/outputs/tsrag/predictions/test/chronos2_max/current_velocity/5T/medium/run_0 source_launch=selena_3584841 launch_id=selena_3584841 slurm_job_id=3584841 launched_at=2026-09-28T12:46:32.589685+00:00
TIME run allocation action=skip run=/fslarge/scratch/users/h61084/codes/tsrag_time/outputs/tsrag/predictions/validation/chronos2_max/current_velocity/5T/long/run_0 source_launch=selena_3584841 launch_id=selena_3584841 slurm_job_id=3584841 launched_at=2026-09-28T12:46:32.595901+00:00
TIME run allocation action=skip run=/fslarge/scratch/users/h61084/codes/tsrag_time/outputs/tsrag/predictions/test/chronos2_max/current_velocity/5T/long/run_0 source_launch=selena_3584841 launch_id=selena_3584841 slurm_job_id=3584841 launched_at=2026-09-28T12:46:32.602097+00:00
TIME run allocation action=skip run=/fslarge/scratch/users/h61084/codes/tsrag_time/outputs/tsrag/predictions/validation/chronos2_max/current_velocity/10T/short/run_0 source_launch=selena_3584841 launch_id=selena_3584841 slurm_job_id=3584841 launched_at=2026-09-28T12:46:32.608566+00:00
TIME run allocation action=skip run=/fslarge/scratch/users/h61084/codes/tsrag_time/outputs/tsrag/predictions/test/chronos2_max/current_velocity/10T/short/run_0 source_launch=selena_3584841 launch_id=selena_3584841 slurm_job_id=3584841 launched_at=2026-09-28T12:46:32.614884+00:00
TIME run allocation action=skip run=/fslarge/scratch/users/h61084/codes/tsrag_time/outputs/tsrag/predictions/validation/chronos2_max/current_velocity/10T/medium/run_0 source_launch=selena_3584841 launch_id=selena_3584841 slurm_job_id=3584841 launched_at=2026-09-28T12:46:32.621162+00:00
TIME run allocation action=skip run=/fslarge/scratch/users/h61084/codes/tsrag_time/outputs/tsrag/predictions/test/chronos2_max/current_velocity/10T/medium/run_0 source_launch=selena_3584841 launch_id=selena_3584841 slurm_job_id=3584841 launched_at=2026-09-28T12:46:32.627428+00:00
TIME run allocation action=skip run=/fslarge/scratch/users/h61084/codes/tsrag_time/outputs/tsrag/predictions/validation/chronos2_max/current_velocity/10T/long/run_0 source_launch=selena_3584841 launch_id=selena_3584841 slurm_job_id=3584841 launched_at=2026-09-28T12:46:32.633868+00:00
TIME run allocation action=skip run=/fslarge/scratch/users/h61084/codes/tsrag_time/outputs/tsrag/predictions/test/chronos2_max/current_velocity/10T/long/run_0 source_launch=selena_3584841 launch_id=selena_3584841 slurm_job_id=3584841 launched_at=2026-09-28T12:46:32.640190+00:00
TIME run allocation action=skip run=/fslarge/scratch/users/h61084/codes/tsrag_time/outputs/tsrag/predictions/validation/chronos2_max/current_velocity/15T/short/run_0 source_launch=selena_3584841 launch_id=selena_3584841 slurm_job_id=3584841 launched_at=2026-09-28T12:46:32.646441+00:00
TIME run allocation action=skip run=/fslarge/scratch/users/h61084/codes/tsrag_time/outputs/tsrag/predictions/test/chronos2_max/current_velocity/15T/short/run_0 source_launch=selena_3584841 launch_id=selena_3584841 slurm_job_id=3584841 launched_at=2026-09-28T12:46:32.652719+00:00
TIME run allocation action=skip run=/fslarge/scratch/users/h61084/codes/tsrag_time/outputs/tsrag/predictions/validation/chronos2_max/current_velocity/15T/medium/run_0 source_launch=selena_3584841 launch_id=selena_3584841 slurm_job_id=3584841 launched_at=2026-09-28T12:46:32.659119+00:00
TIME run allocation action=skip run=/fslarge/scratch/users/h61084/codes/tsrag_time/outputs/tsrag/predictions/test/chronos2_max/current_velocity/15T/medium/run_0 source_launch=selena_3584841 launch_id=selena_3584841 slurm_job_id=3584841 launched_at=2026-09-28T12:46:32.665582+00:00
TIME run allocation action=skip run=/fslarge/scratch/users/h61084/codes/tsrag_time/outputs/tsrag/predictions/validation/chronos2_max/current_velocity/15T/long/run_0 source_launch=selena_3584841 launch_id=selena_3584841 slurm_job_id=3584841 launched_at=2026-09-28T12:46:32.671847+00:00
TIME run allocation action=skip run=/fslarge/scratch/users/h61084/codes/tsrag_time/outputs/tsrag/predictions/test/chronos2_max/current_velocity/15T/long/run_0 source_launch=selena_3584841 launch_id=selena_3584841 slurm_job_id=3584841 launched_at=2026-09-28T12:46:32.678134+00:00
TIME run allocation action=skip run=/fslarge/scratch/users/h61084/codes/tsrag_time/outputs/tsrag/predictions/validation/chronos2_max/current_velocity/H/short/run_0 source_launch=selena_3584841 launch_id=selena_3584841 slurm_job_id=3584841 launched_at=2026-09-28T12:46:32.684547+00:00
TIME run allocation action=skip run=/fslarge/scratch/users/h61084/codes/tsrag_time/outputs/tsrag/predictions/test/chronos2_max/current_velocity/H/short/run_0 source_launch=selena_3584841 launch_id=selena_3584841 slurm_job_id=3584841 launched_at=2026-09-28T12:46:32.690767+00:00
TIME run allocation action=skip run=/fslarge/scratch/users/h61084/codes/tsrag_time/outputs/tsrag/predictions/validation/chronos2_max/current_velocity/H/medium/run_0 source_launch=selena_3584841 launch_id=selena_3584841 slurm_job_id=3584841 launched_at=2026-09-28T12:46:32.696877+00:00
TIME run allocation action=skip run=/fslarge/scratch/users/h61084/codes/tsrag_time/outputs/tsrag/predictions/test/chronos2_max/current_velocity/H/medium/run_0 source_launch=selena_3584841 launch_id=selena_3584841 slurm_job_id=3584841 launched_at=2026-09-28T12:46:32.703313+00:00
TIME run allocation action=skip run=/fslarge/scratch/users/h61084/codes/tsrag_time/outputs/tsrag/predictions/validation/chronos2_max/current_velocity/H/long/run_0 source_launch=selena_3584841 launch_id=selena_3584841 slurm_job_id=3584841 launched_at=2026-09-28T12:46:32.709496+00:00
TIME run allocation action=skip run=/fslarge/scratch/users/h61084/codes/tsrag_time/outputs/tsrag/predictions/test/chronos2_max/current_velocity/H/long/run_0 source_launch=selena_3584841 launch_id=selena_3584841 slurm_job_id=3584841 launched_at=2026-09-28T12:46:32.715900+00:00
TIME run allocation action=skip run=/fslarge/scratch/users/h61084/codes/tsrag_time/outputs/tsrag/predictions/validation/chronos2_max/CPHL/15T/short/run_0 source_launch=selena_3584841 launch_id=selena_3584841 slurm_job_id=3584841 launched_at=2026-09-28T12:46:32.722258+00:00
TIME run allocation action=skip run=/fslarge/scratch/users/h61084/codes/tsrag_time/outputs/tsrag/predictions/test/chronos2_max/CPHL/15T/short/run_0 source_launch=selena_3584841 launch_id=selena_3584841 slurm_job_id=3584841 launched_at=2026-09-28T12:46:32.728574+00:00
TIME run allocation action=skip run=/fslarge/scratch/users/h61084/codes/tsrag_time/outputs/tsrag/predictions/validation/chronos2_max/CPHL/15T/medium/run_0 source_launch=selena_3584841 launch_id=selena_3584841 slurm_job_id=3584841 launched_at=2026-09-28T12:46:32.734691+00:00
TIME run allocation action=skip run=/fslarge/scratch/users/h61084/codes/tsrag_time/outputs/tsrag/predictions/test/chronos2_max/CPHL/15T/medium/run_0 source_launch=selena_3584841 launch_id=selena_3584841 slurm_job_id=3584841 launched_at=2026-09-28T12:46:32.740960+00:00
TIME run allocation action=skip run=/fslarge/scratch/users/h61084/codes/tsrag_time/outputs/tsrag/predictions/validation/chronos2_max/CPHL/15T/long/run_0 source_launch=selena_3584841 launch_id=selena_3584841 slurm_job_id=3584841 launched_at=2026-09-28T12:46:32.747172+00:00
TIME run allocation action=skip run=/fslarge/scratch/users/h61084/codes/tsrag_time/outputs/tsrag/predictions/test/chronos2_max/CPHL/15T/long/run_0 source_launch=selena_3584841 launch_id=selena_3584841 slurm_job_id=3584841 launched_at=2026-09-28T12:46:32.753573+00:00
TIME run allocation action=skip run=/fslarge/scratch/users/h61084/codes/tsrag_time/outputs/tsrag/predictions/validation/chronos2_max/CPHL/30T/short/run_0 source_launch=selena_3584841 launch_id=selena_3584841 slurm_job_id=3584841 launched_at=2026-09-28T12:46:32.759700+00:00
TIME run allocation action=skip run=/fslarge/scratch/users/h61084/codes/tsrag_time/outputs/tsrag/predictions/test/chronos2_max/CPHL/30T/short/run_0 source_launch=selena_3584841 launch_id=selena_3584841 slurm_job_id=3584841 launched_at=2026-09-28T12:46:32.766003+00:00
TIME run allocation action=skip run=/fslarge/scratch/users/h61084/codes/tsrag_time/outputs/tsrag/predictions/validation/chronos2_max/CPHL/30T/medium/run_0 source_launch=selena_3584841 launch_id=selena_3584841 slurm_job_id=3584841 launched_at=2026-09-28T12:46:32.772077+00:00
TIME run allocation action=skip run=/fslarge/scratch/users/h61084/codes/tsrag_time/outputs/tsrag/predictions/test/chronos2_max/CPHL/30T/medium/run_0 source_launch=selena_3584841 launch_id=selena_3584841 slurm_job_id=3584841 launched_at=2026-09-28T12:46:32.778423+00:00
TIME run allocation action=skip run=/fslarge/scratch/users/h61084/codes/tsrag_time/outputs/tsrag/predictions/validation/chronos2_max/CPHL/30T/long/run_0 source_launch=selena_3584841 launch_id=selena_3584841 slurm_job_id=3584841 launched_at=2026-09-28T12:46:32.784679+00:00
TIME run allocation action=skip run=/fslarge/scratch/users/h61084/codes/tsrag_time/outputs/tsrag/predictions/test/chronos2_max/CPHL/30T/long/run_0 source_launch=selena_3584841 launch_id=selena_3584841 slurm_job_id=3584841 launched_at=2026-09-28T12:46:32.790897+00:00
TIME run allocation action=skip run=/fslarge/scratch/users/h61084/codes/tsrag_time/outputs/tsrag/predictions/validation/chronos2_max/CPHL/H/short/run_0 source_launch=selena_3584841 launch_id=selena_3584841 slurm_job_id=3584841 launched_at=2026-09-28T12:46:32.797201+00:00
TIME run allocation action=skip run=/fslarge/scratch/users/h61084/codes/tsrag_time/outputs/tsrag/predictions/test/chronos2_max/CPHL/H/short/run_0 source_launch=selena_3584841 launch_id=selena_3584841 slurm_job_id=3584841 launched_at=2026-09-28T12:46:32.803234+00:00
TIME run allocation action=skip run=/fslarge/scratch/users/h61084/codes/tsrag_time/outputs/tsrag/predictions/validation/chronos2_max/CPHL/H/medium/run_0 source_launch=selena_3584841 launch_id=selena_3584841 slurm_job_id=3584841 launched_at=2026-09-28T12:46:32.809492+00:00
TIME run allocation action=skip run=/fslarge/scratch/users/h61084/codes/tsrag_time/outputs/tsrag/predictions/test/chronos2_max/CPHL/H/medium/run_0 source_launch=selena_3584841 launch_id=selena_3584841 slurm_job_id=3584841 launched_at=2026-09-28T12:46:32.815819+00:00
TIME run allocation action=skip run=/fslarge/scratch/users/h61084/codes/tsrag_time/outputs/tsrag/predictions/validation/chronos2_max/CPHL/H/long/run_0 source_launch=selena_3584841 launch_id=selena_3584841 slurm_job_id=3584841 launched_at=2026-09-28T12:46:32.821844+00:00
TIME run allocation action=skip run=/fslarge/scratch/users/h61084/codes/tsrag_time/outputs/tsrag/predictions/test/chronos2_max/CPHL/H/long/run_0 source_launch=selena_3584841 launch_id=selena_3584841 slurm_job_id=3584841 launched_at=2026-09-28T12:46:32.828077+00:00
TIME run allocation action=skip run=/fslarge/scratch/users/h61084/codes/tsrag_time/outputs/tsrag/predictions/validation/chronos2_max/Coastal_T_S/15T/short/run_0 source_launch=selena_3584841 launch_id=selena_3584841 slurm_job_id=3584841 launched_at=2026-09-28T12:46:32.834241+00:00
TIME run allocation action=skip run=/fslarge/scratch/users/h61084/codes/tsrag_time/outputs/tsrag/predictions/test/chronos2_max/Coastal_T_S/15T/short/run_0 source_launch=selena_3584841 launch_id=selena_3584841 slurm_job_id=3584841 launched_at=2026-09-28T12:46:32.840235+00:00
TIME run allocation action=skip run=/fslarge/scratch/users/h61084/codes/tsrag_time/outputs/tsrag/predictions/validation/chronos2_max/Coastal_T_S/15T/medium/run_0 source_launch=selena_3584841 launch_id=selena_3584841 slurm_job_id=3584841 launched_at=2026-09-28T12:46:32.846647+00:00
TIME run allocation action=skip run=/fslarge/scratch/users/h61084/codes/tsrag_time/outputs/tsrag/predictions/test/chronos2_max/Coastal_T_S/15T/medium/run_0 source_launch=selena_3584841 launch_id=selena_3584841 slurm_job_id=3584841 launched_at=2026-09-28T12:46:32.852964+00:00
TIME run allocation action=skip run=/fslarge/scratch/users/h61084/codes/tsrag_time/outputs/tsrag/predictions/validation/chronos2_max/Coastal_T_S/15T/long/run_0 source_launch=selena_3584841 launch_id=selena_3584841 slurm_job_id=3584841 launched_at=2026-09-28T12:46:32.859279+00:00
TIME run allocation action=skip run=/fslarge/scratch/users/h61084/codes/tsrag_time/outputs/tsrag/predictions/test/chronos2_max/Coastal_T_S/15T/long/run_0 source_launch=selena_3584841 launch_id=selena_3584841 slurm_job_id=3584841 launched_at=2026-09-28T12:46:32.865514+00:00
TIME run allocation action=skip run=/fslarge/scratch/users/h61084/codes/tsrag_time/outputs/tsrag/predictions/validation/chronos2_max/Coastal_T_S/20T/short/run_0 source_launch=selena_3584841 launch_id=selena_3584841 slurm_job_id=3584841 launched_at=2026-09-28T12:46:32.871789+00:00
TIME run allocation action=skip run=/fslarge/scratch/users/h61084/codes/tsrag_time/outputs/tsrag/predictions/test/chronos2_max/Coastal_T_S/20T/short/run_0 source_launch=selena_3584841 launch_id=selena_3584841 slurm_job_id=3584841 launched_at=2026-09-28T12:46:32.878004+00:00
TIME run allocation action=skip run=/fslarge/scratch/users/h61084/codes/tsrag_time/outputs/tsrag/predictions/validation/chronos2_max/Coastal_T_S/20T/medium/run_0 source_launch=selena_3584841 launch_id=selena_3584841 slurm_job_id=3584841 launched_at=2026-09-28T12:46:32.884163+00:00
TIME run allocation action=skip run=/fslarge/scratch/users/h61084/codes/tsrag_time/outputs/tsrag/predictions/test/chronos2_max/Coastal_T_S/20T/medium/run_0 source_launch=selena_3584841 launch_id=selena_3584841 slurm_job_id=3584841 launched_at=2026-09-28T12:46:32.890523+00:00
TIME run allocation action=skip run=/fslarge/scratch/users/h61084/codes/tsrag_time/outputs/tsrag/predictions/validation/chronos2_max/Coastal_T_S/20T/long/run_0 source_launch=selena_3584841 launch_id=selena_3584841 slurm_job_id=3584841 launched_at=2026-09-28T12:46:32.896731+00:00
TIME run allocation action=skip run=/fslarge/scratch/users/h61084/codes/tsrag_time/outputs/tsrag/predictions/test/chronos2_max/Coastal_T_S/20T/long/run_0 source_launch=selena_3584841 launch_id=selena_3584841 slurm_job_id=3584841 launched_at=2026-09-28T12:46:32.902883+00:00
TIME run allocation action=skip run=/fslarge/scratch/users/h61084/codes/tsrag_time/outputs/tsrag/predictions/validation/chronos2_max/Coastal_T_S/H/short/run_0 source_launch=selena_3584841 launch_id=selena_3584841 slurm_job_id=3584841 launched_at=2026-09-28T12:46:32.909132+00:00
TIME run allocation action=skip run=/fslarge/scratch/users/h61084/codes/tsrag_time/outputs/tsrag/predictions/test/chronos2_max/Coastal_T_S/H/short/run_0 source_launch=selena_3584841 launch_id=selena_3584841 slurm_job_id=3584841 launched_at=2026-09-28T12:46:32.915234+00:00
TIME run allocation action=skip run=/fslarge/scratch/users/h61084/codes/tsrag_time/outputs/tsrag/predictions/validation/chronos2_max/Coastal_T_S/H/medium/run_0 source_launch=selena_3584841 launch_id=selena_3584841 slurm_job_id=3584841 launched_at=2026-09-28T12:46:32.921805+00:00
TIME run allocation action=skip run=/fslarge/scratch/users/h61084/codes/tsrag_time/outputs/tsrag/predictions/test/chronos2_max/Coastal_T_S/H/medium/run_0 source_launch=selena_3584841 launch_id=selena_3584841 slurm_job_id=3584841 launched_at=2026-09-28T12:46:32.928129+00:00
TIME run allocation action=skip run=/fslarge/scratch/users/h61084/codes/tsrag_time/outputs/tsrag/predictions/validation/chronos2_max/Coastal_T_S/H/long/run_0 source_launch=selena_3584841 launch_id=selena_3584841 slurm_job_id=3584841 launched_at=2026-09-28T12:46:32.934315+00:00
TIME run allocation action=skip run=/fslarge/scratch/users/h61084/codes/tsrag_time/outputs/tsrag/predictions/test/chronos2_max/Coastal_T_S/H/long/run_0 source_launch=selena_3584841 launch_id=selena_3584841 slurm_job_id=3584841 launched_at=2026-09-28T12:46:32.940468+00:00
TIME run allocation action=skip run=/fslarge/scratch/users/h61084/codes/tsrag_time/outputs/tsrag/predictions/validation/chronos2_max/SG_Weather/D/short/run_0 source_launch=selena_3584841 launch_id=selena_3584841 slurm_job_id=3584841 launched_at=2026-09-28T12:46:32.946754+00:00
TIME run allocation action=skip run=/fslarge/scratch/users/h61084/codes/tsrag_time/outputs/tsrag/predictions/test/chronos2_max/SG_Weather/D/short/run_0 source_launch=selena_3584841 launch_id=selena_3584841 slurm_job_id=3584841 launched_at=2026-09-28T12:46:32.953022+00:00
TIME run allocation action=skip run=/fslarge/scratch/users/h61084/codes/tsrag_time/outputs/tsrag/predictions/validation/chronos2_max/SG_Weather/D/medium/run_0 source_launch=selena_3584841 launch_id=selena_3584841 slurm_job_id=3584841 launched_at=2026-09-28T12:46:32.959174+00:00
TIME run allocation action=skip run=/fslarge/scratch/users/h61084/codes/tsrag_time/outputs/tsrag/predictions/test/chronos2_max/SG_Weather/D/medium/run_0 source_launch=selena_3584841 launch_id=selena_3584841 slurm_job_id=3584841 launched_at=2026-09-28T12:46:32.965545+00:00
TIME run allocation action=skip run=/fslarge/scratch/users/h61084/codes/tsrag_time/outputs/tsrag/predictions/validation/chronos2_max/SG_Weather/D/long/run_0 source_launch=selena_3584841 launch_id=selena_3584841 slurm_job_id=3584841 launched_at=2026-09-28T12:46:32.971795+00:00
TIME run allocation action=skip run=/fslarge/scratch/users/h61084/codes/tsrag_time/outputs/tsrag/predictions/test/chronos2_max/SG_Weather/D/long/run_0 source_launch=selena_3584841 launch_id=selena_3584841 slurm_job_id=3584841 launched_at=2026-09-28T12:46:32.978247+00:00
TIME run allocation action=skip run=/fslarge/scratch/users/h61084/codes/tsrag_time/outputs/tsrag/predictions/validation/chronos2_max/SG_PM25/H/short/run_0 source_launch=selena_3584841 launch_id=selena_3584841 slurm_job_id=3584841 launched_at=2026-09-28T12:46:32.984403+00:00
TIME run allocation action=skip run=/fslarge/scratch/users/h61084/codes/tsrag_time/outputs/tsrag/predictions/test/chronos2_max/SG_PM25/H/short/run_0 source_launch=selena_3584841 launch_id=selena_3584841 slurm_job_id=3584841 launched_at=2026-09-28T12:46:32.990527+00:00
TIME run allocation action=skip run=/fslarge/scratch/users/h61084/codes/tsrag_time/outputs/tsrag/predictions/validation/chronos2_max/SG_PM25/H/medium/run_0 source_launch=selena_3584841 launch_id=selena_3584841 slurm_job_id=3584841 launched_at=2026-09-28T12:46:32.996816+00:00
TIME run allocation action=skip run=/fslarge/scratch/users/h61084/codes/tsrag_time/outputs/tsrag/predictions/test/chronos2_max/SG_PM25/H/medium/run_0 source_launch=selena_3584841 launch_id=selena_3584841 slurm_job_id=3584841 launched_at=2026-09-28T12:46:33.002922+00:00
TIME run allocation action=skip run=/fslarge/scratch/users/h61084/codes/tsrag_time/outputs/tsrag/predictions/validation/chronos2_max/SG_PM25/H/long/run_0 source_launch=selena_3584841 launch_id=selena_3584841 slurm_job_id=3584841 launched_at=2026-09-28T12:46:33.009228+00:00
TIME run allocation action=skip run=/fslarge/scratch/users/h61084/codes/tsrag_time/outputs/tsrag/predictions/test/chronos2_max/SG_PM25/H/long/run_0 source_launch=selena_3584841 launch_id=selena_3584841 slurm_job_id=3584841 launched_at=2026-09-28T12:46:33.015491+00:00
TIME run allocation action=skip run=/fslarge/scratch/users/h61084/codes/tsrag_time/outputs/tsrag/predictions/validation/chronos2_max/NE_China_Wind/H/short/run_0 source_launch=selena_3584841 launch_id=selena_3584841 slurm_job_id=3584841 launched_at=2026-09-28T12:46:33.021596+00:00
TIME run allocation action=skip run=/fslarge/scratch/users/h61084/codes/tsrag_time/outputs/tsrag/predictions/test/chronos2_max/NE_China_Wind/H/short/run_0 source_launch=selena_3584841 launch_id=selena_3584841 slurm_job_id=3584841 launched_at=2026-09-28T12:46:33.027864+00:00
TIME run allocation action=skip run=/fslarge/scratch/users/h61084/codes/tsrag_time/outputs/tsrag/predictions/validation/chronos2_max/NE_China_Wind/H/medium/run_0 source_launch=selena_3584841 launch_id=selena_3584841 slurm_job_id=3584841 launched_at=2026-09-28T12:46:33.034363+00:00
TIME run allocation action=skip run=/fslarge/scratch/users/h61084/codes/tsrag_time/outputs/tsrag/predictions/test/chronos2_max/NE_China_Wind/H/medium/run_0 source_launch=selena_3584841 launch_id=selena_3584841 slurm_job_id=3584841 launched_at=2026-09-28T12:46:33.040527+00:00
TIME run allocation action=skip run=/fslarge/scratch/users/h61084/codes/tsrag_time/outputs/tsrag/predictions/validation/chronos2_max/NE_China_Wind/H/long/run_0 source_launch=selena_3584841 launch_id=selena_3584841 slurm_job_id=3584841 launched_at=2026-09-28T12:46:33.046799+00:00
TIME run allocation action=skip run=/fslarge/scratch/users/h61084/codes/tsrag_time/outputs/tsrag/predictions/test/chronos2_max/NE_China_Wind/H/long/run_0 source_launch=selena_3584841 launch_id=selena_3584841 slurm_job_id=3584841 launched_at=2026-09-28T12:46:33.053093+00:00
TIME run allocation action=skip run=/fslarge/scratch/users/h61084/codes/tsrag_time/outputs/tsrag/predictions/validation/chronos2_max/Australia_Solar/H/short/run_0 source_launch=selena_3584841 launch_id=selena_3584841 slurm_job_id=3584841 launched_at=2026-09-28T12:46:33.059350+00:00
TIME run allocation action=skip run=/fslarge/scratch/users/h61084/codes/tsrag_time/outputs/tsrag/predictions/test/chronos2_max/Australia_Solar/H/short/run_0 source_launch=selena_3584841 launch_id=selena_3584841 slurm_job_id=3584841 launched_at=2026-09-28T12:46:33.065557+00:00
TIME run allocation action=skip run=/fslarge/scratch/users/h61084/codes/tsrag_time/outputs/tsrag/predictions/validation/chronos2_max/Australia_Solar/H/medium/run_0 source_launch=selena_3584841 launch_id=selena_3584841 slurm_job_id=3584841 launched_at=2026-09-28T12:46:33.071808+00:00
TIME run allocation action=skip run=/fslarge/scratch/users/h61084/codes/tsrag_time/outputs/tsrag/predictions/test/chronos2_max/Australia_Solar/H/medium/run_0 source_launch=selena_3584841 launch_id=selena_3584841 slurm_job_id=3584841 launched_at=2026-09-28T12:46:33.079377+00:00
TIME run allocation action=skip run=/fslarge/scratch/users/h61084/codes/tsrag_time/outputs/tsrag/predictions/validation/chronos2_max/Australia_Solar/H/long/run_0 source_launch=selena_3584841 launch_id=selena_3584841 slurm_job_id=3584841 launched_at=2026-09-28T12:46:33.085788+00:00
TIME run allocation action=skip run=/fslarge/scratch/users/h61084/codes/tsrag_time/outputs/tsrag/predictions/test/chronos2_max/Australia_Solar/H/long/run_0 source_launch=selena_3584841 launch_id=selena_3584841 slurm_job_id=3584841 launched_at=2026-09-28T12:46:33.092451+00:00
TIME run allocation action=skip run=/fslarge/scratch/users/h61084/codes/tsrag_time/outputs/tsrag/predictions/validation/chronos2_max/epf_electricity_price/H/short/run_0 source_launch=selena_3584841 launch_id=selena_3584841 slurm_job_id=3584841 launched_at=2026-09-28T12:46:33.099315+00:00
TIME run allocation action=skip run=/fslarge/scratch/users/h61084/codes/tsrag_time/outputs/tsrag/predictions/test/chronos2_max/epf_electricity_price/H/short/run_0 source_launch=selena_3584841 launch_id=selena_3584841 slurm_job_id=3584841 launched_at=2026-09-28T12:46:33.105691+00:00
TIME run allocation action=skip run=/fslarge/scratch/users/h61084/codes/tsrag_time/outputs/tsrag/predictions/validation/chronos2_max/epf_electricity_price/H/medium/run_0 source_launch=selena_3584841 launch_id=selena_3584841 slurm_job_id=3584841 launched_at=2026-09-28T12:46:33.112120+00:00
TIME run allocation action=skip run=/fslarge/scratch/users/h61084/codes/tsrag_time/outputs/tsrag/predictions/test/chronos2_max/epf_electricity_price/H/medium/run_0 source_launch=selena_3584841 launch_id=selena_3584841 slurm_job_id=3584841 launched_at=2026-09-28T12:46:33.119149+00:00
TIME run allocation action=skip run=/fslarge/scratch/users/h61084/codes/tsrag_time/outputs/tsrag/predictions/validation/chronos2_max/epf_electricity_price/H/long/run_0 source_launch=selena_3584841 launch_id=selena_3584841 slurm_job_id=3584841 launched_at=2026-09-28T12:46:33.125539+00:00
TIME run allocation action=skip run=/fslarge/scratch/users/h61084/codes/tsrag_time/outputs/tsrag/predictions/test/chronos2_max/epf_electricity_price/H/long/run_0 source_launch=selena_3584841 launch_id=selena_3584841 slurm_job_id=3584841 launched_at=2026-09-28T12:46:33.132418+00:00
TIME run allocation action=skip run=/fslarge/scratch/users/h61084/codes/tsrag_time/outputs/tsrag/predictions/validation/chronos2_max/OpenElectricity_NEM/5T/short/run_0 source_launch=selena_3584841 launch_id=selena_3584841 slurm_job_id=3584841 launched_at=2026-09-28T12:46:33.139383+00:00
TIME run allocation action=skip run=/fslarge/scratch/users/h61084/codes/tsrag_time/outputs/tsrag/predictions/test/chronos2_max/OpenElectricity_NEM/5T/short/run_0 source_launch=selena_3584841 launch_id=selena_3584841 slurm_job_id=3584841 launched_at=2026-09-28T12:46:33.145952+00:00
TIME run allocation action=skip run=/fslarge/scratch/users/h61084/codes/tsrag_time/outputs/tsrag/predictions/validation/chronos2_max/OpenElectricity_NEM/5T/medium/run_0 source_launch=selena_3584841 launch_id=selena_3584841 slurm_job_id=3584841 launched_at=2026-09-28T12:46:33.152468+00:00
TIME run allocation action=skip run=/fslarge/scratch/users/h61084/codes/tsrag_time/outputs/tsrag/predictions/test/chronos2_max/OpenElectricity_NEM/5T/medium/run_0 source_launch=selena_3584841 launch_id=selena_3584841 slurm_job_id=3584841 launched_at=2026-09-28T12:46:33.159768+00:00
TIME run allocation action=skip run=/fslarge/scratch/users/h61084/codes/tsrag_time/outputs/tsrag/predictions/validation/chronos2_max/OpenElectricity_NEM/5T/long/run_0 source_launch=selena_3584841 launch_id=selena_3584841 slurm_job_id=3584841 launched_at=2026-09-28T12:46:33.166202+00:00
TIME run allocation action=skip run=/fslarge/scratch/users/h61084/codes/tsrag_time/outputs/tsrag/predictions/test/chronos2_max/OpenElectricity_NEM/5T/long/run_0 source_launch=selena_3584841 launch_id=selena_3584841 slurm_job_id=3584841 launched_at=2026-09-28T12:46:33.172483+00:00
TIME run allocation action=skip run=/fslarge/scratch/users/h61084/codes/tsrag_time/outputs/tsrag/predictions/validation/chronos2_max/EWELD_Load/15T/short/run_0 source_launch=selena_3584841 launch_id=selena_3584841 slurm_job_id=3584841 launched_at=2026-09-28T12:46:33.178920+00:00
TIME run allocation action=skip run=/fslarge/scratch/users/h61084/codes/tsrag_time/outputs/tsrag/predictions/test/chronos2_max/EWELD_Load/15T/short/run_0 source_launch=selena_3584841 launch_id=selena_3584841 slurm_job_id=3584841 launched_at=2026-09-28T12:46:33.185369+00:00
TIME run allocation action=skip run=/fslarge/scratch/users/h61084/codes/tsrag_time/outputs/tsrag/predictions/validation/chronos2_max/EWELD_Load/15T/medium/run_0 source_launch=selena_3584841 launch_id=selena_3584841 slurm_job_id=3584841 launched_at=2026-09-28T12:46:33.191652+00:00
TIME run allocation action=skip run=/fslarge/scratch/users/h61084/codes/tsrag_time/outputs/tsrag/predictions/test/chronos2_max/EWELD_Load/15T/medium/run_0 source_launch=selena_3584841 launch_id=selena_3584841 slurm_job_id=3584841 launched_at=2026-09-28T12:46:33.197973+00:00
TIME run allocation action=skip run=/fslarge/scratch/users/h61084/codes/tsrag_time/outputs/tsrag/predictions/validation/chronos2_max/EWELD_Load/15T/long/run_0 source_launch=selena_3584841 launch_id=selena_3584841 slurm_job_id=3584841 launched_at=2026-09-28T12:46:33.204292+00:00
TIME run allocation action=skip run=/fslarge/scratch/users/h61084/codes/tsrag_time/outputs/tsrag/predictions/test/chronos2_max/EWELD_Load/15T/long/run_0 source_launch=selena_3584841 launch_id=selena_3584841 slurm_job_id=3584841 launched_at=2026-09-28T12:46:33.210498+00:00
TIME run allocation action=skip run=/fslarge/scratch/users/h61084/codes/tsrag_time/outputs/tsrag/predictions/validation/chronos2_max/SG_Carpark/15T/short/run_0 source_launch=selena_3584841 launch_id=selena_3584841 slurm_job_id=3584841 launched_at=2026-09-28T12:46:33.216608+00:00
TIME run allocation action=skip run=/fslarge/scratch/users/h61084/codes/tsrag_time/outputs/tsrag/predictions/test/chronos2_max/SG_Carpark/15T/short/run_0 source_launch=selena_3584841 launch_id=selena_3584841 slurm_job_id=3584841 launched_at=2026-09-28T12:46:33.222847+00:00
TIME run allocation action=skip run=/fslarge/scratch/users/h61084/codes/tsrag_time/outputs/tsrag/predictions/validation/chronos2_max/SG_Carpark/15T/medium/run_0 source_launch=selena_3584841 launch_id=selena_3584841 slurm_job_id=3584841 launched_at=2026-09-28T12:46:33.229198+00:00
TIME run allocation action=skip run=/fslarge/scratch/users/h61084/codes/tsrag_time/outputs/tsrag/predictions/test/chronos2_max/SG_Carpark/15T/medium/run_0 source_launch=selena_3584841 launch_id=selena_3584841 slurm_job_id=3584841 launched_at=2026-09-28T12:46:33.235410+00:00
TIME run allocation action=skip run=/fslarge/scratch/users/h61084/codes/tsrag_time/outputs/tsrag/predictions/validation/chronos2_max/SG_Carpark/15T/long/run_0 source_launch=selena_3584841 launch_id=selena_3584841 slurm_job_id=3584841 launched_at=2026-09-28T12:46:33.241723+00:00
TIME run allocation action=skip run=/fslarge/scratch/users/h61084/codes/tsrag_time/outputs/tsrag/predictions/test/chronos2_max/SG_Carpark/15T/long/run_0 source_launch=selena_3584841 launch_id=selena_3584841 slurm_job_id=3584841 launched_at=2026-09-28T12:46:33.247822+00:00
TIME run allocation action=skip run=/fslarge/scratch/users/h61084/codes/tsrag_time/outputs/tsrag/predictions/validation/chronos2_max/Finland_Traffic/15T/short/run_0 source_launch=selena_3584841 launch_id=selena_3584841 slurm_job_id=3584841 launched_at=2026-09-28T12:46:33.254112+00:00
TIME run allocation action=skip run=/fslarge/scratch/users/h61084/codes/tsrag_time/outputs/tsrag/predictions/test/chronos2_max/Finland_Traffic/15T/short/run_0 source_launch=selena_3584841 launch_id=selena_3584841 slurm_job_id=3584841 launched_at=2026-09-28T12:46:33.260467+00:00
TIME run allocation action=skip run=/fslarge/scratch/users/h61084/codes/tsrag_time/outputs/tsrag/predictions/validation/chronos2_max/Finland_Traffic/15T/medium/run_0 source_launch=selena_3584841 launch_id=selena_3584841 slurm_job_id=3584841 launched_at=2026-09-28T12:46:33.266732+00:00
TIME run allocation action=skip run=/fslarge/scratch/users/h61084/codes/tsrag_time/outputs/tsrag/predictions/test/chronos2_max/Finland_Traffic/15T/medium/run_0 source_launch=selena_3584841 launch_id=selena_3584841 slurm_job_id=3584841 launched_at=2026-09-28T12:46:33.272977+00:00
TIME run allocation action=skip run=/fslarge/scratch/users/h61084/codes/tsrag_time/outputs/tsrag/predictions/validation/chronos2_max/Finland_Traffic/15T/long/run_0 source_launch=selena_3584841 launch_id=selena_3584841 slurm_job_id=3584841 launched_at=2026-09-28T12:46:33.279229+00:00
TIME run allocation action=skip run=/fslarge/scratch/users/h61084/codes/tsrag_time/outputs/tsrag/predictions/test/chronos2_max/Finland_Traffic/15T/long/run_0 source_launch=selena_3584841 launch_id=selena_3584841 slurm_job_id=3584841 launched_at=2026-09-28T12:46:33.285438+00:00
TIME run allocation action=skip run=/fslarge/scratch/users/h61084/codes/tsrag_time/outputs/tsrag/predictions/validation/chronos2_max/Port_Activity/D/short/run_0 source_launch=selena_3584841 launch_id=selena_3584841 slurm_job_id=3584841 launched_at=2026-09-28T12:46:33.291584+00:00
TIME run allocation action=skip run=/fslarge/scratch/users/h61084/codes/tsrag_time/outputs/tsrag/predictions/test/chronos2_max/Port_Activity/D/short/run_0 source_launch=selena_3584841 launch_id=selena_3584841 slurm_job_id=3584841 launched_at=2026-09-28T12:46:33.297931+00:00
TIME run allocation action=skip run=/fslarge/scratch/users/h61084/codes/tsrag_time/outputs/tsrag/predictions/validation/chronos2_max/Port_Activity/W/short/run_0 source_launch=selena_3584841 launch_id=selena_3584841 slurm_job_id=3584841 launched_at=2026-09-28T12:46:33.304181+00:00
TIME run allocation action=skip run=/fslarge/scratch/users/h61084/codes/tsrag_time/outputs/tsrag/predictions/test/chronos2_max/Port_Activity/W/short/run_0 source_launch=selena_3584841 launch_id=selena_3584841 slurm_job_id=3584841 launched_at=2026-09-28T12:46:33.310405+00:00
TIME run allocation action=skip run=/fslarge/scratch/users/h61084/codes/tsrag_time/outputs/tsrag/predictions/validation/chronos2_max/ECDC_COVID/D/short/run_0 source_launch=selena_3584841 launch_id=selena_3584841 slurm_job_id=3584841 launched_at=2026-09-28T12:46:33.316911+00:00
TIME run allocation action=skip run=/fslarge/scratch/users/h61084/codes/tsrag_time/outputs/tsrag/predictions/test/chronos2_max/ECDC_COVID/D/short/run_0 source_launch=selena_3584841 launch_id=selena_3584841 slurm_job_id=3584841 launched_at=2026-09-28T12:46:33.322968+00:00
TIME run allocation action=skip run=/fslarge/scratch/users/h61084/codes/tsrag_time/outputs/tsrag/predictions/validation/chronos2_max/ECDC_COVID/W/short/run_0 source_launch=selena_3584841 launch_id=selena_3584841 slurm_job_id=3584841 launched_at=2026-09-28T12:46:33.329168+00:00
TIME run allocation action=skip run=/fslarge/scratch/users/h61084/codes/tsrag_time/outputs/tsrag/predictions/test/chronos2_max/ECDC_COVID/W/short/run_0 source_launch=selena_3584841 launch_id=selena_3584841 slurm_job_id=3584841 launched_at=2026-09-28T12:46:33.335315+00:00
TIME run allocation action=skip run=/fslarge/scratch/users/h61084/codes/tsrag_time/outputs/tsrag/predictions/validation/chronos2_max/Global_Influenza/W/short/run_0 source_launch=selena_3584841 launch_id=selena_3584841 slurm_job_id=3584841 launched_at=2026-09-28T12:46:33.341551+00:00
TIME run allocation action=skip run=/fslarge/scratch/users/h61084/codes/tsrag_time/outputs/tsrag/predictions/test/chronos2_max/Global_Influenza/W/short/run_0 source_launch=selena_3584841 launch_id=selena_3584841 slurm_job_id=3584841 launched_at=2026-09-28T12:46:33.347725+00:00
TIME run allocation action=skip run=/fslarge/scratch/users/h61084/codes/tsrag_time/outputs/tsrag/predictions/validation/chronos2_max/Crypto/D/short/run_0 source_launch=selena_3584841 launch_id=selena_3584841 slurm_job_id=3584841 launched_at=2026-09-28T12:46:33.353987+00:00
TIME run allocation action=skip run=/fslarge/scratch/users/h61084/codes/tsrag_time/outputs/tsrag/predictions/test/chronos2_max/Crypto/D/short/run_0 source_launch=selena_3584841 launch_id=selena_3584841 slurm_job_id=3584841 launched_at=2026-09-28T12:46:33.360152+00:00
TIME run allocation action=skip run=/fslarge/scratch/users/h61084/codes/tsrag_time/outputs/tsrag/predictions/validation/chronos2_max/US_Term_Structure/B/short/run_0 source_launch=selena_3584841 launch_id=selena_3584841 slurm_job_id=3584841 launched_at=2026-09-28T12:46:33.366321+00:00
TIME run allocation action=skip run=/fslarge/scratch/users/h61084/codes/tsrag_time/outputs/tsrag/predictions/test/chronos2_max/US_Term_Structure/B/short/run_0 source_launch=selena_3584841 launch_id=selena_3584841 slurm_job_id=3584841 launched_at=2026-09-28T12:46:33.372369+00:00
TIME run allocation action=skip run=/fslarge/scratch/users/h61084/codes/tsrag_time/outputs/tsrag/predictions/validation/chronos2_max/Oil_Price/B/short/run_0 source_launch=selena_3584841 launch_id=selena_3584841 slurm_job_id=3584841 launched_at=2026-09-28T12:46:33.378368+00:00
TIME run allocation action=skip run=/fslarge/scratch/users/h61084/codes/tsrag_time/outputs/tsrag/predictions/test/chronos2_max/Oil_Price/B/short/run_0 source_launch=selena_3584841 launch_id=selena_3584841 slurm_job_id=3584841 launched_at=2026-09-28T12:46:33.384466+00:00
TIME run allocation action=skip run=/fslarge/scratch/users/h61084/codes/tsrag_time/outputs/tsrag/predictions/validation/chronos2_max/Job_Claims/W/short/run_0 source_launch=selena_3584841 launch_id=selena_3584841 slurm_job_id=3584841 launched_at=2026-09-28T12:46:33.390516+00:00
TIME run allocation action=skip run=/fslarge/scratch/users/h61084/codes/tsrag_time/outputs/tsrag/predictions/test/chronos2_max/Job_Claims/W/short/run_0 source_launch=selena_3584841 launch_id=selena_3584841 slurm_job_id=3584841 launched_at=2026-09-28T12:46:33.396707+00:00
TIME run allocation action=skip run=/fslarge/scratch/users/h61084/codes/tsrag_time/outputs/tsrag/predictions/validation/chronos2_max/Uncertainty_1M/M/short/run_0 source_launch=selena_3584841 launch_id=selena_3584841 slurm_job_id=3584841 launched_at=2026-09-28T12:46:33.402862+00:00
TIME run allocation action=skip run=/fslarge/scratch/users/h61084/codes/tsrag_time/outputs/tsrag/predictions/test/chronos2_max/Uncertainty_1M/M/short/run_0 source_launch=selena_3584841 launch_id=selena_3584841 slurm_job_id=3584841 launched_at=2026-09-28T12:46:33.409037+00:00
TIME run allocation action=skip run=/fslarge/scratch/users/h61084/codes/tsrag_time/outputs/tsrag/predictions/validation/chronos2_max/Housing_Inventory/M/short/run_0 source_launch=selena_3584841 launch_id=selena_3584841 slurm_job_id=3584841 launched_at=2026-09-28T12:46:33.415192+00:00
TIME run allocation action=skip run=/fslarge/scratch/users/h61084/codes/tsrag_time/outputs/tsrag/predictions/test/chronos2_max/Housing_Inventory/M/short/run_0 source_launch=selena_3584841 launch_id=selena_3584841 slurm_job_id=3584841 launched_at=2026-09-28T12:46:33.421270+00:00
TIME run allocation action=skip run=/fslarge/scratch/users/h61084/codes/tsrag_time/outputs/tsrag/predictions/validation/chronos2_max/JOLTS/M/short/run_0 source_launch=selena_3584841 launch_id=selena_3584841 slurm_job_id=3584841 launched_at=2026-09-28T12:46:33.427508+00:00
TIME run allocation action=skip run=/fslarge/scratch/users/h61084/codes/tsrag_time/outputs/tsrag/predictions/test/chronos2_max/JOLTS/M/short/run_0 source_launch=selena_3584841 launch_id=selena_3584841 slurm_job_id=3584841 launched_at=2026-09-28T12:46:33.433774+00:00
TIME run allocation action=skip run=/fslarge/scratch/users/h61084/codes/tsrag_time/outputs/tsrag/predictions/validation/chronos2_max/US_Labor/M/short/run_0 source_launch=selena_3584841 launch_id=selena_3584841 slurm_job_id=3584841 launched_at=2026-09-28T12:46:33.439969+00:00
TIME run allocation action=skip run=/fslarge/scratch/users/h61084/codes/tsrag_time/outputs/tsrag/predictions/test/chronos2_max/US_Labor/M/short/run_0 source_launch=selena_3584841 launch_id=selena_3584841 slurm_job_id=3584841 launched_at=2026-09-28T12:46:33.446170+00:00
TIME run allocation action=skip run=/fslarge/scratch/users/h61084/codes/tsrag_time/outputs/tsrag/predictions/validation/chronos2_max/Vehicle_Supply/M/short/run_0 source_launch=selena_3584841 launch_id=selena_3584841 slurm_job_id=3584841 launched_at=2026-09-28T12:46:33.452680+00:00
TIME run allocation action=skip run=/fslarge/scratch/users/h61084/codes/tsrag_time/outputs/tsrag/predictions/test/chronos2_max/Vehicle_Supply/M/short/run_0 source_launch=selena_3584841 launch_id=selena_3584841 slurm_job_id=3584841 launched_at=2026-09-28T12:46:33.459529+00:00
TIME run allocation action=skip run=/fslarge/scratch/users/h61084/codes/tsrag_time/outputs/tsrag/predictions/validation/chronos2_max/Auto_Production_SF/M/short/run_0 source_launch=selena_3584841 launch_id=selena_3584841 slurm_job_id=3584841 launched_at=2026-09-28T12:46:33.465689+00:00
TIME run allocation action=skip run=/fslarge/scratch/users/h61084/codes/tsrag_time/outputs/tsrag/predictions/test/chronos2_max/Auto_Production_SF/M/short/run_0 source_launch=selena_3584841 launch_id=selena_3584841 slurm_job_id=3584841 launched_at=2026-09-28T12:46:33.471985+00:00
TIME run allocation action=skip run=/fslarge/scratch/users/h61084/codes/tsrag_time/outputs/tsrag/predictions/validation/chronos2_max/Commodity_Production/M/short/run_0 source_launch=selena_3584841 launch_id=selena_3584841 slurm_job_id=3584841 launched_at=2026-09-28T12:46:33.478068+00:00
TIME run allocation action=skip run=/fslarge/scratch/users/h61084/codes/tsrag_time/outputs/tsrag/predictions/test/chronos2_max/Commodity_Production/M/short/run_0 source_launch=selena_3584841 launch_id=selena_3584841 slurm_job_id=3584841 launched_at=2026-09-28T12:46:33.484196+00:00
TIME run allocation action=skip run=/fslarge/scratch/users/h61084/codes/tsrag_time/outputs/tsrag/predictions/validation/chronos2_max/Commodity_Import/M/short/run_0 source_launch=selena_3584841 launch_id=selena_3584841 slurm_job_id=3584841 launched_at=2026-09-28T12:46:33.490445+00:00
TIME run allocation action=skip run=/fslarge/scratch/users/h61084/codes/tsrag_time/outputs/tsrag/predictions/test/chronos2_max/Commodity_Import/M/short/run_0 source_launch=selena_3584841 launch_id=selena_3584841 slurm_job_id=3584841 launched_at=2026-09-28T12:46:33.496558+00:00
TIME run allocation action=skip run=/fslarge/scratch/users/h61084/codes/tsrag_time/outputs/tsrag/predictions/validation/chronos2_max/WUI_Global/Q/short/run_0 source_launch=selena_3584841 launch_id=selena_3584841 slurm_job_id=3584841 launched_at=2026-09-28T12:46:33.502816+00:00
TIME run allocation action=skip run=/fslarge/scratch/users/h61084/codes/tsrag_time/outputs/tsrag/predictions/test/chronos2_max/WUI_Global/Q/short/run_0 source_launch=selena_3584841 launch_id=selena_3584841 slurm_job_id=3584841 launched_at=2026-09-28T12:46:33.508979+00:00
TIME run allocation action=skip run=/fslarge/scratch/users/h61084/codes/tsrag_time/outputs/tsrag/predictions/validation/chronos2_max/Global_Price/Q/short/run_0 source_launch=selena_3584841 launch_id=selena_3584841 slurm_job_id=3584841 launched_at=2026-09-28T12:46:33.515231+00:00
TIME run allocation action=skip run=/fslarge/scratch/users/h61084/codes/tsrag_time/outputs/tsrag/predictions/test/chronos2_max/Global_Price/Q/short/run_0 source_launch=selena_3584841 launch_id=selena_3584841 slurm_job_id=3584841 launched_at=2026-09-28T12:46:33.521549+00:00
TIME run allocation action=skip run=/fslarge/scratch/users/h61084/codes/tsrag_time/outputs/tsrag/predictions/validation/chronos2_max/Vehicle_Sales/M/short/run_0 source_launch=selena_3584841 launch_id=selena_3584841 slurm_job_id=3584841 launched_at=2026-09-28T12:46:33.527830+00:00
TIME run allocation action=skip run=/fslarge/scratch/users/h61084/codes/tsrag_time/outputs/tsrag/predictions/test/chronos2_max/Vehicle_Sales/M/short/run_0 source_launch=selena_3584841 launch_id=selena_3584841 slurm_job_id=3584841 launched_at=2026-09-28T12:46:33.534152+00:00
TIME run allocation action=skip run=/fslarge/scratch/users/h61084/codes/tsrag_time/outputs/tsrag/predictions/validation/chronos2_max/Online_Retail_2_UCI/D/short/run_0 source_launch=selena_3584841 launch_id=selena_3584841 slurm_job_id=3584841 launched_at=2026-09-28T12:46:33.540496+00:00
TIME run allocation action=skip run=/fslarge/scratch/users/h61084/codes/tsrag_time/outputs/tsrag/predictions/test/chronos2_max/Online_Retail_2_UCI/D/short/run_0 source_launch=selena_3584841 launch_id=selena_3584841 slurm_job_id=3584841 launched_at=2026-09-28T12:46:33.547023+00:00
TIME run allocation action=skip run=/fslarge/scratch/users/h61084/codes/tsrag_time/outputs/tsrag/predictions/validation/chronos2_max/Supply_Chain_Customer/D/short/run_0 source_launch=selena_3584841 launch_id=selena_3584841 slurm_job_id=3584841 launched_at=2026-09-28T12:46:33.553289+00:00
TIME run allocation action=skip run=/fslarge/scratch/users/h61084/codes/tsrag_time/outputs/tsrag/predictions/test/chronos2_max/Supply_Chain_Customer/D/short/run_0 source_launch=selena_3584841 launch_id=selena_3584841 slurm_job_id=3584841 launched_at=2026-09-28T12:46:33.559467+00:00
TIME run allocation action=skip run=/fslarge/scratch/users/h61084/codes/tsrag_time/outputs/tsrag/predictions/validation/chronos2_max/Supply_Chain_Location/D/short/run_0 source_launch=selena_3584841 launch_id=selena_3584841 slurm_job_id=3584841 launched_at=2026-09-28T12:46:33.566969+00:00
TIME run allocation action=skip run=/fslarge/scratch/users/h61084/codes/tsrag_time/outputs/tsrag/predictions/test/chronos2_max/Supply_Chain_Location/D/short/run_0 source_launch=selena_3584841 launch_id=selena_3584841 slurm_job_id=3584841 launched_at=2026-09-28T12:46:33.573197+00:00
TIME run allocation action=skip run=/fslarge/scratch/users/h61084/codes/tsrag_time/outputs/tsrag/predictions/validation/chronos2_max/azure2019_U/5T/short/run_0 source_launch=selena_3584841 launch_id=selena_3584841 slurm_job_id=3584841 launched_at=2026-09-28T12:46:33.579504+00:00
TIME run allocation action=skip run=/fslarge/scratch/users/h61084/codes/tsrag_time/outputs/tsrag/predictions/test/chronos2_max/azure2019_U/5T/short/run_0 source_launch=selena_3584841 launch_id=selena_3584841 slurm_job_id=3584841 launched_at=2026-09-28T12:46:33.585681+00:00
TIME run allocation action=skip run=/fslarge/scratch/users/h61084/codes/tsrag_time/outputs/tsrag/predictions/validation/chronos2_max/Smart_Manufacturing/H/short/run_0 source_launch=selena_3584841 launch_id=selena_3584841 slurm_job_id=3584841 launched_at=2026-09-28T12:46:33.591991+00:00
TIME run allocation action=skip run=/fslarge/scratch/users/h61084/codes/tsrag_time/outputs/tsrag/predictions/test/chronos2_max/Smart_Manufacturing/H/short/run_0 source_launch=selena_3584841 launch_id=selena_3584841 slurm_job_id=3584841 launched_at=2026-09-28T12:46:33.598417+00:00
TIME run allocation action=skip run=/fslarge/scratch/users/h61084/codes/tsrag_time/outputs/tsrag/predictions/validation/chronos2_max/Smart_Manufacturing/H/medium/run_0 source_launch=selena_3584841 launch_id=selena_3584841 slurm_job_id=3584841 launched_at=2026-09-28T12:46:33.604659+00:00
TIME run allocation action=skip run=/fslarge/scratch/users/h61084/codes/tsrag_time/outputs/tsrag/predictions/test/chronos2_max/Smart_Manufacturing/H/medium/run_0 source_launch=selena_3584841 launch_id=selena_3584841 slurm_job_id=3584841 launched_at=2026-09-28T12:46:33.611027+00:00
TIME run allocation action=skip run=/fslarge/scratch/users/h61084/codes/tsrag_time/outputs/tsrag/predictions/validation/chronos2_max/Smart_Manufacturing/H/long/run_0 source_launch=selena_3584841 launch_id=selena_3584841 slurm_job_id=3584841 launched_at=2026-09-28T12:46:33.617526+00:00
TIME run allocation action=skip run=/fslarge/scratch/users/h61084/codes/tsrag_time/outputs/tsrag/predictions/test/chronos2_max/Smart_Manufacturing/H/long/run_0 source_launch=selena_3584841 launch_id=selena_3584841 slurm_job_id=3584841 launched_at=2026-09-28T12:46:33.623983+00:00
TIME run allocation action=skip run=/fslarge/scratch/users/h61084/codes/tsrag_time/outputs/tsrag/predictions/validation/chronos2_max/MetroPT-3/5T/short/run_0 source_launch=selena_3584841 launch_id=selena_3584841 slurm_job_id=3584841 launched_at=2026-09-28T12:46:33.630250+00:00
TIME run allocation action=skip run=/fslarge/scratch/users/h61084/codes/tsrag_time/outputs/tsrag/predictions/test/chronos2_max/MetroPT-3/5T/short/run_0 source_launch=selena_3584841 launch_id=selena_3584841 slurm_job_id=3584841 launched_at=2026-09-28T12:46:33.636619+00:00
TIME run allocation action=skip run=/fslarge/scratch/users/h61084/codes/tsrag_time/outputs/tsrag/predictions/validation/chronos2_max/MetroPT-3/5T/medium/run_0 source_launch=selena_3584841 launch_id=selena_3584841 slurm_job_id=3584841 launched_at=2026-09-28T12:46:33.643020+00:00
TIME run allocation action=skip run=/fslarge/scratch/users/h61084/codes/tsrag_time/outputs/tsrag/predictions/test/chronos2_max/MetroPT-3/5T/medium/run_0 source_launch=selena_3584841 launch_id=selena_3584841 slurm_job_id=3584841 launched_at=2026-09-28T12:46:33.649168+00:00
TIME run allocation action=skip run=/fslarge/scratch/users/h61084/codes/tsrag_time/outputs/tsrag/predictions/validation/chronos2_max/MetroPT-3/5T/long/run_0 source_launch=selena_3584841 launch_id=selena_3584841 slurm_job_id=3584841 launched_at=2026-09-28T12:46:33.655404+00:00
TIME run allocation action=skip run=/fslarge/scratch/users/h61084/codes/tsrag_time/outputs/tsrag/predictions/test/chronos2_max/MetroPT-3/5T/long/run_0 source_launch=selena_3584841 launch_id=selena_3584841 slurm_job_id=3584841 launched_at=2026-09-28T12:46:33.661540+00:00

[2026-09-28 12:46:37 UTC] stage=extract
[2026-09-28 14:46:38,710][datasets][INFO] - PyTorch version 2.9.1 available.
[2026-09-28 12:46:40 UTC] resources selected_device {"component": "tsrag_time", "device": "cuda", "stage": "extract"}
[2026-09-28 12:46:40 UTC] stage=extract tasks=90 seed=0 device=cuda Slurm=3584841
TIME run allocation action=skip run=/fslarge/scratch/users/h61084/codes/tsrag_time/outputs/tsrag/extractions/validation/instance_l2/Water_Quality_Darwin/15T/short/run_0 source_launch=selena_3584841 launch_id=selena_3584841 slurm_job_id=3584841 launched_at=2026-09-28T12:46:42.437483+00:00
TIME run allocation action=skip run=/fslarge/scratch/users/h61084/codes/tsrag_time/outputs/tsrag/extractions/validation/t5/Water_Quality_Darwin/15T/short/run_0 source_launch=selena_3584841 launch_id=selena_3584841 slurm_job_id=3584841 launched_at=2026-09-28T12:46:42.442646+00:00
TIME run allocation action=skip run=/fslarge/scratch/users/h61084/codes/tsrag_time/outputs/tsrag/extractions/test/instance_l2/Water_Quality_Darwin/15T/short/run_0 source_launch=selena_3584841 launch_id=selena_3584841 slurm_job_id=3584841 launched_at=2026-09-28T12:46:42.449308+00:00
TIME run allocation action=skip run=/fslarge/scratch/users/h61084/codes/tsrag_time/outputs/tsrag/extractions/test/t5/Water_Quality_Darwin/15T/short/run_0 source_launch=selena_3584841 launch_id=selena_3584841 slurm_job_id=3584841 launched_at=2026-09-28T12:46:42.453839+00:00
TIME run allocation action=skip run=/fslarge/scratch/users/h61084/codes/tsrag_time/outputs/tsrag/extractions/validation/instance_l2/Water_Quality_Darwin/15T/medium/run_0 source_launch=selena_3584841 launch_id=selena_3584841 slurm_job_id=3584841 launched_at=2026-09-28T12:46:42.475406+00:00
TIME run allocation action=skip run=/fslarge/scratch/users/h61084/codes/tsrag_time/outputs/tsrag/extractions/validation/t5/Water_Quality_Darwin/15T/medium/run_0 source_launch=selena_3584841 launch_id=selena_3584841 slurm_job_id=3584841 launched_at=2026-09-28T12:46:42.479950+00:00
TIME run allocation action=skip run=/fslarge/scratch/users/h61084/codes/tsrag_time/outputs/tsrag/extractions/test/instance_l2/Water_Quality_Darwin/15T/medium/run_0 source_launch=selena_3584841 launch_id=selena_3584841 slurm_job_id=3584841 launched_at=2026-09-28T12:46:42.486309+00:00
TIME run allocation action=skip run=/fslarge/scratch/users/h61084/codes/tsrag_time/outputs/tsrag/extractions/test/t5/Water_Quality_Darwin/15T/medium/run_0 source_launch=selena_3584841 launch_id=selena_3584841 slurm_job_id=3584841 launched_at=2026-09-28T12:46:42.490988+00:00
TIME run allocation action=skip run=/fslarge/scratch/users/h61084/codes/tsrag_time/outputs/tsrag/extractions/validation/instance_l2/Water_Quality_Darwin/15T/long/run_0 source_launch=selena_3584841 launch_id=selena_3584841 slurm_job_id=3584841 launched_at=2026-09-28T12:46:42.512596+00:00
TIME run allocation action=skip run=/fslarge/scratch/users/h61084/codes/tsrag_time/outputs/tsrag/extractions/validation/t5/Water_Quality_Darwin/15T/long/run_0 source_launch=selena_3584841 launch_id=selena_3584841 slurm_job_id=3584841 launched_at=2026-09-28T12:46:42.517186+00:00
TIME run allocation action=skip run=/fslarge/scratch/users/h61084/codes/tsrag_time/outputs/tsrag/extractions/test/instance_l2/Water_Quality_Darwin/15T/long/run_0 source_launch=selena_3584841 launch_id=selena_3584841 slurm_job_id=3584841 launched_at=2026-09-28T12:46:42.523579+00:00
TIME run allocation action=skip run=/fslarge/scratch/users/h61084/codes/tsrag_time/outputs/tsrag/extractions/test/t5/Water_Quality_Darwin/15T/long/run_0 source_launch=selena_3584841 launch_id=selena_3584841 slurm_job_id=3584841 launched_at=2026-09-28T12:46:42.527818+00:00
TIME run allocation action=skip run=/fslarge/scratch/users/h61084/codes/tsrag_time/outputs/tsrag/extractions/validation/instance_l2/current_velocity/5T/short/run_0 source_launch=selena_3584841 launch_id=selena_3584841 slurm_job_id=3584841 launched_at=2026-09-28T12:46:42.540456+00:00
TIME run allocation action=skip run=/fslarge/scratch/users/h61084/codes/tsrag_time/outputs/tsrag/extractions/validation/t5/current_velocity/5T/short/run_0 source_launch=selena_3584841 launch_id=selena_3584841 slurm_job_id=3584841 launched_at=2026-09-28T12:46:42.544917+00:00
TIME run allocation action=skip run=/fslarge/scratch/users/h61084/codes/tsrag_time/outputs/tsrag/extractions/test/instance_l2/current_velocity/5T/short/run_0 source_launch=selena_3584841 launch_id=selena_3584841 slurm_job_id=3584841 launched_at=2026-09-28T12:46:42.551167+00:00
TIME run allocation action=skip run=/fslarge/scratch/users/h61084/codes/tsrag_time/outputs/tsrag/extractions/test/t5/current_velocity/5T/short/run_0 source_launch=selena_3584841 launch_id=selena_3584841 slurm_job_id=3584841 launched_at=2026-09-28T12:46:42.555491+00:00
TIME run allocation action=skip run=/fslarge/scratch/users/h61084/codes/tsrag_time/outputs/tsrag/extractions/validation/instance_l2/current_velocity/5T/medium/run_0 source_launch=selena_3584841 launch_id=selena_3584841 slurm_job_id=3584841 launched_at=2026-09-28T12:46:42.567565+00:00
TIME run allocation action=skip run=/fslarge/scratch/users/h61084/codes/tsrag_time/outputs/tsrag/extractions/validation/t5/current_velocity/5T/medium/run_0 source_launch=selena_3584841 launch_id=selena_3584841 slurm_job_id=3584841 launched_at=2026-09-28T12:46:42.572017+00:00
TIME run allocation action=skip run=/fslarge/scratch/users/h61084/codes/tsrag_time/outputs/tsrag/extractions/test/instance_l2/current_velocity/5T/medium/run_0 source_launch=selena_3584841 launch_id=selena_3584841 slurm_job_id=3584841 launched_at=2026-09-28T12:46:42.578247+00:00
TIME run allocation action=skip run=/fslarge/scratch/users/h61084/codes/tsrag_time/outputs/tsrag/extractions/test/t5/current_velocity/5T/medium/run_0 source_launch=selena_3584841 launch_id=selena_3584841 slurm_job_id=3584841 launched_at=2026-09-28T12:46:42.582543+00:00
TIME run allocation action=skip run=/fslarge/scratch/users/h61084/codes/tsrag_time/outputs/tsrag/extractions/validation/instance_l2/current_velocity/5T/long/run_0 source_launch=selena_3584841 launch_id=selena_3584841 slurm_job_id=3584841 launched_at=2026-09-28T12:46:42.594186+00:00
TIME run allocation action=skip run=/fslarge/scratch/users/h61084/codes/tsrag_time/outputs/tsrag/extractions/validation/t5/current_velocity/5T/long/run_0 source_launch=selena_3584841 launch_id=selena_3584841 slurm_job_id=3584841 launched_at=2026-09-28T12:46:42.598532+00:00
TIME run allocation action=skip run=/fslarge/scratch/users/h61084/codes/tsrag_time/outputs/tsrag/extractions/test/instance_l2/current_velocity/5T/long/run_0 source_launch=selena_3584841 launch_id=selena_3584841 slurm_job_id=3584841 launched_at=2026-09-28T12:46:42.604649+00:00
TIME run allocation action=skip run=/fslarge/scratch/users/h61084/codes/tsrag_time/outputs/tsrag/extractions/test/t5/current_velocity/5T/long/run_0 source_launch=selena_3584841 launch_id=selena_3584841 slurm_job_id=3584841 launched_at=2026-09-28T12:46:42.608835+00:00
TIME run allocation action=skip run=/fslarge/scratch/users/h61084/codes/tsrag_time/outputs/tsrag/extractions/validation/instance_l2/current_velocity/10T/short/run_0 source_launch=selena_3584841 launch_id=selena_3584841 slurm_job_id=3584841 launched_at=2026-09-28T12:46:42.642854+00:00
TIME run allocation action=skip run=/fslarge/scratch/users/h61084/codes/tsrag_time/outputs/tsrag/extractions/validation/t5/current_velocity/10T/short/run_0 source_launch=selena_3584841 launch_id=selena_3584841 slurm_job_id=3584841 launched_at=2026-09-28T12:46:42.647560+00:00
TIME run allocation action=skip run=/fslarge/scratch/users/h61084/codes/tsrag_time/outputs/tsrag/extractions/test/instance_l2/current_velocity/10T/short/run_0 source_launch=selena_3584841 launch_id=selena_3584841 slurm_job_id=3584841 launched_at=2026-09-28T12:46:42.654220+00:00
TIME run allocation action=skip run=/fslarge/scratch/users/h61084/codes/tsrag_time/outputs/tsrag/extractions/test/t5/current_velocity/10T/short/run_0 source_launch=selena_3584841 launch_id=selena_3584841 slurm_job_id=3584841 launched_at=2026-09-28T12:46:42.658626+00:00
TIME run allocation action=skip run=/fslarge/scratch/users/h61084/codes/tsrag_time/outputs/tsrag/extractions/validation/instance_l2/current_velocity/10T/medium/run_0 source_launch=selena_3584841 launch_id=selena_3584841 slurm_job_id=3584841 launched_at=2026-09-28T12:46:42.693252+00:00
TIME run allocation action=skip run=/fslarge/scratch/users/h61084/codes/tsrag_time/outputs/tsrag/extractions/validation/t5/current_velocity/10T/medium/run_0 source_launch=selena_3584841 launch_id=selena_3584841 slurm_job_id=3584841 launched_at=2026-09-28T12:46:42.697819+00:00
TIME run allocation action=skip run=/fslarge/scratch/users/h61084/codes/tsrag_time/outputs/tsrag/extractions/test/instance_l2/current_velocity/10T/medium/run_0 source_launch=selena_3584841 launch_id=selena_3584841 slurm_job_id=3584841 launched_at=2026-09-28T12:46:42.704183+00:00
TIME run allocation action=skip run=/fslarge/scratch/users/h61084/codes/tsrag_time/outputs/tsrag/extractions/test/t5/current_velocity/10T/medium/run_0 source_launch=selena_3584841 launch_id=selena_3584841 slurm_job_id=3584841 launched_at=2026-09-28T12:46:42.708488+00:00
TIME run allocation action=skip run=/fslarge/scratch/users/h61084/codes/tsrag_time/outputs/tsrag/extractions/validation/instance_l2/current_velocity/10T/long/run_0 source_launch=selena_3584841 launch_id=selena_3584841 slurm_job_id=3584841 launched_at=2026-09-28T12:46:42.742378+00:00
TIME run allocation action=skip run=/fslarge/scratch/users/h61084/codes/tsrag_time/outputs/tsrag/extractions/validation/t5/current_velocity/10T/long/run_0 source_launch=selena_3584841 launch_id=selena_3584841 slurm_job_id=3584841 launched_at=2026-09-28T12:46:42.747108+00:00
TIME run allocation action=skip run=/fslarge/scratch/users/h61084/codes/tsrag_time/outputs/tsrag/extractions/test/instance_l2/current_velocity/10T/long/run_0 source_launch=selena_3584841 launch_id=selena_3584841 slurm_job_id=3584841 launched_at=2026-09-28T12:46:42.753512+00:00
TIME run allocation action=skip run=/fslarge/scratch/users/h61084/codes/tsrag_time/outputs/tsrag/extractions/test/t5/current_velocity/10T/long/run_0 source_launch=selena_3584841 launch_id=selena_3584841 slurm_job_id=3584841 launched_at=2026-09-28T12:46:42.757830+00:00
TIME run allocation action=skip run=/fslarge/scratch/users/h61084/codes/tsrag_time/outputs/tsrag/extractions/validation/instance_l2/current_velocity/15T/short/run_0 source_launch=selena_3584841 launch_id=selena_3584841 slurm_job_id=3584841 launched_at=2026-09-28T12:46:42.773612+00:00
TIME run allocation action=skip run=/fslarge/scratch/users/h61084/codes/tsrag_time/outputs/tsrag/extractions/validation/t5/current_velocity/15T/short/run_0 source_launch=selena_3584841 launch_id=selena_3584841 slurm_job_id=3584841 launched_at=2026-09-28T12:46:42.778018+00:00
TIME run allocation action=skip run=/fslarge/scratch/users/h61084/codes/tsrag_time/outputs/tsrag/extractions/test/instance_l2/current_velocity/15T/short/run_0 source_launch=selena_3584841 launch_id=selena_3584841 slurm_job_id=3584841 launched_at=2026-09-28T12:46:42.784732+00:00
TIME run allocation action=skip run=/fslarge/scratch/users/h61084/codes/tsrag_time/outputs/tsrag/extractions/test/t5/current_velocity/15T/short/run_0 source_launch=selena_3584841 launch_id=selena_3584841 slurm_job_id=3584841 launched_at=2026-09-28T12:46:42.788998+00:00
TIME run allocation action=skip run=/fslarge/scratch/users/h61084/codes/tsrag_time/outputs/tsrag/extractions/validation/instance_l2/current_velocity/15T/medium/run_0 source_launch=selena_3584841 launch_id=selena_3584841 slurm_job_id=3584841 launched_at=2026-09-28T12:46:42.802859+00:00
TIME run allocation action=skip run=/fslarge/scratch/users/h61084/codes/tsrag_time/outputs/tsrag/extractions/validation/t5/current_velocity/15T/medium/run_0 source_launch=selena_3584841 launch_id=selena_3584841 slurm_job_id=3584841 launched_at=2026-09-28T12:46:42.807203+00:00
TIME run allocation action=skip run=/fslarge/scratch/users/h61084/codes/tsrag_time/outputs/tsrag/extractions/test/instance_l2/current_velocity/15T/medium/run_0 source_launch=selena_3584841 launch_id=selena_3584841 slurm_job_id=3584841 launched_at=2026-09-28T12:46:42.813401+00:00
TIME run allocation action=skip run=/fslarge/scratch/users/h61084/codes/tsrag_time/outputs/tsrag/extractions/test/t5/current_velocity/15T/medium/run_0 source_launch=selena_3584841 launch_id=selena_3584841 slurm_job_id=3584841 launched_at=2026-09-28T12:46:42.817725+00:00
TIME run allocation action=skip run=/fslarge/scratch/users/h61084/codes/tsrag_time/outputs/tsrag/extractions/validation/instance_l2/current_velocity/15T/long/run_0 source_launch=selena_3584841 launch_id=selena_3584841 slurm_job_id=3584841 launched_at=2026-09-28T12:46:42.831426+00:00
TIME run allocation action=skip run=/fslarge/scratch/users/h61084/codes/tsrag_time/outputs/tsrag/extractions/validation/t5/current_velocity/15T/long/run_0 source_launch=selena_3584841 launch_id=selena_3584841 slurm_job_id=3584841 launched_at=2026-09-28T12:46:42.835866+00:00
TIME run allocation action=skip run=/fslarge/scratch/users/h61084/codes/tsrag_time/outputs/tsrag/extractions/test/instance_l2/current_velocity/15T/long/run_0 source_launch=selena_3584841 launch_id=selena_3584841 slurm_job_id=3584841 launched_at=2026-09-28T12:46:42.842149+00:00
TIME run allocation action=skip run=/fslarge/scratch/users/h61084/codes/tsrag_time/outputs/tsrag/extractions/test/t5/current_velocity/15T/long/run_0 source_launch=selena_3584841 launch_id=selena_3584841 slurm_job_id=3584841 launched_at=2026-09-28T12:46:42.846355+00:00
TIME run allocation action=skip run=/fslarge/scratch/users/h61084/codes/tsrag_time/outputs/tsrag/extractions/validation/instance_l2/current_velocity/H/short/run_0 source_launch=selena_3584841 launch_id=selena_3584841 slurm_job_id=3584841 launched_at=2026-09-28T12:46:42.864711+00:00
TIME run allocation action=skip run=/fslarge/scratch/users/h61084/codes/tsrag_time/outputs/tsrag/extractions/validation/t5/current_velocity/H/short/run_0 source_launch=selena_3584841 launch_id=selena_3584841 slurm_job_id=3584841 launched_at=2026-09-28T12:46:42.869149+00:00
TIME run allocation action=skip run=/fslarge/scratch/users/h61084/codes/tsrag_time/outputs/tsrag/extractions/test/instance_l2/current_velocity/H/short/run_0 source_launch=selena_3584841 launch_id=selena_3584841 slurm_job_id=3584841 launched_at=2026-09-28T12:46:42.875755+00:00
TIME run allocation action=skip run=/fslarge/scratch/users/h61084/codes/tsrag_time/outputs/tsrag/extractions/test/t5/current_velocity/H/short/run_0 source_launch=selena_3584841 launch_id=selena_3584841 slurm_job_id=3584841 launched_at=2026-09-28T12:46:42.880116+00:00
TIME run allocation action=skip run=/fslarge/scratch/users/h61084/codes/tsrag_time/outputs/tsrag/extractions/validation/instance_l2/current_velocity/H/medium/run_0 source_launch=selena_3584841 launch_id=selena_3584841 slurm_job_id=3584841 launched_at=2026-09-28T12:46:42.897984+00:00
TIME run allocation action=skip run=/fslarge/scratch/users/h61084/codes/tsrag_time/outputs/tsrag/extractions/validation/t5/current_velocity/H/medium/run_0 source_launch=selena_3584841 launch_id=selena_3584841 slurm_job_id=3584841 launched_at=2026-09-28T12:46:42.902281+00:00
TIME run allocation action=skip run=/fslarge/scratch/users/h61084/codes/tsrag_time/outputs/tsrag/extractions/test/instance_l2/current_velocity/H/medium/run_0 source_launch=selena_3584841 launch_id=selena_3584841 slurm_job_id=3584841 launched_at=2026-09-28T12:46:42.908689+00:00
TIME run allocation action=skip run=/fslarge/scratch/users/h61084/codes/tsrag_time/outputs/tsrag/extractions/test/t5/current_velocity/H/medium/run_0 source_launch=selena_3584841 launch_id=selena_3584841 slurm_job_id=3584841 launched_at=2026-09-28T12:46:42.913111+00:00
TIME run allocation action=skip run=/fslarge/scratch/users/h61084/codes/tsrag_time/outputs/tsrag/extractions/validation/instance_l2/current_velocity/H/long/run_0 source_launch=selena_3584841 launch_id=selena_3584841 slurm_job_id=3584841 launched_at=2026-09-28T12:46:42.931099+00:00
TIME run allocation action=skip run=/fslarge/scratch/users/h61084/codes/tsrag_time/outputs/tsrag/extractions/validation/t5/current_velocity/H/long/run_0 source_launch=selena_3584841 launch_id=selena_3584841 slurm_job_id=3584841 launched_at=2026-09-28T12:46:42.935773+00:00
TIME run allocation action=skip run=/fslarge/scratch/users/h61084/codes/tsrag_time/outputs/tsrag/extractions/test/instance_l2/current_velocity/H/long/run_0 source_launch=selena_3584841 launch_id=selena_3584841 slurm_job_id=3584841 launched_at=2026-09-28T12:46:42.941957+00:00
TIME run allocation action=skip run=/fslarge/scratch/users/h61084/codes/tsrag_time/outputs/tsrag/extractions/test/t5/current_velocity/H/long/run_0 source_launch=selena_3584841 launch_id=selena_3584841 slurm_job_id=3584841 launched_at=2026-09-28T12:46:42.946345+00:00
TIME run allocation action=skip run=/fslarge/scratch/users/h61084/codes/tsrag_time/outputs/tsrag/extractions/validation/instance_l2/CPHL/15T/short/run_0 source_launch=selena_3584841 launch_id=selena_3584841 slurm_job_id=3584841 launched_at=2026-09-28T12:46:42.956266+00:00
TIME run allocation action=skip run=/fslarge/scratch/users/h61084/codes/tsrag_time/outputs/tsrag/extractions/validation/t5/CPHL/15T/short/run_0 source_launch=selena_3584841 launch_id=selena_3584841 slurm_job_id=3584841 launched_at=2026-09-28T12:46:42.960662+00:00
TIME run allocation action=skip run=/fslarge/scratch/users/h61084/codes/tsrag_time/outputs/tsrag/extractions/test/instance_l2/CPHL/15T/short/run_0 source_launch=selena_3584841 launch_id=selena_3584841 slurm_job_id=3584841 launched_at=2026-09-28T12:46:42.966984+00:00
TIME run allocation action=skip run=/fslarge/scratch/users/h61084/codes/tsrag_time/outputs/tsrag/extractions/test/t5/CPHL/15T/short/run_0 source_launch=selena_3584841 launch_id=selena_3584841 slurm_job_id=3584841 launched_at=2026-09-28T12:46:42.971177+00:00
TIME run allocation action=skip run=/fslarge/scratch/users/h61084/codes/tsrag_time/outputs/tsrag/extractions/validation/instance_l2/CPHL/15T/medium/run_0 source_launch=selena_3584841 launch_id=selena_3584841 slurm_job_id=3584841 launched_at=2026-09-28T12:46:42.980434+00:00
TIME run allocation action=skip run=/fslarge/scratch/users/h61084/codes/tsrag_time/outputs/tsrag/extractions/validation/t5/CPHL/15T/medium/run_0 source_launch=selena_3584841 launch_id=selena_3584841 slurm_job_id=3584841 launched_at=2026-09-28T12:46:42.984755+00:00
TIME run allocation action=skip run=/fslarge/scratch/users/h61084/codes/tsrag_time/outputs/tsrag/extractions/test/instance_l2/CPHL/15T/medium/run_0 source_launch=selena_3584841 launch_id=selena_3584841 slurm_job_id=3584841 launched_at=2026-09-28T12:46:42.990975+00:00
TIME run allocation action=skip run=/fslarge/scratch/users/h61084/codes/tsrag_time/outputs/tsrag/extractions/test/t5/CPHL/15T/medium/run_0 source_launch=selena_3584841 launch_id=selena_3584841 slurm_job_id=3584841 launched_at=2026-09-28T12:46:42.995335+00:00
TIME run allocation action=skip run=/fslarge/scratch/users/h61084/codes/tsrag_time/outputs/tsrag/extractions/validation/instance_l2/CPHL/15T/long/run_0 source_launch=selena_3584841 launch_id=selena_3584841 slurm_job_id=3584841 launched_at=2026-09-28T12:46:43.004643+00:00
TIME run allocation action=skip run=/fslarge/scratch/users/h61084/codes/tsrag_time/outputs/tsrag/extractions/validation/t5/CPHL/15T/long/run_0 source_launch=selena_3584841 launch_id=selena_3584841 slurm_job_id=3584841 launched_at=2026-09-28T12:46:43.008842+00:00
TIME run allocation action=skip run=/fslarge/scratch/users/h61084/codes/tsrag_time/outputs/tsrag/extractions/test/instance_l2/CPHL/15T/long/run_0 source_launch=selena_3584841 launch_id=selena_3584841 slurm_job_id=3584841 launched_at=2026-09-28T12:46:43.015182+00:00
TIME run allocation action=skip run=/fslarge/scratch/users/h61084/codes/tsrag_time/outputs/tsrag/extractions/test/t5/CPHL/15T/long/run_0 source_launch=selena_3584841 launch_id=selena_3584841 slurm_job_id=3584841 launched_at=2026-09-28T12:46:43.019598+00:00
TIME run allocation action=skip run=/fslarge/scratch/users/h61084/codes/tsrag_time/outputs/tsrag/extractions/validation/instance_l2/CPHL/30T/short/run_0 source_launch=selena_3584841 launch_id=selena_3584841 slurm_job_id=3584841 launched_at=2026-09-28T12:46:43.029675+00:00
TIME run allocation action=skip run=/fslarge/scratch/users/h61084/codes/tsrag_time/outputs/tsrag/extractions/validation/t5/CPHL/30T/short/run_0 source_launch=selena_3584841 launch_id=selena_3584841 slurm_job_id=3584841 launched_at=2026-09-28T12:46:43.034093+00:00
TIME run allocation action=skip run=/fslarge/scratch/users/h61084/codes/tsrag_time/outputs/tsrag/extractions/test/instance_l2/CPHL/30T/short/run_0 source_launch=selena_3584841 launch_id=selena_3584841 slurm_job_id=3584841 launched_at=2026-09-28T12:46:43.040299+00:00
TIME run allocation action=skip run=/fslarge/scratch/users/h61084/codes/tsrag_time/outputs/tsrag/extractions/test/t5/CPHL/30T/short/run_0 source_launch=selena_3584841 launch_id=selena_3584841 slurm_job_id=3584841 launched_at=2026-09-28T12:46:43.044686+00:00
TIME run allocation action=skip run=/fslarge/scratch/users/h61084/codes/tsrag_time/outputs/tsrag/extractions/validation/instance_l2/CPHL/30T/medium/run_0 source_launch=selena_3584841 launch_id=selena_3584841 slurm_job_id=3584841 launched_at=2026-09-28T12:46:43.053828+00:00
TIME run allocation action=skip run=/fslarge/scratch/users/h61084/codes/tsrag_time/outputs/tsrag/extractions/validation/t5/CPHL/30T/medium/run_0 source_launch=selena_3584841 launch_id=selena_3584841 slurm_job_id=3584841 launched_at=2026-09-28T12:46:43.058204+00:00
TIME run allocation action=skip run=/fslarge/scratch/users/h61084/codes/tsrag_time/outputs/tsrag/extractions/test/instance_l2/CPHL/30T/medium/run_0 source_launch=selena_3584841 launch_id=selena_3584841 slurm_job_id=3584841 launched_at=2026-09-28T12:46:43.064514+00:00
TIME run allocation action=skip run=/fslarge/scratch/users/h61084/codes/tsrag_time/outputs/tsrag/extractions/test/t5/CPHL/30T/medium/run_0 source_launch=selena_3584841 launch_id=selena_3584841 slurm_job_id=3584841 launched_at=2026-09-28T12:46:43.068541+00:00
TIME run allocation action=skip run=/fslarge/scratch/users/h61084/codes/tsrag_time/outputs/tsrag/extractions/validation/instance_l2/CPHL/30T/long/run_0 source_launch=selena_3584841 launch_id=selena_3584841 slurm_job_id=3584841 launched_at=2026-09-28T12:46:43.077701+00:00
TIME run allocation action=skip run=/fslarge/scratch/users/h61084/codes/tsrag_time/outputs/tsrag/extractions/validation/t5/CPHL/30T/long/run_0 source_launch=selena_3584841 launch_id=selena_3584841 slurm_job_id=3584841 launched_at=2026-09-28T12:46:43.082102+00:00
TIME run allocation action=skip run=/fslarge/scratch/users/h61084/codes/tsrag_time/outputs/tsrag/extractions/test/instance_l2/CPHL/30T/long/run_0 source_launch=selena_3584841 launch_id=selena_3584841 slurm_job_id=3584841 launched_at=2026-09-28T12:46:43.088278+00:00
TIME run allocation action=skip run=/fslarge/scratch/users/h61084/codes/tsrag_time/outputs/tsrag/extractions/test/t5/CPHL/30T/long/run_0 source_launch=selena_3584841 launch_id=selena_3584841 slurm_job_id=3584841 launched_at=2026-09-28T12:46:43.092862+00:00
TIME run allocation action=skip run=/fslarge/scratch/users/h61084/codes/tsrag_time/outputs/tsrag/extractions/validation/instance_l2/CPHL/H/short/run_0 source_launch=selena_3584841 launch_id=selena_3584841 slurm_job_id=3584841 launched_at=2026-09-28T12:46:43.102653+00:00
TIME run allocation action=skip run=/fslarge/scratch/users/h61084/codes/tsrag_time/outputs/tsrag/extractions/validation/t5/CPHL/H/short/run_0 source_launch=selena_3584841 launch_id=selena_3584841 slurm_job_id=3584841 launched_at=2026-09-28T12:46:43.106884+00:00
TIME run allocation action=skip run=/fslarge/scratch/users/h61084/codes/tsrag_time/outputs/tsrag/extractions/test/instance_l2/CPHL/H/short/run_0 source_launch=selena_3584841 launch_id=selena_3584841 slurm_job_id=3584841 launched_at=2026-09-28T12:46:43.113300+00:00
TIME run allocation action=skip run=/fslarge/scratch/users/h61084/codes/tsrag_time/outputs/tsrag/extractions/test/t5/CPHL/H/short/run_0 source_launch=selena_3584841 launch_id=selena_3584841 slurm_job_id=3584841 launched_at=2026-09-28T12:46:43.117492+00:00
TIME run allocation action=skip run=/fslarge/scratch/users/h61084/codes/tsrag_time/outputs/tsrag/extractions/validation/instance_l2/CPHL/H/medium/run_0 source_launch=selena_3584841 launch_id=selena_3584841 slurm_job_id=3584841 launched_at=2026-09-28T12:46:43.126659+00:00
TIME run allocation action=skip run=/fslarge/scratch/users/h61084/codes/tsrag_time/outputs/tsrag/extractions/validation/t5/CPHL/H/medium/run_0 source_launch=selena_3584841 launch_id=selena_3584841 slurm_job_id=3584841 launched_at=2026-09-28T12:46:43.131128+00:00
TIME run allocation action=skip run=/fslarge/scratch/users/h61084/codes/tsrag_time/outputs/tsrag/extractions/test/instance_l2/CPHL/H/medium/run_0 source_launch=selena_3584841 launch_id=selena_3584841 slurm_job_id=3584841 launched_at=2026-09-28T12:46:43.137389+00:00
TIME run allocation action=skip run=/fslarge/scratch/users/h61084/codes/tsrag_time/outputs/tsrag/extractions/test/t5/CPHL/H/medium/run_0 source_launch=selena_3584841 launch_id=selena_3584841 slurm_job_id=3584841 launched_at=2026-09-28T12:46:43.141590+00:00
TIME run allocation action=skip run=/fslarge/scratch/users/h61084/codes/tsrag_time/outputs/tsrag/extractions/validation/instance_l2/CPHL/H/long/run_0 source_launch=selena_3584841 launch_id=selena_3584841 slurm_job_id=3584841 launched_at=2026-09-28T12:46:43.151206+00:00
TIME run allocation action=skip run=/fslarge/scratch/users/h61084/codes/tsrag_time/outputs/tsrag/extractions/validation/t5/CPHL/H/long/run_0 source_launch=selena_3584841 launch_id=selena_3584841 slurm_job_id=3584841 launched_at=2026-09-28T12:46:43.155697+00:00
TIME run allocation action=skip run=/fslarge/scratch/users/h61084/codes/tsrag_time/outputs/tsrag/extractions/test/instance_l2/CPHL/H/long/run_0 source_launch=selena_3584841 launch_id=selena_3584841 slurm_job_id=3584841 launched_at=2026-09-28T12:46:43.161932+00:00
TIME run allocation action=skip run=/fslarge/scratch/users/h61084/codes/tsrag_time/outputs/tsrag/extractions/test/t5/CPHL/H/long/run_0 source_launch=selena_3584841 launch_id=selena_3584841 slurm_job_id=3584841 launched_at=2026-09-28T12:46:43.166361+00:00
TIME run allocation action=skip run=/fslarge/scratch/users/h61084/codes/tsrag_time/outputs/tsrag/extractions/validation/instance_l2/Coastal_T_S/15T/short/run_0 source_launch=selena_3584841 launch_id=selena_3584841 slurm_job_id=3584841 launched_at=2026-09-28T12:46:43.181933+00:00
TIME run allocation action=skip run=/fslarge/scratch/users/h61084/codes/tsrag_time/outputs/tsrag/extractions/validation/t5/Coastal_T_S/15T/short/run_0 source_launch=selena_3584841 launch_id=selena_3584841 slurm_job_id=3584841 launched_at=2026-09-28T12:46:43.186265+00:00
TIME run allocation action=skip run=/fslarge/scratch/users/h61084/codes/tsrag_time/outputs/tsrag/extractions/test/instance_l2/Coastal_T_S/15T/short/run_0 source_launch=selena_3584841 launch_id=selena_3584841 slurm_job_id=3584841 launched_at=2026-09-28T12:46:43.192515+00:00
TIME run allocation action=skip run=/fslarge/scratch/users/h61084/codes/tsrag_time/outputs/tsrag/extractions/test/t5/Coastal_T_S/15T/short/run_0 source_launch=selena_3584841 launch_id=selena_3584841 slurm_job_id=3584841 launched_at=2026-09-28T12:46:43.196746+00:00
TIME run allocation action=skip run=/fslarge/scratch/users/h61084/codes/tsrag_time/outputs/tsrag/extractions/validation/instance_l2/Coastal_T_S/15T/medium/run_0 source_launch=selena_3584841 launch_id=selena_3584841 slurm_job_id=3584841 launched_at=2026-09-28T12:46:43.210982+00:00
TIME run allocation action=skip run=/fslarge/scratch/users/h61084/codes/tsrag_time/outputs/tsrag/extractions/validation/t5/Coastal_T_S/15T/medium/run_0 source_launch=selena_3584841 launch_id=selena_3584841 slurm_job_id=3584841 launched_at=2026-09-28T12:46:43.215557+00:00
TIME run allocation action=skip run=/fslarge/scratch/users/h61084/codes/tsrag_time/outputs/tsrag/extractions/test/instance_l2/Coastal_T_S/15T/medium/run_0 source_launch=selena_3584841 launch_id=selena_3584841 slurm_job_id=3584841 launched_at=2026-09-28T12:46:43.221826+00:00
TIME run allocation action=skip run=/fslarge/scratch/users/h61084/codes/tsrag_time/outputs/tsrag/extractions/test/t5/Coastal_T_S/15T/medium/run_0 source_launch=selena_3584841 launch_id=selena_3584841 slurm_job_id=3584841 launched_at=2026-09-28T12:46:43.226347+00:00
TIME run allocation action=skip run=/fslarge/scratch/users/h61084/codes/tsrag_time/outputs/tsrag/extractions/validation/instance_l2/Coastal_T_S/15T/long/run_0 source_launch=selena_3584841 launch_id=selena_3584841 slurm_job_id=3584841 launched_at=2026-09-28T12:46:43.240919+00:00
TIME run allocation action=skip run=/fslarge/scratch/users/h61084/codes/tsrag_time/outputs/tsrag/extractions/validation/t5/Coastal_T_S/15T/long/run_0 source_launch=selena_3584841 launch_id=selena_3584841 slurm_job_id=3584841 launched_at=2026-09-28T12:46:43.245363+00:00
TIME run allocation action=skip run=/fslarge/scratch/users/h61084/codes/tsrag_time/outputs/tsrag/extractions/test/instance_l2/Coastal_T_S/15T/long/run_0 source_launch=selena_3584841 launch_id=selena_3584841 slurm_job_id=3584841 launched_at=2026-09-28T12:46:43.251558+00:00
TIME run allocation action=skip run=/fslarge/scratch/users/h61084/codes/tsrag_time/outputs/tsrag/extractions/test/t5/Coastal_T_S/15T/long/run_0 source_launch=selena_3584841 launch_id=selena_3584841 slurm_job_id=3584841 launched_at=2026-09-28T12:46:43.255882+00:00
TIME run allocation action=skip run=/fslarge/scratch/users/h61084/codes/tsrag_time/outputs/tsrag/extractions/validation/instance_l2/Coastal_T_S/20T/short/run_0 source_launch=selena_3584841 launch_id=selena_3584841 slurm_job_id=3584841 launched_at=2026-09-28T12:46:43.265806+00:00
TIME run allocation action=skip run=/fslarge/scratch/users/h61084/codes/tsrag_time/outputs/tsrag/extractions/validation/t5/Coastal_T_S/20T/short/run_0 source_launch=selena_3584841 launch_id=selena_3584841 slurm_job_id=3584841 launched_at=2026-09-28T12:46:43.270067+00:00
TIME run allocation action=skip run=/fslarge/scratch/users/h61084/codes/tsrag_time/outputs/tsrag/extractions/test/instance_l2/Coastal_T_S/20T/short/run_0 source_launch=selena_3584841 launch_id=selena_3584841 slurm_job_id=3584841 launched_at=2026-09-28T12:46:43.276403+00:00
TIME run allocation action=skip run=/fslarge/scratch/users/h61084/codes/tsrag_time/outputs/tsrag/extractions/test/t5/Coastal_T_S/20T/short/run_0 source_launch=selena_3584841 launch_id=selena_3584841 slurm_job_id=3584841 launched_at=2026-09-28T12:46:43.280636+00:00
TIME run allocation action=skip run=/fslarge/scratch/users/h61084/codes/tsrag_time/outputs/tsrag/extractions/validation/instance_l2/Coastal_T_S/20T/medium/run_0 source_launch=selena_3584841 launch_id=selena_3584841 slurm_job_id=3584841 launched_at=2026-09-28T12:46:43.290044+00:00
TIME run allocation action=skip run=/fslarge/scratch/users/h61084/codes/tsrag_time/outputs/tsrag/extractions/validation/t5/Coastal_T_S/20T/medium/run_0 source_launch=selena_3584841 launch_id=selena_3584841 slurm_job_id=3584841 launched_at=2026-09-28T12:46:43.294335+00:00
TIME run allocation action=skip run=/fslarge/scratch/users/h61084/codes/tsrag_time/outputs/tsrag/extractions/test/instance_l2/Coastal_T_S/20T/medium/run_0 source_launch=selena_3584841 launch_id=selena_3584841 slurm_job_id=3584841 launched_at=2026-09-28T12:46:43.300537+00:00
TIME run allocation action=skip run=/fslarge/scratch/users/h61084/codes/tsrag_time/outputs/tsrag/extractions/test/t5/Coastal_T_S/20T/medium/run_0 source_launch=selena_3584841 launch_id=selena_3584841 slurm_job_id=3584841 launched_at=2026-09-28T12:46:43.304744+00:00
TIME run allocation action=skip run=/fslarge/scratch/users/h61084/codes/tsrag_time/outputs/tsrag/extractions/validation/instance_l2/Coastal_T_S/20T/long/run_0 source_launch=selena_3584841 launch_id=selena_3584841 slurm_job_id=3584841 launched_at=2026-09-28T12:46:43.313856+00:00
TIME run allocation action=skip run=/fslarge/scratch/users/h61084/codes/tsrag_time/outputs/tsrag/extractions/validation/t5/Coastal_T_S/20T/long/run_0 source_launch=selena_3584841 launch_id=selena_3584841 slurm_job_id=3584841 launched_at=2026-09-28T12:46:43.318144+00:00
TIME run allocation action=skip run=/fslarge/scratch/users/h61084/codes/tsrag_time/outputs/tsrag/extractions/test/instance_l2/Coastal_T_S/20T/long/run_0 source_launch=selena_3584841 launch_id=selena_3584841 slurm_job_id=3584841 launched_at=2026-09-28T12:46:43.324178+00:00
TIME run allocation action=skip run=/fslarge/scratch/users/h61084/codes/tsrag_time/outputs/tsrag/extractions/test/t5/Coastal_T_S/20T/long/run_0 source_launch=selena_3584841 launch_id=selena_3584841 slurm_job_id=3584841 launched_at=2026-09-28T12:46:43.328665+00:00
TIME run allocation action=skip run=/fslarge/scratch/users/h61084/codes/tsrag_time/outputs/tsrag/extractions/validation/instance_l2/Coastal_T_S/H/short/run_0 source_launch=selena_3584841 launch_id=selena_3584841 slurm_job_id=3584841 launched_at=2026-09-28T12:46:43.346449+00:00
TIME run allocation action=skip run=/fslarge/scratch/users/h61084/codes/tsrag_time/outputs/tsrag/extractions/validation/t5/Coastal_T_S/H/short/run_0 source_launch=selena_3584841 launch_id=selena_3584841 slurm_job_id=3584841 launched_at=2026-09-28T12:46:43.350952+00:00
TIME run allocation action=skip run=/fslarge/scratch/users/h61084/codes/tsrag_time/outputs/tsrag/extractions/test/instance_l2/Coastal_T_S/H/short/run_0 source_launch=selena_3584841 launch_id=selena_3584841 slurm_job_id=3584841 launched_at=2026-09-28T12:46:43.357022+00:00
TIME run allocation action=skip run=/fslarge/scratch/users/h61084/codes/tsrag_time/outputs/tsrag/extractions/test/t5/Coastal_T_S/H/short/run_0 source_launch=selena_3584841 launch_id=selena_3584841 slurm_job_id=3584841 launched_at=2026-09-28T12:46:43.361210+00:00
TIME run allocation action=skip run=/fslarge/scratch/users/h61084/codes/tsrag_time/outputs/tsrag/extractions/validation/instance_l2/Coastal_T_S/H/medium/run_0 source_launch=selena_3584841 launch_id=selena_3584841 slurm_job_id=3584841 launched_at=2026-09-28T12:46:43.378185+00:00
TIME run allocation action=skip run=/fslarge/scratch/users/h61084/codes/tsrag_time/outputs/tsrag/extractions/validation/t5/Coastal_T_S/H/medium/run_0 source_launch=selena_3584841 launch_id=selena_3584841 slurm_job_id=3584841 launched_at=2026-09-28T12:46:43.382713+00:00
TIME run allocation action=skip run=/fslarge/scratch/users/h61084/codes/tsrag_time/outputs/tsrag/extractions/test/instance_l2/Coastal_T_S/H/medium/run_0 source_launch=selena_3584841 launch_id=selena_3584841 slurm_job_id=3584841 launched_at=2026-09-28T12:46:43.388870+00:00
TIME run allocation action=skip run=/fslarge/scratch/users/h61084/codes/tsrag_time/outputs/tsrag/extractions/test/t5/Coastal_T_S/H/medium/run_0 source_launch=selena_3584841 launch_id=selena_3584841 slurm_job_id=3584841 launched_at=2026-09-28T12:46:43.393371+00:00
TIME run allocation action=skip run=/fslarge/scratch/users/h61084/codes/tsrag_time/outputs/tsrag/extractions/validation/instance_l2/Coastal_T_S/H/long/run_0 source_launch=selena_3584841 launch_id=selena_3584841 slurm_job_id=3584841 launched_at=2026-09-28T12:46:43.410633+00:00
TIME run allocation action=skip run=/fslarge/scratch/users/h61084/codes/tsrag_time/outputs/tsrag/extractions/validation/t5/Coastal_T_S/H/long/run_0 source_launch=selena_3584841 launch_id=selena_3584841 slurm_job_id=3584841 launched_at=2026-09-28T12:46:43.415136+00:00
TIME run allocation action=skip run=/fslarge/scratch/users/h61084/codes/tsrag_time/outputs/tsrag/extractions/test/instance_l2/Coastal_T_S/H/long/run_0 source_launch=selena_3584841 launch_id=selena_3584841 slurm_job_id=3584841 launched_at=2026-09-28T12:46:43.421667+00:00
TIME run allocation action=skip run=/fslarge/scratch/users/h61084/codes/tsrag_time/outputs/tsrag/extractions/test/t5/Coastal_T_S/H/long/run_0 source_launch=selena_3584841 launch_id=selena_3584841 slurm_job_id=3584841 launched_at=2026-09-28T12:46:43.426721+00:00
TIME run allocation action=skip run=/fslarge/scratch/users/h61084/codes/tsrag_time/outputs/tsrag/extractions/validation/instance_l2/SG_Weather/D/short/run_0 source_launch=selena_3584841 launch_id=selena_3584841 slurm_job_id=3584841 launched_at=2026-09-28T12:46:43.437967+00:00
TIME run allocation action=skip run=/fslarge/scratch/users/h61084/codes/tsrag_time/outputs/tsrag/extractions/validation/t5/SG_Weather/D/short/run_0 source_launch=selena_3584841 launch_id=selena_3584841 slurm_job_id=3584841 launched_at=2026-09-28T12:46:43.442510+00:00
TIME run allocation action=skip run=/fslarge/scratch/users/h61084/codes/tsrag_time/outputs/tsrag/extractions/test/instance_l2/SG_Weather/D/short/run_0 source_launch=selena_3584841 launch_id=selena_3584841 slurm_job_id=3584841 launched_at=2026-09-28T12:46:43.448814+00:00
TIME run allocation action=skip run=/fslarge/scratch/users/h61084/codes/tsrag_time/outputs/tsrag/extractions/test/t5/SG_Weather/D/short/run_0 source_launch=selena_3584841 launch_id=selena_3584841 slurm_job_id=3584841 launched_at=2026-09-28T12:46:43.453182+00:00
TIME run allocation action=skip run=/fslarge/scratch/users/h61084/codes/tsrag_time/outputs/tsrag/extractions/validation/instance_l2/SG_Weather/D/medium/run_0 source_launch=selena_3584841 launch_id=selena_3584841 slurm_job_id=3584841 launched_at=2026-09-28T12:46:43.463806+00:00
TIME run allocation action=skip run=/fslarge/scratch/users/h61084/codes/tsrag_time/outputs/tsrag/extractions/validation/t5/SG_Weather/D/medium/run_0 source_launch=selena_3584841 launch_id=selena_3584841 slurm_job_id=3584841 launched_at=2026-09-28T12:46:43.468280+00:00
TIME run allocation action=skip run=/fslarge/scratch/users/h61084/codes/tsrag_time/outputs/tsrag/extractions/test/instance_l2/SG_Weather/D/medium/run_0 source_launch=selena_3584841 launch_id=selena_3584841 slurm_job_id=3584841 launched_at=2026-09-28T12:46:43.474761+00:00
TIME run allocation action=skip run=/fslarge/scratch/users/h61084/codes/tsrag_time/outputs/tsrag/extractions/test/t5/SG_Weather/D/medium/run_0 source_launch=selena_3584841 launch_id=selena_3584841 slurm_job_id=3584841 launched_at=2026-09-28T12:46:43.479044+00:00
TIME run allocation action=skip run=/fslarge/scratch/users/h61084/codes/tsrag_time/outputs/tsrag/extractions/validation/instance_l2/SG_Weather/D/long/run_0 source_launch=selena_3584841 launch_id=selena_3584841 slurm_job_id=3584841 launched_at=2026-09-28T12:46:43.490489+00:00
TIME run allocation action=skip run=/fslarge/scratch/users/h61084/codes/tsrag_time/outputs/tsrag/extractions/validation/t5/SG_Weather/D/long/run_0 source_launch=selena_3584841 launch_id=selena_3584841 slurm_job_id=3584841 launched_at=2026-09-28T12:46:43.495509+00:00
TIME run allocation action=skip run=/fslarge/scratch/users/h61084/codes/tsrag_time/outputs/tsrag/extractions/test/instance_l2/SG_Weather/D/long/run_0 source_launch=selena_3584841 launch_id=selena_3584841 slurm_job_id=3584841 launched_at=2026-09-28T12:46:43.502248+00:00
TIME run allocation action=skip run=/fslarge/scratch/users/h61084/codes/tsrag_time/outputs/tsrag/extractions/test/t5/SG_Weather/D/long/run_0 source_launch=selena_3584841 launch_id=selena_3584841 slurm_job_id=3584841 launched_at=2026-09-28T12:46:43.506575+00:00
TIME run allocation action=skip run=/fslarge/scratch/users/h61084/codes/tsrag_time/outputs/tsrag/extractions/validation/instance_l2/SG_PM25/H/short/run_0 source_launch=selena_3584841 launch_id=selena_3584841 slurm_job_id=3584841 launched_at=2026-09-28T12:46:43.520477+00:00
TIME run allocation action=skip run=/fslarge/scratch/users/h61084/codes/tsrag_time/outputs/tsrag/extractions/validation/t5/SG_PM25/H/short/run_0 source_launch=selena_3584841 launch_id=selena_3584841 slurm_job_id=3584841 launched_at=2026-09-28T12:46:43.525208+00:00
TIME run allocation action=skip run=/fslarge/scratch/users/h61084/codes/tsrag_time/outputs/tsrag/extractions/test/instance_l2/SG_PM25/H/short/run_0 source_launch=selena_3584841 launch_id=selena_3584841 slurm_job_id=3584841 launched_at=2026-09-28T12:46:43.531763+00:00
TIME run allocation action=skip run=/fslarge/scratch/users/h61084/codes/tsrag_time/outputs/tsrag/extractions/test/t5/SG_PM25/H/short/run_0 source_launch=selena_3584841 launch_id=selena_3584841 slurm_job_id=3584841 launched_at=2026-09-28T12:46:43.539587+00:00
TIME run allocation action=skip run=/fslarge/scratch/users/h61084/codes/tsrag_time/outputs/tsrag/extractions/validation/instance_l2/SG_PM25/H/medium/run_0 source_launch=selena_3584841 launch_id=selena_3584841 slurm_job_id=3584841 launched_at=2026-09-28T12:46:43.552663+00:00
TIME run allocation action=skip run=/fslarge/scratch/users/h61084/codes/tsrag_time/outputs/tsrag/extractions/validation/t5/SG_PM25/H/medium/run_0 source_launch=selena_3584841 launch_id=selena_3584841 slurm_job_id=3584841 launched_at=2026-09-28T12:46:43.557003+00:00
TIME run allocation action=skip run=/fslarge/scratch/users/h61084/codes/tsrag_time/outputs/tsrag/extractions/test/instance_l2/SG_PM25/H/medium/run_0 source_launch=selena_3584841 launch_id=selena_3584841 slurm_job_id=3584841 launched_at=2026-09-28T12:46:43.563208+00:00
TIME run allocation action=skip run=/fslarge/scratch/users/h61084/codes/tsrag_time/outputs/tsrag/extractions/test/t5/SG_PM25/H/medium/run_0 source_launch=selena_3584841 launch_id=selena_3584841 slurm_job_id=3584841 launched_at=2026-09-28T12:46:43.568185+00:00
TIME run allocation action=skip run=/fslarge/scratch/users/h61084/codes/tsrag_time/outputs/tsrag/extractions/validation/instance_l2/SG_PM25/H/long/run_0 source_launch=selena_3584841 launch_id=selena_3584841 slurm_job_id=3584841 launched_at=2026-09-28T12:46:43.581055+00:00
TIME run allocation action=skip run=/fslarge/scratch/users/h61084/codes/tsrag_time/outputs/tsrag/extractions/validation/t5/SG_PM25/H/long/run_0 source_launch=selena_3584841 launch_id=selena_3584841 slurm_job_id=3584841 launched_at=2026-09-28T12:46:43.585583+00:00
TIME run allocation action=skip run=/fslarge/scratch/users/h61084/codes/tsrag_time/outputs/tsrag/extractions/test/instance_l2/SG_PM25/H/long/run_0 source_launch=selena_3584841 launch_id=selena_3584841 slurm_job_id=3584841 launched_at=2026-09-28T12:46:43.591946+00:00
TIME run allocation action=skip run=/fslarge/scratch/users/h61084/codes/tsrag_time/outputs/tsrag/extractions/test/t5/SG_PM25/H/long/run_0 source_launch=selena_3584841 launch_id=selena_3584841 slurm_job_id=3584841 launched_at=2026-09-28T12:46:43.596232+00:00
TIME run allocation action=skip run=/fslarge/scratch/users/h61084/codes/tsrag_time/outputs/tsrag/extractions/validation/instance_l2/NE_China_Wind/H/short/run_0 source_launch=selena_3584841 launch_id=selena_3584841 slurm_job_id=3584841 launched_at=2026-09-28T12:46:43.606566+00:00
TIME run allocation action=skip run=/fslarge/scratch/users/h61084/codes/tsrag_time/outputs/tsrag/extractions/validation/t5/NE_China_Wind/H/short/run_0 source_launch=selena_3584841 launch_id=selena_3584841 slurm_job_id=3584841 launched_at=2026-09-28T12:46:43.610996+00:00
TIME run allocation action=skip run=/fslarge/scratch/users/h61084/codes/tsrag_time/outputs/tsrag/extractions/test/instance_l2/NE_China_Wind/H/short/run_0 source_launch=selena_3584841 launch_id=selena_3584841 slurm_job_id=3584841 launched_at=2026-09-28T12:46:43.617678+00:00
TIME run allocation action=skip run=/fslarge/scratch/users/h61084/codes/tsrag_time/outputs/tsrag/extractions/test/t5/NE_China_Wind/H/short/run_0 source_launch=selena_3584841 launch_id=selena_3584841 slurm_job_id=3584841 launched_at=2026-09-28T12:46:43.622188+00:00
TIME run allocation action=skip run=/fslarge/scratch/users/h61084/codes/tsrag_time/outputs/tsrag/extractions/validation/instance_l2/NE_China_Wind/H/medium/run_0 source_launch=selena_3584841 launch_id=selena_3584841 slurm_job_id=3584841 launched_at=2026-09-28T12:46:43.631916+00:00
TIME run allocation action=skip run=/fslarge/scratch/users/h61084/codes/tsrag_time/outputs/tsrag/extractions/validation/t5/NE_China_Wind/H/medium/run_0 source_launch=selena_3584841 launch_id=selena_3584841 slurm_job_id=3584841 launched_at=2026-09-28T12:46:43.636525+00:00
TIME run allocation action=skip run=/fslarge/scratch/users/h61084/codes/tsrag_time/outputs/tsrag/extractions/test/instance_l2/NE_China_Wind/H/medium/run_0 source_launch=selena_3584841 launch_id=selena_3584841 slurm_job_id=3584841 launched_at=2026-09-28T12:46:43.642858+00:00
TIME run allocation action=skip run=/fslarge/scratch/users/h61084/codes/tsrag_time/outputs/tsrag/extractions/test/t5/NE_China_Wind/H/medium/run_0 source_launch=selena_3584841 launch_id=selena_3584841 slurm_job_id=3584841 launched_at=2026-09-28T12:46:43.647208+00:00
TIME run allocation action=skip run=/fslarge/scratch/users/h61084/codes/tsrag_time/outputs/tsrag/extractions/validation/instance_l2/NE_China_Wind/H/long/run_0 source_launch=selena_3584841 launch_id=selena_3584841 slurm_job_id=3584841 launched_at=2026-09-28T12:46:43.656673+00:00
TIME run allocation action=skip run=/fslarge/scratch/users/h61084/codes/tsrag_time/outputs/tsrag/extractions/validation/t5/NE_China_Wind/H/long/run_0 source_launch=selena_3584841 launch_id=selena_3584841 slurm_job_id=3584841 launched_at=2026-09-28T12:46:43.661068+00:00
TIME run allocation action=skip run=/fslarge/scratch/users/h61084/codes/tsrag_time/outputs/tsrag/extractions/test/instance_l2/NE_China_Wind/H/long/run_0 source_launch=selena_3584841 launch_id=selena_3584841 slurm_job_id=3584841 launched_at=2026-09-28T12:46:43.667333+00:00
TIME run allocation action=skip run=/fslarge/scratch/users/h61084/codes/tsrag_time/outputs/tsrag/extractions/test/t5/NE_China_Wind/H/long/run_0 source_launch=selena_3584841 launch_id=selena_3584841 slurm_job_id=3584841 launched_at=2026-09-28T12:46:43.671643+00:00
TIME run allocation action=skip run=/fslarge/scratch/users/h61084/codes/tsrag_time/outputs/tsrag/extractions/validation/instance_l2/Australia_Solar/H/short/run_0 source_launch=selena_3584841 launch_id=selena_3584841 slurm_job_id=3584841 launched_at=2026-09-28T12:46:43.682798+00:00
TIME run allocation action=skip run=/fslarge/scratch/users/h61084/codes/tsrag_time/outputs/tsrag/extractions/validation/t5/Australia_Solar/H/short/run_0 source_launch=selena_3584841 launch_id=selena_3584841 slurm_job_id=3584841 launched_at=2026-09-28T12:46:43.687339+00:00
TIME run allocation action=skip run=/fslarge/scratch/users/h61084/codes/tsrag_time/outputs/tsrag/extractions/test/instance_l2/Australia_Solar/H/short/run_0 source_launch=selena_3584841 launch_id=selena_3584841 slurm_job_id=3584841 launched_at=2026-09-28T12:46:43.693753+00:00
TIME run allocation action=skip run=/fslarge/scratch/users/h61084/codes/tsrag_time/outputs/tsrag/extractions/test/t5/Australia_Solar/H/short/run_0 source_launch=selena_3584841 launch_id=selena_3584841 slurm_job_id=3584841 launched_at=2026-09-28T12:46:43.698284+00:00
TIME run allocation action=skip run=/fslarge/scratch/users/h61084/codes/tsrag_time/outputs/tsrag/extractions/validation/instance_l2/Australia_Solar/H/medium/run_0 source_launch=selena_3584841 launch_id=selena_3584841 slurm_job_id=3584841 launched_at=2026-09-28T12:46:43.708766+00:00
TIME run allocation action=skip run=/fslarge/scratch/users/h61084/codes/tsrag_time/outputs/tsrag/extractions/validation/t5/Australia_Solar/H/medium/run_0 source_launch=selena_3584841 launch_id=selena_3584841 slurm_job_id=3584841 launched_at=2026-09-28T12:46:43.713081+00:00
TIME run allocation action=skip run=/fslarge/scratch/users/h61084/codes/tsrag_time/outputs/tsrag/extractions/test/instance_l2/Australia_Solar/H/medium/run_0 source_launch=selena_3584841 launch_id=selena_3584841 slurm_job_id=3584841 launched_at=2026-09-28T12:46:43.719403+00:00
TIME run allocation action=skip run=/fslarge/scratch/users/h61084/codes/tsrag_time/outputs/tsrag/extractions/test/t5/Australia_Solar/H/medium/run_0 source_launch=selena_3584841 launch_id=selena_3584841 slurm_job_id=3584841 launched_at=2026-09-28T12:46:43.723687+00:00
TIME run allocation action=skip run=/fslarge/scratch/users/h61084/codes/tsrag_time/outputs/tsrag/extractions/validation/instance_l2/Australia_Solar/H/long/run_0 source_launch=selena_3584841 launch_id=selena_3584841 slurm_job_id=3584841 launched_at=2026-09-28T12:46:43.734231+00:00
TIME run allocation action=skip run=/fslarge/scratch/users/h61084/codes/tsrag_time/outputs/tsrag/extractions/validation/t5/Australia_Solar/H/long/run_0 source_launch=selena_3584841 launch_id=selena_3584841 slurm_job_id=3584841 launched_at=2026-09-28T12:46:43.738781+00:00
TIME run allocation action=skip run=/fslarge/scratch/users/h61084/codes/tsrag_time/outputs/tsrag/extractions/test/instance_l2/Australia_Solar/H/long/run_0 source_launch=selena_3584841 launch_id=selena_3584841 slurm_job_id=3584841 launched_at=2026-09-28T12:46:43.745861+00:00
TIME run allocation action=skip run=/fslarge/scratch/users/h61084/codes/tsrag_time/outputs/tsrag/extractions/test/t5/Australia_Solar/H/long/run_0 source_launch=selena_3584841 launch_id=selena_3584841 slurm_job_id=3584841 launched_at=2026-09-28T12:46:43.750294+00:00
TIME run allocation action=skip run=/fslarge/scratch/users/h61084/codes/tsrag_time/outputs/tsrag/extractions/validation/instance_l2/epf_electricity_price/H/short/run_0 source_launch=selena_3584841 launch_id=selena_3584841 slurm_job_id=3584841 launched_at=2026-09-28T12:46:43.764187+00:00
TIME run allocation action=skip run=/fslarge/scratch/users/h61084/codes/tsrag_time/outputs/tsrag/extractions/validation/t5/epf_electricity_price/H/short/run_0 source_launch=selena_3584841 launch_id=selena_3584841 slurm_job_id=3584841 launched_at=2026-09-28T12:46:43.768516+00:00
TIME run allocation action=skip run=/fslarge/scratch/users/h61084/codes/tsrag_time/outputs/tsrag/extractions/test/instance_l2/epf_electricity_price/H/short/run_0 source_launch=selena_3584841 launch_id=selena_3584841 slurm_job_id=3584841 launched_at=2026-09-28T12:46:43.774719+00:00
TIME run allocation action=skip run=/fslarge/scratch/users/h61084/codes/tsrag_time/outputs/tsrag/extractions/test/t5/epf_electricity_price/H/short/run_0 source_launch=selena_3584841 launch_id=selena_3584841 slurm_job_id=3584841 launched_at=2026-09-28T12:46:43.779067+00:00
TIME run allocation action=skip run=/fslarge/scratch/users/h61084/codes/tsrag_time/outputs/tsrag/extractions/validation/instance_l2/epf_electricity_price/H/medium/run_0 source_launch=selena_3584841 launch_id=selena_3584841 slurm_job_id=3584841 launched_at=2026-09-28T12:46:43.792514+00:00
TIME run allocation action=skip run=/fslarge/scratch/users/h61084/codes/tsrag_time/outputs/tsrag/extractions/validation/t5/epf_electricity_price/H/medium/run_0 source_launch=selena_3584841 launch_id=selena_3584841 slurm_job_id=3584841 launched_at=2026-09-28T12:46:43.797039+00:00
TIME run allocation action=skip run=/fslarge/scratch/users/h61084/codes/tsrag_time/outputs/tsrag/extractions/test/instance_l2/epf_electricity_price/H/medium/run_0 source_launch=selena_3584841 launch_id=selena_3584841 slurm_job_id=3584841 launched_at=2026-09-28T12:46:43.803339+00:00
TIME run allocation action=skip run=/fslarge/scratch/users/h61084/codes/tsrag_time/outputs/tsrag/extractions/test/t5/epf_electricity_price/H/medium/run_0 source_launch=selena_3584841 launch_id=selena_3584841 slurm_job_id=3584841 launched_at=2026-09-28T12:46:43.807649+00:00
TIME run allocation action=skip run=/fslarge/scratch/users/h61084/codes/tsrag_time/outputs/tsrag/extractions/validation/instance_l2/epf_electricity_price/H/long/run_0 source_launch=selena_3584841 launch_id=selena_3584841 slurm_job_id=3584841 launched_at=2026-09-28T12:46:43.821010+00:00
TIME run allocation action=skip run=/fslarge/scratch/users/h61084/codes/tsrag_time/outputs/tsrag/extractions/validation/t5/epf_electricity_price/H/long/run_0 source_launch=selena_3584841 launch_id=selena_3584841 slurm_job_id=3584841 launched_at=2026-09-28T12:46:43.825178+00:00
TIME run allocation action=skip run=/fslarge/scratch/users/h61084/codes/tsrag_time/outputs/tsrag/extractions/test/instance_l2/epf_electricity_price/H/long/run_0 source_launch=selena_3584841 launch_id=selena_3584841 slurm_job_id=3584841 launched_at=2026-09-28T12:46:43.831553+00:00
TIME run allocation action=skip run=/fslarge/scratch/users/h61084/codes/tsrag_time/outputs/tsrag/extractions/test/t5/epf_electricity_price/H/long/run_0 source_launch=selena_3584841 launch_id=selena_3584841 slurm_job_id=3584841 launched_at=2026-09-28T12:46:43.835898+00:00
TIME run allocation action=skip run=/fslarge/scratch/users/h61084/codes/tsrag_time/outputs/tsrag/extractions/validation/instance_l2/OpenElectricity_NEM/5T/short/run_0 source_launch=selena_3584841 launch_id=selena_3584841 slurm_job_id=3584841 launched_at=2026-09-28T12:46:43.856283+00:00
TIME run allocation action=skip run=/fslarge/scratch/users/h61084/codes/tsrag_time/outputs/tsrag/extractions/validation/t5/OpenElectricity_NEM/5T/short/run_0 source_launch=selena_3584841 launch_id=selena_3584841 slurm_job_id=3584841 launched_at=2026-09-28T12:46:43.860861+00:00
TIME run allocation action=skip run=/fslarge/scratch/users/h61084/codes/tsrag_time/outputs/tsrag/extractions/test/instance_l2/OpenElectricity_NEM/5T/short/run_0 source_launch=selena_3584841 launch_id=selena_3584841 slurm_job_id=3584841 launched_at=2026-09-28T12:46:43.867207+00:00
TIME run allocation action=skip run=/fslarge/scratch/users/h61084/codes/tsrag_time/outputs/tsrag/extractions/test/t5/OpenElectricity_NEM/5T/short/run_0 source_launch=selena_3584841 launch_id=selena_3584841 slurm_job_id=3584841 launched_at=2026-09-28T12:46:43.871485+00:00
TIME run allocation action=skip run=/fslarge/scratch/users/h61084/codes/tsrag_time/outputs/tsrag/extractions/validation/instance_l2/OpenElectricity_NEM/5T/medium/run_0 source_launch=selena_3584841 launch_id=selena_3584841 slurm_job_id=3584841 launched_at=2026-09-28T12:46:43.890691+00:00
TIME run allocation action=skip run=/fslarge/scratch/users/h61084/codes/tsrag_time/outputs/tsrag/extractions/validation/t5/OpenElectricity_NEM/5T/medium/run_0 source_launch=selena_3584841 launch_id=selena_3584841 slurm_job_id=3584841 launched_at=2026-09-28T12:46:43.895260+00:00
TIME run allocation action=skip run=/fslarge/scratch/users/h61084/codes/tsrag_time/outputs/tsrag/extractions/test/instance_l2/OpenElectricity_NEM/5T/medium/run_0 source_launch=selena_3584841 launch_id=selena_3584841 slurm_job_id=3584841 launched_at=2026-09-28T12:46:43.901424+00:00
TIME run allocation action=skip run=/fslarge/scratch/users/h61084/codes/tsrag_time/outputs/tsrag/extractions/test/t5/OpenElectricity_NEM/5T/medium/run_0 source_launch=selena_3584841 launch_id=selena_3584841 slurm_job_id=3584841 launched_at=2026-09-28T12:46:43.905556+00:00
TIME run allocation action=skip run=/fslarge/scratch/users/h61084/codes/tsrag_time/outputs/tsrag/extractions/validation/instance_l2/OpenElectricity_NEM/5T/long/run_0 source_launch=selena_3584841 launch_id=selena_3584841 slurm_job_id=3584841 launched_at=2026-09-28T12:46:43.925000+00:00
TIME run allocation action=skip run=/fslarge/scratch/users/h61084/codes/tsrag_time/outputs/tsrag/extractions/validation/t5/OpenElectricity_NEM/5T/long/run_0 source_launch=selena_3584841 launch_id=selena_3584841 slurm_job_id=3584841 launched_at=2026-09-28T12:46:43.929676+00:00
TIME run allocation action=skip run=/fslarge/scratch/users/h61084/codes/tsrag_time/outputs/tsrag/extractions/test/instance_l2/OpenElectricity_NEM/5T/long/run_0 source_launch=selena_3584841 launch_id=selena_3584841 slurm_job_id=3584841 launched_at=2026-09-28T12:46:43.935997+00:00
TIME run allocation action=skip run=/fslarge/scratch/users/h61084/codes/tsrag_time/outputs/tsrag/extractions/test/t5/OpenElectricity_NEM/5T/long/run_0 source_launch=selena_3584841 launch_id=selena_3584841 slurm_job_id=3584841 launched_at=2026-09-28T12:46:43.940494+00:00
TIME run allocation action=skip run=/fslarge/scratch/users/h61084/codes/tsrag_time/outputs/tsrag/extractions/validation/instance_l2/EWELD_Load/15T/short/run_0 source_launch=selena_3584841 launch_id=selena_3584841 slurm_job_id=3584841 launched_at=2026-09-28T12:46:43.953760+00:00
TIME run allocation action=skip run=/fslarge/scratch/users/h61084/codes/tsrag_time/outputs/tsrag/extractions/validation/t5/EWELD_Load/15T/short/run_0 source_launch=selena_3584841 launch_id=selena_3584841 slurm_job_id=3584841 launched_at=2026-09-28T12:46:43.958239+00:00
TIME run allocation action=skip run=/fslarge/scratch/users/h61084/codes/tsrag_time/outputs/tsrag/extractions/test/instance_l2/EWELD_Load/15T/short/run_0 source_launch=selena_3584841 launch_id=selena_3584841 slurm_job_id=3584841 launched_at=2026-09-28T12:46:43.964439+00:00
TIME run allocation action=skip run=/fslarge/scratch/users/h61084/codes/tsrag_time/outputs/tsrag/extractions/test/t5/EWELD_Load/15T/short/run_0 source_launch=selena_3584841 launch_id=selena_3584841 slurm_job_id=3584841 launched_at=2026-09-28T12:46:43.968654+00:00
TIME run allocation action=skip run=/fslarge/scratch/users/h61084/codes/tsrag_time/outputs/tsrag/extractions/validation/instance_l2/EWELD_Load/15T/medium/run_0 source_launch=selena_3584841 launch_id=selena_3584841 slurm_job_id=3584841 launched_at=2026-09-28T12:46:43.981325+00:00
TIME run allocation action=skip run=/fslarge/scratch/users/h61084/codes/tsrag_time/outputs/tsrag/extractions/validation/t5/EWELD_Load/15T/medium/run_0 source_launch=selena_3584841 launch_id=selena_3584841 slurm_job_id=3584841 launched_at=2026-09-28T12:46:43.985540+00:00
TIME run allocation action=skip run=/fslarge/scratch/users/h61084/codes/tsrag_time/outputs/tsrag/extractions/test/instance_l2/EWELD_Load/15T/medium/run_0 source_launch=selena_3584841 launch_id=selena_3584841 slurm_job_id=3584841 launched_at=2026-09-28T12:46:43.991760+00:00
TIME run allocation action=skip run=/fslarge/scratch/users/h61084/codes/tsrag_time/outputs/tsrag/extractions/test/t5/EWELD_Load/15T/medium/run_0 source_launch=selena_3584841 launch_id=selena_3584841 slurm_job_id=3584841 launched_at=2026-09-28T12:46:43.996031+00:00
TIME run allocation action=skip run=/fslarge/scratch/users/h61084/codes/tsrag_time/outputs/tsrag/extractions/validation/instance_l2/EWELD_Load/15T/long/run_0 source_launch=selena_3584841 launch_id=selena_3584841 slurm_job_id=3584841 launched_at=2026-09-28T12:46:44.009441+00:00
TIME run allocation action=skip run=/fslarge/scratch/users/h61084/codes/tsrag_time/outputs/tsrag/extractions/validation/t5/EWELD_Load/15T/long/run_0 source_launch=selena_3584841 launch_id=selena_3584841 slurm_job_id=3584841 launched_at=2026-09-28T12:46:44.013738+00:00
TIME run allocation action=skip run=/fslarge/scratch/users/h61084/codes/tsrag_time/outputs/tsrag/extractions/test/instance_l2/EWELD_Load/15T/long/run_0 source_launch=selena_3584841 launch_id=selena_3584841 slurm_job_id=3584841 launched_at=2026-09-28T12:46:44.019976+00:00
TIME run allocation action=skip run=/fslarge/scratch/users/h61084/codes/tsrag_time/outputs/tsrag/extractions/test/t5/EWELD_Load/15T/long/run_0 source_launch=selena_3584841 launch_id=selena_3584841 slurm_job_id=3584841 launched_at=2026-09-28T12:46:44.024167+00:00
TIME run allocation action=skip run=/fslarge/scratch/users/h61084/codes/tsrag_time/outputs/tsrag/extractions/validation/instance_l2/SG_Carpark/15T/short/run_0 source_launch=selena_3584841 launch_id=selena_3584841 slurm_job_id=3584841 launched_at=2026-09-28T12:46:44.138924+00:00
TIME run allocation action=skip run=/fslarge/scratch/users/h61084/codes/tsrag_time/outputs/tsrag/extractions/validation/t5/SG_Carpark/15T/short/run_0 source_launch=selena_3584841 launch_id=selena_3584841 slurm_job_id=3584841 launched_at=2026-09-28T12:46:44.143898+00:00
TIME run allocation action=skip run=/fslarge/scratch/users/h61084/codes/tsrag_time/outputs/tsrag/extractions/test/instance_l2/SG_Carpark/15T/short/run_0 source_launch=selena_3584841 launch_id=selena_3584841 slurm_job_id=3584841 launched_at=2026-09-28T12:46:44.150456+00:00
TIME run allocation action=skip run=/fslarge/scratch/users/h61084/codes/tsrag_time/outputs/tsrag/extractions/test/t5/SG_Carpark/15T/short/run_0 source_launch=selena_3584841 launch_id=selena_3584841 slurm_job_id=3584841 launched_at=2026-09-28T12:46:44.154755+00:00
TIME run allocation action=skip run=/fslarge/scratch/users/h61084/codes/tsrag_time/outputs/tsrag/extractions/validation/instance_l2/SG_Carpark/15T/medium/run_0 source_launch=selena_3584841 launch_id=selena_3584841 slurm_job_id=3584841 launched_at=2026-09-28T12:46:44.269667+00:00
TIME run allocation action=resume run=/fslarge/scratch/users/h61084/codes/tsrag_time/outputs/tsrag/extractions/validation/t5/SG_Carpark/15T/medium/run_0 launch_id=selena_3584841 slurm_job_id=3584841 launched_at=2026-09-28T12:46:44.274384+00:00 resumed_from_launch=selena_3584841 resumed_from_job=3584841
TIME run allocation action=new run=/fslarge/scratch/users/h61084/codes/tsrag_time/outputs/tsrag/extractions/test/instance_l2/SG_Carpark/15T/medium/run_0 launch_id=selena_3584841 slurm_job_id=3584841 launched_at=2026-09-28T15:14:01.001294+00:00
TIME run allocation action=new run=/fslarge/scratch/users/h61084/codes/tsrag_time/outputs/tsrag/extractions/test/t5/SG_Carpark/15T/medium/run_0 launch_id=selena_3584841 slurm_job_id=3584841 launched_at=2026-09-28T15:15:14.444109+00:00
TIME run allocation action=new run=/fslarge/scratch/users/h61084/codes/tsrag_time/outputs/tsrag/extractions/validation/instance_l2/SG_Carpark/15T/long/run_0 launch_id=selena_3584841 slurm_job_id=3584841 launched_at=2026-09-28T17:49:56.298770+00:00
TIME run allocation action=new run=/fslarge/scratch/users/h61084/codes/tsrag_time/outputs/tsrag/extractions/validation/t5/SG_Carpark/15T/long/run_0 launch_id=selena_3584841 slurm_job_id=3584841 launched_at=2026-09-28T17:51:03.440284+00:00
TIME run allocation action=new run=/fslarge/scratch/users/h61084/codes/tsrag_time/outputs/tsrag/extractions/test/instance_l2/SG_Carpark/15T/long/run_0 launch_id=selena_3584841 slurm_job_id=3584841 launched_at=2026-09-28T20:11:52.659572+00:00
TIME run allocation action=new run=/fslarge/scratch/users/h61084/codes/tsrag_time/outputs/tsrag/extractions/test/t5/SG_Carpark/15T/long/run_0 launch_id=selena_3584841 slurm_job_id=3584841 launched_at=2026-09-28T20:13:03.204168+00:00
TIME run allocation action=new run=/fslarge/scratch/users/h61084/codes/tsrag_time/outputs/tsrag/extractions/validation/instance_l2/Finland_Traffic/15T/short/run_0 launch_id=selena_3584841 slurm_job_id=3584841 launched_at=2026-09-28T22:41:13.907654+00:00
TIME run allocation action=new run=/fslarge/scratch/users/h61084/codes/tsrag_time/outputs/tsrag/extractions/validation/t5/Finland_Traffic/15T/short/run_0 launch_id=selena_3584841 slurm_job_id=3584841 launched_at=2026-09-28T22:41:14.531714+00:00
TIME run allocation action=new run=/fslarge/scratch/users/h61084/codes/tsrag_time/outputs/tsrag/extractions/test/instance_l2/Finland_Traffic/15T/short/run_0 launch_id=selena_3584841 slurm_job_id=3584841 launched_at=2026-09-28T22:42:10.279516+00:00
TIME run allocation action=new run=/fslarge/scratch/users/h61084/codes/tsrag_time/outputs/tsrag/extractions/test/t5/Finland_Traffic/15T/short/run_0 launch_id=selena_3584841 slurm_job_id=3584841 launched_at=2026-09-28T22:42:11.105098+00:00
TIME run allocation action=new run=/fslarge/scratch/users/h61084/codes/tsrag_time/outputs/tsrag/extractions/validation/instance_l2/Finland_Traffic/15T/medium/run_0 launch_id=selena_3584841 slurm_job_id=3584841 launched_at=2026-09-28T22:43:12.204573+00:00
TIME run allocation action=new run=/fslarge/scratch/users/h61084/codes/tsrag_time/outputs/tsrag/extractions/validation/t5/Finland_Traffic/15T/medium/run_0 launch_id=selena_3584841 slurm_job_id=3584841 launched_at=2026-09-28T22:43:12.802803+00:00
